model,n,rep,reference,rank_ece,hist_10,hist_sqrt,hist_cube_root,hist_n_over_20
bert_sst2,100,0,0.005177066793976537,0.0033991351277830907,0.014035800423262114,0.014035800423262114,0.009356927861199252,0.010968689881650742
bert_sst2,100,1,0.005177066793976537,0.012331056729441778,0.02428758742494979,0.02428758742494979,0.0053718155594402045,0.0012735744907643835
bert_sst2,100,2,0.005177066793976537,0.0015442853710497283,0.026671198144751676,0.026671198144751676,0.004121705614680065,0.01421761151426063
bert_sst2,100,3,0.005177066793976537,-0.0010204864305570472,0.02521710258560646,0.02521710258560646,0.012825244363558549,0.01118637531218381
bert_sst2,100,4,0.005177066793976537,0.002349369102967282,0.004937540313302903,0.004937540313302903,0.0019534005130045703,0.0019534005130045703
bert_sst2,100,5,0.005177066793976537,0.003881217372816772,0.02445868610286314,0.02445868610286314,0.008959436411514936,0.02056535611965571
bert_sst2,100,6,0.005177066793976537,-0.00352826833431056,0.008750314847524929,0.008750314847524929,0.0015892543944475389,0.002206099011716742
bert_sst2,100,7,0.005177066793976537,0.0070733933904524385,0.01796460654273615,0.01796460654273615,0.005385548095392876,0.011545099482836864
bert_sst2,100,8,0.005177066793976537,0.0017922164443524814,0.02205677123023206,0.02205677123023206,0.002419689487997391,0.007409036500648555
bert_sst2,100,9,0.005177066793976537,0.00043017708784403154,0.012756757063307266,0.012756757063307266,0.007109596952844669,0.009423125566618756
bert_sst2,100,10,0.005177066793976537,0.005396963869169646,0.019061780171176556,0.019061780171176556,0.012765679434877199,0.013603315176559157
bert_sst2,100,11,0.005177066793976537,-0.00328858941269352,0.021820961998830192,0.021820961998830192,0.009387101236767574,0.011711420459816263
bert_sst2,100,12,0.005177066793976537,0.01582300361460219,0.014494090304106061,0.014494090304106061,0.006759632478674815,0.012356637770343707
bert_sst2,100,13,0.005177066793976537,-0.002082448268613605,0.007479227132429495,0.007479227132429495,0.006798370543827541,0.006798370543827541
bert_sst2,100,14,0.005177066793976537,0.012438391635669262,0.019462415142149372,0.019462415142149372,0.003915259269761615,0.007698708092139566
bert_sst2,100,15,0.005177066793976537,-0.004563282933789708,0.011690111572715173,0.011690111572715173,0.004378312252295765,0.009570818624056579
bert_sst2,100,16,0.005177066793976537,-0.013667243571505467,0.02363784637425468,0.02363784637425468,0.00497591897979975,0.012656956039967976
bert_sst2,100,17,0.005177066793976537,0.00029325014043533046,0.009756934883256562,0.009756934883256562,0.0065473598157929965,0.0045942818191476095
bert_sst2,100,18,0.005177066793976537,0.0027146893875329707,0.011019351432740286,0.011019351432740286,0.006363813720857063,0.004174999748573947
bert_sst2,100,19,0.005177066793976537,0.018013446643822834,0.01898451809309978,0.01898451809309978,0.0150377859033744,0.0150377859033744
bert_sst2,100,20,0.005177066793976537,0.010768419724989098,0.027801757753237427,0.027801757753237427,0.01734273482503554,0.01610558245970492
bert_sst2,100,21,0.005177066793976537,0.0038554315444556194,0.014876429079886542,0.014876429079886542,0.01404878377008862,0.014219489627389899
bert_sst2,100,22,0.005177066793976537,0.0021746998586544075,0.011728652642414194,0.011728652642414194,0.0026613424530727717,0.0045170100818167774
bert_sst2,100,23,0.005177066793976537,0.013727394463939984,0.025469164881660615,0.025469164881660615,0.015419332022160762,0.02287791674473538
bert_sst2,100,24,0.005177066793976537,0.026342789097387364,0.02789117989103591,0.02789117989103591,0.006030711642145753,0.012277287560471669
bert_sst2,100,25,0.005177066793976537,-0.0017204709374313608,0.02708754859645933,0.02708754859645933,0.0074762837089387,0.00811147139751396
bert_sst2,100,26,0.005177066793976537,-0.00969136458330647,0.017143339184813672,0.017143339184813672,0.01011086225318762,0.010926077153901535
bert_sst2,100,27,0.005177066793976537,-0.0007662635631454914,0.00653557427128683,0.00653557427128683,0.004632167446349049,0.005928657239514793
bert_sst2,100,28,0.005177066793976537,0.01840539469056148,0.007683057325918586,0.007683057325918586,0.005847545972035778,0.0023152228485859225
bert_sst2,100,29,0.005177066793976537,0.0022530130752916244,0.005731106466737775,0.005731106466737775,0.0010621334184575371,0.0033525193639665166
bert_sst2,100,30,0.005177066793976537,0.010815863743204257,0.010811769306098852,0.010811769306098852,0.008964429772229013,0.008964429772229013
bert_sst2,100,31,0.005177066793976537,-0.012201727012834682,0.00994856299463331,0.00994856299463331,0.008025966198044465,0.0059956171567403784
bert_sst2,100,32,0.005177066793976537,0.001595653238141728,0.01727415035360494,0.01727415035360494,0.014659328297312355,0.004605891187965931
bert_sst2,100,33,0.005177066793976537,0.00798506060935894,0.010323499174149356,0.010323499174149356,0.0073241861102984005,0.010059213080981663
bert_sst2,100,34,0.005177066793976537,0.015649146862761667,0.03139615776978664,0.03139615776978664,0.005199210679607775,0.005199210679607775
bert_sst2,100,35,0.005177066793976537,-0.002669794116465265,0.0065262492621940916,0.0065262492621940916,0.00602675168469879,0.006246276417990459
bert_sst2,100,36,0.005177066793976537,0.03255609182783855,0.017190705247085554,0.017190705247085554,0.004228232268399797,0.007423636347828576
bert_sst2,100,37,0.005177066793976537,-0.004609549580097495,0.010448646998188137,0.010448646998188137,0.004464875712391344,0.0035314405616134444
bert_sst2,100,38,0.005177066793976537,0.006234300882043221,0.014779458961125511,0.014779458961125511,0.006067184626887977,0.005144997260514217
bert_sst2,100,39,0.005177066793976537,0.004034013591571859,0.013531379205907001,0.013531379205907001,0.00772995793942959,0.007232686484499595
bert_sst2,100,40,0.005177066793976537,0.0053381956078374085,0.014174465968862316,0.014174465968862316,0.012311143953390957,0.012042115455089458
bert_sst2,100,41,0.005177066793976537,0.033715212105737136,0.03502263584110615,0.03502263584110615,0.008535054178905419,0.018892925609432856
bert_sst2,100,42,0.005177066793976537,-0.0026904932921317055,0.003907753459789838,0.003907753459789838,0.004504582835141058,0.0027239156314076197
bert_sst2,100,43,0.005177066793976537,0.011148407384255226,0.018030658156862434,0.018030658156862434,0.01219340586167824,0.013370818968630056
bert_sst2,100,44,0.005177066793976537,-0.004453352026442203,0.01823645456479481,0.01823645456479481,0.007574695282822768,0.00545906817648655
bert_sst2,100,45,0.005177066793976537,0.017312033120224092,0.02072146956248522,0.02072146956248522,0.009159082413320686,0.008556024822707427
bert_sst2,100,46,0.005177066793976537,0.00742960585802541,0.016848345295790542,0.016848345295790542,0.013478770580702683,0.009305180978727907
bert_sst2,100,47,0.005177066793976537,-0.007034823557976923,0.009793077338112162,0.009793077338112162,0.004446502196642614,0.007117554918362645
bert_sst2,100,48,0.005177066793976537,0.020741060231853653,0.022689792532613152,0.022689792532613152,0.012021932549452262,0.010491871830226282
bert_sst2,100,49,0.005177066793976537,0.0092472212691048,0.012789595258391408,0.012789595258391408,0.005447164604630376,0.003267178828670991
bert_sst2,100,50,0.005177066793976537,0.005916591090777707,0.019450206135240015,0.019450206135240015,0.012881936520946267,0.012638549913596999
bert_sst2,100,51,0.005177066793976537,-0.005076216581593284,0.010009159414117017,0.010009159414117017,0.002628968932610825,0.004250803019013798
bert_sst2,100,52,0.005177066793976537,-0.004124693409492767,0.007331633297052266,0.007331633297052266,0.005232657863859168,0.003905940891449435
bert_sst2,100,53,0.005177066793976537,-0.006490761449727476,0.018028975811833426,0.018028975811833426,0.004478925518171905,0.0077231339943618065
bert_sst2,100,54,0.005177066793976537,-0.0025101412484643502,0.028114117590212935,0.028114117590212935,0.013314095255158802,0.0173440918768231
bert_sst2,100,55,0.005177066793976537,0.009853866140662889,0.00911828178341531,0.00911828178341531,0.0045231078271034605,0.0036108596473192886
bert_sst2,100,56,0.005177066793976537,0.003653184539288851,0.009712130060180126,0.009712130060180126,0.007306376294981697,0.007306376294981697
bert_sst2,100,57,0.005177066793976537,-0.01794663662964943,0.006876577182333456,0.006876577182333456,0.003372292086951672,0.004786164446217331
bert_sst2,100,58,0.005177066793976537,0.016474706224617247,0.018975089406257743,0.018975089406257743,0.012531060049391463,0.01036513627568851
bert_sst2,100,59,0.005177066793976537,0.004477385231558921,0.009910299926537077,0.009910299926537077,0.006643494398197468,0.00561998858167192
bert_sst2,100,60,0.005177066793976537,-0.009997918148909374,0.009710341562217945,0.009710341562217945,0.00289600206775517,0.004213096373873766
bert_sst2,100,61,0.005177066793976537,0.003216974955515914,0.012050571341974698,0.012050571341974698,0.008150381041061125,0.009431730071205374
bert_sst2,100,62,0.005177066793976537,-0.0061872495883356395,0.014945439376053011,0.014945439376053011,0.006580152515610569,0.006951985881428678
bert_sst2,100,63,0.005177066793976537,0.00976558509470233,0.029497224380020656,0.029497224380020656,0.005414522502005815,0.0055817476299028345
bert_sst2,100,64,0.005177066793976537,-0.012406810908803299,0.017168663021412386,0.017168663021412386,0.006024078015246933,0.011991927206435209
bert_sst2,100,65,0.005177066793976537,0.001978138758770684,0.010477448203662131,0.010477448203662131,0.005389710422911979,0.005663048985811004
bert_sst2,100,66,0.005177066793976537,0.017167267016074045,0.008856883653480505,0.008856883653480505,0.006533563991387267,0.006533563991387267
bert_sst2,100,67,0.005177066793976537,0.001174460442887945,0.011208715790628465,0.011208715790628465,0.0032673069996606483,0.006155442568759312
bert_sst2,100,68,0.005177066793976537,-0.007089235123360325,0.004862315901178066,0.004862315901178066,0.0006884602990955746,0.0024442212604716173
bert_sst2,100,69,0.005177066793976537,0.0019288781868235132,0.011809440270515005,0.011809440270515005,0.008732056398122313,0.008702854690095987
bert_sst2,100,70,0.005177066793976537,-0.009296314965993105,0.002223229260556376,0.002223229260556376,0.0020076736019647426,0.0003290011427830405
bert_sst2,100,71,0.005177066793976537,4.875630811643439e-05,0.01757124554214206,0.01757124554214206,0.011078385511219384,0.010516414008366415
bert_sst2,100,72,0.005177066793976537,-0.003962575687058257,0.011463100130069633,0.011463100130069633,0.005008997964227334,0.009746285081979144
bert_sst2,100,73,0.005177066793976537,0.018391993510529694,0.017672439730020934,0.017672439730020934,0.009223426100606067,0.01207828483146384
bert_sst2,100,74,0.005177066793976537,-0.009392788627355052,0.009409837903653837,0.009409837903653837,0.0038812624954034053,0.007518697400221443
bert_sst2,100,75,0.005177066793976537,0.003185319516454789,0.01032983050829667,0.01032983050829667,0.005712588627231965,0.005712588627231965
bert_sst2,100,76,0.005177066793976537,0.0005812672834961352,0.018289890732417668,0.018289890732417668,0.01478527145259016,0.01478527145259016
bert_sst2,100,77,0.005177066793976537,-0.009378510781447889,0.010831837684885381,0.010831837684885381,0.0024186088019264983,0.000470654642114866
bert_sst2,100,78,0.005177066793976537,-0.011758922274158107,0.009274624780883594,0.009274624780883594,0.0029777876819086888,0.002440541063743139
bert_sst2,100,79,0.005177066793976537,-0.00880416527281822,0.006171138127147078,0.006171138127147078,0.002837682569882381,0.004144587805118742
bert_sst2,100,80,0.005177066793976537,0.0007427282340060151,0.008240875625924085,0.008240875625924085,0.0023488159491639256,0.003076276177978684
bert_sst2,100,81,0.005177066793976537,-0.008184256491581094,0.007871687997577334,0.007871687997577334,0.0015872319334903316,0.003255905078434597
bert_sst2,100,82,0.005177066793976537,-0.0026081210588444446,0.008812382160149672,0.008812382160149672,0.005129620669850878,0.0030292904751539093
bert_sst2,100,83,0.005177066793976537,0.008721997164527505,0.012112937029394918,0.012112937029394918,0.0039140268371846134,0.0039140268371846134
bert_sst2,100,84,0.005177066793976537,0.0040467869171021634,0.015582308583963124,0.015582308583963124,0.011175174910187517,0.009265313345021816
bert_sst2,100,85,0.005177066793976537,-0.002256359510914468,0.021620366539605043,0.021620366539605043,0.008412884321757732,0.00811895359653329
bert_sst2,100,86,0.005177066793976537,0.011645499424119975,0.01744135175107191,0.01744135175107191,0.006428704940602715,0.008982251992396146
bert_sst2,100,87,0.005177066793976537,0.005822451277443925,0.020427780055730357,0.020427780055730357,0.006157283011065739,0.009452499593271851
bert_sst2,100,88,0.005177066793976537,-0.0010217553988521,0.012784514550230493,0.012784514550230493,0.0031928420605365493,0.007873319234560227
bert_sst2,100,89,0.005177066793976537,-0.015907413497782696,0.02462363880926896,0.02462363880926896,0.002974050883177327,0.01315542347109004
bert_sst2,100,90,0.005177066793976537,0.005393217172947301,0.02760427551821488,0.02760427551821488,0.006381824218826414,0.007375499555821575
bert_sst2,100,91,0.005177066793976537,0.008957520531759595,0.020503938419158266,0.020503938419158266,0.011488133620582406,0.012253506784915214
bert_sst2,100,92,0.005177066793976537,-0.003325500454609702,0.008689588369542088,0.008689588369542088,0.00324097532573481,0.005997693234961823
bert_sst2,100,93,0.005177066793976537,0.02285564822967191,0.020399626020965293,0.020399626020965293,0.008538642406361778,0.014865553019180286
bert_sst2,100,94,0.005177066793976537,0.014974990541301518,0.029602733089248753,0.029602733089248753,0.015173559243653741,0.013874560740786896
bert_sst2,100,95,0.005177066793976537,0.005902025789798043,0.009978091093291949,0.009978091093291949,0.006961787880751305,0.00700421174897085
bert_sst2,100,96,0.005177066793976537,0.025484820637221618,0.023050839876460453,0.023050839876460453,0.01186212999214814,0.01186212999214814
bert_sst2,100,97,0.005177066793976537,0.027149946226243338,0.0340119293031629,0.0340119293031629,0.008491207451482167,0.012367094782660721
bert_sst2,100,98,0.005177066793976537,0.007355502303701776,0.016573790501654057,0.016573790501654057,0.009272365741796696,0.008841308278528262
bert_sst2,100,99,0.005177066793976537,0.009107722578785303,0.035853685760653606,0.035853685760653606,0.01519572018519575,0.018287368110404014
bert_sst2,100,100,0.005177066793976537,-0.001533087425028717,0.016594220470883488,0.016594220470883488,0.00665162228765954,0.0043537473968319135
bert_sst2,100,101,0.005177066793976537,-0.0027168867322623063,0.00541969317435756,0.00541969317435756,0.004050847881059794,0.004310558537747927
bert_sst2,100,102,0.005177066793976537,0.0025801213747489986,0.011513922900693562,0.011513922900693562,0.00508981046440262,0.009360079790262007
bert_sst2,100,103,0.005177066793976537,0.003800682540848487,0.011083449792861794,0.011083449792861794,0.0024433878251946158,0.009116690768594948
bert_sst2,100,104,0.005177066793976537,-0.006239922124043769,0.009441164045640202,0.009441164045640202,0.0004363205457236216,0.0020961267014919837
bert_sst2,100,105,0.005177066793976537,-0.0073216384587256765,0.025221189752573134,0.025221189752573134,0.006698678276070082,0.01694088898746273
bert_sst2,100,106,0.005177066793976537,0.0038933955423048516,0.012864351445776273,0.012864351445776273,0.0026831138306066707,0.0040452630434724855
bert_sst2,100,107,0.005177066793976537,0.02658429328954389,0.03055771714634659,0.03055771714634659,0.013401146316589466,0.01785109331486885
bert_sst2,100,108,0.005177066793976537,0.012488986873699988,0.011258447593552478,0.011258447593552478,0.009427446821569948,0.01017049466483118
bert_sst2,100,109,0.005177066793976537,-0.00331273356916627,0.0072853668547587635,0.0072853668547587635,0.003529435656575341,0.003130394721253978
bert_sst2,100,110,0.005177066793976537,0.011216968341505637,0.028341614419710018,0.028341614419710018,0.02062281161360945,0.020702674173756874
bert_sst2,100,111,0.005177066793976537,0.01628768822593624,0.03711326552382813,0.03711326552382813,0.008902739721635267,0.026534248032264243
bert_sst2,100,112,0.005177066793976537,0.02063777261355854,0.015470460038736042,0.015470460038736042,0.0077739079600079395,0.005154975758141316
bert_sst2,100,113,0.005177066793976537,0.0032307469176806897,0.027482063680815186,0.027482063680815186,0.008266030039901003,0.008521077139553024
bert_sst2,100,114,0.005177066793976537,0.005733968766465846,0.006631005541053846,0.006631005541053846,0.005117628878304824,0.005785057666575772
bert_sst2,100,115,0.005177066793976537,0.0008693377402677144,0.014744006651286537,0.014744006651286537,0.006657350598367519,0.007079656527830287
bert_sst2,100,116,0.005177066793976537,-0.0013021572746449884,0.01577563151046365,0.01577563151046365,0.009531747050106376,0.01194130809354958
bert_sst2,100,117,0.005177066793976537,-0.0014718294476180676,0.014907363576748576,0.014907363576748576,0.011557088887651232,0.006146522777152205
bert_sst2,100,118,0.005177066793976537,0.0036884150608426747,0.017420941643416867,0.017420941643416867,0.0020071323796163466,0.0035011542218027028
bert_sst2,100,119,0.005177066793976537,-0.003983015869589735,0.01927008477723369,0.01927008477723369,0.006277646974227534,0.014742647734675932
bert_sst2,100,120,0.005177066793976537,-0.005427818460770503,0.016150266626588052,0.016150266626588052,0.001872906820140433,0.008156243745166209
bert_sst2,100,121,0.005177066793976537,0.00823978702205793,0.017180883181370916,0.017180883181370916,0.014940419105918052,0.014849432007008292
bert_sst2,100,122,0.005177066793976537,-0.010300257495800453,0.006158516855745267,0.006158516855745267,0.002254826779372331,0.005569343793278283
bert_sst2,100,123,0.005177066793976537,0.00736562541068693,0.004343282710597963,0.004343282710597963,0.0014960332051459882,0.002222186084930305
bert_sst2,100,124,0.005177066793976537,0.0030603969558987763,0.007308448070160759,0.007308448070160759,0.0007649353338640241,0.00370526224464566
bert_sst2,100,125,0.005177066793976537,0.009440790945819028,0.018357216208472308,0.018357216208472308,0.01692515870289396,0.015072246144440292
bert_sst2,100,126,0.005177066793976537,0.006093022333005574,0.008068908713003932,0.008068908713003932,0.0068515086837015364,0.007890064623705176
bert_sst2,100,127,0.005177066793976537,0.014234325117448819,0.007805049346089385,0.007805049346089385,0.004273388898169258,0.001284813740643648
bert_sst2,100,128,0.005177066793976537,0.020516105542877215,0.03384397177276526,0.03384397177276526,0.011361498230095914,0.021089641672014957
bert_sst2,100,129,0.005177066793976537,-0.007363569569641602,0.012899261178651759,0.012899261178651759,0.007029608606567884,0.010003161893345216
bert_sst2,100,130,0.005177066793976537,0.002914803179695853,0.01588885821798978,0.01588885821798978,0.00787991905410466,0.014789373158854487
bert_sst2,100,131,0.005177066793976537,0.005872549417855049,0.013348514982434428,0.013348514982434428,0.006399977787506298,0.012073048001644562
bert_sst2,100,132,0.005177066793976537,0.005025593093208273,0.01989488266507866,0.01989488266507866,0.012625007683182556,0.013367279691077552
bert_sst2,100,133,0.005177066793976537,0.021434438882927905,0.01224624657970064,0.01224624657970064,0.0053011914844033415,0.005278890738548217
bert_sst2,100,134,0.005177066793976537,1.5794748034083374e-05,0.0050811331867558086,0.0050811331867558086,0.005483466426069373,0.004557323295211485
bert_sst2,100,135,0.005177066793976537,-0.0021745283893896726,0.012280320366351865,0.012280320366351865,0.0013393844035164049,0.005803900419516694
bert_sst2,100,136,0.005177066793976537,-0.0027005880653694185,0.019660629287649004,0.019660629287649004,0.0024744077491146445,0.007082025582732192
bert_sst2,100,137,0.005177066793976537,-0.0009119835465733561,0.020132026019457547,0.020132026019457547,0.013080504697462752,0.013080504697462752
bert_sst2,100,138,0.005177066793976537,-0.00989056053317093,0.010441324070303617,0.010441324070303617,0.004224685313786716,0.006090276412563854
bert_sst2,100,139,0.005177066793976537,0.0031819984037907896,0.01753629076886932,0.01753629076886932,0.009863126234843434,0.00473311849658252
bert_sst2,100,140,0.005177066793976537,0.014110349384356175,0.00961749911317767,0.00961749911317767,0.00793791745882591,0.008030924173772531
bert_sst2,100,141,0.005177066793976537,0.01289854182501657,0.012191479505628877,0.012191479505628877,0.013004438915986228,0.011935045849470053
bert_sst2,100,142,0.005177066793976537,0.015360194288445025,0.0272910031783672,0.0272910031783672,0.013360362112277094,0.01618201744608383
bert_sst2,100,143,0.005177066793976537,-0.008200436123117522,0.01866889410144333,0.01866889410144333,0.012456022277442778,0.010626503904566193
bert_sst2,100,144,0.005177066793976537,-0.0072817844130833,0.012907361088465479,0.012907361088465479,0.005002007027649359,0.006136992774098967
bert_sst2,100,145,0.005177066793976537,0.004522096158825512,0.013786428981776358,0.013786428981776358,0.005878317087510414,0.011650441140363786
bert_sst2,100,146,0.005177066793976537,0.0029208145610878935,0.005815836262213659,0.005815836262213659,0.003076479257581915,0.00516071799305875
bert_sst2,100,147,0.005177066793976537,0.03669870774702495,0.0351264532475929,0.0351264532475929,0.021676259164825764,0.027048259492667443
bert_sst2,100,148,0.005177066793976537,0.006168377412205371,0.008908535970851632,0.008908535970851632,0.00797149753324783,0.003343384850486814
bert_sst2,100,149,0.005177066793976537,0.008581772878005,0.024541225515747136,0.024541225515747136,0.017328410970655066,0.017689583671350345
bert_sst2,100,150,0.005177066793976537,-0.01595503454638224,0.010793935666033622,0.010793935666033622,0.0051415842347773116,0.00870617109357245
bert_sst2,100,151,0.005177066793976537,0.005796621746509103,0.02625187240205995,0.02625187240205995,0.003571078087829302,0.008545937928368216
bert_sst2,100,152,0.005177066793976537,0.003700906541025082,0.034888341319238264,0.034888341319238264,0.001962336070059485,0.015927089976249302
bert_sst2,100,153,0.005177066793976537,0.010675340089116817,0.012426483422098742,0.012426483422098742,0.008097957684762836,0.006994475751173357
bert_sst2,100,154,0.005177066793976537,0.026602924583129864,0.030958689721018045,0.030958689721018045,0.008567747136988369,0.008527013052312987
bert_sst2,100,155,0.005177066793976537,-0.00961699604464071,0.01930523957204165,0.01930523957204165,0.0030887939899413444,0.0040018750862382615
bert_sst2,100,156,0.005177066793976537,-0.0014473939904186778,0.01451282264902435,0.01451282264902435,0.0014948936271350713,0.011195398006847837
bert_sst2,100,157,0.005177066793976537,-0.0055152704942966636,0.019882043390376504,0.019882043390376504,0.01474768923002153,0.019268691232811476
bert_sst2,100,158,0.005177066793976537,-0.004277415413416093,0.012912847905388675,0.012912847905388675,0.009447867425016195,0.008088228633999045
bert_sst2,100,159,0.005177066793976537,-0.007114134412353966,0.016818115985630128,0.016818115985630128,0.003848863684318287,0.0057495474651415
bert_sst2,100,160,0.005177066793976537,0.004286903989958673,0.01654022101537176,0.01654022101537176,0.011251822382733326,0.001943278337565423
bert_sst2,100,161,0.005177066793976537,-0.016832072691865436,0.009154616691268767,0.009154616691268767,0.0019549214004293885,0.008198498767590046
bert_sst2,100,162,0.005177066793976537,0.005466834899176967,0.010197533907204896,0.010197533907204896,0.006880289875026259,0.007977332173931847
bert_sst2,100,163,0.005177066793976537,-0.000802634867746913,0.016586777988193108,0.016586777988193108,0.0011229766822562328,0.00679557656275486
bert_sst2,100,164,0.005177066793976537,-0.0012668646996273642,0.012028998394433475,0.012028998394433475,0.008568984103061674,0.008568984103061674
bert_sst2,100,165,0.005177066793976537,0.0013470999665646146,0.009574287812559227,0.009574287812559227,0.005569946621635833,0.006264690714334489
bert_sst2,100,166,0.005177066793976537,-0.004608573231226777,0.011628117974121208,0.011628117974121208,0.002726329990882428,0.005820253507120024
bert_sst2,100,167,0.005177066793976537,-0.00103393885239439,0.014178050050013984,0.014178050050013984,0.0013094199975529793,0.004039510995869623
bert_sst2,100,168,0.005177066793976537,0.0010258861455153864,0.00673850137028528,0.00673850137028528,0.004989819217508666,0.006085877962760145
bert_sst2,100,169,0.005177066793976537,-0.008458666405173254,0.011250178760495728,0.011250178760495728,0.0014271601090558726,0.0028903167288751607
bert_sst2,100,170,0.005177066793976537,0.0033466505235956218,0.007485460045668226,0.007485460045668226,0.00631813061228156,0.006891078708972377
bert_sst2,100,171,0.005177066793976537,-0.004337531607235388,0.006434618905292544,0.006434618905292544,0.001133302064579127,0.003259076741999462
bert_sst2,100,172,0.005177066793976537,0.04431562928940992,0.04137562127597663,0.04137562127597663,0.029352585010047325,0.029364966581342515
bert_sst2,100,173,0.005177066793976537,0.029241222863141358,0.014636355707157175,0.014636355707157175,0.006853559132543003,0.0060928464181418535
bert_sst2,100,174,0.005177066793976537,-0.00451163444535194,0.0176369750513225,0.0176369750513225,0.0077224447494903935,0.009520002722522894
bert_sst2,100,175,0.005177066793976537,-0.0033449777193244024,0.01028858018132246,0.01028858018132246,0.003572281777371649,0.0026454125983582924
bert_sst2,100,176,0.005177066793976537,0.002883833699489977,0.01266468653141679,0.01266468653141679,0.005698936704401437,0.009435435666721474
bert_sst2,100,177,0.005177066793976537,0.0036355541995575147,0.007450098213634157,0.007450098213634157,0.0024734254597106376,0.0034221816641943534
bert_sst2,100,178,0.005177066793976537,0.03684090609040871,0.021549886347606517,0.021549886347606517,0.01791544921212165,0.014439075122034996
bert_sst2,100,179,0.005177066793976537,-0.001236646064289611,0.017779854380620044,0.017779854380620044,0.007067614673320365,0.009955421480386337
bert_sst2,100,180,0.005177066793976537,0.00943291170387717,0.03346343043574774,0.03346343043574774,0.018326640972076872,0.016422822630155737
bert_sst2,100,181,0.005177066793976537,-0.004181913484559182,0.013471062275918147,0.013471062275918147,0.004588808278984021,0.007027123772766568
bert_sst2,100,182,0.005177066793976537,0.01630186413400674,0.02493315986958319,0.02493315986958319,0.0227968348810356,0.0227968348810356
bert_sst2,100,183,0.005177066793976537,0.0014629869900693675,0.018726656849726853,0.018726656849726853,0.009220460465092752,0.014278789556149427
bert_sst2,100,184,0.005177066793976537,-0.007849855004196106,0.008857440898610897,0.008857440898610897,0.004698585286033138,0.0031901096475617616
bert_sst2,100,185,0.005177066793976537,0.01811961956191759,0.02150497711252042,0.02150497711252042,0.011246181826513706,0.00648196965658241
bert_sst2,100,186,0.005177066793976537,0.004346517136821493,0.008337684397045433,0.008337684397045433,0.005654593588229908,0.006456677739093919
bert_sst2,100,187,0.005177066793976537,0.014591997402045873,0.018770942029708557,0.018770942029708557,0.012311111494519187,0.010666956654316067
bert_sst2,100,188,0.005177066793976537,0.0007233690315846975,0.010081759506130786,0.010081759506130786,0.008857241021205197,0.009445146650766697
bert_sst2,100,189,0.005177066793976537,0.0020903012185643044,0.011479515475786253,0.011479515475786253,0.0081254133580324,0.0052826667670847725
bert_sst2,100,190,0.005177066793976537,0.002565616320140637,0.032908056918877854,0.032908056918877854,0.009073609595003602,0.009014911375464577
bert_sst2,100,191,0.005177066793976537,0.000754358032709439,0.014861652377804698,0.014861652377804698,0.0049451515015433885,0.005204279408091922
bert_sst2,100,192,0.005177066793976537,0.017746050022403304,0.016322857417354963,0.016322857417354963,0.009185969279456814,0.010891971744941737
bert_sst2,100,193,0.005177066793976537,0.0327955624764253,0.05074573138820492,0.05074573138820492,0.03251530133234055,0.03423270970300578
bert_sst2,100,194,0.005177066793976537,0.015981492657043735,0.023701930276551854,0.023701930276551854,0.007597970163357758,0.015527702780776222
bert_sst2,100,195,0.005177066793976537,-0.011969882734978452,0.009303909778355799,0.009303909778355799,0.004839309765296409,0.004497782316409811
bert_sst2,100,196,0.005177066793976537,0.017858474662624056,0.018766576801630422,0.018766576801630422,0.011449154941648072,0.012455410858116396
bert_sst2,100,197,0.005177066793976537,0.027490881569250777,0.01984215978276705,0.01984215978276705,0.019450163328088174,0.019502587677687862
bert_sst2,100,198,0.005177066793976537,-0.004438490606637138,0.017811661549982722,0.017811661549982722,0.006538468458602857,0.012088601437891235
bert_sst2,100,199,0.005177066793976537,-0.0034532923899748195,0.025046191911390736,0.025046191911390736,0.002691141095856354,0.016391027170672822
bert_sst2,250,0,0.005177066793976537,0.007349656229166921,0.010824057018837001,0.013982828047971557,0.005761297319056219,0.011180342845310234
bert_sst2,250,1,0.005177066793976537,0.0008492051442533985,0.008570869117817678,0.01466716400638302,0.007675000084043835,0.014044100116744281
bert_sst2,250,2,0.005177066793976537,0.007065984007343051,0.0130222910481042,0.013537002270471632,0.005338780563539988,0.01087684773036486
bert_sst2,250,3,0.005177066793976537,0.006054714876383795,0.008006672488818858,0.011797663965105556,0.005640784956995192,0.011879789518706635
bert_sst2,250,4,0.005177066793976537,-0.0011133479764082392,0.010105406968661879,0.013794826524435947,0.008086889739678494,0.010934234352921537
bert_sst2,250,5,0.005177066793976537,0.0016476166788675728,0.0024369537186460914,0.008750050053015587,0.0013750055438472445,0.002408627616303579
bert_sst2,250,6,0.005177066793976537,-0.0004810721441009196,0.007302161995624495,0.013388636523532737,0.004714915470852152,0.008320809049712694
bert_sst2,250,7,0.005177066793976537,0.00336164814747442,0.009857702267018004,0.020439522977275148,0.00847777350253406,0.018170104592205274
bert_sst2,250,8,0.005177066793976537,-0.00589568564179986,0.00739114501978378,0.01165143760703031,0.006501143596126816,0.01168467069868391
bert_sst2,250,9,0.005177066793976537,0.01967223428542268,0.022026212095337942,0.02732554399711822,0.014706371349234127,0.020412261958011654
bert_sst2,250,10,0.005177066793976537,-0.007604379549259509,0.006881053546347576,0.009516704399562943,0.0035472100525434317,0.007201491888305849
bert_sst2,250,11,0.005177066793976537,0.014787922297670416,0.02230697827831489,0.027623369614451693,0.01094615585308147,0.028608624711407717
bert_sst2,250,12,0.005177066793976537,0.014808807594054138,0.012410902636964169,0.019154830152781507,0.008167619453386406,0.017041301635623105
bert_sst2,250,13,0.005177066793976537,0.0028254843842148423,0.006743344619372635,0.007363688312904868,0.0045497832883031756,0.0108819503844323
bert_sst2,250,14,0.005177066793976537,0.0003351444226205519,0.008405551537149293,0.01214208261501528,0.0087689913096703,0.010646837137848987
bert_sst2,250,15,0.005177066793976537,0.003926660303327122,0.006102261108692162,0.008996227065934649,0.005776729531236839,0.008452885046074669
bert_sst2,250,16,0.005177066793976537,0.009626841475561693,0.011029808807680511,0.018863888592441355,0.009831843714852722,0.014411786352614616
bert_sst2,250,17,0.005177066793976537,0.005421888846282979,0.013977367928495646,0.014974524738849748,0.004407978752532005,0.017095231863049183
bert_sst2,250,18,0.005177066793976537,0.0006792857194559616,0.01022545123383472,0.012328210946382711,0.007287666611915895,0.009527029638132015
bert_sst2,250,19,0.005177066793976537,-0.0007575625066415802,0.010440888649938855,0.013994553038330042,0.004215826472561145,0.011207469826958383
bert_sst2,250,20,0.005177066793976537,0.005935674397329044,0.012165646767530097,0.017587769766195388,0.01135072935913198,0.019528798848571647
bert_sst2,250,21,0.005177066793976537,0.007334029192951782,0.012554520042847388,0.02229201952980113,0.010332135658392645,0.012886322484527092
bert_sst2,250,22,0.005177066793976537,0.008177572717487215,0.00991458025460332,0.010559770057062495,0.003974936299504018,0.006038636391248104
bert_sst2,250,23,0.005177066793976537,0.009310632499295472,0.01066219250025785,0.015324899643035517,0.007001694779405274,0.013913371547964772
bert_sst2,250,24,0.005177066793976537,-0.0014657634253120615,0.006525786439039008,0.011418033422948122,0.004726387161488711,0.008248328755612473
bert_sst2,250,25,0.005177066793976537,0.003507516814231152,0.009418685718092616,0.01502131291036122,0.006539291081227712,0.013219385946077074
bert_sst2,250,26,0.005177066793976537,0.015443322818689525,0.012513744319131798,0.01694714559764084,0.008707125867786185,0.014361084750093941
bert_sst2,250,27,0.005177066793976537,0.016648973525399974,0.008729865859606983,0.013144548883855012,0.005895090639854484,0.012629498733328666
bert_sst2,250,28,0.005177066793976537,-0.002006236755245716,0.002767718643981157,0.007369159569974078,0.003004531787364312,0.006028798283424831
bert_sst2,250,29,0.005177066793976537,0.006001536254983086,0.009131634703490415,0.0115249866227957,0.001996355819597665,0.010004099424933043
bert_sst2,250,30,0.005177066793976537,0.005330589144593086,0.0098196026846371,0.014941854355230511,0.006766456156715895,0.012220353070296612
bert_sst2,250,31,0.005177066793976537,0.007703526931553176,0.012060341081349638,0.016657283339647715,0.010658250579964933,0.012783905724710347
bert_sst2,250,32,0.005177066793976537,0.0007737548267947992,0.005616947128457411,0.00617423232455011,0.004277303391283984,0.005560499214617715
bert_sst2,250,33,0.005177066793976537,0.003306019768048348,0.013580474410750599,0.019024234405010467,0.007271305300722915,0.01276515297704302
bert_sst2,250,34,0.005177066793976537,0.014783361165959033,0.013798207502195119,0.018507017413696758,0.014482995957123901,0.016692859066377845
bert_sst2,250,35,0.005177066793976537,-9.680451843438664e-05,0.006883474175441315,0.019977653133386092,0.002440682823208813,0.011753635243070807
bert_sst2,250,36,0.005177066793976537,0.01416743380452735,0.012122793692093813,0.018551319740826713,0.009136393026272744,0.013448366387517282
bert_sst2,250,37,0.005177066793976537,0.0031566694438305005,0.004247095488640948,0.00880303009403439,0.004590307436301967,0.008806798334407274
bert_sst2,250,38,0.005177066793976537,-0.0016770142756856498,0.006930548576759431,0.009329128273697437,0.003888342590162664,0.006526080748599431
bert_sst2,250,39,0.005177066793976537,0.004355802144310465,0.01192274975608513,0.016882435918903902,0.007617627670849433,0.01562455526726404
bert_sst2,250,40,0.005177066793976537,0.014898670332632612,0.0076361125445977614,0.008954629566497327,0.005315874078255232,0.013830980562944564
bert_sst2,250,41,0.005177066793976537,0.012098600713176625,0.015878187513583133,0.02082007616976214,0.011648919688172507,0.018180547366231294
bert_sst2,250,42,0.005177066793976537,0.016367211732187928,0.01186033038402806,0.012554914513115254,0.01182712070103775,0.012456926542967097
bert_sst2,250,43,0.005177066793976537,-0.0016200283695081753,0.009257921532790165,0.011386684107835842,0.008304866458326513,0.009493219764744851
bert_sst2,250,44,0.005177066793976537,0.0006865696614315353,0.007577996582908105,0.010953418116246784,0.005060265501593067,0.00916217251544486
bert_sst2,250,45,0.005177066793976537,0.013339302984135517,0.015818812136743885,0.027676241521246227,0.010015951373169706,0.011442262436974987
bert_sst2,250,46,0.005177066793976537,0.0013433524957638698,0.013262233551458355,0.013347858686238214,0.008786456190101615,0.014486468352979719
bert_sst2,250,47,0.005177066793976537,-0.005912415424532108,0.009913080201558545,0.009461247593970585,0.001672206355225309,0.00782135734447139
bert_sst2,250,48,0.005177066793976537,0.010013368136449012,0.016612016554327744,0.02347644108376699,0.018488241048791067,0.019718459447490656
bert_sst2,250,49,0.005177066793976537,0.012578843042330663,0.00850998852795498,0.01252396279907596,0.013730970127043182,0.015013100227680296
bert_sst2,250,50,0.005177066793976537,0.0188806352120866,0.02945676266532552,0.03179363692690384,0.021416191902955982,0.027004963778393707
bert_sst2,250,51,0.005177066793976537,0.0006542820318366649,0.007060293828907406,0.011118279782075689,0.002786182771590541,0.005777310746548967
bert_sst2,250,52,0.005177066793976537,0.008156260755143294,0.007012460705594562,0.011784536453871675,0.00625748902114824,0.010052494205093064
bert_sst2,250,53,0.005177066793976537,0.004394231689283834,0.009357344821593791,0.007345300153456443,0.006065588845121172,0.010052161746479054
bert_sst2,250,54,0.005177066793976537,-0.0015919652097594497,0.007867215097610947,0.010772367312116329,0.005945324347398088,0.007993881048531722
bert_sst2,250,55,0.005177066793976537,-0.0021603097287374614,0.011759504065291079,0.015180626209680683,0.00740324669226672,0.012511582203185805
bert_sst2,250,56,0.005177066793976537,0.012991368119411447,0.018335539394519956,0.026874416766967085,0.003053677872410018,0.02080668509546083
bert_sst2,250,57,0.005177066793976537,0.0007889328946592356,0.011361790185183218,0.017825740833072524,0.009423357080211468,0.013624047123332261
bert_sst2,250,58,0.005177066793976537,0.005459253376980818,0.005316101509888162,0.017322338109541,0.006272305076230593,0.015823024420886476
bert_sst2,250,59,0.005177066793976537,-0.006831231145553923,0.006223939745372916,0.005427351349376741,0.0021721206798866505,0.005547460575694068
bert_sst2,250,60,0.005177066793976537,0.013203849629538845,0.009989265548789426,0.018011157373278488,0.006588161959151402,0.010451355927603462
bert_sst2,250,61,0.005177066793976537,0.009794679830818602,0.005832646815362526,0.011969405168512377,0.005964769908119408,0.008380639323162334
bert_sst2,250,62,0.005177066793976537,-0.004134515430185318,0.010675939533827125,0.010307458396299854,0.0074530312497650235,0.008874013295796264
bert_sst2,250,63,0.005177066793976537,0.009237883070575482,0.010820160358295314,0.017689942569760815,0.005810869664749291,0.010992096270213567
bert_sst2,250,64,0.005177066793976537,0.011819103619755092,0.01709767688263125,0.01986342544766095,0.008103747010843054,0.013621464215765515
bert_sst2,250,65,0.005177066793976537,0.002747300868340499,0.00605141237479866,0.015164796681559744,0.00691886935821954,0.011006438544941724
bert_sst2,250,66,0.005177066793976537,0.007628312168518013,0.016458455197104753,0.018105710988310847,0.008740643071433744,0.014085317262067337
bert_sst2,250,67,0.005177066793976537,0.010136977261295746,0.011497087765991402,0.02127983469299938,0.005287904995336622,0.016366332200018013
bert_sst2,250,68,0.005177066793976537,-0.00013642330815615412,0.006801879973898018,0.01013287855845382,0.005570138649090819,0.008564359314046264
bert_sst2,250,69,0.005177066793976537,0.012485532567758131,0.01951478789381692,0.024863420635776238,0.014696439916794375,0.0216885087610461
bert_sst2,250,70,0.005177066793976537,-0.0023312177378447016,0.004736625195808867,0.010019364492439257,0.003227867411403265,0.0065846771381133104
bert_sst2,250,71,0.005177066793976537,0.017220671224734144,0.015765459754286663,0.017250840970229425,0.009701613001824273,0.0148387300130411
bert_sst2,250,72,0.005177066793976537,0.00034179047668815625,0.013106397961695446,0.010407404107083528,0.009054076693451488,0.01096083545546907
bert_sst2,250,73,0.005177066793976537,0.005796536929150451,0.00819954254272375,0.01542231609473156,0.004065858236676474,0.018140242108369505
bert_sst2,250,74,0.005177066793976537,-0.008068385609779249,0.006696276286126543,0.009912714372940617,0.002582017253440551,0.01017330818458252
bert_sst2,250,75,0.005177066793976537,-0.004268341643430005,0.0065937046552678215,0.011217841977694128,0.0026607364060208666,0.007406431403641507
bert_sst2,250,76,0.005177066793976537,0.005106415289347578,0.010917225530529658,0.01588777343820064,0.006110469481260846,0.011903409856504097
bert_sst2,250,77,0.005177066793976537,-0.001334589909741721,0.0044991932394623955,0.007315032965767518,0.0034057407986346462,0.005328140010966049
bert_sst2,250,78,0.005177066793976537,0.013234028202006158,0.011011608844208324,0.012683387895576445,0.006971694610910805,0.010943865873399124
bert_sst2,250,79,0.005177066793976537,0.01234158855238893,0.013459435405036135,0.014342167804422176,0.006496671779226114,0.013341792618682647
bert_sst2,250,80,0.005177066793976537,-0.003816173307107514,0.0059876074686132175,0.006390581810193279,0.004243245714749504,0.007302373046575493
bert_sst2,250,81,0.005177066793976537,0.01679913930105986,0.019535788063714688,0.02352862631120751,0.019687641408398383,0.025143793107667064
bert_sst2,250,82,0.005177066793976537,-0.0034197680150090497,0.008526419123443365,0.009952893198081441,0.004972971921474297,0.007916906102157837
bert_sst2,250,83,0.005177066793976537,0.011211576617044089,0.013657516010816209,0.017561863380991756,0.010599468910331762,0.014664435784814644
bert_sst2,250,84,0.005177066793976537,0.002897778653582968,0.009666722852013731,0.017568199000984035,0.005925534910607859,0.010378594960908916
bert_sst2,250,85,0.005177066793976537,0.00011543244240485951,0.007287492587004468,0.012868507705823713,0.0076673412930008235,0.012204293978748766
bert_sst2,250,86,0.005177066793976537,0.014268787024528957,0.015615036306502544,0.02509324105378811,0.008346273178378856,0.020470298241391682
bert_sst2,250,87,0.005177066793976537,-0.006859558513377149,0.009261837225861063,0.01207298749680634,0.0028780439055481897,0.008163061225474414
bert_sst2,250,88,0.005177066793976537,0.0066999710765481505,0.0075773860184838795,0.015941503027915173,0.0034723531581294337,0.012649966027879635
bert_sst2,250,89,0.005177066793976537,0.0028129095675292603,0.011126019768763717,0.012176846223079744,0.00974998400264917,0.011864177548653852
bert_sst2,250,90,0.005177066793976537,-0.0008722439232866088,0.007422097487409751,0.010103688531900312,0.003256734498913198,0.006987391146702181
bert_sst2,250,91,0.005177066793976537,0.008212604690141841,0.007410535654119425,0.0064664790127123145,0.002504646115461362,0.008215485994893586
bert_sst2,250,92,0.005177066793976537,0.00491499625964558,0.01270138580334158,0.01574295690786042,0.011691195600651494,0.01774821129292009
bert_sst2,250,93,0.005177066793976537,-0.003754593585647215,0.009694039940575288,0.009642511225590053,0.00438618828248755,0.01204351040242505
bert_sst2,250,94,0.005177066793976537,0.0071906866284886205,0.011939961132898198,0.014027437095809586,0.0067112923229845165,0.009769395916993369
bert_sst2,250,95,0.005177066793976537,0.001978428378184418,0.010293719707589813,0.011915564815342408,0.007572963101470479,0.015645209662420004
bert_sst2,250,96,0.005177066793976537,0.00894887928021489,0.008717741765288304,0.010861990850355751,0.008082841369579446,0.009482059912632646
bert_sst2,250,97,0.005177066793976537,0.006359224028880259,0.01773500859739484,0.023498211017504274,0.009553649609022186,0.01583384749816179
bert_sst2,250,98,0.005177066793976537,0.024147334549700743,0.016771619369359923,0.023238454809006426,0.012709498644749755,0.017734447523195356
bert_sst2,250,99,0.005177066793976537,0.004778499828522747,0.008445438932429546,0.01649166276940387,0.006373254394489309,0.009519755158942735
bert_sst2,250,100,0.005177066793976537,0.0030198048736692186,0.010743628945955106,0.014599660881284142,0.0024878448197181726,0.010580491922619862
bert_sst2,250,101,0.005177066793976537,0.004692567826441827,0.012907697687470224,0.014179633159270658,0.00806039697821807,0.013176567142601467
bert_sst2,250,102,0.005177066793976537,0.0031838993489291764,0.008817092681516637,0.013384833049833624,0.005565180506998871,0.009608699627489921
bert_sst2,250,103,0.005177066793976537,-0.0002077932721062825,0.010101048007926406,0.01054981490508862,0.005670214084351572,0.00916333236077782
bert_sst2,250,104,0.005177066793976537,0.020801271473494837,0.026482065357737717,0.031191770440324902,0.01468155003260522,0.02569191176595708
bert_sst2,250,105,0.005177066793976537,0.023375747726155027,0.013729501530751285,0.01782494738964657,0.007532270063446007,0.016549793910813217
bert_sst2,250,106,0.005177066793976537,0.006732290770443638,0.013633941366259719,0.011970801280463106,0.006216950926744126,0.015370388841354537
bert_sst2,250,107,0.005177066793976537,0.007657332343887846,0.012828236832804851,0.010867938257565678,0.003319561984692637,0.007506618467993197
bert_sst2,250,108,0.005177066793976537,0.008209501870336379,0.015439404246308009,0.017422608613349457,0.0034563924567024007,0.012822612903079579
bert_sst2,250,109,0.005177066793976537,0.017281801055693814,0.014702703501718374,0.019111846076325663,0.009804015641055146,0.01752573256738926
bert_sst2,250,110,0.005177066793976537,0.010062211207322815,0.009968397908940897,0.010274033949138145,0.007032748596559503,0.010014105249163616
bert_sst2,250,111,0.005177066793976537,0.0034873101791557566,0.007611103986238209,0.01161520937717308,0.004768885613001722,0.009336234999380454
bert_sst2,250,112,0.005177066793976537,0.001645364481029767,0.012779450263666154,0.01340118753569094,0.008222733528927715,0.014640923114080608
bert_sst2,250,113,0.005177066793976537,0.0012541961832631002,0.009804140826037892,0.011888565632919809,0.007749792158713921,0.010404025885266982
bert_sst2,250,114,0.005177066793976537,0.0021113935610950303,0.007513060108008963,0.010367714011831699,0.0033699644456063656,0.008844738069691367
bert_sst2,250,115,0.005177066793976537,0.0033494250810404127,0.00783279860675339,0.016927720413146618,0.006167781365666202,0.01180858335531234
bert_sst2,250,116,0.005177066793976537,0.0021504750242930504,0.010200458506488637,0.01590851961296272,0.005981225470240004,0.013383604513902022
bert_sst2,250,117,0.005177066793976537,-0.006041187980656044,0.006392429524419185,0.011654112242561722,0.003820722547039324,0.008088438874304892
bert_sst2,250,118,0.005177066793976537,0.0012652628195498753,0.010608653966560322,0.019523062901974496,0.009798185747516378,0.01291957073214535
bert_sst2,250,119,0.005177066793976537,0.008920896586181412,0.008955990945394803,0.015520838465386917,0.00500403785944469,0.010392332378882749
bert_sst2,250,120,0.005177066793976537,0.004539632021198364,0.012027984391553018,0.01683426458071773,0.004560800668058793,0.013064889208906375
bert_sst2,250,121,0.005177066793976537,-0.0016317645356753866,0.010614141629329193,0.010425967625194203,0.003673439896206751,0.00975025536050743
bert_sst2,250,122,0.005177066793976537,0.0031393466457311802,0.009943215173319638,0.013595087383152665,0.010060038131898244,0.010479489816248713
bert_sst2,250,123,0.005177066793976537,0.003137394182515288,0.007872828518114959,0.00894552801918823,0.004548573349845554,0.00833314491489106
bert_sst2,250,124,0.005177066793976537,0.00199504185589238,0.012550125739148496,0.016543709540256902,0.007132948417334194,0.013936320195546982
bert_sst2,250,125,0.005177066793976537,0.006712296171400036,0.005866562423197342,0.008299544912359782,0.0033797847392563218,0.009002670041795453
bert_sst2,250,126,0.005177066793976537,0.010494701009162036,0.02097256182919806,0.0279193828996471,0.018518236064982097,0.02287987916820524
bert_sst2,250,127,0.005177066793976537,0.011767988257058838,0.011897369028565006,0.019024307226240295,0.011283030969837377,0.01815155795541418
bert_sst2,250,128,0.005177066793976537,-0.001056182569349218,0.007823616413747231,0.011347803798084746,0.004413366360226044,0.007511870685519744
bert_sst2,250,129,0.005177066793976537,-0.005536095988767572,0.006104811578812212,0.009602694297242975,0.002555706361488074,0.0070336224963791555
bert_sst2,250,130,0.005177066793976537,0.012890434455913508,0.011392010413921131,0.013327045633561298,0.007647817447909475,0.012281539987367241
bert_sst2,250,131,0.005177066793976537,0.007797108175226466,0.010837397118061299,0.01697145188337035,0.007610912345647913,0.015428577893713056
bert_sst2,250,132,0.005177066793976537,0.004799225710565242,0.007600581940908089,0.008058259972493355,0.0028406412009109048,0.008626551532575041
bert_sst2,250,133,0.005177066793976537,0.0009665794571520747,0.0075539104862834515,0.008379730245589799,0.005150985410727109,0.0077761736779025925
bert_sst2,250,134,0.005177066793976537,0.004406589727081769,0.011372335471076803,0.015990084233037462,0.004413488115409408,0.009487216846230582
bert_sst2,250,135,0.005177066793976537,0.00835576839673335,0.018014555506899566,0.023346922739568364,0.012533815789670734,0.01928885510818921
bert_sst2,250,136,0.005177066793976537,0.003909813695699098,0.005783674303493337,0.010529735880442795,0.003948402928889656,0.00865935571507623
bert_sst2,250,137,0.005177066793976537,0.012125405485137493,0.008023986137149627,0.012725327436995412,0.007060591949537883,0.009977260796096635
bert_sst2,250,138,0.005177066793976537,0.005953278908692988,0.010486489318524538,0.017072490799235892,0.008900234630066225,0.010509833247195009
bert_sst2,250,139,0.005177066793976537,0.008264115826706352,0.008223538820334327,0.008856063451441463,0.008528438268430534,0.011774490608279186
bert_sst2,250,140,0.005177066793976537,0.009620388233366046,0.014463438705924854,0.01832727577853173,0.01012637816231291,0.021059891947351115
bert_sst2,250,141,0.005177066793976537,0.0015536641387967041,0.010455661716299003,0.015891702933398824,0.00606355321792947,0.009012427924025835
bert_sst2,250,142,0.005177066793976537,0.014078017604918707,0.01053535916242768,0.017457565751738582,0.013142317869356336,0.01682617603675902
bert_sst2,250,143,0.005177066793976537,0.0016936987028220135,0.007569933448713618,0.010967589215610203,0.0033910993601594286,0.008031321439177775
bert_sst2,250,144,0.005177066793976537,0.010353526859788116,0.01143775268450002,0.017343697304832924,0.006001976140324991,0.011607078579528167
bert_sst2,250,145,0.005177066793976537,0.006142072499887805,0.012611279536826114,0.010625467256971173,0.00841413926877495,0.010494970891669541
bert_sst2,250,146,0.005177066793976537,0.00291325342774374,0.011865144869354373,0.015767468109063217,0.00990126082202886,0.014265128752712943
bert_sst2,250,147,0.005177066793976537,0.011310761423081154,0.018180966197594184,0.018129976405213504,0.010369009179271568,0.01711075190922751
bert_sst2,250,148,0.005177066793976537,0.012744662405942684,0.013406409621011995,0.01721890776944759,0.011859461202399965,0.016496130831104756
bert_sst2,250,149,0.005177066793976537,0.00020322763063853054,0.010180821453017248,0.010730585418208918,0.003548290583171904,0.010614998388104107
bert_sst2,250,150,0.005177066793976537,0.015202802563842337,0.023458708263554354,0.0262094631392913,0.016864126881721578,0.02681891018577489
bert_sst2,250,151,0.005177066793976537,0.009708870615642257,0.014463446006888382,0.018775162956412888,0.009131416900515176,0.017172383633409782
bert_sst2,250,152,0.005177066793976537,0.00532018063732234,0.01647301935645418,0.017068175899551247,0.013185152394385353,0.01591727598277871
bert_sst2,250,153,0.005177066793976537,0.015810903718850813,0.015764131073072993,0.018374849859221148,0.009819586874890705,0.01671302702179314
bert_sst2,250,154,0.005177066793976537,0.006156326392478995,0.013893416348334211,0.017199079077680805,0.002636321673373611,0.011524925443577253
bert_sst2,250,155,0.005177066793976537,0.003832389664771169,0.005797580077567884,0.009061408335427566,0.006334150348125195,0.008276312134999677
bert_sst2,250,156,0.005177066793976537,0.0022176895899778735,0.004256532730631514,0.010966902567424915,0.00338867646543456,0.008756410395480859
bert_sst2,250,157,0.005177066793976537,0.0009783502704839601,0.005429864133773942,0.009324443842214633,0.0012210782619125728,0.010595397530942323
bert_sst2,250,158,0.005177066793976537,0.007944289854420174,0.006111881069314812,0.00974397413095187,0.002740951336105849,0.008034960677530728
bert_sst2,250,159,0.005177066793976537,-0.004112464544505059,0.009339324526109749,0.012605487774372594,0.004670181194176085,0.008543461514932602
bert_sst2,250,160,0.005177066793976537,-0.004222869054413739,0.00481882982499926,0.008183147858623724,0.004375085940107311,0.008748176312212343
bert_sst2,250,161,0.005177066793976537,0.0021542517197720543,0.014087384660454973,0.01320970706014989,0.007701752311148636,0.01158143785739258
bert_sst2,250,162,0.005177066793976537,0.009210051436604381,0.013530735411164974,0.017626279202250437,0.00793077933251657,0.013532972333113279
bert_sst2,250,163,0.005177066793976537,-0.0025946199685396762,0.006065734634266698,0.012716668359289269,0.005198672045007896,0.008540530809482168
bert_sst2,250,164,0.005177066793976537,0.0044803262643005335,0.00877134365132915,0.010896388442649868,0.005671164049387209,0.010240231202046798
bert_sst2,250,165,0.005177066793976537,0.011113248750826189,0.01498128313804892,0.019597718146500458,0.008600970746303248,0.015821821011403222
bert_sst2,250,166,0.005177066793976537,0.00030411269644667484,0.006486311539901707,0.009709956854488796,0.004410246052332988,0.006638852260458034
bert_sst2,250,167,0.005177066793976537,0.013113746646589845,0.008051349371773021,0.008940923731074597,0.007407823640052378,0.011148388204440389
bert_sst2,250,168,0.005177066793976537,0.003881397321510586,0.00888839150536508,0.009783685137886699,0.004669601925759647,0.008513318715858401
bert_sst2,250,169,0.005177066793976537,0.005025823702357577,0.006263342875498887,0.007243660569926307,0.004498205505355164,0.007038568672567004
bert_sst2,250,170,0.005177066793976537,0.008126002552599907,0.012540100580283643,0.015127590516770886,0.011981099140795676,0.01674344019837715
bert_sst2,250,171,0.005177066793976537,0.00010385092873100011,0.007222541496633687,0.009508209199617288,0.006952734277391805,0.01087403704782164
bert_sst2,250,172,0.005177066793976537,0.005575196656105616,0.007022229758558739,0.01279738561950574,0.0060130941226268185,0.007045875813558553
bert_sst2,250,173,0.005177066793976537,0.0031920103489569912,0.010074029791149507,0.012922821509416031,0.006534140785977118,0.01607835202592881
bert_sst2,250,174,0.005177066793976537,0.007816147604620918,0.007967035766031657,0.00976549000688417,0.004885878788636448,0.01405009671133442
bert_sst2,250,175,0.005177066793976537,0.022003453515446803,0.020408827504247277,0.02911498514237425,0.006323113635132691,0.02203069379919093
bert_sst2,250,176,0.005177066793976537,-0.0029266404727026573,0.006509882208147196,0.0078207759677943,0.00282071535584456,0.005912800138002926
bert_sst2,250,177,0.005177066793976537,0.0009350358541027839,0.009683166486234867,0.013297706736873326,0.0075803476963491045,0.016627981609145543
bert_sst2,250,178,0.005177066793976537,0.010937406695727875,0.013277178400092819,0.016277268521030105,0.006371804516118189,0.013206375174943528
bert_sst2,250,179,0.005177066793976537,0.00047735338590453713,0.003738494127500319,0.010282326576687846,0.003759736904497414,0.007538199733862474
bert_sst2,250,180,0.005177066793976537,0.005591137719844129,0.00811987319239215,0.009702563066910615,0.004590020557638235,0.007971089928643564
bert_sst2,250,181,0.005177066793976537,0.006447729823682584,0.01119023416414267,0.01193467993641082,0.004494926537709402,0.01220004467919032
bert_sst2,250,182,0.005177066793976537,0.013368195095056244,0.0207599585708119,0.026618802578018044,0.01393208825572672,0.021323812022281813
bert_sst2,250,183,0.005177066793976537,-0.0037075737221165693,0.006869293116120161,0.012238180167264287,0.0029763115076939695,0.0048859510406025946
bert_sst2,250,184,0.005177066793976537,-0.004035172152163421,0.01051682902064173,0.009405676322873355,0.006607002264272513,0.008456428895127653
bert_sst2,250,185,0.005177066793976537,0.012832250696652291,0.010211755437508444,0.018612238663771367,0.0055679759502930545,0.01282824080572325
bert_sst2,250,186,0.005177066793976537,0.0012159756774123372,0.005370304730348376,0.013104926646588593,0.0031434968329558137,0.0057388886007183676
bert_sst2,250,187,0.005177066793976537,-0.001205957079457895,0.010553933832622774,0.011588593548394891,0.007903446754184225,0.016798358364562428
bert_sst2,250,188,0.005177066793976537,0.0045510506213368935,0.011623090784778469,0.016050743460745014,0.007041942000451162,0.013144351340367682
bert_sst2,250,189,0.005177066793976537,0.01358560145076673,0.010529465432136592,0.014714820375521591,0.005939740178625355,0.014331629954510566
bert_sst2,250,190,0.005177066793976537,0.006852944728768354,0.016510466197435382,0.01323919493346604,0.004331980222398891,0.013735373201968111
bert_sst2,250,191,0.005177066793976537,0.0065518704523092695,0.018120973538521247,0.023480099380458176,0.007642994287530032,0.017773029324641327
bert_sst2,250,192,0.005177066793976537,0.013996533914654734,0.018369239950854085,0.018409317580349166,0.011486456735225746,0.017641500388377022
bert_sst2,250,193,0.005177066793976537,0.015182443702229058,0.012512780592303792,0.01611224219065445,0.011463196853483341,0.012242602364422643
bert_sst2,250,194,0.005177066793976537,0.006104351503668733,0.009734921663119747,0.016694640653586022,0.007141373441793873,0.009079372084425774
bert_sst2,250,195,0.005177066793976537,0.01622968640989758,0.012607757052659702,0.020950298090891002,0.008078251796973336,0.013856122602907129
bert_sst2,250,196,0.005177066793976537,-0.011148634774099058,0.008800906781904436,0.014666270043307422,0.003901903772976743,0.011749137194617183
bert_sst2,250,197,0.005177066793976537,0.01193592795522862,0.011454537309540843,0.013680275585358496,0.008337682388366593,0.009885815636424817
bert_sst2,250,198,0.005177066793976537,0.0066689407622973285,0.01236634946297226,0.01271590867429344,0.005166050959918341,0.008160943198420983
bert_sst2,250,199,0.005177066793976537,-0.0017069888229931443,0.010184125985442364,0.015505527440672564,0.003057432979336791,0.013335107338143028
bert_sst2,500,0,0.005177066793976537,0.01104134167017065,0.00934766891162996,0.010706038005644474,0.006663891419785021,0.01577729270445447
bert_sst2,500,1,0.005177066793976537,0.007531881735466644,0.006802902766501878,0.01270403469899631,0.004140555422790655,0.015048425791947458
bert_sst2,500,2,0.005177066793976537,0.003327963407272,0.006272211920814316,0.014206111848564618,0.004338481128221014,0.01533777379020486
bert_sst2,500,3,0.005177066793976537,0.007524005218205596,0.006634528740018153,0.008585811698806749,0.007336226249865895,0.009592347770887301
bert_sst2,500,4,0.005177066793976537,0.004854046448344048,0.005982778278463163,0.011062068751013116,0.0030016785947736126,0.010193263169606297
bert_sst2,500,5,0.005177066793976537,0.001625744902832879,0.003853144176711542,0.014251530437097737,0.00594460036768009,0.01163138382924078
bert_sst2,500,6,0.005177066793976537,0.0050778233356340435,0.005896757608428339,0.009664010649794299,0.003414950004545745,0.0099344178828076
bert_sst2,500,7,0.005177066793976537,0.0020227444981098836,0.009039568186759776,0.014813032882325626,0.008073826329548941,0.01541186931905519
bert_sst2,500,8,0.005177066793976537,0.007166002002611539,0.009522632659417773,0.010496940852159336,0.004157679104492409,0.015679949456785
bert_sst2,500,9,0.005177066793976537,0.011173446430714364,0.0060431408115050765,0.012744456786361429,0.005997495952282764,0.010522781981193033
bert_sst2,500,10,0.005177066793976537,0.002298371360632196,0.0036655038836338394,0.007027603193712348,0.002732033781096141,0.008516203670144202
bert_sst2,500,11,0.005177066793976537,0.006974944706494072,0.004905736012475363,0.013000786127043874,0.0067297284644521034,0.01227076107433916
bert_sst2,500,12,0.005177066793976537,0.0075971143496301324,0.00521892596914849,0.010348994278373573,0.003936840891618728,0.013875233371024412
bert_sst2,500,13,0.005177066793976537,0.0018943161641876642,0.004324804980062836,0.015759702098638823,0.003651992609035394,0.012195387635744704
bert_sst2,500,14,0.005177066793976537,0.001906708461263429,0.009769729266050652,0.014955348406020946,0.00484695589070183,0.01373426716338425
bert_sst2,500,15,0.005177066793976537,0.0058316963802813515,0.003150310096546687,0.00903647397170401,0.00251988718455758,0.008832911932772736
bert_sst2,500,16,0.005177066793976537,0.015563405484992547,0.010631874106234895,0.01764387010471573,0.00970880696767867,0.021950071811976217
bert_sst2,500,17,0.005177066793976537,0.0010292622055940882,0.008144323599796792,0.013493985407699046,0.005222917826647829,0.01381632386777904
bert_sst2,500,18,0.005177066793976537,0.008629659714157729,0.006902287803340498,0.017112410180490246,0.00393868432818113,0.018142061479638073
bert_sst2,500,19,0.005177066793976537,0.006078449978180219,0.006104592563052569,0.0115653615130778,0.0050086681614776715,0.01272241911888337
bert_sst2,500,20,0.005177066793976537,0.001922698492509383,0.005674148293422783,0.012114519626930054,0.0046548888199756475,0.01835046712384842
bert_sst2,500,21,0.005177066793976537,0.006750748491925226,0.0065466408184241,0.011635289032617582,0.003261747477337667,0.012823619396566328
bert_sst2,500,22,0.005177066793976537,0.014889212705873999,0.010899299868703147,0.016079269203965726,0.006575070709422651,0.015811484237917315
bert_sst2,500,23,0.005177066793976537,0.001014014576303516,0.009570548823256106,0.01593780160741583,0.007874925667012438,0.014992145255822337
bert_sst2,500,24,0.005177066793976537,0.003743471476577004,0.008315165646025517,0.011236917619487407,0.00424631365762519,0.015519349197163584
bert_sst2,500,25,0.005177066793976537,0.008919292624687195,0.008835497047282176,0.013317854066130815,0.005082275023247401,0.013876169879966512
bert_sst2,500,26,0.005177066793976537,0.005978368802330554,0.010768300699888104,0.014752684520812529,0.0049095900550346185,0.018389349459574007
bert_sst2,500,27,0.005177066793976537,0.009663644152495288,0.012082877405161115,0.01669458749400381,0.008469450406102417,0.02056550495538717
bert_sst2,500,28,0.005177066793976537,0.0014833653399088233,0.004163398300124867,0.008731682695332178,0.003164343638532086,0.011375456279248262
bert_sst2,500,29,0.005177066793976537,0.0025569335833420283,0.005528904044678867,0.009927603481655674,0.003041908564246112,0.00881328716965512
bert_sst2,500,30,0.005177066793976537,0.0048700698572149165,0.008327967940102028,0.009415664865778287,0.007384609890802354,0.012075772618624558
bert_sst2,500,31,0.005177066793976537,0.00205728068751292,0.00939665907866962,0.016188530971703613,0.007009498203307285,0.01759208468291898
bert_sst2,500,32,0.005177066793976537,0.012621386162877469,0.011967776764212698,0.014104868622374752,0.010112258029239369,0.015749946266547892
bert_sst2,500,33,0.005177066793976537,0.0034125098456485718,0.008222086200107347,0.013927514990589553,0.006505114750576628,0.014991178242060012
bert_sst2,500,34,0.005177066793976537,-0.004941099801787827,0.004794782165616003,0.009486924967428033,0.003129786132628919,0.01305730591645695
bert_sst2,500,35,0.005177066793976537,0.007452316975505423,0.014936570852206005,0.017898774372155712,0.006668984954753238,0.019933200203312382
bert_sst2,500,36,0.005177066793976537,-0.0006394882184090407,0.004666980900109019,0.013483303957589822,0.0035810475574952565,0.010985388720408436
bert_sst2,500,37,0.005177066793976537,0.012428952867102354,0.011352269501512966,0.014781941502007038,0.0069049440711872485,0.021788760314645755
bert_sst2,500,38,0.005177066793976537,0.0007316407382089161,0.002384257586761957,0.012507632963828771,0.0016213081357797459,0.008033955425155056
bert_sst2,500,39,0.005177066793976537,0.005607567251944235,0.005085970663902753,0.014053637267033566,0.004019462155772708,0.010878656686366093
bert_sst2,500,40,0.005177066793976537,0.0034502178227236824,0.010290448970514123,0.018138583154806518,0.00868528529763142,0.016708902265069523
bert_sst2,500,41,0.005177066793976537,0.011710859176399403,0.012536770752002085,0.017898414776910555,0.007841773017648115,0.01924383494403646
bert_sst2,500,42,0.005177066793976537,0.0006608398347077245,0.007420120779998415,0.009782594167502394,0.003981887861346529,0.011349616776860411
bert_sst2,500,43,0.005177066793976537,0.0031516294343410488,0.004965859109695353,0.010582906640113902,0.005735831725033116,0.010189611507994977
bert_sst2,500,44,0.005177066793976537,0.009336418783222944,0.008592790427856788,0.012542557406873852,0.00717545833100182,0.014330786205723239
bert_sst2,500,45,0.005177066793976537,0.00791654076856631,0.008151372604210554,0.012769707948089194,0.0050790668758737495,0.015390498881571435
bert_sst2,500,46,0.005177066793976537,0.00941875824672319,0.008319892643399808,0.01296934606422099,0.004627396019055266,0.012605682838542267
bert_sst2,500,47,0.005177066793976537,0.011897486679629516,0.009898495923174875,0.014991046221985735,0.007870241257016887,0.01976453387710154
bert_sst2,500,48,0.005177066793976537,0.007326436362948779,0.009880767079730297,0.014260894796111274,0.005708498022194736,0.014591373479681266
bert_sst2,500,49,0.005177066793976537,0.0038670508276356214,0.008051147880055383,0.011136189301198578,0.006752170228159675,0.011553508659338166
bert_sst2,500,50,0.005177066793976537,0.0069553926227845,0.006410495722085996,0.01506559227026039,0.007154784138150813,0.018552749525119396
bert_sst2,500,51,0.005177066793976537,0.008524771013768131,0.004561651968261542,0.015051429088914261,0.002303216707199672,0.01481116906165973
bert_sst2,500,52,0.005177066793976537,0.00618776887424673,0.009483799750802591,0.019113258426172886,0.005369960912269947,0.020244662325948595
bert_sst2,500,53,0.005177066793976537,0.009673148304796911,0.007469227108216697,0.010399445128992317,0.00618626818355776,0.01402489688488812
bert_sst2,500,54,0.005177066793976537,0.017905988341311775,0.009930077905184959,0.01609544761076872,0.0066751537060496646,0.016570844623377403
bert_sst2,500,55,0.005177066793976537,0.010081730926976562,0.006137440910810023,0.011592215587397398,0.00406726224907843,0.010729308686061152
bert_sst2,500,56,0.005177066793976537,-0.004649492055341109,0.0030846136233595683,0.007240461022946821,0.0033143448881904018,0.006846891347780914
bert_sst2,500,57,0.005177066793976537,0.005122802174426355,0.008465460370319748,0.01530541813982778,0.010277484764980312,0.016673170945831914
bert_sst2,500,58,0.005177066793976537,0.005707024674223135,0.004526794620630097,0.012849599655550553,0.004816917760047371,0.011914754551318405
bert_sst2,500,59,0.005177066793976537,0.003993590130561969,0.005908967253955283,0.011094328694868384,0.002571010589356704,0.013412399207838412
bert_sst2,500,60,0.005177066793976537,0.0021318612370667253,0.005003701434677079,0.017361729664016643,0.0031131031016786697,0.013556452276469413
bert_sst2,500,61,0.005177066793976537,0.013514813437151333,0.006420650154554126,0.019978015905034695,0.00850297807494931,0.021044818551635577
bert_sst2,500,62,0.005177066793976537,0.006175148209145822,0.007968019190003393,0.014253787881104877,0.00519014990537851,0.014964700266146833
bert_sst2,500,63,0.005177066793976537,0.0004701407213819746,0.00654734287948649,0.014717026371980784,0.005968806963470601,0.01591043966135465
bert_sst2,500,64,0.005177066793976537,0.007535033632691925,0.008653518683312416,0.013178606031325922,0.004853113021512539,0.014435797648388196
bert_sst2,500,65,0.005177066793976537,0.004288826142583286,0.007779601605041848,0.013457561605500304,0.006426789067989745,0.013472853328519573
bert_sst2,500,66,0.005177066793976537,0.001804386848689055,0.003461942134485365,0.011447388809976804,0.002720426075427142,0.010873492311648384
bert_sst2,500,67,0.005177066793976537,0.019568853062783234,0.011518459311460885,0.014088884820913765,0.01218583746906277,0.015608850020355915
bert_sst2,500,68,0.005177066793976537,0.003390686239851269,0.010042872973605814,0.012892880663034078,0.006346989717847928,0.015256420635068586
bert_sst2,500,69,0.005177066793976537,0.006782818434555585,0.006731911504241113,0.007415712022498675,0.0032885848626703308,0.01063248234071147
bert_sst2,500,70,0.005177066793976537,0.014587718579523751,0.008981470450332166,0.013982477133767827,0.007111462406445822,0.015502288514114811
bert_sst2,500,71,0.005177066793976537,0.002746007116449157,0.0035288871365424072,0.012931936166911146,0.00506049565967654,0.013658690805532666
bert_sst2,500,72,0.005177066793976537,0.007021630188044661,0.005321733482252026,0.015288409405703607,0.0019356583430408473,0.014668994323386466
bert_sst2,500,73,0.005177066793976537,0.003442205819908503,0.004387481418056349,0.00922761263320223,0.003022425219829223,0.010058964374247557
bert_sst2,500,74,0.005177066793976537,0.008388683547400537,0.0069958218240823555,0.011225807401896597,0.0020856570565346197,0.012881113320218598
bert_sst2,500,75,0.005177066793976537,0.01273228151188869,0.007252393083963765,0.015638607877173985,0.005943055488205483,0.013275961028843073
bert_sst2,500,76,0.005177066793976537,0.010574934977813056,0.008748866310462181,0.013359780265992566,0.009762820284345409,0.01734467508624885
bert_sst2,500,77,0.005177066793976537,0.004879441739795308,0.01191472708306398,0.015334103556383294,0.012762034954109762,0.02034503863016926
bert_sst2,500,78,0.005177066793976537,0.007113123615890047,0.006040797230588695,0.012810042596484179,0.005612493266209388,0.012553590217925382
bert_sst2,500,79,0.005177066793976537,-0.0005384083688395727,0.006907855409390943,0.011221082874578476,0.006218405294783257,0.012077744667003794
bert_sst2,500,80,0.005177066793976537,-0.0003480555331750068,0.0035681934856651655,0.0062392952564061304,0.002752855069825667,0.006140113602234219
bert_sst2,500,81,0.005177066793976537,-0.0018499306118138843,0.0055808319713964395,0.012077289568043654,0.004146512968891742,0.011384324911763768
bert_sst2,500,82,0.005177066793976537,0.0069628207628511666,0.008533494787527452,0.011382754060521626,0.007423208015713599,0.01516535823412333
bert_sst2,500,83,0.005177066793976537,0.0037272481981031145,0.006658939320388182,0.01438701318796998,0.004566304289955519,0.011518057387346925
bert_sst2,500,84,0.005177066793976537,0.006333781935166249,0.006769907473791147,0.01389664375903872,0.004075946200518379,0.015498155120702545
bert_sst2,500,85,0.005177066793976537,0.006082874322968781,0.0058259186643297494,0.013730664220630085,0.005339875601625733,0.011517534950208758
bert_sst2,500,86,0.005177066793976537,0.016410353218263538,0.011485463344477968,0.01910365205735546,0.005804371454859729,0.020621332839055016
bert_sst2,500,87,0.005177066793976537,0.002076799735344545,0.004356001303863403,0.01203405024712869,0.004260483928079827,0.012018023144546836
bert_sst2,500,88,0.005177066793976537,0.003279357880708416,0.006297179707942597,0.01176746020214775,0.005826518992719373,0.013818005123807188
bert_sst2,500,89,0.005177066793976537,0.0037931144458957754,0.005973493231336166,0.006902438229079351,0.0040942915239210575,0.00938095252393597
bert_sst2,500,90,0.005177066793976537,-0.002453789184530621,0.006241745579364939,0.014311371761553277,0.00287625998163481,0.01815727623539252
bert_sst2,500,91,0.005177066793976537,0.008102146809387971,0.008717813215078725,0.014206017562665287,0.0057543910058522945,0.01217656412996198
bert_sst2,500,92,0.005177066793976537,0.0026311476471636485,0.0026274965513475436,0.011913317751836098,0.0026784483209768882,0.014498274547933284
bert_sst2,500,93,0.005177066793976537,0.003684321770977042,0.006693159457756493,0.013627976808041316,0.0056142115316211594,0.014085446467851589
bert_sst2,500,94,0.005177066793976537,-0.0012964399862395001,0.004068566543001399,0.009246746858389158,0.002480068920057783,0.00902830085033261
bert_sst2,500,95,0.005177066793976537,0.0019400295262452065,0.004644129686253324,0.006323914129464107,0.004600663879041839,0.01173846719529589
bert_sst2,500,96,0.005177066793976537,0.006831792475564546,0.0075225465635283435,0.013002202880142606,0.006806923394736615,0.013058996269895724
bert_sst2,500,97,0.005177066793976537,0.000550366237554101,0.006790457734118534,0.010526098160298793,0.002663125624335637,0.012382749100548577
bert_sst2,500,98,0.005177066793976537,0.010770381740574668,0.011386821023745393,0.015781801425751234,0.010389193135325051,0.01754120337466383
bert_sst2,500,99,0.005177066793976537,0.0068711579281053444,0.0056487020911899725,0.01067956646966445,0.0045274955042723716,0.011884493731222369
bert_sst2,500,100,0.005177066793976537,0.005299830468522357,0.010009833957962556,0.014560415982889648,0.0071105057603787535,0.016704590162802672
bert_sst2,500,101,0.005177066793976537,0.0021701357467342136,0.008328068962113308,0.009492782629309672,0.006383069063016512,0.016343050197857832
bert_sst2,500,102,0.005177066793976537,0.0006173829364874263,0.0019168320337652044,0.0046391142639828215,0.0014470676876217675,0.005072978995720717
bert_sst2,500,103,0.005177066793976537,0.00905416778346546,0.007875272840373765,0.013308784005757695,0.005835645901589651,0.016109831390597962
bert_sst2,500,104,0.005177066793976537,0.008908163009173272,0.008623899565905918,0.015895168775143072,0.005548348896289827,0.020245347415502938
bert_sst2,500,105,0.005177066793976537,0.0014763385688282755,0.0021088698576871194,0.008716588368616641,0.0027706212073639333,0.009548689997621861
bert_sst2,500,106,0.005177066793976537,0.0036064639020115326,0.005045066372695296,0.012018133266282798,0.004070941729669543,0.009825777716904766
bert_sst2,500,107,0.005177066793976537,0.012347252380975633,0.011751055521477274,0.016371672492877673,0.007036030395170284,0.01865351440596983
bert_sst2,500,108,0.005177066793976537,0.012919269959084167,0.009242787506538966,0.019531289275685232,0.00869884778829095,0.017263347495222247
bert_sst2,500,109,0.005177066793976537,0.009903862181225388,0.011333711642357245,0.015323438871629324,0.0065816801872508445,0.015885554646141022
bert_sst2,500,110,0.005177066793976537,0.005270764738044531,0.010445335804181222,0.015868173408233203,0.006844886029934756,0.018809746126582646
bert_sst2,500,111,0.005177066793976537,0.008737471840894186,0.009252580169337478,0.01787757158861654,0.007204269121727811,0.016627709693690457
bert_sst2,500,112,0.005177066793976537,0.007874470499426469,0.0019799302476896288,0.007788407057468128,0.001412961620906229,0.010470730672370983
bert_sst2,500,113,0.005177066793976537,0.00044212256713361886,0.0038520535949412415,0.006861117778151473,0.003533467106627581,0.008510224925700013
bert_sst2,500,114,0.005177066793976537,0.014030933168051629,0.010575617651373943,0.017327051935817288,0.009286924538348491,0.01761920538528497
bert_sst2,500,115,0.005177066793976537,0.007920212585967281,0.010201840773619249,0.010413352144029513,0.0052548498655460235,0.015197055048646844
bert_sst2,500,116,0.005177066793976537,0.006779763900275078,0.007537234926688885,0.015060352435910739,0.004124234539641394,0.01822880008724016
bert_sst2,500,117,0.005177066793976537,0.009387936265091996,0.005618530920366568,0.018129162349643704,0.004541319098802322,0.015253670322152647
bert_sst2,500,118,0.005177066793976537,0.004133911666642689,0.005957954569759546,0.014162065947564464,0.004930210300893996,0.01083411685610069
bert_sst2,500,119,0.005177066793976537,0.002680032987814119,0.005708573029772789,0.012533240768643976,0.003261340074284507,0.010691117302028746
bert_sst2,500,120,0.005177066793976537,-0.0013971076787126645,0.003836805811486228,0.00641143712533122,0.0039936731084994235,0.00821837137816083
bert_sst2,500,121,0.005177066793976537,0.00504375854583304,0.007340730256934796,0.010093476041499835,0.006379068499929516,0.011989189553121959
bert_sst2,500,122,0.005177066793976537,0.004987111264379593,0.007065602349280122,0.010472379732123883,0.005020661280618422,0.011705930408289109
bert_sst2,500,123,0.005177066793976537,0.009983016395797517,0.0069125156038544406,0.013188719598454707,0.005452935824876178,0.013884679159721407
bert_sst2,500,124,0.005177066793976537,0.015420462605823233,0.005801411120276182,0.012959524031312761,0.006012359902679754,0.019796427219946962
bert_sst2,500,125,0.005177066793976537,0.006064536442073048,0.004358807428697138,0.008373332488323709,0.0029929843331984764,0.01079780958556181
bert_sst2,500,126,0.005177066793976537,0.004341205748297562,0.010873808014903659,0.014816186512354116,0.008603932005650433,0.01526579709267016
bert_sst2,500,127,0.005177066793976537,0.005510324459023179,0.004432931231054336,0.011564980084172848,0.0026612995217429308,0.011467318720352908
bert_sst2,500,128,0.005177066793976537,0.0017322785736628074,0.003672010605797214,0.007504721064912775,0.0038250834081640676,0.007800630498644892
bert_sst2,500,129,0.005177066793976537,0.0064893293892308605,0.007984702913700624,0.009442254969279711,0.004634670829251541,0.010390643751323146
bert_sst2,500,130,0.005177066793976537,0.01110117948510575,0.008453373154161486,0.01713262336890559,0.0036934601730499055,0.016678052536570245
bert_sst2,500,131,0.005177066793976537,0.007922398814329795,0.0065885648888804466,0.01166949359209765,0.0036800707653616713,0.013656798188980484
bert_sst2,500,132,0.005177066793976537,0.004858021059243927,0.005890309481942001,0.013183876462787318,0.004006705108947447,0.010862043851058609
bert_sst2,500,133,0.005177066793976537,0.0006285222564440649,0.004768379666157478,0.012140557223313114,0.004868689640426803,0.01420618445170635
bert_sst2,500,134,0.005177066793976537,0.005616708553603914,0.0045690572975499305,0.007146387685693893,0.0037337483816348256,0.0070239092344142485
bert_sst2,500,135,0.005177066793976537,-0.00019422346904429411,0.0050615243589855795,0.006782471583375993,0.0036001510870303484,0.008099640170056089
bert_sst2,500,136,0.005177066793976537,0.0012902618243925729,0.005174172123221542,0.009811861059848414,0.003501763419580191,0.009067602333919055
bert_sst2,500,137,0.005177066793976537,-0.0019050481418004881,0.008814650625124711,0.011278295060067344,0.0076925652539656724,0.01357902472201167
bert_sst2,500,138,0.005177066793976537,-0.004899210003061164,0.002867118367237001,0.009531303613276759,0.002633601297674163,0.009773047964476903
bert_sst2,500,139,0.005177066793976537,0.006872870465567727,0.012145556836523535,0.014043998941753484,0.009741054519758931,0.015625941305893384
bert_sst2,500,140,0.005177066793976537,0.002979737928011428,0.0069972041194551835,0.011697039425755028,0.0041483636061315785,0.012604921312049256
bert_sst2,500,141,0.005177066793976537,0.00366976522902632,0.004874434025370214,0.013867364902462237,0.00393681911491328,0.017687727580838294
bert_sst2,500,142,0.005177066793976537,-0.003107910558197974,0.0022096414668389655,0.004329100414776698,0.002054979814894847,0.004422617958835408
bert_sst2,500,143,0.005177066793976537,0.01050381412531629,0.00303247498646483,0.014606095529640472,0.0041521444589706176,0.011522662662163967
bert_sst2,500,144,0.005177066793976537,0.0029938040800082588,0.008044301052040874,0.013890521324672877,0.004730996215860172,0.014566446409978152
bert_sst2,500,145,0.005177066793976537,0.00811678438406031,0.012134106372734267,0.014681952879608521,0.007040278036146081,0.020554442236019457
bert_sst2,500,146,0.005177066793976537,0.007899954634281888,0.00958160082985086,0.013499556960231094,0.008287815376428297,0.015087667498421609
bert_sst2,500,147,0.005177066793976537,0.014442385517182327,0.00865642627847831,0.015482487735641853,0.009701639672231548,0.0199997665160934
bert_sst2,500,148,0.005177066793976537,0.0042937701192095525,0.010190450018530832,0.01585336492385263,0.007755199523203229,0.014975001404342651
bert_sst2,500,149,0.005177066793976537,0.00793249496346098,0.009964966732225026,0.012577431666725404,0.00804504589376321,0.01234492940696152
bert_sst2,500,150,0.005177066793976537,0.006154411542354909,0.010153796919512828,0.015168581180739929,0.00779217596702403,0.01842412021727633
bert_sst2,500,151,0.005177066793976537,0.004027617111365787,0.005548105703195933,0.012656862414440502,0.004861502840937657,0.01418382519194394
bert_sst2,500,152,0.005177066793976537,-0.0020965002332158306,0.004723912150475557,0.008237408283427514,0.0028376175967340326,0.009826072740889296
bert_sst2,500,153,0.005177066793976537,0.003988015788644678,0.006540713239547657,0.01099661229125945,0.006812711562483894,0.010664447458560909
bert_sst2,500,154,0.005177066793976537,0.010997815299813146,0.013500133989005788,0.019955509180812486,0.0071361690496136495,0.021459978609744933
bert_sst2,500,155,0.005177066793976537,0.009272168875648919,0.004744765593407088,0.01384097735447868,0.0032725698426478295,0.014379564421367404
bert_sst2,500,156,0.005177066793976537,0.008130771257246245,0.005556392414024047,0.014444865168440691,0.005247075245433558,0.011912951102477145
bert_sst2,500,157,0.005177066793976537,0.013368900082736185,0.011305862762868301,0.013510454691528926,0.008504153915806157,0.01534757986941894
bert_sst2,500,158,0.005177066793976537,0.006444422168207692,0.005980515229272566,0.011285844087043823,0.005278468524217376,0.012806253626126494
bert_sst2,500,159,0.005177066793976537,0.002206892265969493,0.003838418708269281,0.0068665800945658636,0.003003253156039513,0.007339569064309389
bert_sst2,500,160,0.005177066793976537,0.0032763161783765245,0.00727875528064349,0.013092550606700353,0.006013296861036573,0.01359361187652689
bert_sst2,500,161,0.005177066793976537,0.01003202911742817,0.0075016789964176,0.015718571689114006,0.004891218676737389,0.020177071695509457
bert_sst2,500,162,0.005177066793976537,0.0033520280246885116,0.00863548023469065,0.014208820896043427,0.0056910839036513,0.018612107364577787
bert_sst2,500,163,0.005177066793976537,0.0021888535756654317,0.004605679352056087,0.012382044219041382,0.004580660292169272,0.011260061099044915
bert_sst2,500,164,0.005177066793976537,0.011450873297940548,0.006806216073121883,0.015503063173167023,0.006280718968633741,0.015904364936917482
bert_sst2,500,165,0.005177066793976537,0.009584223714154613,0.007437110632760405,0.012293690461865178,0.004500445042488748,0.012895670659673605
bert_sst2,500,166,0.005177066793976537,0.0035739978038500705,0.005785962276754276,0.009518182714181764,0.005250095544816676,0.009646300205303349
bert_sst2,500,167,0.005177066793976537,0.012046620584709164,0.010189949774543034,0.016008858241420572,0.007556529631654844,0.014597071711059364
bert_sst2,500,168,0.005177066793976537,0.0019996416315569907,0.004772846217855512,0.00869860348187896,0.0015059670010457488,0.011978949069636065
bert_sst2,500,169,0.005177066793976537,-0.00029403819033855784,0.006190147964389906,0.011538009428749597,0.005448818227594599,0.014166370780235825
bert_sst2,500,170,0.005177066793976537,0.007262099210124878,0.010185864761551991,0.014955756388247931,0.008281576768850869,0.016334392175771206
bert_sst2,500,171,0.005177066793976537,-0.0070489036820835654,0.006102801993167743,0.009720075539743944,0.003993693730306138,0.01030205701385131
bert_sst2,500,172,0.005177066793976537,0.011022646831548192,0.010237947470483708,0.013353721212541643,0.0053653524876278134,0.015111133963269399
bert_sst2,500,173,0.005177066793976537,-0.006006380240178418,0.0011001541478569893,0.006086614853120918,0.0009556223347679011,0.0068283062521975295
bert_sst2,500,174,0.005177066793976537,0.005376348689103429,0.0035574441194192183,0.011811493996782035,0.0027871324400210165,0.01016835025122885
bert_sst2,500,175,0.005177066793976537,0.011064091229924486,0.008875298757068778,0.018079148680934055,0.003043037610633615,0.02093378489322249
bert_sst2,500,176,0.005177066793976537,0.007384117364876609,0.00811341582213253,0.012681635129133244,0.005288634793197462,0.012592208988227636
bert_sst2,500,177,0.005177066793976537,-0.00305622545794028,0.006221915006747456,0.009893062029485568,0.004822677667611166,0.012390448382978151
bert_sst2,500,178,0.005177066793976537,-0.0009488567715910246,0.00944154154663153,0.013284681040902037,0.00395891447703032,0.011757025878107848
bert_sst2,500,179,0.005177066793976537,-0.003467024113972935,0.005698249716329269,0.007217377422018022,0.004206812512283794,0.008682950078899692
bert_sst2,500,180,0.005177066793976537,0.005463326108195161,0.005092692644082411,0.012230349910485867,0.003278622667633866,0.012741284070719871
bert_sst2,500,181,0.005177066793976537,0.0014948906554655302,0.005745637882795001,0.009642114556636557,0.00428656912359704,0.01220649294692835
bert_sst2,500,182,0.005177066793976537,-0.00030104232752257596,0.008699832121687057,0.01271905861715004,0.0045340874546325564,0.015636519639106485
bert_sst2,500,183,0.005177066793976537,0.0030432480962371677,0.008627184815025408,0.012687697309096347,0.006836799332515632,0.013207264518683632
bert_sst2,500,184,0.005177066793976537,0.0063266145042378584,0.005988178370523252,0.012058053995680218,0.0065347501972158025,0.013351585319107705
bert_sst2,500,185,0.005177066793976537,0.002764257959659398,0.0057734363563573705,0.011171426268473846,0.005413075896996282,0.012371338699047437
bert_sst2,500,186,0.005177066793976537,0.015671673684148617,0.013566583638185414,0.018237867312628563,0.0058589895107917485,0.022288858528696304
bert_sst2,500,187,0.005177066793976537,0.0050207429579404,0.00652276993332653,0.014703522230720344,0.005382042219735167,0.011716308581742602
bert_sst2,500,188,0.005177066793976537,0.012973851199594762,0.013601124358528414,0.022667398969746646,0.010288939883702499,0.024080474268765615
bert_sst2,500,189,0.005177066793976537,0.01113994087062482,0.006022481090450562,0.014536338722199326,0.004446601383400002,0.01492118884331916
bert_sst2,500,190,0.005177066793976537,0.005421300419412337,0.006912292514534487,0.01350253101207978,0.004794333170456917,0.017075582434484617
bert_sst2,500,191,0.005177066793976537,-0.00044750413030616467,0.004990656846037826,0.008118638131435272,0.003307005890316308,0.01036195476522221
bert_sst2,500,192,0.005177066793976537,0.005089679375600808,0.006496810958329663,0.015540139963580394,0.005300781054694469,0.017001964982056268
bert_sst2,500,193,0.005177066793976537,0.006097582706722288,0.006626975321346568,0.01794611033424033,0.005047733146244491,0.014829275879712688
bert_sst2,500,194,0.005177066793976537,0.003604072721800568,0.0057548182704075445,0.012086584122711371,0.0035113863264420895,0.011499853926696585
bert_sst2,500,195,0.005177066793976537,0.001617086049930529,0.003004633090273993,0.006866027635162083,0.0025238477475224186,0.007166484610258522
bert_sst2,500,196,0.005177066793976537,0.0037025405549926853,0.0083820697506125,0.012577611132230012,0.005092236956057861,0.014141242149257723
bert_sst2,500,197,0.005177066793976537,0.007168070971227285,0.009188732081462718,0.012321330079546564,0.006922746099948987,0.01510514994986694
bert_sst2,500,198,0.005177066793976537,0.008692198403808426,0.007802311851550756,0.017589288613775067,0.006374918082924639,0.01734972256755341
bert_sst2,500,199,0.005177066793976537,0.004518161793115233,0.010081578113470994,0.012010899949712711,0.004038714538892013,0.013078936165193802
bert_sst2,750,0,0.005177066793976537,0.0061868601696659165,0.006827941602940323,0.012228119672542804,0.0042557370687363654,0.014821565171261467
bert_sst2,750,1,0.005177066793976537,0.0010748680591895852,0.005267312542760009,0.011622205813171587,0.006669462285660175,0.015500468811414566
bert_sst2,750,2,0.005177066793976537,0.0053898667210034,0.005481237764356555,0.009502518004551359,0.0051959257645261105,0.013778147379089441
bert_sst2,750,3,0.005177066793976537,0.007948672230103275,0.008581960377940437,0.015507114883857484,0.008309469286863108,0.016396456753891613
bert_sst2,750,4,0.005177066793976537,0.004128863083725432,0.004165147345253102,0.008669101052061931,0.003977710286124833,0.01219747082114907
bert_sst2,750,5,0.005177066793976537,0.0050365247621957905,0.006109327599604928,0.012136946656423266,0.0046506977277737845,0.014217636528448572
bert_sst2,750,6,0.005177066793976537,0.000252905850518555,0.004608060334090686,0.009553416231017386,0.004475064480165031,0.011234937853571459
bert_sst2,750,7,0.005177066793976537,0.008129158148359227,0.0067243174628975385,0.012392957998334763,0.004873008873683744,0.012406839009571818
bert_sst2,750,8,0.005177066793976537,0.008427038322160256,0.004538147706848204,0.010828299132793444,0.004713488619214682,0.01152253249888902
bert_sst2,750,9,0.005177066793976537,0.0012522268338587008,0.004173467762029936,0.011321492483425209,0.004469848695507904,0.01582741456875747
bert_sst2,750,10,0.005177066793976537,0.006638679477851461,0.010754338837786348,0.016618055482966687,0.011158117258095098,0.018893599479907344
bert_sst2,750,11,0.005177066793976537,4.9536039249930815e-05,0.0061445776178085726,0.009513156271379329,0.006234170374119295,0.011399428288600157
bert_sst2,750,12,0.005177066793976537,0.00855342761605519,0.005977071503493077,0.013171857713231856,0.0055139294481002825,0.012961380902303156
bert_sst2,750,13,0.005177066793976537,0.009856814083472628,0.010470406745354398,0.01529955123326542,0.008167895475997092,0.01902525808094271
bert_sst2,750,14,0.005177066793976537,0.0059430696096049816,0.005782077694180467,0.013741329899341868,0.005628880296478151,0.017276126262721358
bert_sst2,750,15,0.005177066793976537,0.0055704166141781,0.004924413863005306,0.00814241287090841,0.004179807298164429,0.015608541544378346
bert_sst2,750,16,0.005177066793976537,0.0019105338400508115,0.008245189646253447,0.010942622304662452,0.005429609005041296,0.014002146772588134
bert_sst2,750,17,0.005177066793976537,-0.0026697632158011685,0.005661946767983556,0.00894676559073344,0.004418722318146501,0.010699471915170294
bert_sst2,750,18,0.005177066793976537,0.009995887650476118,0.00800382563461358,0.012564952888971047,0.007872405947328125,0.016335957419615247
bert_sst2,750,19,0.005177066793976537,0.005449307019010258,0.002114037145469821,0.006882997089161219,0.001745892602252757,0.012851087701029534
bert_sst2,750,20,0.005177066793976537,0.0014468713437168893,0.004458348787170634,0.007766251582526591,0.004520319480972364,0.009187347287450886
bert_sst2,750,21,0.005177066793976537,0.005022785312625172,0.0069871950475418896,0.011884669819105317,0.0061438930126846165,0.018097953360771305
bert_sst2,750,22,0.005177066793976537,0.005177672312190859,0.007262049193299227,0.01422936288402819,0.005826658259984178,0.01830703593893325
bert_sst2,750,23,0.005177066793976537,-0.0015964822495836523,0.005320062017097423,0.008290679562222954,0.004361708962610551,0.014070946412883175
bert_sst2,750,24,0.005177066793976537,0.0033778135665975496,0.005052650349432767,0.012208130137995628,0.005306029907237401,0.015544388753075258
bert_sst2,750,25,0.005177066793976537,0.004631742916315196,0.00603666541817841,0.014567141713944997,0.006910870954265015,0.017172969099895546
bert_sst2,750,26,0.005177066793976537,0.006717468772507668,0.007644639258648456,0.01328935625296572,0.005743923020628724,0.015336904719012705
bert_sst2,750,27,0.005177066793976537,-5.324336972945135e-06,0.004774904992125454,0.01438837317854356,0.004347354843676758,0.016721918944525942
bert_sst2,750,28,0.005177066793976537,-0.0026261530995002136,0.005841273537648859,0.010655397564550124,0.005442751783098023,0.01164481314505566
bert_sst2,750,29,0.005177066793976537,0.004425230195754907,0.005234851940340468,0.009619162614728451,0.0045359307018634646,0.011854384405184788
bert_sst2,750,30,0.005177066793976537,0.0014080913830084366,0.005111822647565529,0.010451081162217267,0.007191389480301652,0.015159850541339979
bert_sst2,750,31,0.005177066793976537,0.0043046307492021875,0.005666642134512693,0.014496071100542761,0.004572866651829907,0.018742327800757658
bert_sst2,750,32,0.005177066793976537,0.005042687167246133,0.003920412506630668,0.008666117933134189,0.004777563683546443,0.012559346210651117
bert_sst2,750,33,0.005177066793976537,0.006005811416803768,0.005678379711229946,0.011488279120414596,0.004467013661177218,0.01524729725783725
bert_sst2,750,34,0.005177066793976537,0.003992637419029307,0.0036387619172573694,0.009040850058493866,0.0028208835824527255,0.011234848684483831
bert_sst2,750,35,0.005177066793976537,0.006172817432248628,0.005042946332746693,0.013912066669357022,0.005658300363786643,0.013877703774456837
bert_sst2,750,36,0.005177066793976537,0.0047134299603772255,0.006034450841847869,0.011023462067791708,0.0059025012663576504,0.013134367055512004
bert_sst2,750,37,0.005177066793976537,0.00894856907736533,0.012018514528412483,0.016952104824011344,0.009779531540794922,0.020294756071490425
bert_sst2,750,38,0.005177066793976537,-0.0015448191188626168,0.004279341988267563,0.008596758936507182,0.0045519855917628615,0.010445006212865813
bert_sst2,750,39,0.005177066793976537,0.00915915014374,0.009093277323029055,0.015197150891766547,0.006344475734408844,0.02027742799787799
bert_sst2,750,40,0.005177066793976537,0.006529762488409859,0.008335054575828761,0.011665046490028327,0.008336585935379153,0.014112766847721087
bert_sst2,750,41,0.005177066793976537,0.004797838144906369,0.005309774798582716,0.010759725079588283,0.0050724093776365045,0.013537471859132646
bert_sst2,750,42,0.005177066793976537,0.010129808922380544,0.005664371745915272,0.015190070583968969,0.005370998861693691,0.017352071745176566
bert_sst2,750,43,0.005177066793976537,-0.0015003594840323291,0.004572487977460755,0.010573848688406513,0.006520390574453754,0.012047790512156608
bert_sst2,750,44,0.005177066793976537,0.003883630760690036,0.003817734259934074,0.007732432673735925,0.0032659754521497646,0.013665931072551946
bert_sst2,750,45,0.005177066793976537,0.005062476503763917,0.005220593108703108,0.011570153511822799,0.003290874754692396,0.014888825918389786
bert_sst2,750,46,0.005177066793976537,0.005098086783933304,0.004807493289147836,0.011782030172648188,0.0038473464173152737,0.013948125706099395
bert_sst2,750,47,0.005177066793976537,0.0048465637498702205,0.005731719420352816,0.010601297186111976,0.0045163150318912985,0.013555299237477099
bert_sst2,750,48,0.005177066793976537,0.0012233075368049946,0.003237411202655565,0.007472631251908185,0.003221109927082815,0.012526340862205278
bert_sst2,750,49,0.005177066793976537,0.003635017921289909,0.006043881433154087,0.012614387608593543,0.004461738415439154,0.013728518954214855
bert_sst2,750,50,0.005177066793976537,0.013662603893594048,0.008871067491506365,0.018618933068007507,0.0055535691400463594,0.021374544710600768
bert_sst2,750,51,0.005177066793976537,-0.0007225731975582767,0.0024428431282442313,0.008108414734497478,0.002933591670913876,0.012180940865132557
bert_sst2,750,52,0.005177066793976537,0.0054612069553537645,0.004711650896228017,0.010886170237920286,0.004386633865665079,0.012142075705927919
bert_sst2,750,53,0.005177066793976537,0.01175761536042494,0.0058729865707204095,0.01100668871311231,0.004448708740433207,0.010992206487572521
bert_sst2,750,54,0.005177066793976537,0.004391440630402975,0.003356038315589398,0.009077626475303746,0.003973082013336045,0.014170528477118353
bert_sst2,750,55,0.005177066793976537,0.0075650533682253595,0.006328357863376433,0.014005300962653528,0.006623885109682769,0.018661298277831136
bert_sst2,750,56,0.005177066793976537,0.004320982918306015,0.00514353178362446,0.012760966959566432,0.006241249926943188,0.014711953631299797
bert_sst2,750,57,0.005177066793976537,0.005289442461644172,0.004083162494300935,0.01537863147740639,0.005378470290328063,0.016350111008603584
bert_sst2,750,58,0.005177066793976537,0.009488622206907833,0.005556634512802936,0.012322648262807719,0.00559245548524496,0.01759666696428658
bert_sst2,750,59,0.005177066793976537,0.011412467385367494,0.008239921903947537,0.013680855464409374,0.008280700881524765,0.017042336592344873
bert_sst2,750,60,0.005177066793976537,0.004020864396452662,0.004220485178506008,0.008171548870771374,0.0029684326269327896,0.008835698548806092
bert_sst2,750,61,0.005177066793976537,0.0006312646588939875,0.0045913524489738814,0.010971466310072616,0.004239795527693103,0.011465222694891513
bert_sst2,750,62,0.005177066793976537,0.004965163623446257,0.004467364154481903,0.010846926337638174,0.0035320059253858356,0.012924599825232365
bert_sst2,750,63,0.005177066793976537,0.015372140820122416,0.008808062591271355,0.013066175078619442,0.006769821356335991,0.014896188552807239
bert_sst2,750,64,0.005177066793976537,0.007371996326473837,0.007743431042866528,0.014988419387812002,0.00508046807931728,0.017742655568396683
bert_sst2,750,65,0.005177066793976537,0.007915928830289767,0.0048004152084791816,0.009229484301557768,0.004009649705380817,0.011528679662827444
bert_sst2,750,66,0.005177066793976537,0.012308194328200626,0.01085605184864521,0.017860025687714446,0.0079733106538412,0.019896599028582214
bert_sst2,750,67,0.005177066793976537,0.006629793179938742,0.005799035410191812,0.015700345361181058,0.005752887293930292,0.016100729019844433
bert_sst2,750,68,0.005177066793976537,0.013039815005222812,0.006034858313079467,0.009336154439015431,0.0073030561719466935,0.013996976615109975
bert_sst2,750,69,0.005177066793976537,0.008391963327833976,0.008418174566985123,0.01317117832423107,0.0064613133997280985,0.014164494482435952
bert_sst2,750,70,0.005177066793976537,-0.0003434001940406697,0.003615828043387162,0.010002794705813124,0.003704017959246617,0.011820035543108714
bert_sst2,750,71,0.005177066793976537,-0.002109808916651418,0.004994881051061915,0.01098025899174624,0.0037459344423878176,0.0133564814442753
bert_sst2,750,72,0.005177066793976537,0.006415071155391808,0.00895651212567259,0.013918773613595397,0.008461812422281693,0.01644368636464365
bert_sst2,750,73,0.005177066793976537,0.00258765955388413,0.0035431278827939873,0.008452973577537966,0.00337752689796288,0.00954236295199535
bert_sst2,750,74,0.005177066793976537,0.009626688637162147,0.006940113870675261,0.013207531855850071,0.006210482802857419,0.015404510641122814
bert_sst2,750,75,0.005177066793976537,0.004587029031013011,0.005219721837328822,0.010250237928729665,0.0021577555604622147,0.010842172938834545
bert_sst2,750,76,0.005177066793976537,0.007223677658138277,0.005223408198692367,0.012006663989351136,0.005335607932763411,0.015764599171740862
bert_sst2,750,77,0.005177066793976537,0.005319296791468527,0.005043982270054296,0.009294439431124785,0.005279998677856607,0.012289240279748053
bert_sst2,750,78,0.005177066793976537,-0.0009388600866648074,0.0020798103912155527,0.005051496738462809,0.0017403105594451392,0.007298727220701971
bert_sst2,750,79,0.005177066793976537,0.012320664080921813,0.008214719043360826,0.015053638761625807,0.007230865866770643,0.020480029525257154
bert_sst2,750,80,0.005177066793976537,0.0056304975070743165,0.005708000391259179,0.011982964282366289,0.004860385344665552,0.013069305874424997
bert_sst2,750,81,0.005177066793976537,0.004916946686036523,0.00692843714515462,0.01593892809148525,0.004847133277829355,0.019427531321332247
bert_sst2,750,82,0.005177066793976537,0.0052455952157328505,0.007412938789931534,0.009841058416652318,0.006502447605373848,0.014837620900103963
bert_sst2,750,83,0.005177066793976537,0.0022656078607313085,0.0028637660708272375,0.009041571252434474,0.003087285931490236,0.008888766000981001
bert_sst2,750,84,0.005177066793976537,0.012240251510483944,0.006798874395730386,0.017057178111280533,0.006730009482740872,0.018066902115846002
bert_sst2,750,85,0.005177066793976537,0.008679102921979997,0.01022296953115538,0.013045506765010243,0.009256931299287412,0.016594396989496888
bert_sst2,750,86,0.005177066793976537,0.0033254295520575862,0.004151970982463648,0.009325075549470216,0.004785617397106907,0.010154002334487816
bert_sst2,750,87,0.005177066793976537,0.002816346260479485,0.0061202655480604795,0.007535600179024064,0.004328489785907229,0.009533584982648936
bert_sst2,750,88,0.005177066793976537,0.009484126381089118,0.008223348220722753,0.01380719480750549,0.006913631409194576,0.01803358817978842
bert_sst2,750,89,0.005177066793976537,0.012585325874826405,0.008026746008830864,0.015300584287402656,0.006879213391207749,0.014339944909827181
bert_sst2,750,90,0.005177066793976537,0.0079268734917375,0.009106610032670255,0.014576462779599751,0.005951033391084754,0.015772826964272697
bert_sst2,750,91,0.005177066793976537,-0.0024593816040218777,0.0033296700080282815,0.008967411707881599,0.003553105923949925,0.01135673417291508
bert_sst2,750,92,0.005177066793976537,0.01288650659625469,0.006305559156317887,0.01616447115749434,0.008697000136873379,0.017852021730341772
bert_sst2,750,93,0.005177066793976537,0.0071905598900574175,0.0035581309494837348,0.01085567793329971,0.004756844682179036,0.013414577056577814
bert_sst2,750,94,0.005177066793976537,0.003932903927364844,0.003371845787189577,0.010668926305292955,0.003680660424173309,0.009229843513932398
bert_sst2,750,95,0.005177066793976537,0.002167532779257785,0.00744173657480261,0.012539351089322115,0.0075713452828995624,0.018057520849391842
bert_sst2,750,96,0.005177066793976537,0.00433692372530328,0.0060933361659705814,0.015775487926707913,0.0056218467410204895,0.01982746039204942
bert_sst2,750,97,0.005177066793976537,0.00321060522237936,0.004220111733252669,0.009333852110760245,0.004658927977206095,0.010576829733598745
bert_sst2,750,98,0.005177066793976537,0.004899089032263815,0.00866980917329872,0.014490733226166385,0.009592769043103836,0.015919788730831618
bert_sst2,750,99,0.005177066793976537,0.0171286218330867,0.009552443548753082,0.018296026249125345,0.009044909483639974,0.020316092058076947
bert_sst2,750,100,0.005177066793976537,-0.004924715635487587,0.005544739675602491,0.009294416814401097,0.0048559432902090015,0.012216562996854615
bert_sst2,750,101,0.005177066793976537,-0.0011683049082945362,0.004741665752687567,0.008212464983504888,0.0047553378792778815,0.009367473778096621
bert_sst2,750,102,0.005177066793976537,0.008058744455820582,0.008545039184067333,0.012600204723660803,0.007039092816925359,0.0182834446952859
bert_sst2,750,103,0.005177066793976537,0.004241774781121563,0.008665468445440586,0.01728243524960066,0.0073446592172624146,0.018550591988968603
bert_sst2,750,104,0.005177066793976537,0.0030630419396717344,0.004894456849450359,0.011139654108713445,0.004680857232218064,0.012881080936171838
bert_sst2,750,105,0.005177066793976537,0.000714810526840021,0.00426237382414462,0.008608764800333284,0.003447530535009547,0.008758922886002128
bert_sst2,750,106,0.005177066793976537,0.0007992966284701843,0.004183225637793384,0.0075062090981701055,0.0041185119182547995,0.01297894717386435
bert_sst2,750,107,0.005177066793976537,0.017380090471783634,0.007341659870567602,0.013956021035964015,0.006439780951350414,0.01754620234188546
bert_sst2,750,108,0.005177066793976537,0.005370604988759945,0.006233846541644265,0.009048644347126348,0.006770581943810051,0.01207635757557821
bert_sst2,750,109,0.005177066793976537,-0.0006984458406272219,0.004916491576409395,0.013108924364536045,0.00404570929610352,0.012318123638226762
bert_sst2,750,110,0.005177066793976537,0.011408489387077229,0.007636041392444792,0.01510468766467025,0.008782513389292397,0.01984064821592902
bert_sst2,750,111,0.005177066793976537,0.0033897887432840575,0.003733531852178659,0.010702895551438784,0.003242000662222063,0.011209483458089087
bert_sst2,750,112,0.005177066793976537,0.005661557396677305,0.00567283341644598,0.015575768058866514,0.005006231426547804,0.016235210006235786
bert_sst2,750,113,0.005177066793976537,0.00010110173753861584,0.0038501745483682137,0.00894016707383923,0.0040966164406935155,0.011371195410585495
bert_sst2,750,114,0.005177066793976537,0.00572958151626885,0.004573380366346352,0.0123073277029745,0.004834757417237621,0.015424579927052266
bert_sst2,750,115,0.005177066793976537,0.006849313700575343,0.005866946557445364,0.013593704643778395,0.005123394192622518,0.015689024769489513
bert_sst2,750,116,0.005177066793976537,0.012956026272928956,0.007130567692919104,0.019334514800546015,0.00853442066264499,0.020873849551519108
bert_sst2,750,117,0.005177066793976537,0.0034987427298618177,0.007221446276507556,0.014708020174982973,0.006162204708541412,0.017021195709646556
bert_sst2,750,118,0.005177066793976537,0.00832819080191748,0.0044878434289718295,0.012144628764132054,0.005106819277800534,0.010562405410123698
bert_sst2,750,119,0.005177066793976537,0.006857193155680426,0.005491672495941247,0.012898242174532159,0.0063512566974665355,0.015227800253186685
bert_sst2,750,120,0.005177066793976537,0.004267900269603338,0.0046017571041140105,0.009870231142464185,0.004206428206557465,0.014593731690037463
bert_sst2,750,121,0.005177066793976537,0.0035215804424817278,0.004358306277257911,0.010715121778131307,0.00394840115080832,0.011895252622262473
bert_sst2,750,122,0.005177066793976537,0.0024319822886342056,0.005209860598201118,0.009915211279899501,0.003866418961085605,0.01222850818581954
bert_sst2,750,123,0.005177066793976537,-0.0016888083886550955,0.0031107286277226314,0.006703670489466529,0.002871195831034747,0.008225020059429123
bert_sst2,750,124,0.005177066793976537,0.006237257886554209,0.005879780334823451,0.01284660775177995,0.005441472639110889,0.015352164930005898
bert_sst2,750,125,0.005177066793976537,-0.001213792950264917,0.004681478657603875,0.007699998165083329,0.004900484280258384,0.011874146659226623
bert_sst2,750,126,0.005177066793976537,0.009253314651438076,0.00390633207441487,0.013418452137274838,0.0024769033114897233,0.015725034046910447
bert_sst2,750,127,0.005177066793976537,0.004433453552550856,0.004096865822915408,0.010814313104004608,0.004542174468091084,0.01156455767263685
bert_sst2,750,128,0.005177066793976537,0.01646393959055205,0.009524251282827544,0.018576584376876218,0.008221387121765181,0.021208143095545025
bert_sst2,750,129,0.005177066793976537,0.005048591909247588,0.007333713177800314,0.014315101307279674,0.007395922421964101,0.015374814025007769
bert_sst2,750,130,0.005177066793976537,0.008377355434104974,0.003955704156824208,0.009965516490763717,0.003995238974755988,0.013324413388949432
bert_sst2,750,131,0.005177066793976537,0.016472483998627017,0.011126658903035864,0.017562450728837078,0.008772002176642374,0.020734786083679343
bert_sst2,750,132,0.005177066793976537,-0.0013359528306389722,0.0025581717127085572,0.009155150843183446,0.0019468474340619602,0.00991264084921779
bert_sst2,750,133,0.005177066793976537,0.004438541104369315,0.011363500749173455,0.0150496947843495,0.008920064978049747,0.016702785822779082
bert_sst2,750,134,0.005177066793976537,0.009592808816633202,0.00943362264874127,0.016764390996200855,0.007888018191941123,0.01960791212400661
bert_sst2,750,135,0.005177066793976537,-0.0022548447081326348,0.00391945403441781,0.007933409232098683,0.003803807602578298,0.009555558686178123
bert_sst2,750,136,0.005177066793976537,0.011010777992233902,0.008652937574830434,0.013864030779798843,0.009083654042583206,0.017202512288835927
bert_sst2,750,137,0.005177066793976537,0.0030133552628644933,0.006158577638715671,0.0116936299406572,0.005864692067208746,0.01626637876350384
bert_sst2,750,138,0.005177066793976537,-0.0044150307935889805,0.0035622481455565287,0.006532846508265384,0.0028610101913365315,0.010893278139432912
bert_sst2,750,139,0.005177066793976537,0.0007984118970148956,0.006014781128718036,0.009943048289683797,0.004235713929157528,0.014890094922678138
bert_sst2,750,140,0.005177066793976537,0.004877196544012025,0.00731997867076661,0.014968787839450638,0.005894837947490329,0.015393526319338671
bert_sst2,750,141,0.005177066793976537,0.0029307143724390983,0.006954551407478125,0.011261065022460675,0.005489478649820442,0.012669759962227342
bert_sst2,750,142,0.005177066793976537,0.004218820510960454,0.004014403747375611,0.01031167043141335,0.0050265286793440035,0.012103528384569465
bert_sst2,750,143,0.005177066793976537,0.0032207902817996867,0.0032559372611230715,0.008672175897521874,0.003007082409180535,0.010411709495701322
bert_sst2,750,144,0.005177066793976537,0.00266837595011976,0.0044006486297078476,0.008269495193408277,0.0034147888227776964,0.011108037948065051
bert_sst2,750,145,0.005177066793976537,0.004010320050455612,0.006398518160056972,0.012143310249301431,0.005649721849379133,0.013650107560706618
bert_sst2,750,146,0.005177066793976537,0.009595180427247219,0.007834269253744685,0.015299187490937748,0.00890968301864057,0.01993281509192309
bert_sst2,750,147,0.005177066793976537,0.002658721381224779,0.007772925536771144,0.014605820775336325,0.0091634584896337,0.01655858238135431
bert_sst2,750,148,0.005177066793976537,0.0042673331627978576,0.008604887737185865,0.012652484103026142,0.00624505528342256,0.013570266776964168
bert_sst2,750,149,0.005177066793976537,0.012315026706545325,0.009337981705195751,0.012982057275309874,0.006295593002123395,0.019138696234336176
bert_sst2,750,150,0.005177066793976537,0.0010370080054614445,0.005458539064795577,0.008854036685875963,0.0042559702921189865,0.011848846780167304
bert_sst2,750,151,0.005177066793976537,0.0014552530478353326,0.0072022119855755205,0.00956912668616551,0.005485939191342244,0.010906547670964098
bert_sst2,750,152,0.005177066793976537,0.007238363629679129,0.008629999117282327,0.014203342046959675,0.007172926834947707,0.017026082921826953
bert_sst2,750,153,0.005177066793976537,0.0056183754429856535,0.007940828167790393,0.014476957867315949,0.008682275129666609,0.016529726637127914
bert_sst2,750,154,0.005177066793976537,0.004445559919047504,0.008027390893129217,0.012757474380469022,0.007124654514145165,0.014502712234696525
bert_sst2,750,155,0.005177066793976537,0.006512146210898867,0.0070469111667487636,0.01247717728629991,0.005953098091863926,0.015310407867193539
bert_sst2,750,156,0.005177066793976537,0.0002879954942178858,0.0031639284855462992,0.006246912424732451,0.003226099497913128,0.008500221230680024
bert_sst2,750,157,0.005177066793976537,0.010964912425650347,0.00856289970457187,0.014632908195067133,0.006318629329931874,0.018417745747444512
bert_sst2,750,158,0.005177066793976537,0.011327022674479026,0.00832331787210005,0.017737169684532428,0.007687858862557772,0.020516424909941024
bert_sst2,750,159,0.005177066793976537,0.0005470745037236044,0.005806116136521174,0.011346921362909844,0.0073980189559556256,0.011623664722608486
bert_sst2,750,160,0.005177066793976537,0.0030024752629692866,0.008390439725236556,0.012475384338172114,0.008539423482383212,0.014586283945929153
bert_sst2,750,161,0.005177066793976537,0.007222123796900154,0.0073232328369246995,0.011295538437756868,0.006062788603218674,0.014935865468396795
bert_sst2,750,162,0.005177066793976537,0.003564432480776245,0.00411407997296891,0.008670299052151212,0.004361472331370098,0.011623118190914923
bert_sst2,750,163,0.005177066793976537,0.005924678465593863,0.006028787790784396,0.010645381781398254,0.005165543074231783,0.013412920811808515
bert_sst2,750,164,0.005177066793976537,0.009792409737774108,0.005527265422873013,0.010905976661347216,0.006698247964796141,0.016068487967306685
bert_sst2,750,165,0.005177066793976537,0.0014409724794780118,0.008169147433872526,0.01604643998495597,0.006159879929365727,0.017805557822341327
bert_sst2,750,166,0.005177066793976537,0.003906388634101065,0.005762431348117111,0.010805610101379575,0.006237252080860694,0.01399006615514768
bert_sst2,750,167,0.005177066793976537,0.009185687932091595,0.006681402553260933,0.013914802543219654,0.005320285209846332,0.018149254799341895
bert_sst2,750,168,0.005177066793976537,0.0075517870457496505,0.010333548929275679,0.01985130568787111,0.008659167317218771,0.019847661360723617
bert_sst2,750,169,0.005177066793976537,0.004143762275326346,0.00794699311262506,0.013843491987872474,0.005169105966136761,0.017463014832290298
bert_sst2,750,170,0.005177066793976537,0.0012505583255794123,0.005327220273165884,0.012732836115586076,0.006358322170632106,0.01373968281868129
bert_sst2,750,171,0.005177066793976537,0.0038652877376811993,0.004429236154908468,0.011901518337699745,0.00399385149337858,0.016076265574495142
bert_sst2,750,172,0.005177066793976537,0.0051289312110707,0.006759527521348096,0.009622311665738775,0.005165083209394271,0.013435134226845342
bert_sst2,750,173,0.005177066793976537,0.006041163400838832,0.006601565815603504,0.01334334620659468,0.0078980774292867,0.015377261177656294
bert_sst2,750,174,0.005177066793976537,0.004843046777254955,0.007614212046598357,0.013086515642426827,0.00676685565174906,0.015375667975638425
bert_sst2,750,175,0.005177066793976537,0.0005675912827230236,0.008588748520105088,0.010849162837532214,0.007780113682831721,0.01712614737721848
bert_sst2,750,176,0.005177066793976537,0.004747786813803998,0.004793260573048889,0.014066967410831223,0.006293758733300029,0.015965442357907977
bert_sst2,750,177,0.005177066793976537,0.0036107846252419213,0.005610536174452006,0.012373901859450708,0.004468970062446802,0.014205365489786117
bert_sst2,750,178,0.005177066793976537,0.0036237224562563875,0.00481787776025243,0.008194195077695254,0.004990493725429604,0.01206469740900188
bert_sst2,750,179,0.005177066793976537,0.014960659113815167,0.008743243238988372,0.02071817397852976,0.008338209741265673,0.023338902491277756
bert_sst2,750,180,0.005177066793976537,9.112068025416036e-05,0.006979560219331051,0.011158407844458517,0.005340461051377238,0.014080163380339301
bert_sst2,750,181,0.005177066793976537,0.008898711526408531,0.01077804798197374,0.01776175933157617,0.007538484192674015,0.021901188546375665
bert_sst2,750,182,0.005177066793976537,0.005177814576577329,0.005296334826770368,0.012363365022415784,0.0024727591396821566,0.011833067030106887
bert_sst2,750,183,0.005177066793976537,0.007307472005017473,0.003780197946471112,0.012369010958053166,0.0037921079221164278,0.014347539620371086
bert_sst2,750,184,0.005177066793976537,0.003175244802852504,0.007180465768866986,0.013761828464559854,0.0072091415651788626,0.014907309662619958
bert_sst2,750,185,0.005177066793976537,0.014546128800625063,0.009777222773378027,0.02125394176636252,0.008044781159278603,0.019815674830884745
bert_sst2,750,186,0.005177066793976537,0.004836847204164212,0.00807300083990543,0.013123228201691328,0.005727827413899094,0.01712662933859744
bert_sst2,750,187,0.005177066793976537,0.010965702024610391,0.007928831333408158,0.015403110265744932,0.007075694820529964,0.017306201851288165
bert_sst2,750,188,0.005177066793976537,0.008008865456914992,0.005909426269041487,0.014346000180621111,0.0069263354647954925,0.015090386646563871
bert_sst2,750,189,0.005177066793976537,0.012090572311955579,0.007947352947807384,0.013611099524951351,0.005646994469274958,0.0155098083278712
bert_sst2,750,190,0.005177066793976537,0.004640476081252972,0.006426999123535779,0.012154706415266829,0.005828547600593008,0.016397587277279413
bert_sst2,750,191,0.005177066793976537,0.013545702966876919,0.005740058470096388,0.013280279503307377,0.005493789532711315,0.013871245652995355
bert_sst2,750,192,0.005177066793976537,0.001811088839198143,0.004900978425266379,0.009498911406941092,0.004692315201364781,0.010792495709770344
bert_sst2,750,193,0.005177066793976537,0.0004473195789256797,0.0039383128552696045,0.009797554556892199,0.005335384300380174,0.011119753874516048
bert_sst2,750,194,0.005177066793976537,0.011573823491504712,0.005841391437308552,0.011597584086476556,0.0052412559864668615,0.013763869685723039
bert_sst2,750,195,0.005177066793976537,0.0049066981974551765,0.004934237754050585,0.008865444049348751,0.002931096185714137,0.011559645907169881
bert_sst2,750,196,0.005177066793976537,0.012023295825282842,0.008232799221235229,0.014435935212036743,0.0072387416247981905,0.015649819695454707
bert_sst2,750,197,0.005177066793976537,0.004136624426572934,0.0032013009548044614,0.009640584769241203,0.0030470064487969446,0.012380487101493049
bert_sst2,750,198,0.005177066793976537,0.0031792462479021937,0.005278150650769596,0.011219106635134346,0.004499155035418946,0.011819090838324959
bert_sst2,750,199,0.005177066793976537,0.0033697817614645846,0.00327767107318371,0.01327805190544824,0.004059243902040426,0.015797989184952035
bert_sst2,1000,0,0.005177066793976537,0.004279673549421055,0.007889592099053157,0.012016466433931538,0.006175521446891633,0.017284244779077463
bert_sst2,1000,1,0.005177066793976537,0.0055188293189636535,0.008918394124839156,0.016407760571293114,0.00821560935953665,0.019312531536965643
bert_sst2,1000,2,0.005177066793976537,0.004803491199336932,0.004289504414637661,0.008274991775251867,0.004029731097422488,0.012718398504377112
bert_sst2,1000,3,0.005177066793976537,0.004153916567837059,0.0033107686131182237,0.007819083404545235,0.0036675067573995867,0.012301386155879326
bert_sst2,1000,4,0.005177066793976537,0.0032726959256208265,0.00357105724214502,0.00806953503705859,0.004086594783068647,0.01180912784502014
bert_sst2,1000,5,0.005177066793976537,0.008325762049874239,0.009373533827453116,0.013967367212861473,0.007679293626516172,0.01779503309142558
bert_sst2,1000,6,0.005177066793976537,0.006458964773515315,0.0031757196926126786,0.013454711235913103,0.002329835568327084,0.013737319053342115
bert_sst2,1000,7,0.005177066793976537,0.005286241540539766,0.006753384929172054,0.014657025207147458,0.006474974416508454,0.016983262461018715
bert_sst2,1000,8,0.005177066793976537,0.00987212846823023,0.010534059294022811,0.019547565113707758,0.0075830607496509715,0.02307713753364232
bert_sst2,1000,9,0.005177066793976537,0.002544458314691952,0.006756742073888251,0.008493632862853796,0.006158472093959086,0.012349137631240055
bert_sst2,1000,10,0.005177066793976537,0.0028386610339305143,0.003135513998244153,0.007093943016453358,0.0023747133316433682,0.009515607848105175
bert_sst2,1000,11,0.005177066793976537,0.007536726436398611,0.004646532317926407,0.008306330496040147,0.0050010174551991405,0.014926027966584586
bert_sst2,1000,12,0.005177066793976537,0.003037174021049746,0.004421530492534906,0.01014216942781929,0.00455799998533822,0.013473892059790821
bert_sst2,1000,13,0.005177066793976537,0.0028147544464669425,0.003133341328827916,0.007644533725027763,0.0025201544623922813,0.010283672958280941
bert_sst2,1000,14,0.005177066793976537,0.0039071847161629624,0.005549028416302468,0.01184475750970635,0.005428503530214585,0.014929050158196882
bert_sst2,1000,15,0.005177066793976537,0.006931434995801555,0.0030510547375632896,0.008178823386458936,0.002312987955224228,0.013007368807794517
bert_sst2,1000,16,0.005177066793976537,0.005148105819420372,0.005888399582718738,0.01236847266756114,0.005521706574816342,0.013672178205488257
bert_sst2,1000,17,0.005177066793976537,0.0067389703790325115,0.005345001099425148,0.01064959792075793,0.004364324394098375,0.013130910711558207
bert_sst2,1000,18,0.005177066793976537,0.011581436037335226,0.009434829333077308,0.01613687943642163,0.00731960293831043,0.020593117616059323
bert_sst2,1000,19,0.005177066793976537,0.0090992947699534,0.006218196956688699,0.012440152705402191,0.0045445273744857875,0.01715492083597119
bert_sst2,1000,20,0.005177066793976537,0.003402313313803155,0.004243507339548264,0.012560796292698202,0.003592062672275569,0.015944035743937702
bert_sst2,1000,21,0.005177066793976537,0.005667709832403142,0.005181444772642024,0.010244299622546754,0.0038830239397972003,0.013443182814173324
bert_sst2,1000,22,0.005177066793976537,0.0040403827847704955,0.00436824062354848,0.010451974968523544,0.0043303955699197285,0.013979735307715825
bert_sst2,1000,23,0.005177066793976537,0.0008365716515276224,0.0050456355226142485,0.011342813868106033,0.005856374759039306,0.013618646356209258
bert_sst2,1000,24,0.005177066793976537,0.006583890297885356,0.004683060674436773,0.010191809453513858,0.0042747764146347615,0.014241451932050607
bert_sst2,1000,25,0.005177066793976537,0.00145559001776799,0.007090133740357051,0.010638693891260787,0.006601039683871035,0.016325486299606416
bert_sst2,1000,26,0.005177066793976537,0.006140752000121093,0.0052334655154264885,0.015628623307177056,0.00465300803870346,0.01695712693116814
bert_sst2,1000,27,0.005177066793976537,0.0026766471546898225,0.006543608687754617,0.01165485880950996,0.006470711114107971,0.015194495934614423
bert_sst2,1000,28,0.005177066793976537,-0.00035487532653641227,0.0050363575681448974,0.01014388235212083,0.004090827627022487,0.014109922712084553
bert_sst2,1000,29,0.005177066793976537,0.0016788501184622213,0.00438240924993381,0.006086845070092633,0.002291392999345698,0.01211589165885916
bert_sst2,1000,30,0.005177066793976537,0.00732643576521358,0.006407845243755717,0.012081151513312039,0.0061578629978219,0.01758060475556179
bert_sst2,1000,31,0.005177066793976537,0.006209987703633569,0.0046193359067993765,0.010065600749468254,0.004116587781710673,0.014073151979751555
bert_sst2,1000,32,0.005177066793976537,0.00675600831359666,0.008281370374007686,0.016069392797244456,0.008337062252744795,0.018532126624014492
bert_sst2,1000,33,0.005177066793976537,0.0006856825584379215,0.0051112039809767225,0.009195743772599246,0.0024291906039734315,0.01357590537325883
bert_sst2,1000,34,0.005177066793976537,0.009949879418848687,0.005708391424862587,0.009776383870015243,0.004877175432745948,0.014506765362423247
bert_sst2,1000,35,0.005177066793976537,0.0022588844983144987,0.005630338603091135,0.009831688832491125,0.0051341280414269235,0.012945789441408593
bert_sst2,1000,36,0.005177066793976537,0.01115469292756065,0.006962390887131282,0.01608027927437152,0.007247231875795993,0.018730330525779954
bert_sst2,1000,37,0.005177066793976537,0.011664539380695558,0.008025262853062484,0.016393842268938977,0.009296775044392898,0.02139419017954798
bert_sst2,1000,38,0.005177066793976537,0.012092416072821015,0.005944171860742873,0.014662046765011335,0.005389069381485489,0.015983560691833685
bert_sst2,1000,39,0.005177066793976537,0.0031893139551768404,0.007994155598784237,0.012542354960948104,0.006291905678129342,0.016915263552808382
bert_sst2,1000,40,0.005177066793976537,0.003261009622532711,0.002440589814267121,0.007190707618268574,0.0021078063086825433,0.01086038320950319
bert_sst2,1000,41,0.005177066793976537,0.006314722601022434,0.006306500135811596,0.012109813765625541,0.005482599469652254,0.013888494355957405
bert_sst2,1000,42,0.005177066793976537,0.0030382759151615186,0.005670480757321288,0.00809448393816756,0.004558573475922078,0.010816872702549628
bert_sst2,1000,43,0.005177066793976537,0.002001982590923784,0.0053925416155298335,0.010675496672626569,0.005228969205372215,0.013447206165112949
bert_sst2,1000,44,0.005177066793976537,0.00012969145840385343,0.003776412298682326,0.009732234912428831,0.004311531628525855,0.010626949431398133
bert_sst2,1000,45,0.005177066793976537,0.005302627710568457,0.004195782394057411,0.009688288836411185,0.00434417416249739,0.014543807797029787
bert_sst2,1000,46,0.005177066793976537,-0.000996918741851942,0.0032963682929377106,0.006662241474322439,0.0024720986200599754,0.011009935384282916
bert_sst2,1000,47,0.005177066793976537,0.006343126297920003,0.005377590825035181,0.01120672047103041,0.004411480220582014,0.014697623528605703
bert_sst2,1000,48,0.005177066793976537,-0.0031421780682356717,0.00465827892608064,0.010322624972546369,0.004217239312232633,0.013077736387698461
bert_sst2,1000,49,0.005177066793976537,-0.0027091232581449194,0.004633475071643199,0.007827456260871571,0.003708123923777555,0.009446488011864155
bert_sst2,1000,50,0.005177066793976537,0.007940288753184498,0.004295478665642669,0.011387383112503452,0.004543144403742297,0.01422075434291991
bert_sst2,1000,51,0.005177066793976537,0.0009957772375601755,0.0065782074762870246,0.011031224560850908,0.005444308090020756,0.01437289623240339
bert_sst2,1000,52,0.005177066793976537,0.011332749281684918,0.008496287867355684,0.016243500466209163,0.00796366890692072,0.019159803909006592
bert_sst2,1000,53,0.005177066793976537,-0.0001076082702180009,0.002743389340725975,0.007157299213266692,0.0029461122087122496,0.012650951001041248
bert_sst2,1000,54,0.005177066793976537,0.011866890157700215,0.007696447041675267,0.013501223812736607,0.008893599620270509,0.017457426198192853
bert_sst2,1000,55,0.005177066793976537,-0.0009277318059120888,0.0022655376786843238,0.008133383863359022,0.00288121204863705,0.011663789553106709
bert_sst2,1000,56,0.005177066793976537,0.006073954492016424,0.004434062756309355,0.00934904057551733,0.004808018925234089,0.012058973935481238
bert_sst2,1000,57,0.005177066793976537,0.009464380067898258,0.004682245063517729,0.011318981624921686,0.006022401059094198,0.016466774749960823
bert_sst2,1000,58,0.005177066793976537,0.008169491596092855,0.003841333619989554,0.008929167674903723,0.002792824433478204,0.012316740389625262
bert_sst2,1000,59,0.005177066793976537,0.007036607885576491,0.005614600482979289,0.010793140334784726,0.004061065172498299,0.013819177847346873
bert_sst2,1000,60,0.005177066793976537,0.008154037907992457,0.006009075815469508,0.01264680879295442,0.004058132065424843,0.01751369837371392
bert_sst2,1000,61,0.005177066793976537,0.004347668889413948,0.007261924710196916,0.013504936456457754,0.004078383669728424,0.017984383163280847
bert_sst2,1000,62,0.005177066793976537,0.010423110904079096,0.006766508368727402,0.012531930867313504,0.006686036693943151,0.015857404250724863
bert_sst2,1000,63,0.005177066793976537,0.0039688243275542495,0.004786436855744517,0.008135376054773102,0.004778806232980675,0.012716742484838148
bert_sst2,1000,64,0.005177066793976537,2.7252756394886557e-05,0.004564681650616367,0.007386381010594619,0.00393961375268621,0.011414786700959294
bert_sst2,1000,65,0.005177066793976537,0.004052479904050804,0.0086152079420402,0.01610901458085562,0.008308145155398518,0.020525596823924963
bert_sst2,1000,66,0.005177066793976537,0.008319580604156718,0.006954408810944951,0.012790822953217075,0.007663721027995306,0.016607553713326676
bert_sst2,1000,67,0.005177066793976537,0.0034369893214732826,0.0072481223642633635,0.01411544494424105,0.006021108835414758,0.016523545146663418
bert_sst2,1000,68,0.005177066793976537,0.013178625957788419,0.007227410510467483,0.016327949296029907,0.00777302066755902,0.021362065862433555
bert_sst2,1000,69,0.005177066793976537,0.0013941619387619361,0.0034925478453774516,0.008754472927856574,0.0029411852559488227,0.010532813404863913
bert_sst2,1000,70,0.005177066793976537,0.008591826209197559,0.004406732472893481,0.011827391798428198,0.004455227115401498,0.016826782322365536
bert_sst2,1000,71,0.005177066793976537,0.006496319778479428,0.0051610117969506,0.010333248872141347,0.0052508247648822785,0.015134227086597682
bert_sst2,1000,72,0.005177066793976537,0.0009828031721240674,0.005339766901511554,0.01122686497986131,0.004916999743188147,0.015100700669640227
bert_sst2,1000,73,0.005177066793976537,0.0078053523612092385,0.005140963769683512,0.013970815135253256,0.004312367433213731,0.016991194900505262
bert_sst2,1000,74,0.005177066793976537,0.005558404800466583,0.005432347771735595,0.01005154569388306,0.0038481796359519046,0.01252432162325375
bert_sst2,1000,75,0.005177066793976537,-0.0007531057745940185,0.0029074519530428436,0.00884938633783395,0.003010477322747283,0.011727752965144398
bert_sst2,1000,76,0.005177066793976537,0.014571459530071624,0.010073710683561988,0.01512151709870446,0.007849636823998907,0.02014634906227321
bert_sst2,1000,77,0.005177066793976537,0.006077399988984759,0.00633489696797088,0.013987398947380483,0.005385836075269047,0.015563384709577504
bert_sst2,1000,78,0.005177066793976537,0.00331094361240017,0.007737006922504805,0.014239944672342835,0.007888814522106031,0.017121167314613273
bert_sst2,1000,79,0.005177066793976537,0.006720620376181695,0.0051264351165838965,0.011604882412108128,0.005038065728235792,0.01707579728403525
bert_sst2,1000,80,0.005177066793976537,0.003454537824263616,0.004137865890290176,0.009798995714265594,0.00536963947249955,0.012122196890823507
bert_sst2,1000,81,0.005177066793976537,0.008871799802815944,0.005300897494814901,0.011460736014228246,0.006516907924888071,0.015289743445408408
bert_sst2,1000,82,0.005177066793976537,-0.0018904720563393518,0.003671663947919462,0.010679696269509598,0.005795199039635978,0.0125714071826785
bert_sst2,1000,83,0.005177066793976537,0.009877136511174585,0.0074593019134414715,0.013306379643493592,0.008105665594227228,0.019735715522484844
bert_sst2,1000,84,0.005177066793976537,0.009612503353474017,0.008870190003278246,0.014959846005589679,0.008521599366108272,0.02073853810917418
bert_sst2,1000,85,0.005177066793976537,0.004390105196133752,0.0036404868238417774,0.009733644496894164,0.0023825237637236994,0.016093090101912774
bert_sst2,1000,86,0.005177066793976537,0.0029313480593734726,0.0027913247500417878,0.008431769983216148,0.0036609689019266598,0.00993663598360848
bert_sst2,1000,87,0.005177066793976537,0.010363715246607778,0.004786186443443022,0.01206884374638554,0.00405640046252345,0.01500010808002961
bert_sst2,1000,88,0.005177066793976537,0.005248471417075843,0.005527700399077693,0.008554602695724849,0.004663062690703864,0.01513784113960397
bert_sst2,1000,89,0.005177066793976537,0.004363129372848264,0.002843747799469064,0.010974338794182154,0.002826447587144294,0.014004734186833071
bert_sst2,1000,90,0.005177066793976537,0.007179293490631096,0.004492986628724679,0.010293105218989011,0.006140753739995814,0.014290323505958102
bert_sst2,1000,91,0.005177066793976537,0.005530609755374582,0.004879097073583103,0.010483831310472386,0.004381245172875989,0.01481967364854767
bert_sst2,1000,92,0.005177066793976537,0.006301421484578835,0.00895106640638091,0.016353362414905245,0.009324238788581749,0.020545907039033317
bert_sst2,1000,93,0.005177066793976537,0.0008244379922240037,0.003581361060840604,0.0084541959105508,0.003673593033596107,0.011055438768716497
bert_sst2,1000,94,0.005177066793976537,-0.0008746642200776984,0.004198772806442461,0.0086966586867727,0.003928964984540585,0.010872769764379024
bert_sst2,1000,95,0.005177066793976537,0.003336357421371747,0.0033121713958444514,0.007496306837602238,0.0023048421576357773,0.012528208627410956
bert_sst2,1000,96,0.005177066793976537,0.005314561623765733,0.0062796662305373155,0.013050840675337854,0.006222633070401895,0.018830343338515215
bert_sst2,1000,97,0.005177066793976537,0.009327423732548091,0.004836040619108339,0.010200800433135778,0.006049030744946422,0.015673279955506308
bert_sst2,1000,98,0.005177066793976537,-0.0007797011124439349,0.0033938123023084816,0.007716873064417312,0.003665689903605721,0.010757096640968373
bert_sst2,1000,99,0.005177066793976537,0.015198463670212128,0.006640202229217919,0.014666789119421141,0.008133157053334013,0.017617775951132713
bert_sst2,1000,100,0.005177066793976537,0.005410762931193226,0.005196678929411043,0.010390256698931885,0.0047198757760155835,0.014672967676014588
bert_sst2,1000,101,0.005177066793976537,0.002080040926628279,0.00667976393460455,0.013867732523801501,0.0056813912627349085,0.016554423313379234
bert_sst2,1000,102,0.005177066793976537,0.00526556461289452,0.0035815028191595283,0.007933615864382782,0.0037241488074592224,0.012944157228093906
bert_sst2,1000,103,0.005177066793976537,0.004482894761998598,0.0071569829076167735,0.01483034303226449,0.0060189487748213465,0.017440374981017755
bert_sst2,1000,104,0.005177066793976537,0.003567391351783086,0.005178542753640714,0.012119382360496147,0.005026845830291289,0.015637501613417665
bert_sst2,1000,105,0.005177066793976537,0.0038901746695756217,0.0037237634588631516,0.007400002450814688,0.004107839629623,0.010939943249706867
bert_sst2,1000,106,0.005177066793976537,-0.001264096483855362,0.003502639911518729,0.008444260328267346,0.0027084925841468666,0.009385484353267195
bert_sst2,1000,107,0.005177066793976537,0.009719727839674995,0.004999764378834821,0.01112818055878512,0.0059378842315584174,0.012638573961820465
bert_sst2,1000,108,0.005177066793976537,0.0019964902945873437,0.006129686197773057,0.010080155092211017,0.004722704423677346,0.01556192784946166
bert_sst2,1000,109,0.005177066793976537,0.001820168254663609,0.002955935381169283,0.008370502544179743,0.0022637275500572624,0.010634916926845648
bert_sst2,1000,110,0.005177066793976537,0.005149887862954125,0.004147886499997128,0.007875077140329397,0.0030987893382320875,0.012505917375141923
bert_sst2,1000,111,0.005177066793976537,0.013544153341354241,0.008763734256003533,0.017614952627861308,0.009559492734556554,0.021604242720356694
bert_sst2,1000,112,0.005177066793976537,0.0003218244025284538,0.0037976795737244616,0.009201831004683324,0.0041353772388798915,0.010003934617659733
bert_sst2,1000,113,0.005177066793976537,0.004201619729508525,0.005802356019499583,0.011423322495591548,0.005273457773106639,0.013325172259998788
bert_sst2,1000,114,0.005177066793976537,-0.00022988058553976564,0.0037601138806598634,0.006972413587548323,0.0041141939489237256,0.010733449686828269
bert_sst2,1000,115,0.005177066793976537,0.003886215000221796,0.004272241395085074,0.006303288537627596,0.004036811193442179,0.014601686192500636
bert_sst2,1000,116,0.005177066793976537,0.002168767034268222,0.002762562233917176,0.005378569475348188,0.0031930483629166576,0.009315433983402937
bert_sst2,1000,117,0.005177066793976537,0.0027249330019248168,0.0033998227548484292,0.00939235569287108,0.003759397797082098,0.013998452301001756
bert_sst2,1000,118,0.005177066793976537,0.005346295767925314,0.003939539406691097,0.012301605598782238,0.0029320664016192523,0.016766803946637085
bert_sst2,1000,119,0.005177066793976537,0.0061757871347562525,0.00567667874266794,0.012530981916822568,0.004880303097916677,0.014988199787376992
bert_sst2,1000,120,0.005177066793976537,0.0012687598341258003,0.004279630175573924,0.007302331229551452,0.0032630851452625227,0.009402036283954696
bert_sst2,1000,121,0.005177066793976537,0.008673625453489774,0.00731128096417833,0.014205900687666183,0.00856259542023556,0.020368380260332563
bert_sst2,1000,122,0.005177066793976537,0.0001735567371464306,0.00401914673925416,0.012066878976434723,0.00338949532989159,0.014153244823103362
bert_sst2,1000,123,0.005177066793976537,0.004432981046214439,0.0057763770414012644,0.010478648620844928,0.004294461755494348,0.013879978576968502
bert_sst2,1000,124,0.005177066793976537,0.009689091354727512,0.007493097433078016,0.012613268220736997,0.0058559760288408435,0.017984237219264447
bert_sst2,1000,125,0.005177066793976537,0.001994065246336268,0.005287939752720194,0.008566836322822605,0.0047101225795689525,0.010329603864787136
bert_sst2,1000,126,0.005177066793976537,0.0018630517956898665,0.004883591447360808,0.0118230623639851,0.004955086693526792,0.014098922590100527
bert_sst2,1000,127,0.005177066793976537,0.0039630463414409515,0.005498811310699561,0.010649981044281269,0.0043189934562093725,0.0134128731033635
bert_sst2,1000,128,0.005177066793976537,0.004130267263685648,0.005603927976956925,0.013345238753743821,0.005760785207499074,0.014842747070782692
bert_sst2,1000,129,0.005177066793976537,0.005104328253154911,0.0037086867725710064,0.010591166216658178,0.0034246858280926724,0.014365363206841418
bert_sst2,1000,130,0.005177066793976537,0.006519463182782687,0.007289675567632266,0.01060819058100561,0.005841826805324288,0.014425940345941917
bert_sst2,1000,131,0.005177066793976537,0.0031640687214640924,0.0043389233579972306,0.008832752221495722,0.004929887067524785,0.012285731654612938
bert_sst2,1000,132,0.005177066793976537,0.010922012074716802,0.004868513367769991,0.011168170022057233,0.005483573693734473,0.01729386016012545
bert_sst2,1000,133,0.005177066793976537,0.003673069686966445,0.005871026958390747,0.009298269891320635,0.003728065633211858,0.012017650653631501
bert_sst2,1000,134,0.005177066793976537,0.004698970676476981,0.005389805706192745,0.010865507150407834,0.004322987294215052,0.013412262780757515
bert_sst2,1000,135,0.005177066793976537,0.0032419041851189383,0.0035358740105794506,0.007895485045901507,0.0026868482586381495,0.01428083530175375
bert_sst2,1000,136,0.005177066793976537,0.008043719229044108,0.00627188580423247,0.011594161337962332,0.005363010283090081,0.01490317466391346
bert_sst2,1000,137,0.005177066793976537,0.002539213409663669,0.0020888751578028017,0.0099475580016507,0.0037078808534032116,0.011980613861391641
bert_sst2,1000,138,0.005177066793976537,0.000769571988099401,0.0025233365345484395,0.008365941472359471,0.0022206159883633742,0.009782344028839506
bert_sst2,1000,139,0.005177066793976537,0.003929065794811123,0.005512287418490929,0.011162722993514406,0.0037422680984113945,0.012229539321556992
bert_sst2,1000,140,0.005177066793976537,0.00985698140182648,0.005285827627633494,0.014188464922998039,0.007477480170631927,0.016941221670582974
bert_sst2,1000,141,0.005177066793976537,-7.516301628751342e-05,0.004128331869924208,0.009589078881935234,0.004169579332779248,0.0112588181790096
bert_sst2,1000,142,0.005177066793976537,0.011836495651986058,0.006185337921677329,0.011750262591516767,0.005066234272808999,0.017830485329876158
bert_sst2,1000,143,0.005177066793976537,0.00951454553052538,0.006444611957404258,0.011395689158086697,0.0045638678329256305,0.015007256094175265
bert_sst2,1000,144,0.005177066793976537,0.009350540475067419,0.004630384932993165,0.011462466917839477,0.005599346726400847,0.018347246872760306
bert_sst2,1000,145,0.005177066793976537,0.0027741173802226103,0.006904359389535624,0.0118474842093052,0.005320880872606499,0.014595585045499637
bert_sst2,1000,146,0.005177066793976537,0.008484594573533446,0.005842410080059068,0.010783269687366856,0.00538681314414018,0.014750650196000576
bert_sst2,1000,147,0.005177066793976537,0.014020486008944937,0.009526846431546035,0.01635224466837496,0.008032662638323093,0.02014045263859887
bert_sst2,1000,148,0.005177066793976537,0.004217761319646519,0.005048648617251357,0.01190597667608885,0.00553866345626095,0.01632655812440356
bert_sst2,1000,149,0.005177066793976537,0.005566728638140552,0.003891536485918106,0.008898015915567837,0.003765423531808053,0.01042774029177758
bert_sst2,1000,150,0.005177066793976537,0.009071640474296089,0.00502677808254734,0.012109858298610665,0.005704162645761582,0.017469037307481134
bert_sst2,1000,151,0.005177066793976537,0.0034716263577603016,0.005295610619880903,0.009270784717564746,0.004239266947524958,0.013348177186351291
bert_sst2,1000,152,0.005177066793976537,0.0017120331580634737,0.00450801042240805,0.009621705974144745,0.004982679220042891,0.01362884191675498
bert_sst2,1000,153,0.005177066793976537,0.002119485245876778,0.004820288018766876,0.00936256299797286,0.002826457865101839,0.013203083527165581
bert_sst2,1000,154,0.005177066793976537,0.004666869202100195,0.0045607780763985755,0.010750793959070167,0.004374525773154562,0.013962459042766242
bert_sst2,1000,155,0.005177066793976537,0.001963159513981633,0.006349950298495248,0.012185846608098003,0.005966425575766927,0.01443103389133142
bert_sst2,1000,156,0.005177066793976537,0.0028936783784343457,0.0033433455979898163,0.0066430654779347734,0.002412896732612933,0.013230369458572968
bert_sst2,1000,157,0.005177066793976537,0.003370835110431811,0.00805415318529325,0.012980237528474589,0.005953381721705899,0.016455123233383304
bert_sst2,1000,158,0.005177066793976537,0.015347202178177794,0.007103630401297318,0.016328734837619634,0.007626017318864954,0.022158568314974446
bert_sst2,1000,159,0.005177066793976537,0.004881798195812539,0.0028407952833583647,0.007940437238088387,0.002983007536592051,0.011372348578210402
bert_sst2,1000,160,0.005177066793976537,0.0038206550163880602,0.0041171196546200646,0.008952891482541993,0.003339186148337535,0.01256623419741243
bert_sst2,1000,161,0.005177066793976537,0.00017991877534131353,0.00502338927771441,0.011208996873554006,0.004664741589704256,0.01345320544993959
bert_sst2,1000,162,0.005177066793976537,0.0010284933763726647,0.003040082508831319,0.007904180627310811,0.0034646325399366466,0.010767176000586593
bert_sst2,1000,163,0.005177066793976537,0.004775436214959151,0.00480644055939435,0.01104740424515291,0.004085682749560377,0.016893673557649105
bert_sst2,1000,164,0.005177066793976537,0.00324125942315119,0.00545648117253524,0.010655764960167206,0.007131002437345493,0.015184592887936315
bert_sst2,1000,165,0.005177066793976537,0.008867436652077215,0.003384044992282359,0.010511774152215141,0.002862942883725982,0.014437425967542139
bert_sst2,1000,166,0.005177066793976537,0.004562217371415207,0.003249156079732131,0.008961107002935266,0.004502896164805836,0.01101775171221286
bert_sst2,1000,167,0.005177066793976537,0.010014640931784,0.00899290814621894,0.015135038675063692,0.006310129992507385,0.01971161972068191
bert_sst2,1000,168,0.005177066793976537,0.005011639583320475,0.005116936613704628,0.011005256745615973,0.005077103197253158,0.015826195816469286
bert_sst2,1000,169,0.005177066793976537,-0.0007341003452112385,0.0030502619878074273,0.007666693596128386,0.002930727790607719,0.009030585258170507
bert_sst2,1000,170,0.005177066793976537,0.007610022060601535,0.0069618206072286585,0.015083003557005863,0.00818824544899688,0.01938194981420128
bert_sst2,1000,171,0.005177066793976537,0.0010147693721170835,0.0038088729236347707,0.010474002218536565,0.005296546459363612,0.01402425380734868
bert_sst2,1000,172,0.005177066793976537,0.008107456030694148,0.00548033649392969,0.011771687802285094,0.004944434349000245,0.015206249223404996
bert_sst2,1000,173,0.005177066793976537,0.005549082940423574,0.004906011333970796,0.012799715790729822,0.005828091695675285,0.014897757913291088
bert_sst2,1000,174,0.005177066793976537,2.8375153256128937e-05,0.004659717383526109,0.011893374767882497,0.005267920252509616,0.01512704921569179
bert_sst2,1000,175,0.005177066793976537,0.005492677576579229,0.004317129585660368,0.009658952286902063,0.004473988150988258,0.016820286402151597
bert_sst2,1000,176,0.005177066793976537,0.005845778744503253,0.005727387438236875,0.013614434147096859,0.004532672703396585,0.017114225537671047
bert_sst2,1000,177,0.005177066793976537,0.0012060128797435586,0.002624524811839375,0.006250436112833022,0.0024723947658144207,0.010309170635814829
bert_sst2,1000,178,0.005177066793976537,0.0017462903912743668,0.007489945678891025,0.013175692719688555,0.0070399222772162115,0.01587273220778081
bert_sst2,1000,179,0.005177066793976537,-0.0003811850140783327,0.004408340603959439,0.00841252236985224,0.0035524395140086847,0.012026407244772767
bert_sst2,1000,180,0.005177066793976537,0.0002622144995374468,0.007554131804605114,0.01248163173342532,0.005893542912725383,0.015479732617260268
bert_sst2,1000,181,0.005177066793976537,0.003109809457839473,0.0050643384737976286,0.01092641140472134,0.005641168012976741,0.015490111267725893
bert_sst2,1000,182,0.005177066793976537,0.004733590794991397,0.006001752135083966,0.009747404358918658,0.004850648943975387,0.016691607620117833
bert_sst2,1000,183,0.005177066793976537,0.003264937736259948,0.0034774523722543617,0.008388741436301977,0.0033381445841888452,0.01443596380580501
bert_sst2,1000,184,0.005177066793976537,0.006648778917433552,0.006271926022849114,0.011097965710317174,0.005770854721999601,0.013699480501953635
bert_sst2,1000,185,0.005177066793976537,0.008845998618452486,0.0069067407854121205,0.013211144695393461,0.007484974066008109,0.01637491402517911
bert_sst2,1000,186,0.005177066793976537,0.0024630139498417873,0.005284818040072911,0.01047937546206892,0.004594458750883109,0.013196647705380123
bert_sst2,1000,187,0.005177066793976537,0.002161786212985381,0.004613796184788833,0.011426889351912242,0.005346522432921726,0.015084909452596352
bert_sst2,1000,188,0.005177066793976537,0.009028855594221563,0.005280034185963213,0.010516149154930257,0.004808317504246736,0.01539761792115076
bert_sst2,1000,189,0.005177066793976537,0.007329292165789123,0.005174450940967174,0.010843918453430326,0.004157674005385493,0.01593218781919856
bert_sst2,1000,190,0.005177066793976537,0.005934796397970397,0.005636946318023996,0.009789434061908527,0.0057388437105174795,0.012697561869802188
bert_sst2,1000,191,0.005177066793976537,0.004279602146864174,0.005102949089379485,0.01152628781666083,0.005657764682413473,0.0169493150961698
bert_sst2,1000,192,0.005177066793976537,0.010726610217213021,0.00739493476359197,0.015438783313567753,0.005792797864526744,0.020555854231161075
bert_sst2,1000,193,0.005177066793976537,-0.0016471050824897553,0.00237196630538121,0.007377758046150701,0.0032778511748218077,0.011428069669564939
bert_sst2,1000,194,0.005177066793976537,0.010394223336501224,0.0042771344674744135,0.011032677946273405,0.004989112275337556,0.016312441206296695
bert_sst2,1000,195,0.005177066793976537,0.008202411914362613,0.006035819815405115,0.014870264970363098,0.0048651326097959675,0.0158532783195775
bert_sst2,1000,196,0.005177066793976537,0.0034735461296376323,0.0034808451421534355,0.008683955731637582,0.002813468912792208,0.012976884024773108
bert_sst2,1000,197,0.005177066793976537,-0.0018831543437232913,0.0035622150178830736,0.008060300427568555,0.003830318782641908,0.011122373328604017
bert_sst2,1000,198,0.005177066793976537,0.00025882672467026957,0.004914780090326924,0.009895121258040845,0.004052712832728539,0.01333953406260008
bert_sst2,1000,199,0.005177066793976537,0.009978869463901498,0.0048163236324283215,0.012221673378801139,0.005321058696942266,0.01731483596911189
bert_sst2,2500,0,0.005177066793976537,0.00477683348996009,0.0039054936116537037,0.007908128334491695,0.0035835798747896647,0.013875604899686932
bert_sst2,2500,1,0.005177066793976537,0.0027452809821291533,0.0045151548473490195,0.008132673313596484,0.004862220902249441,0.014064719617003965
bert_sst2,2500,2,0.005177066793976537,0.010070135493510693,0.006362981452757036,0.012881424006239083,0.007073718855759511,0.018819334142757844
bert_sst2,2500,3,0.005177066793976537,0.0033590336053490964,0.002866954244087607,0.007678559905138896,0.003632937659675268,0.014189763286689585
bert_sst2,2500,4,0.005177066793976537,0.004569732190183748,0.004272004681993974,0.00929455598883083,0.005693582833599983,0.015121232382008742
bert_sst2,2500,5,0.005177066793976537,0.004895008377031358,0.003132591506099324,0.008543669282496487,0.0033912728110435707,0.014649208621483657
bert_sst2,2500,6,0.005177066793976537,0.0040493339460147895,0.004454863457549864,0.009307043509493539,0.0051475924745472326,0.01599015809937243
bert_sst2,2500,7,0.005177066793976537,0.0013536324627009193,0.0022800057738661776,0.0057574273622281145,0.0028041721044141554,0.012629087273913679
bert_sst2,2500,8,0.005177066793976537,0.009367288702016984,0.00571874983000289,0.011921978012915637,0.006253114399846972,0.019199017040601805
bert_sst2,2500,9,0.005177066793976537,0.0016697629062116916,0.0036582493219300192,0.007930515690759627,0.004580341340693947,0.013326921000508515
bert_sst2,2500,10,0.005177066793976537,0.003916328060365165,0.003501509324299538,0.007431895968580826,0.003964348503250118,0.012885679471637762
bert_sst2,2500,11,0.005177066793976537,0.002269288815134489,0.00316612057828514,0.007722277294874923,0.003768516833695949,0.013223208983836497
bert_sst2,2500,12,0.005177066793976537,0.0011040338757020826,0.0031959370770839363,0.00659910321715517,0.003598276032958673,0.012320294058677073
bert_sst2,2500,13,0.005177066793976537,0.0030646945057831946,0.0044732402504431236,0.011622206016310425,0.005646047030035143,0.017921410826374343
bert_sst2,2500,14,0.005177066793976537,0.0025521231843896102,0.003007869534026505,0.008291575278244851,0.004310656177667549,0.013831756881599768
bert_sst2,2500,15,0.005177066793976537,0.007175021608411927,0.007019753938151697,0.01285914139726382,0.00839546621315894,0.018182120144165745
bert_sst2,2500,16,0.005177066793976537,0.007706496621969113,0.004666141924182224,0.010025468133737328,0.005342304293654928,0.017337591445332787
bert_sst2,2500,17,0.005177066793976537,0.00452688005883021,0.005327624978814964,0.009822258951442344,0.00558452257174781,0.015338389164434404
bert_sst2,2500,18,0.005177066793976537,0.003604936464639183,0.004305905792566341,0.008948917085047811,0.005655646672736817,0.014202185843505865
bert_sst2,2500,19,0.005177066793976537,0.0024639813510378083,0.0036753976855686413,0.007392271420773611,0.0037659918968038666,0.012838321039431179
bert_sst2,2500,20,0.005177066793976537,0.008096760512494753,0.004319589721989595,0.011569723161112742,0.006522893486561896,0.014547929328899964
bert_sst2,2500,21,0.005177066793976537,0.007101451212490946,0.0038048693455419815,0.009689392317604038,0.004629624559295913,0.015251906064058001
bert_sst2,2500,22,0.005177066793976537,0.005019198626691482,0.0041840465681082266,0.00994680546330288,0.005626689713115211,0.015616298111725367
bert_sst2,2500,23,0.005177066793976537,0.0065298455669083435,0.004617861025567885,0.00961998823879882,0.00532083604419093,0.016102035949074067
bert_sst2,2500,24,0.005177066793976537,0.0061894334782009505,0.003849196853719165,0.009701258912661699,0.005617386051650634,0.016212003628930445
bert_sst2,2500,25,0.005177066793976537,0.0036863255340231268,0.004063396083834915,0.008558273935719916,0.005368729856910225,0.014368407924195145
bert_sst2,2500,26,0.005177066793976537,0.007983569646235386,0.004217800914424541,0.009779356335861366,0.004900393770133354,0.016314911223832395
bert_sst2,2500,27,0.005177066793976537,0.004323503700059892,0.002482916505105514,0.006789090221775359,0.0035283647782047792,0.01198457008611658
bert_sst2,2500,28,0.005177066793976537,0.007759976318628891,0.004541119782228817,0.009430507880178483,0.00488975453657151,0.014297536153506119
bert_sst2,2500,29,0.005177066793976537,0.008585426203559355,0.0043907427665751736,0.010053264429272093,0.005195678495476571,0.014805200913460553
bert_sst2,2500,30,0.005177066793976537,0.0012051042689653786,0.002708572682799567,0.0070829089810595745,0.0037279972881040357,0.01232603785844551
bert_sst2,2500,31,0.005177066793976537,0.007757325984513031,0.004533227676482922,0.010611278304889346,0.006253530884384477,0.01690460977884609
bert_sst2,2500,32,0.005177066793976537,0.006300222903867407,0.005359099654918674,0.009857393153218435,0.006226841050728921,0.0171863841420454
bert_sst2,2500,33,0.005177066793976537,0.004647427577647602,0.0049198024222328225,0.007961328388229886,0.004550312376589718,0.015288365541830844
bert_sst2,2500,34,0.005177066793976537,0.009966811835897389,0.005434940830685703,0.011801288418923073,0.007314768383086042,0.01834546577647643
bert_sst2,2500,35,0.005177066793976537,0.0023076655053549198,0.004040691300160967,0.009088778600988782,0.004341344526975827,0.013927032663041822
bert_sst2,2500,36,0.005177066793976537,0.00717131962813402,0.005594693809585155,0.009869748818450897,0.006254188346776831,0.01629810606170593
bert_sst2,2500,37,0.005177066793976537,0.007543839431224663,0.0034033248667368365,0.007050025909810207,0.003703073392626987,0.01561459415404131
bert_sst2,2500,38,0.005177066793976537,0.0032189916705382695,0.0044925644859787695,0.009308898648734137,0.005042396511135717,0.014961034883282726
bert_sst2,2500,39,0.005177066793976537,0.007410769893859244,0.003865955007815728,0.009548302887854807,0.004151493981668253,0.015069706919299897
bert_sst2,2500,40,0.005177066793976537,0.005671728064503679,0.005362416701744723,0.012087884527391027,0.0064247077319488375,0.019505684483884036
bert_sst2,2500,41,0.005177066793976537,0.004702477967126103,0.0033775925678703428,0.009236485812780552,0.005526956297768012,0.015917275366811284
bert_sst2,2500,42,0.005177066793976537,0.00573784769611961,0.0041854516595360965,0.00875491150331842,0.004526309089906876,0.014746860028147625
bert_sst2,2500,43,0.005177066793976537,0.009950021588431356,0.006343663588135746,0.011060737087815688,0.0066345314627019635,0.016887259988297793
bert_sst2,2500,44,0.005177066793976537,0.00885481463200736,0.005105517149100286,0.01092138066375212,0.0062380100677227514,0.017461804756670675
bert_sst2,2500,45,0.005177066793976537,0.004552326950703499,0.0038938532740302066,0.008164692190388644,0.004279000129541696,0.013393834599773242
bert_sst2,2500,46,0.005177066793976537,0.005433666305766046,0.0035051820321131306,0.00908496075221478,0.003820836073513551,0.015469364312430674
bert_sst2,2500,47,0.005177066793976537,0.004188384628921622,0.0030165879210705517,0.00891380620727069,0.00328867700595826,0.013411938156801218
bert_sst2,2500,48,0.005177066793976537,0.004402494109041727,0.004109074480778938,0.007372964938951947,0.0047596087447783295,0.013518258640538435
bert_sst2,2500,49,0.005177066793976537,0.0027530719968532407,0.003928634309548365,0.007670993404537822,0.004286076906533589,0.014045056786433315
bert_sst2,2500,50,0.005177066793976537,0.00655273777079936,0.003202038132624669,0.008514207670911602,0.0042423487944958805,0.015058779872953114
bert_sst2,2500,51,0.005177066793976537,0.0021718646059155082,0.004038953171004343,0.00878442565271265,0.0053791956608912105,0.015980007690783803
bert_sst2,2500,52,0.005177066793976537,0.008372239343373951,0.005435501160842472,0.012928807960644656,0.0063163419592856766,0.018639186266809358
bert_sst2,2500,53,0.005177066793976537,0.005227500566668137,0.00448977700631396,0.009854641706130108,0.005655842087879958,0.015044960618268287
bert_sst2,2500,54,0.005177066793976537,0.004249400047760977,0.00511111038533098,0.010077919628404233,0.005626319120004985,0.015749609012982967
bert_sst2,2500,55,0.005177066793976537,0.002440648301484539,0.003884815402174934,0.008249398758776649,0.0037757935860465277,0.01350007902414997
bert_sst2,2500,56,0.005177066793976537,0.006760733963946844,0.0034251954827846658,0.00841678574590816,0.004141837078965566,0.015576839812859972
bert_sst2,2500,57,0.005177066793976537,0.006959901512809332,0.004708724554482562,0.011649248270236624,0.005761247112458413,0.01679594799992728
bert_sst2,2500,58,0.005177066793976537,0.005036721111192142,0.005108839531740576,0.010096139459607155,0.006158102960414738,0.014621605041473447
bert_sst2,2500,59,0.005177066793976537,0.0035939422029090274,0.0025877565360983763,0.006906536415970463,0.003121403895142104,0.014082577552598802
bert_sst2,2500,60,0.005177066793976537,0.007525503189539899,0.005553172150330043,0.011549355127818905,0.005183056903220968,0.017299293692492602
bert_sst2,2500,61,0.005177066793976537,0.006951397492154956,0.0033567722066028894,0.010305762790368385,0.003934387351501589,0.016986564403101156
bert_sst2,2500,62,0.005177066793976537,0.0012253660089633662,0.003281203395847799,0.00812505458427351,0.004464489435380553,0.014006137396959223
bert_sst2,2500,63,0.005177066793976537,0.0032084621373951565,0.00285391890242024,0.008474175137411463,0.0032094622265014085,0.013768434014222123
bert_sst2,2500,64,0.005177066793976537,0.0014147972809329,0.0037386846713608752,0.007692689605260637,0.003938488067875226,0.0125786806241198
bert_sst2,2500,65,0.005177066793976537,0.008093261553906333,0.00462910932478296,0.01067803544132752,0.005979529660652354,0.017735352798251752
bert_sst2,2500,66,0.005177066793976537,0.0013734082465920768,0.002781867357746138,0.007280833983698206,0.0034113693734679684,0.013198652427474093
bert_sst2,2500,67,0.005177066793976537,0.0038825527740780534,0.0031127228316731458,0.006303906721345739,0.003862229540950749,0.010651784058574873
bert_sst2,2500,68,0.005177066793976537,0.006913070689874344,0.004499244532032031,0.01212415135340964,0.006954315893155385,0.017171572123402125
bert_sst2,2500,69,0.005177066793976537,0.005459689709492612,0.004603952264092887,0.011008906264554447,0.005692065954007197,0.015301948064773568
bert_sst2,2500,70,0.005177066793976537,0.001991902944929937,0.003701894805510096,0.007908114892187137,0.004156018002461094,0.01238070192767818
bert_sst2,2500,71,0.005177066793976537,0.007729612101478387,0.004006554159665545,0.008756883856005336,0.005803099708229699,0.014029985680667318
bert_sst2,2500,72,0.005177066793976537,0.009817314408976369,0.006873219007788184,0.012095653817018551,0.007160743149808352,0.017892203739154955
bert_sst2,2500,73,0.005177066793976537,0.004369614043308069,0.003230399795376651,0.008926470461481968,0.0034536005621932284,0.015092138869140691
bert_sst2,2500,74,0.005177066793976537,0.00500170376945358,0.003436916772968876,0.00809298248072945,0.003752578155596922,0.01569818067480228
bert_sst2,2500,75,0.005177066793976537,0.007543097693439755,0.004852185624602321,0.00947907492555309,0.005170590243320568,0.016916930691601658
bert_sst2,2500,76,0.005177066793976537,0.0026230643943013763,0.002590004538274859,0.007488822515303052,0.0035747367414584834,0.012863115723141147
bert_sst2,2500,77,0.005177066793976537,0.006578056716834915,0.003029970181263133,0.00825125717440747,0.0036722179708752684,0.01732258007023157
bert_sst2,2500,78,0.005177066793976537,0.007540651031944387,0.002892544027217993,0.008126694904431027,0.0032058584836357562,0.013282543767101009
bert_sst2,2500,79,0.005177066793976537,0.006286595327448033,0.005285994805107101,0.01062028895609424,0.005934023010973721,0.015512645457692226
bert_sst2,2500,80,0.005177066793976537,0.004502798456219343,0.004461797532716801,0.008509900221860161,0.00509943320926461,0.014841108478738835
bert_sst2,2500,81,0.005177066793976537,0.0066664718906130575,0.0044014473285414,0.009219333399904543,0.005018021918390369,0.014453546189550462
bert_sst2,2500,82,0.005177066793976537,0.00400672407318396,0.004399430918086526,0.008426685034713055,0.0054230393352937304,0.014894463073259817
bert_sst2,2500,83,0.005177066793976537,0.005353219776471463,0.00571033510093515,0.011880547085737918,0.005315343743759761,0.01692723417919527
bert_sst2,2500,84,0.005177066793976537,0.007277686882679926,0.003918719665047108,0.011104155967833826,0.004514460133478124,0.015521757770872
bert_sst2,2500,85,0.005177066793976537,0.0068429731754097904,0.003668759663993616,0.007411780129129228,0.004390807862128306,0.013743463471408396
bert_sst2,2500,86,0.005177066793976537,0.005079680251794146,0.004874642728386567,0.008851247682166653,0.005462233676877747,0.01639544546412685
bert_sst2,2500,87,0.005177066793976537,0.006070135234307014,0.004884824113960414,0.010189031067019785,0.004736501948386156,0.013154286693900362
bert_sst2,2500,88,0.005177066793976537,0.0060650112109177255,0.0037185742941052233,0.008699799097174709,0.00440272903043411,0.014729981177743379
bert_sst2,2500,89,0.005177066793976537,0.006058410092232213,0.003667269233895443,0.007922492849927345,0.004113298220632803,0.014200698651225687
bert_sst2,2500,90,0.005177066793976537,0.004670491459803723,0.0032673211422199473,0.009080073887544404,0.004656875113699318,0.015025408350306425
bert_sst2,2500,91,0.005177066793976537,0.006945571114318636,0.002976899642432281,0.009432407073096139,0.004102117964265694,0.01628837642589465
bert_sst2,2500,92,0.005177066793976537,0.00994168360664158,0.007274534870505255,0.012215190268004283,0.008336994409584207,0.019597458009146557
bert_sst2,2500,93,0.005177066793976537,0.004732525565850067,0.004587524235570743,0.009389927271936653,0.00553592727883668,0.01602217514593821
bert_sst2,2500,94,0.005177066793976537,0.005074619266347642,0.005110364822408773,0.0118744985606516,0.005251006143964371,0.018166263465723406
bert_sst2,2500,95,0.005177066793976537,0.00809011197903171,0.004178265653265473,0.010673617011933732,0.004059331544519701,0.01839311312641087
bert_sst2,2500,96,0.005177066793976537,0.004886140675157754,0.004158474498462966,0.009511073544881496,0.0043848152533307455,0.01705923582676947
bert_sst2,2500,97,0.005177066793976537,0.003790949401654947,0.0034202097486701294,0.008542245526635614,0.00461249527840433,0.013796075639665128
bert_sst2,2500,98,0.005177066793976537,0.0025740360729992833,0.003339235543278333,0.009018379937306769,0.004121763249816396,0.014962449802538686
bert_sst2,2500,99,0.005177066793976537,0.009094659691230135,0.004807808744821209,0.009742314499383401,0.005695034174180987,0.01680308224377597
bert_sst2,2500,100,0.005177066793976537,0.01009648368810185,0.006781130562729227,0.013893008314563892,0.00863001137043081,0.018842152555647286
bert_sst2,2500,101,0.005177066793976537,0.006057790782836135,0.003549029094109704,0.008691888839512997,0.0041397866655834325,0.014856839703378874
bert_sst2,2500,102,0.005177066793976537,3.2676076640557383e-06,0.0034979012221387582,0.008013148232148912,0.004539173628441749,0.014335558522990798
bert_sst2,2500,103,0.005177066793976537,0.004811682834620932,0.0029414975524121706,0.007527459180945341,0.003228700315032889,0.01322201714159452
bert_sst2,2500,104,0.005177066793976537,0.0005437620164684292,0.004064411794777512,0.009019239547307675,0.004470934181226197,0.015920588848924742
bert_sst2,2500,105,0.005177066793976537,0.006556472202988405,0.004610461480418894,0.008639771767201772,0.005206743146149293,0.014939239337707572
bert_sst2,2500,106,0.005177066793976537,0.006281418759520935,0.002987071893205176,0.007962568243944342,0.004051946533579537,0.014033241976793995
bert_sst2,2500,107,0.005177066793976537,0.0020692382118028597,0.0019649077111061728,0.006176837610880946,0.002887689403742425,0.012359591188124115
bert_sst2,2500,108,0.005177066793976537,0.00405142633488113,0.003091478565154627,0.008476867944816342,0.0035135033060752527,0.013645648946417803
bert_sst2,2500,109,0.005177066793976537,0.0067109875707756315,0.003564186660965499,0.010173614399960517,0.0047871441090127555,0.01674435607401699
bert_sst2,2500,110,0.005177066793976537,0.0015079207460884164,0.004505458668631073,0.009038992698474939,0.00503013589430696,0.015444762553765435
bert_sst2,2500,111,0.005177066793976537,0.006418357540182788,0.004191133756458759,0.009990251015437393,0.004681553703338571,0.016043635511313537
bert_sst2,2500,112,0.005177066793976537,0.00617600234045177,0.004398089309394027,0.008233497426939788,0.004882642790253781,0.013568132818310779
bert_sst2,2500,113,0.005177066793976537,0.0027480487217718384,0.0032607592292774345,0.008770691439363227,0.003868017758248584,0.01389014525388122
bert_sst2,2500,114,0.005177066793976537,0.010055903839289495,0.006600665275641435,0.011589234944691143,0.00712614136377475,0.01840342020924782
bert_sst2,2500,115,0.005177066793976537,0.0072584559677995346,0.004159443235063273,0.009830398451705094,0.004738161476428997,0.015923542000207243
bert_sst2,2500,116,0.005177066793976537,0.00908312900977418,0.004922808067363378,0.010285120507643568,0.00584691178884668,0.016090863584944784
bert_sst2,2500,117,0.005177066793976537,0.00524553170973395,0.005423750742432757,0.009267017163176357,0.006124030067625297,0.015606924961636995
bert_sst2,2500,118,0.005177066793976537,0.00582764146148365,0.0029662082552687962,0.009200540856809405,0.0037853349324091326,0.014417131767985848
bert_sst2,2500,119,0.005177066793976537,0.003442596243936392,0.0026300021148135625,0.007272258265559519,0.0033153938540406366,0.011667729013723975
bert_sst2,2500,120,0.005177066793976537,0.0064064347468894,0.002799267412544007,0.008962178533411577,0.004207555219319886,0.014516186072754166
bert_sst2,2500,121,0.005177066793976537,0.0053615921483672595,0.0031620377708278485,0.007788395909676693,0.0037858676611673835,0.01306462400939915
bert_sst2,2500,122,0.005177066793976537,0.0019162158272940822,0.0029759234097136112,0.008651343011217331,0.003651636000360452,0.013853093878652937
bert_sst2,2500,123,0.005177066793976537,0.005397236939224834,0.0049397019366813335,0.010015695965150225,0.00595152303631767,0.015348002687397075
bert_sst2,2500,124,0.005177066793976537,0.0041881214140933815,0.004696105752667685,0.00852128651192045,0.004982265467112277,0.015474236112733892
bert_sst2,2500,125,0.005177066793976537,0.007268408625137258,0.004966199770370229,0.009895219147914332,0.005943403216114057,0.015887637913913552
bert_sst2,2500,126,0.005177066793976537,0.0058975252311324255,0.0038841126625446636,0.008787578389796056,0.004700071838431334,0.017262402441853262
bert_sst2,2500,127,0.005177066793976537,0.004514042843760342,0.002730324161948623,0.007136169839739355,0.0033600889215291245,0.014665714613097482
bert_sst2,2500,128,0.005177066793976537,0.010328108141598031,0.0050105797868254765,0.012279402240327062,0.005453173609783708,0.017614779988089642
bert_sst2,2500,129,0.005177066793976537,0.0011512698494455665,0.003594916458932,0.00740029149116522,0.004626295556922042,0.011912411197525678
bert_sst2,2500,130,0.005177066793976537,0.00439228452383634,0.003850268531637049,0.008887787640806862,0.005036072568100349,0.014704432802393846
bert_sst2,2500,131,0.005177066793976537,0.006306573652849859,0.004839903664531758,0.008508317479847125,0.00487863698483658,0.016458115481014304
bert_sst2,2500,132,0.005177066793976537,0.0016500431098783136,0.004336470173467154,0.006986709870944772,0.00400810448396423,0.0137495032746418
bert_sst2,2500,133,0.005177066793976537,0.0038428955235258228,0.004128577179874287,0.007692603589285156,0.004365939577819201,0.013456526532133807
bert_sst2,2500,134,0.005177066793976537,0.002891294568670306,0.004096174235698188,0.008233399433014404,0.004441410348260784,0.014502543498953703
bert_sst2,2500,135,0.005177066793976537,0.007330026525665547,0.0035681961442420524,0.009741506626428123,0.0045704837837560975,0.01588042365767785
bert_sst2,2500,136,0.005177066793976537,0.0033464673032845456,0.0028770977849246647,0.007578667788423232,0.003155366688848114,0.013658468801231654
bert_sst2,2500,137,0.005177066793976537,0.002906365117737419,0.0035646850502065505,0.007523384629578415,0.004306312864019493,0.014169614365741443
bert_sst2,2500,138,0.005177066793976537,0.004188859000621787,0.0030678255046812115,0.008433091045060211,0.0042140919015928625,0.012128816439421717
bert_sst2,2500,139,0.005177066793976537,0.0010608435941111035,0.0035405031137585967,0.007760341048651589,0.004271812563547262,0.01415603660886622
bert_sst2,2500,140,0.005177066793976537,0.004940212061392723,0.004617507704960364,0.009899885234304963,0.005263334364083954,0.014527496807110398
bert_sst2,2500,141,0.005177066793976537,0.005295963724656878,0.0044231657551504645,0.009747045781353422,0.0051689778459786525,0.015923914081497105
bert_sst2,2500,142,0.005177066793976537,0.006134762935918972,0.0039491298529920355,0.010022234834778826,0.004922530058897059,0.014785710554760087
bert_sst2,2500,143,0.005177066793976537,0.00201885313853135,0.0035486093365123803,0.008171679574835134,0.004772440751813005,0.014260794135785942
bert_sst2,2500,144,0.005177066793976537,0.0034213164385083735,0.003819050892550978,0.008595758438181151,0.004238284508669037,0.013824891508341958
bert_sst2,2500,145,0.005177066793976537,0.007083003096238801,0.0038720607122066583,0.009039140132559617,0.005305757497917893,0.015796648914538695
bert_sst2,2500,146,0.005177066793976537,0.012925120190199231,0.006537802066485254,0.012166190254961087,0.007119469319564202,0.017533089068290018
bert_sst2,2500,147,0.005177066793976537,0.0036507346943092964,0.004842869340021033,0.008627545176236628,0.005329667103801212,0.014535575974312842
bert_sst2,2500,148,0.005177066793976537,0.004729768992923266,0.005032173635873186,0.010612914177923179,0.0051056761198708155,0.016161319517398975
bert_sst2,2500,149,0.005177066793976537,0.003818444935158628,0.003555988933456119,0.006871247029188871,0.003592788005502624,0.01283561356197207
bert_sst2,2500,150,0.005177066793976537,0.005482207295064452,0.00336468427635514,0.00816951556072387,0.004646547815748436,0.013819730027947476
bert_sst2,2500,151,0.005177066793976537,0.006577261342285877,0.0038723887512127574,0.007551152886371751,0.004372507892676561,0.01398730525855541
bert_sst2,2500,152,0.005177066793976537,0.009979649162159085,0.00528857328317488,0.010921496135532439,0.006487894237051198,0.01734397974063853
bert_sst2,2500,153,0.005177066793976537,0.004772710869418713,0.0027973751426255233,0.006430753652388183,0.0035724395716686865,0.012129324548763934
bert_sst2,2500,154,0.005177066793976537,0.0013674578116224714,0.0029773040345596434,0.0066921149654501026,0.0037586059366845094,0.011464244543797417
bert_sst2,2500,155,0.005177066793976537,0.0037386293121409943,0.00448321875332888,0.009552327676955293,0.004575386610297914,0.015533960271936166
bert_sst2,2500,156,0.005177066793976537,0.00453683337038201,0.002849559240150716,0.008395901071717,0.004600536608071517,0.013837241875555774
bert_sst2,2500,157,0.005177066793976537,0.004060424798613392,0.004633576851265126,0.011098771035857236,0.005245303245135963,0.01726688686950306
bert_sst2,2500,158,0.005177066793976537,0.00178000715553139,0.003794068943666685,0.007027609608460228,0.003867263631462313,0.01363856449081145
bert_sst2,2500,159,0.005177066793976537,0.00233035313610745,0.004507580940735942,0.007358133242421779,0.005072827762059902,0.014084998159264367
bert_sst2,2500,160,0.005177066793976537,0.0015874019008150042,0.0031872450721863654,0.007337951133230894,0.0033078436022945974,0.013011991263913315
bert_sst2,2500,161,0.005177066793976537,0.004831728537812966,0.004429001849991761,0.009773211917388232,0.004169969240966867,0.014640666931996869
bert_sst2,2500,162,0.005177066793976537,0.005540931281584717,0.004147296985856356,0.010440661669628178,0.004840250221304822,0.015578259981034164
bert_sst2,2500,163,0.005177066793976537,0.0024060412445638425,0.003212800633538923,0.008237655685049966,0.004541332800334013,0.01358224894305567
bert_sst2,2500,164,0.005177066793976537,0.0038323433164644434,0.0039023600799441833,0.008522586728916526,0.004841482549179581,0.014538139014846078
bert_sst2,2500,165,0.005177066793976537,0.00958202140572688,0.0038848919582703118,0.009614868297280848,0.003959765202903084,0.015166708844416378
bert_sst2,2500,166,0.005177066793976537,0.0057724098767091905,0.006600993125857866,0.011949682357059576,0.007919816773118715,0.017657030894476445
bert_sst2,2500,167,0.005177066793976537,0.005575074792949775,0.005254698412709081,0.010085321871263443,0.00588856922491085,0.01568660718291432
bert_sst2,2500,168,0.005177066793976537,0.004192508997311156,0.0033166161791978845,0.008364426320177464,0.0036396004709984896,0.012613945205047957
bert_sst2,2500,169,0.005177066793976537,0.005832597418181261,0.0044733400691499645,0.010681622337456486,0.005856004995862527,0.016008617031751587
bert_sst2,2500,170,0.005177066793976537,0.005315945086970904,0.0025314668550488906,0.007233109307894973,0.0037302325371731337,0.013664861371914624
bert_sst2,2500,171,0.005177066793976537,0.006262767577224377,0.00426219460007565,0.010948492460519398,0.004766101883695466,0.015867562688731185
bert_sst2,2500,172,0.005177066793976537,0.005223902199631961,0.0035846770364041645,0.009208879526496737,0.003908574575554959,0.013456017762287486
bert_sst2,2500,173,0.005177066793976537,0.004311865202266827,0.00505741174462297,0.00978554202159856,0.004569284958934522,0.014435502881467136
bert_sst2,2500,174,0.005177066793976537,0.006923908069110599,0.0035672639784210423,0.008645367770760703,0.004691365524365124,0.014468358502153052
bert_sst2,2500,175,0.005177066793976537,0.005364091063523573,0.004370368688414584,0.008389335076573464,0.004652201641116982,0.015329060618882779
bert_sst2,2500,176,0.005177066793976537,0.003381919635729931,0.004943795905499756,0.008242312158361895,0.0050715565054597275,0.015151920118366129
bert_sst2,2500,177,0.005177066793976537,0.005856801948128799,0.005487387086857732,0.010862291176697809,0.005739025464086755,0.015649007189593826
bert_sst2,2500,178,0.005177066793976537,0.0025046126051353505,0.003249913064039695,0.007554893032767208,0.0034361853033940447,0.014971522953289166
bert_sst2,2500,179,0.005177066793976537,0.00566390986407115,0.003118744691742665,0.008942458676957817,0.0034404805050234806,0.013959957129210193
bert_sst2,2500,180,0.005177066793976537,0.005272266199075967,0.0043642159837603105,0.010088169134302731,0.005493005000145736,0.017616398304776917
bert_sst2,2500,181,0.005177066793976537,0.005957631648998699,0.004385095751299616,0.009128343846025509,0.004327175218026019,0.014640944939394874
bert_sst2,2500,182,0.005177066793976537,0.0037662735446310647,0.004100120764227589,0.007794651326762073,0.004249877959260399,0.014467994329870752
bert_sst2,2500,183,0.005177066793976537,0.006850880513260339,0.004292099766420516,0.011281941128821306,0.005042325202251474,0.016020209450522366
bert_sst2,2500,184,0.005177066793976537,0.007475006713692733,0.0035766406068118758,0.009470945295213064,0.004897606495069783,0.016201524237059946
bert_sst2,2500,185,0.005177066793976537,0.0071603895797915885,0.0058239195737044645,0.012143136744693039,0.007167377365853357,0.016974603796632227
bert_sst2,2500,186,0.005177066793976537,0.007567813687804954,0.004511025192836596,0.010501291290411928,0.005437158495320912,0.015575264951080652
bert_sst2,2500,187,0.005177066793976537,0.00367418932660878,0.004050218880168531,0.008308233137713335,0.0043983178454979534,0.012521568087408914
bert_sst2,2500,188,0.005177066793976537,0.004952862188009014,0.0046970383009689275,0.009950250124962721,0.004604828772258488,0.01555429955071689
bert_sst2,2500,189,0.005177066793976537,0.007859599183409756,0.004297068651530654,0.010708362592731805,0.005269596410319684,0.01680147031078735
bert_sst2,2500,190,0.005177066793976537,0.004609696197686804,0.0028292693092661888,0.008015746418108554,0.004201292519481306,0.016194145927921854
bert_sst2,2500,191,0.005177066793976537,0.005568188747650457,0.00419944143560033,0.01069230523963922,0.005330845524362046,0.016418209690389908
bert_sst2,2500,192,0.005177066793976537,0.00592259113630419,0.006352141688756196,0.011584714089423078,0.007180534988366425,0.018047016496962026
bert_sst2,2500,193,0.005177066793976537,0.006008564669969048,0.005838899723321318,0.009850649710589287,0.0059876156613262715,0.015702309315487883
bert_sst2,2500,194,0.005177066793976537,0.0017229264865326137,0.002712152319688772,0.007832526402695167,0.0027728889048252324,0.013347154241171878
bert_sst2,2500,195,0.005177066793976537,0.0064754010014697345,0.005894739968250005,0.010985502566187048,0.007080212930576754,0.017485916231556292
bert_sst2,2500,196,0.005177066793976537,0.0059416637351179915,0.005427068467211011,0.009682135414253848,0.006151463202626693,0.014942405614543717
bert_sst2,2500,197,0.005177066793976537,0.008880838492466306,0.00643062543350269,0.011811867867276763,0.005863160904216966,0.016578140358876753
bert_sst2,2500,198,0.005177066793976537,0.005738776035536235,0.004709590703062375,0.009681458753594836,0.004948695460983304,0.014385447810384257
bert_sst2,2500,199,0.005177066793976537,0.006444569307434705,0.004407434295319488,0.009136134143012054,0.005629274404529398,0.01640829205325845
bert_sst2,5000,0,0.005177066793976537,0.005082775822781422,0.0045408949144416086,0.008631951698939423,0.005369265390358566,0.01539403713726934
bert_sst2,5000,1,0.005177066793976537,0.00523867844828591,0.004241327340257908,0.008274782206079016,0.005523384743295534,0.014896785631784705
bert_sst2,5000,2,0.005177066793976537,0.006356959325838013,0.004342485043441822,0.008017696366466378,0.005054857715472053,0.015561518041999133
bert_sst2,5000,3,0.005177066793976537,0.0022823345188720864,0.0024439017322594775,0.005759889023800697,0.002848922149692275,0.013251329852800958
bert_sst2,5000,4,0.005177066793976537,0.0035822508566417206,0.0046037955934658484,0.008497352281403277,0.005392828030924958,0.015003408706922274
bert_sst2,5000,5,0.005177066793976537,0.00537386366248183,0.003734039089089489,0.007470650992947127,0.00455097082297536,0.014627697399864711
bert_sst2,5000,6,0.005177066793976537,0.003958386357636022,0.002766588550029497,0.00761412568595356,0.004254615901405096,0.01302491698414505
bert_sst2,5000,7,0.005177066793976537,0.007507999051241263,0.004968071557838882,0.009003949155220126,0.0057308366499969066,0.017426545550472794
bert_sst2,5000,8,0.005177066793976537,0.00659359093359154,0.005666293191243173,0.009610097836578072,0.005801289483332079,0.016958036900910665
bert_sst2,5000,9,0.005177066793976537,0.004960439824378482,0.0030163108926245107,0.007015656267885676,0.0035381477370126854,0.014307300979532544
bert_sst2,5000,10,0.005177066793976537,0.003343426302541427,0.003514949947236099,0.008768008206391415,0.005981620804979698,0.015388593333186457
bert_sst2,5000,11,0.005177066793976537,0.00652189806566268,0.003922250715254077,0.008145857098032599,0.0044765622920375885,0.016305176995275023
bert_sst2,5000,12,0.005177066793976537,0.008389931573735725,0.004121391706186362,0.009814283865697663,0.004875721334992063,0.01690229738732517
bert_sst2,5000,13,0.005177066793976537,0.0063467083489766795,0.003199344457520446,0.00877293800809749,0.004421527937666268,0.016343714892249245
bert_sst2,5000,14,0.005177066793976537,0.0038893986183890705,0.003801687549761272,0.008688367926134833,0.00529975651722049,0.014138497695436406
bert_sst2,5000,15,0.005177066793976537,0.003410125680215799,0.004205148598560097,0.008369209348600979,0.004984690847547878,0.014968230570837293
bert_sst2,5000,16,0.005177066793976537,0.0035777163684078146,0.003759555702819167,0.008594023099704499,0.0042886706607070035,0.014540894583259602
bert_sst2,5000,17,0.005177066793976537,0.002541195511750043,0.0028065778304074583,0.006617704288140276,0.0036795271855390513,0.013326177227328989
bert_sst2,5000,18,0.005177066793976537,0.005424276519665744,0.003955701963783834,0.008137356759455368,0.005195211386611397,0.014464280718071553
bert_sst2,5000,19,0.005177066793976537,0.004529906204588337,0.004367284897737325,0.00798612121673776,0.004495074534795742,0.015682304495174187
bert_sst2,5000,20,0.005177066793976537,0.005255940933154332,0.00425500308339887,0.00803820162585546,0.0047830250793995015,0.014668893225109855
bert_sst2,5000,21,0.005177066793976537,0.009189006949344552,0.003682235047531665,0.009659104653305094,0.005137290427572082,0.018291993847009917
bert_sst2,5000,22,0.005177066793976537,0.0030272045858759484,0.004458280363223973,0.008792156709054356,0.005201375221990808,0.015283053421354005
bert_sst2,5000,23,0.005177066793976537,0.0017302743070762886,0.003001589301485441,0.006704560751304383,0.003541718295483012,0.012999010186256049
bert_sst2,5000,24,0.005177066793976537,0.006920652185859751,0.00388119545626781,0.008714877085958566,0.0051352537815239135,0.015122651997166213
bert_sst2,5000,25,0.005177066793976537,0.006737116399489465,0.0033283806468168676,0.008029090708387232,0.004078435162030569,0.015750633533524117
bert_sst2,5000,26,0.005177066793976537,0.00626331391661496,0.003703840101845535,0.007418181149048213,0.004348333452002393,0.01565666960490389
bert_sst2,5000,27,0.005177066793976537,0.00573342975775553,0.004867595703309553,0.009545969081819851,0.005681306616198273,0.016558491177124407
bert_sst2,5000,28,0.005177066793976537,0.0024200926429813192,0.0034532086353130636,0.006681626780513759,0.004609756562211911,0.013504350253252655
bert_sst2,5000,29,0.005177066793976537,0.0075211803732475515,0.004943095313084646,0.009867709100630626,0.005957691213763258,0.01666728494070303
bert_sst2,5000,30,0.005177066793976537,0.0030324021085779427,0.0035257682156990457,0.007417947383977971,0.004862817133692163,0.014015202636790944
bert_sst2,5000,31,0.005177066793976537,0.005398172110003241,0.003418727562841277,0.007303279587658336,0.003699210415126452,0.014370671645039662
bert_sst2,5000,32,0.005177066793976537,0.007427155200950005,0.004338622094300766,0.009103478791266023,0.005734846190776203,0.01643768992739386
bert_sst2,5000,33,0.005177066793976537,0.008354988719294215,0.00427140070066047,0.008904051355517358,0.004857379269177711,0.016056424835204756
bert_sst2,5000,34,0.005177066793976537,0.005239594796328653,0.004042339786698275,0.007645378230158763,0.004376082932361829,0.015038434679937136
bert_sst2,5000,35,0.005177066793976537,0.0047599198089832324,0.0030143307837569417,0.006768671566434571,0.004070181224376783,0.013839824448547764
bert_sst2,5000,36,0.005177066793976537,0.006647234858305376,0.004083344645662446,0.00884466500810974,0.005422736418437376,0.015966246797376495
bert_sst2,5000,37,0.005177066793976537,0.005807217816622652,0.003902664741769646,0.007223762461695057,0.004969292704854061,0.01486370916313829
bert_sst2,5000,38,0.005177066793976537,0.004039568368203163,0.0034713338076153566,0.008232785873323652,0.004812593723370723,0.014442865143313562
bert_sst2,5000,39,0.005177066793976537,0.004306510474400535,0.0045617948342189345,0.009142634628866496,0.005395016462426,0.015027210403146534
bert_sst2,5000,40,0.005177066793976537,0.0030953182344383816,0.004385314737724256,0.007778386144856279,0.0053434222890957955,0.014094013493668884
bert_sst2,5000,41,0.005177066793976537,0.0017706042930009194,0.002898581065121849,0.006072388026724112,0.003969891718535582,0.013229801986543109
bert_sst2,5000,42,0.005177066793976537,0.0038952202318599943,0.0031671941423289936,0.0074583148513073455,0.004157617894128772,0.014666481879114162
bert_sst2,5000,43,0.005177066793976537,0.0045691821718744875,0.0031962798876561506,0.007018837790737036,0.0037180876177426232,0.012944470554224046
bert_sst2,5000,44,0.005177066793976537,0.006473623172199959,0.004096729875721801,0.008339073194802633,0.004582057278322039,0.01559059436926757
bert_sst2,5000,45,0.005177066793976537,0.005304412801150248,0.0038351410038674682,0.009182964955356449,0.004990898772743238,0.015107712550608356
bert_sst2,5000,46,0.005177066793976537,0.007170160107155573,0.004333819795541642,0.008755082879334818,0.005254528729036678,0.015541663911656449
bert_sst2,5000,47,0.005177066793976537,0.0073100451445761334,0.003693181260381589,0.008833742376956867,0.0047788711065010975,0.01620126350329979
bert_sst2,5000,48,0.005177066793976537,0.00710541571060989,0.004988806642848717,0.009911554083969605,0.00576887599707426,0.016783398278952366
bert_sst2,5000,49,0.005177066793976537,0.0076583240280684965,0.0041533361289607775,0.008448618668912222,0.004806597986917995,0.01556169577352297
bert_sst2,5000,50,0.005177066793976537,0.0030244357890830786,0.0020664615760076993,0.006351023663671756,0.002359528112077592,0.014616540214440494
bert_sst2,5000,51,0.005177066793976537,0.006562207695748254,0.0036507820603091097,0.008562104142494382,0.004338002907197635,0.016022990052631598
bert_sst2,5000,52,0.005177066793976537,0.0026729837610060263,0.0030866608208822972,0.007530987443618093,0.004223957200891935,0.014485167421001484
bert_sst2,5000,53,0.005177066793976537,0.006949516096915628,0.004062219032686398,0.008398901106205732,0.004694982492730004,0.015001831594420405
bert_sst2,5000,54,0.005177066793976537,0.006475483870423297,0.0041603124759301245,0.008307929857728574,0.004693929459103447,0.015253041029393365
bert_sst2,5000,55,0.005177066793976537,0.010087494862600396,0.004017068657703289,0.00966521502845599,0.004892294394124024,0.016764578294274003
bert_sst2,5000,56,0.005177066793976537,0.0038391970879485455,0.0025858226913362493,0.006848994964515562,0.0033373486285471596,0.012436510114010821
bert_sst2,5000,57,0.005177066793976537,0.004745208409819638,0.00416756385192954,0.008993410629250761,0.004980349496877377,0.016447062485796953
bert_sst2,5000,58,0.005177066793976537,0.004107033324145206,0.0038899895992727503,0.007929358204053098,0.004210242813189135,0.014513624274640044
bert_sst2,5000,59,0.005177066793976537,0.007107829116970373,0.004145052093487565,0.008521325966878731,0.004896160675780309,0.016165483872753322
bert_sst2,5000,60,0.005177066793976537,0.005547927715719182,0.004938333887050092,0.009206297175946489,0.00577938815359923,0.01578855150827513
bert_sst2,5000,61,0.005177066793976537,0.005947410078660116,0.004355213004704415,0.008733890724173495,0.006078733589435429,0.016595681479130455
bert_sst2,5000,62,0.005177066793976537,0.006527595166088477,0.0045772613114940545,0.00942741916701666,0.005314630794694889,0.01586734148004346
bert_sst2,5000,63,0.005177066793976537,0.005535768767011658,0.003184254413662623,0.0074831742856723135,0.004042571133647818,0.01590329304447929
bert_sst2,5000,64,0.005177066793976537,0.002558533509886391,0.002333248249375854,0.0057176345779868624,0.00268965570007576,0.012188745602603584
bert_sst2,5000,65,0.005177066793976537,0.004740960037010817,0.003361914937017356,0.007177899408947917,0.004305577486406462,0.014506310676039925
bert_sst2,5000,66,0.005177066793976537,0.004379834368689362,0.0033944072907457754,0.007355010581598945,0.004289971898644596,0.013987301271861128
bert_sst2,5000,67,0.005177066793976537,0.008448764250354663,0.004125249709160403,0.009727338770262953,0.005400640396173125,0.016926302155108004
bert_sst2,5000,68,0.005177066793976537,0.006507221873493199,0.003959298213536047,0.00887130083827793,0.005257518148207181,0.017132265317721874
bert_sst2,5000,69,0.005177066793976537,0.005538000210560959,0.004139200955451099,0.007298582182653156,0.00497885324882519,0.014616656361606558
bert_sst2,5000,70,0.005177066793976537,0.006091612765398751,0.003976850365369671,0.007529279060295732,0.0048122237576586815,0.014299614797452948
bert_sst2,5000,71,0.005177066793976537,0.0046900250818831465,0.003407291405506397,0.006966066028276947,0.004323392080949744,0.015213739836137108
bert_sst2,5000,72,0.005177066793976537,0.003728341749665963,0.003823506079276915,0.007784530959522947,0.005204836677450355,0.015635633296847504
bert_sst2,5000,73,0.005177066793976537,0.00566401657720668,0.0033969556101270714,0.006909312335235264,0.003937171210308404,0.01426876146670761
bert_sst2,5000,74,0.005177066793976537,0.006990008719954,0.003165303521884007,0.007369319588043146,0.0043342391820601935,0.01515172984925321
bert_sst2,5000,75,0.005177066793976537,0.0023462604007666935,0.0036509929739252595,0.006787842465046995,0.0042823220675664376,0.013008289263483427
bert_sst2,5000,76,0.005177066793976537,0.0029576017484059234,0.0024352392322509095,0.006487188225104413,0.003212236230798886,0.013273365154176911
bert_sst2,5000,77,0.005177066793976537,0.0061260877725569625,0.004050974258793176,0.008846455241107255,0.004708138098688379,0.01580464712266068
bert_sst2,5000,78,0.005177066793976537,0.006074295050296222,0.0031621818437916676,0.008231132086849526,0.004223032753741351,0.015446043150636008
bert_sst2,5000,79,0.005177066793976537,0.004490390142649672,0.0043782178882975625,0.007540823306587951,0.005117874833725243,0.015067043036261166
bert_sst2,5000,80,0.005177066793976537,0.006438796960182449,0.004277553818210259,0.008941994840340514,0.0050745856731165846,0.01656199716666441
bert_sst2,5000,81,0.005177066793976537,0.009302898964608803,0.00533380077174557,0.010115123049341116,0.005782062812979377,0.017092930758815808
bert_sst2,5000,82,0.005177066793976537,0.006283793290995689,0.003878517356346554,0.008532874372882485,0.005207876686833258,0.015961709996565827
bert_sst2,5000,83,0.005177066793976537,0.0038689323425465006,0.004585286045931049,0.008945502415405919,0.005527694045847973,0.016342804328805194
bert_sst2,5000,84,0.005177066793976537,0.006982348525937772,0.0042845304280468175,0.008724377302338994,0.00478082652942688,0.015742108624559967
bert_sst2,5000,85,0.005177066793976537,0.005588393943586113,0.0031619951862579985,0.007739155865189605,0.0042075922289215705,0.014285484941167582
bert_sst2,5000,86,0.005177066793976537,0.0038141382364575427,0.00497440421724056,0.007823023924043064,0.005296832658378777,0.014558748675625935
bert_sst2,5000,87,0.005177066793976537,0.004282784301385474,0.0028980072264313305,0.006845408021455762,0.003720215542933754,0.01505735800746664
bert_sst2,5000,88,0.005177066793976537,0.004811508166782793,0.0033762311388676985,0.008787522762434458,0.005207935397987278,0.015061643623503722
bert_sst2,5000,89,0.005177066793976537,0.005582532425917335,0.0028631864402478362,0.006771194091362176,0.003695591738249156,0.014211730366947293
bert_sst2,5000,90,0.005177066793976537,0.006676442788658365,0.0038551451530081586,0.00813348505440296,0.004901311663603895,0.016400928387066208
bert_sst2,5000,91,0.005177066793976537,0.004505099638348021,0.0031345488758557374,0.007503351602239321,0.004034574997393747,0.01396692929831159
bert_sst2,5000,92,0.005177066793976537,0.005762618949973067,0.004614109116434728,0.009689818286728973,0.005624919441214412,0.016361686822607534
bert_sst2,5000,93,0.005177066793976537,0.004141372732577167,0.0037676360306149463,0.007916248130473385,0.004172304850614487,0.014397645307282578
bert_sst2,5000,94,0.005177066793976537,0.0046058674033239025,0.003442015268550797,0.007245877666940151,0.004108344774185963,0.014886306388380894
bert_sst2,5000,95,0.005177066793976537,0.00605871867530202,0.003150464911545958,0.007417782322918622,0.0037630737819647425,0.013544627049721808
bert_sst2,5000,96,0.005177066793976537,0.005848743805473017,0.003859843822739363,0.00923617996212993,0.004832407471021381,0.015599706701585203
bert_sst2,5000,97,0.005177066793976537,0.006429668361134752,0.0029062232645962597,0.007261388544328088,0.004076743864370697,0.013994251180988317
bert_sst2,5000,98,0.005177066793976537,0.007417615700920013,0.004535813175219866,0.00937612591615793,0.0050611236800809116,0.016793099553791567
bert_sst2,5000,99,0.005177066793976537,0.00632072232047196,0.002901386987705277,0.008287669799626808,0.004410557211425474,0.015236841359419263
bert_sst2,5000,100,0.005177066793976537,0.00553398668492072,0.004354044127653967,0.008367330204339572,0.005780883072635543,0.015586440823447163
bert_sst2,5000,101,0.005177066793976537,0.007810513637918601,0.0042492077164098365,0.009983678306605195,0.006039875392509887,0.016279053751421878
bert_sst2,5000,102,0.005177066793976537,0.006740798770405114,0.004843859821896214,0.008965883032598404,0.00539949714654027,0.015314588835793782
bert_sst2,5000,103,0.005177066793976537,0.005611980594035483,0.003483533472915448,0.007611694037980647,0.004557644667705277,0.015551135057306579
bert_sst2,5000,104,0.005177066793976537,0.006363213658805545,0.004246176124976637,0.008428903826108365,0.005192518993441895,0.017291845173175384
bert_sst2,5000,105,0.005177066793976537,0.006298695332961457,0.00372295385554018,0.008331974034249965,0.004819756325909997,0.015910792302661778
bert_sst2,5000,106,0.005177066793976537,0.006156400417940863,0.004694768067752687,0.009337915409060099,0.005830116027555126,0.016280426652039087
bert_sst2,5000,107,0.005177066793976537,0.004470101424195087,0.004799847128914826,0.008795293164842682,0.0052804465407209795,0.01505089981223361
bert_sst2,5000,108,0.005177066793976537,0.00479935644541885,0.003220740309079456,0.006327919668085432,0.003538385857067221,0.01456836967811544
bert_sst2,5000,109,0.005177066793976537,0.0022151765271618204,0.0027006760876371614,0.006602320352448303,0.003330625841547794,0.013303493835691708
bert_sst2,5000,110,0.005177066793976537,0.004609696157569695,0.004652143280248525,0.008419656318886424,0.005411554147154274,0.015535365967318146
bert_sst2,5000,111,0.005177066793976537,0.006107555232840869,0.0032138492586266045,0.00790637123463803,0.004535246745016653,0.01468688762567291
bert_sst2,5000,112,0.005177066793976537,0.005760920194569524,0.003941865773605994,0.008326591063753235,0.005231258258588013,0.015686094969680188
bert_sst2,5000,113,0.005177066793976537,0.004439527918903569,0.0037390567185349366,0.007980029522628346,0.004940908094086751,0.014553463434491418
bert_sst2,5000,114,0.005177066793976537,0.005667269537565248,0.003101299802754161,0.008493473323267902,0.004578310705898622,0.015835341272769227
bert_sst2,5000,115,0.005177066793976537,0.006880068746195164,0.005058947379531008,0.01054665022538695,0.006442182760353119,0.01654986448516107
bert_sst2,5000,116,0.005177066793976537,0.0022628602080167525,0.0027409681522702505,0.006031445871097419,0.003553809875615387,0.012647181122942138
bert_sst2,5000,117,0.005177066793976537,0.004663207037222652,0.00487764954807577,0.00878602690830926,0.006038654366693825,0.01557068087024396
bert_sst2,5000,118,0.005177066793976537,0.005644626706545482,0.0038459887396753854,0.007796659389711703,0.004982284643594978,0.01490742775830892
bert_sst2,5000,119,0.005177066793976537,0.004347733170774197,0.003058492992517652,0.006900376899948944,0.00430402195437972,0.01376803970376543
bert_sst2,5000,120,0.005177066793976537,0.007816814691128679,0.003330510197221758,0.008114176901441155,0.004514081226436575,0.014708617207879918
bert_sst2,5000,121,0.005177066793976537,0.006685448936680695,0.0031289293575858575,0.007884216421709098,0.004267440649602255,0.01554781384917612
bert_sst2,5000,122,0.005177066793976537,0.004583819770052212,0.0033223595860674172,0.007501350545593917,0.004334038701621443,0.015074560804807086
bert_sst2,5000,123,0.005177066793976537,0.005146379962270387,0.0034671329287140513,0.0069519678011972265,0.004094884537508778,0.01366444664320483
bert_sst2,5000,124,0.005177066793976537,0.006325095323477406,0.004194147139653554,0.009942550767620986,0.005398395296064558,0.01574298454661132
bert_sst2,5000,125,0.005177066793976537,0.0020726024735742976,0.0027720372470595293,0.005571308940739416,0.002845092145942706,0.012006260021791903
bert_sst2,5000,126,0.005177066793976537,0.0027041425560445664,0.003669730072803673,0.007221631239778414,0.004454648688717768,0.01363551215763148
bert_sst2,5000,127,0.005177066793976537,0.004877680582744748,0.00386502784144089,0.007716849884200928,0.004693813043595271,0.014685630445230378
bert_sst2,5000,128,0.005177066793976537,0.005985578479882544,0.003153229585361649,0.008404480346169316,0.004154577071981097,0.01543464724129145
bert_sst2,5000,129,0.005177066793976537,0.005058178195023532,0.0025033620850508555,0.006691890190323026,0.003528071850402643,0.014092674990655293
bert_sst2,5000,130,0.005177066793976537,0.005175292128366755,0.003170087178307353,0.007923465111064416,0.00415339728222288,0.01518648585846953
bert_sst2,5000,131,0.005177066793976537,0.004216351148879354,0.003728909601922942,0.008763089447648524,0.004373805713208425,0.015703874222438113
bert_sst2,5000,132,0.005177066793976537,0.006797182809111672,0.0032024535057016373,0.007028285646672923,0.0040141245491501,0.014622095576445705
bert_sst2,5000,133,0.005177066793976537,0.0074770685296769255,0.005317857264229416,0.010030029410414915,0.00643034779113222,0.0174547085145957
bert_sst2,5000,134,0.005177066793976537,0.004712999654594425,0.004550929048382832,0.008364898118495955,0.005458488585322019,0.016663248242601715
bert_sst2,5000,135,0.005177066793976537,0.00457302308987375,0.003272024130338847,0.008340753829828266,0.0038603252548029326,0.014601058147263198
bert_sst2,5000,136,0.005177066793976537,0.004593531776763713,0.0028682553563440165,0.006422398976665835,0.0038691252503426903,0.014056460209423636
bert_sst2,5000,137,0.005177066793976537,0.006966377159063853,0.003993521165668862,0.008515114652826065,0.005510299418403022,0.016562502649194073
bert_sst2,5000,138,0.005177066793976537,0.004704147113612276,0.0034562394541207382,0.007866227714774836,0.00398379486747603,0.013448313338291752
bert_sst2,5000,139,0.005177066793976537,0.006508982760680883,0.004068397724350498,0.008476812175352483,0.004538440716006719,0.015587504610073454
bert_sst2,5000,140,0.005177066793976537,0.0063483957284778125,0.004820664559414659,0.008543252330955773,0.004723502740479865,0.015214155429841555
bert_sst2,5000,141,0.005177066793976537,0.006010925533136689,0.0031964510786072625,0.008232947012528295,0.004794345131084563,0.014652243825753796
bert_sst2,5000,142,0.005177066793976537,0.00786588526700069,0.003210922961107989,0.009309723485575815,0.00553562339445465,0.017113348457125137
bert_sst2,5000,143,0.005177066793976537,0.004511544708493548,0.0033198660495085005,0.007167519144183974,0.003778809058073588,0.014418875718283358
bert_sst2,5000,144,0.005177066793976537,0.0051015773683037,0.0034609532906009276,0.007684198426054465,0.0038533339157218825,0.01364760525211128
bert_sst2,5000,145,0.005177066793976537,0.005424524291722579,0.005176279073387371,0.009626936385189475,0.006111695266117307,0.016329551775198247
bert_sst2,5000,146,0.005177066793976537,0.004592055276924876,0.003538488347384499,0.007630531026181055,0.004428249399362683,0.014812093637776157
bert_sst2,5000,147,0.005177066793976537,0.004949995448554841,0.003858278765777701,0.0076327874482892445,0.004109798119886482,0.015891576532367786
bert_sst2,5000,148,0.005177066793976537,0.005278042807341394,0.0034622796947507014,0.008170993149970657,0.004652666233083421,0.015469939405062567
bert_sst2,5000,149,0.005177066793976537,0.007879013690146378,0.002893225725290439,0.008386535919497014,0.004290806896656887,0.015574019747211709
bert_sst2,5000,150,0.005177066793976537,0.004853800318219711,0.004058122656785109,0.0075532695978066154,0.0049769500355608546,0.015102897266540384
bert_sst2,5000,151,0.005177066793976537,0.005642878149152346,0.0027633280986788427,0.00784380404908683,0.003809111869653928,0.014491210910189518
bert_sst2,5000,152,0.005177066793976537,0.005466372022554789,0.0033800838148743866,0.006656182199200036,0.0041758204593833085,0.014424038258356205
bert_sst2,5000,153,0.005177066793976537,0.006793103049305259,0.003778309685528849,0.008216262354811722,0.0045619119748250446,0.014349523179351047
bert_sst2,5000,154,0.005177066793976537,0.006438679275134042,0.006217423361756583,0.010005756353050153,0.0070617497702318895,0.019154677415998904
bert_sst2,5000,155,0.005177066793976537,0.005338660599619986,0.004128488281105779,0.007948586456112416,0.004958279983259824,0.01531695666999965
bert_sst2,5000,156,0.005177066793976537,0.005982660314239279,0.004473193502094921,0.00816634610960926,0.005710896128028202,0.01628806410392088
bert_sst2,5000,157,0.005177066793976537,0.006158330987945212,0.004621153720123046,0.008118272582980694,0.005063570426653362,0.015538012356148014
bert_sst2,5000,158,0.005177066793976537,0.0025316419657546428,0.0033653895743317196,0.007081316661067141,0.0041988038445592915,0.013909870742173107
bert_sst2,5000,159,0.005177066793976537,0.007893889488192588,0.004980215608557215,0.010026395864755384,0.006373583533203181,0.017292351533197272
bert_sst2,5000,160,0.005177066793976537,0.006290311556891321,0.0048436429120508355,0.009017848590422794,0.005143419972984156,0.015110441617526733
bert_sst2,5000,161,0.005177066793976537,0.007505623487983596,0.0037892275297117285,0.009430889855506783,0.004900353440646501,0.016166134659804918
bert_sst2,5000,162,0.005177066793976537,0.0057494700611250334,0.003221802238947367,0.007553174269447339,0.003755349711573888,0.013910326146860543
bert_sst2,5000,163,0.005177066793976537,0.00632320605710465,0.0037768405636608307,0.008653413771819229,0.005227606475976213,0.015809039997550407
bert_sst2,5000,164,0.005177066793976537,0.003981922344392552,0.003122144868113845,0.006573430803087703,0.0033613052909039756,0.012248416889387721
bert_sst2,5000,165,0.005177066793976537,0.006130924646879093,0.004320613200223903,0.008916027269508572,0.0053532374651031394,0.01582259533319014
bert_sst2,5000,166,0.005177066793976537,0.004997104682718153,0.0039539707304107954,0.0071422457804116895,0.0046057607173285225,0.0141653709607617
bert_sst2,5000,167,0.005177066793976537,0.00608973225274305,0.0035023595886751403,0.0071429262286830525,0.004003314930601939,0.014339617967651036
bert_sst2,5000,168,0.005177066793976537,0.00419859989171128,0.0034190042436810205,0.007564781583288151,0.004712369527657701,0.014144181416699703
bert_sst2,5000,169,0.005177066793976537,0.007487606646261379,0.0034980558669410558,0.0083402550158244,0.004163328840461683,0.015373766816290654
bert_sst2,5000,170,0.005177066793976537,0.005571619437819391,0.0036962628782978976,0.007957437713217072,0.004959384554988076,0.015252178289940617
bert_sst2,5000,171,0.005177066793976537,0.004682907947356937,0.004235310506171774,0.008789075877184981,0.00560905818738952,0.016193728419768422
bert_sst2,5000,172,0.005177066793976537,0.004680174191912831,0.004938138239217246,0.009079940145109877,0.005855687289865772,0.015904776577950964
bert_sst2,5000,173,0.005177066793976537,0.004656830310523975,0.003124156070633673,0.006962091664066575,0.004504496250934298,0.014293695527908696
bert_sst2,5000,174,0.005177066793976537,0.006933512333225829,0.004647721831334684,0.008724104752641728,0.005276526205043294,0.01609119585375623
bert_sst2,5000,175,0.005177066793976537,0.0047245771540675744,0.0033251874701874496,0.007185939820657154,0.0039018637947986585,0.01405849946859364
bert_sst2,5000,176,0.005177066793976537,0.007099805679255354,0.0038723479180819897,0.007554520214829133,0.004554299008102106,0.015366360291369003
bert_sst2,5000,177,0.005177066793976537,0.006209163220038607,0.004397615713772368,0.0082891805947254,0.005569695758033506,0.016615337674043308
bert_sst2,5000,178,0.005177066793976537,0.006134707839964454,0.0037251259547331126,0.008937744336334963,0.004778503935449481,0.016543437851973427
bert_sst2,5000,179,0.005177066793976537,0.004343849177406521,0.0033333777522860483,0.008138609686999308,0.004316871711907636,0.015118480756722555
bert_sst2,5000,180,0.005177066793976537,0.008227367974809564,0.0045579658552931295,0.008840119554062699,0.005675118241939019,0.015884213853738668
bert_sst2,5000,181,0.005177066793976537,0.004059302125501652,0.004165860450266411,0.007670709936556825,0.004707292756855941,0.014684326997303264
bert_sst2,5000,182,0.005177066793976537,0.005559727426860728,0.0029395867139031685,0.007030948954269856,0.0037260057171415025,0.013731842385613174
bert_sst2,5000,183,0.005177066793976537,0.008889498430036145,0.00443465827383606,0.009212452067401889,0.005997829994215925,0.016590221093033878
bert_sst2,5000,184,0.005177066793976537,0.00580760128910797,0.004258158181016364,0.008942385975657318,0.005324074388353318,0.015881985219624074
bert_sst2,5000,185,0.005177066793976537,0.004803849270530666,0.0033608080552279397,0.007310224084661568,0.004357933688881492,0.014803040792609674
bert_sst2,5000,186,0.005177066793976537,0.004935205770793581,0.0038262997689350407,0.008670399282157903,0.004730091453157113,0.014874935814531899
bert_sst2,5000,187,0.005177066793976537,0.0044061161348578955,0.003514444259480408,0.007366090594052163,0.004262601130938171,0.013648368044989163
bert_sst2,5000,188,0.005177066793976537,0.003459048867881346,0.003177163747699408,0.006784646113059217,0.003875652013165038,0.012600693584097237
bert_sst2,5000,189,0.005177066793976537,0.003857386229100277,0.003009550744653531,0.008164143537767284,0.004366616889539839,0.01523840146080232
bert_sst2,5000,190,0.005177066793976537,0.004710576106986324,0.002339666242265019,0.006439352087160244,0.0034477294148397776,0.013538972427057138
bert_sst2,5000,191,0.005177066793976537,0.003301224111048402,0.0030384979125839644,0.007013014060884969,0.004011563242921397,0.014150387501248033
bert_sst2,5000,192,0.005177066793976537,0.004738825575018969,0.0036963452004531486,0.0070688514209143564,0.00402388990456988,0.01516893221451391
bert_sst2,5000,193,0.005177066793976537,0.006164086137601568,0.0032987001726840666,0.007617041514959303,0.004777689793280766,0.014399839287758781
bert_sst2,5000,194,0.005177066793976537,0.005593912119649673,0.0036379762883353233,0.007980355280872885,0.004677186526182805,0.015140690648651714
bert_sst2,5000,195,0.005177066793976537,0.005732597500371868,0.0028457005358813936,0.006809276209119018,0.003737423352562738,0.01330403798816
bert_sst2,5000,196,0.005177066793976537,0.005146071375375079,0.003622343645085358,0.00860690504684369,0.0043177404521208195,0.015498546877593306
bert_sst2,5000,197,0.005177066793976537,0.00574457492727388,0.003663695145913591,0.007802024432760193,0.004599997477208625,0.014940067127578357
bert_sst2,5000,198,0.005177066793976537,0.005273567161931136,0.002904123791629207,0.007406242417301496,0.003412379745835478,0.013597978137323706
bert_sst2,5000,199,0.005177066793976537,0.003544838504612291,0.003495603088793109,0.006878728970556915,0.004073981107778081,0.013135761620187964
bert_sst2,7500,0,0.005177066793976537,0.004820433594537906,0.0034983816571771678,0.00786710075554269,0.005161079003950237,0.014911699655148913
bert_sst2,7500,1,0.005177066793976537,0.003531138927453172,0.002829060151487701,0.0065277697285153645,0.0036842722286396365,0.013387514759083287
bert_sst2,7500,2,0.005177066793976537,0.005360675683963594,0.003656491385400307,0.007295448593504456,0.004604208444128334,0.014962093081062696
bert_sst2,7500,3,0.005177066793976537,0.005460182988902058,0.003490910943996204,0.006960098959372635,0.004129625602337949,0.014234337267264072
bert_sst2,7500,4,0.005177066793976537,0.004676685198154083,0.003659278983154699,0.007344721885731514,0.004840025889613218,0.014559778499347566
bert_sst2,7500,5,0.005177066793976537,0.004989825579421102,0.0036845215149916627,0.007572261963124977,0.004926182653708293,0.015732305668279257
bert_sst2,7500,6,0.005177066793976537,0.0042465654052698115,0.003330136141237236,0.0074131784261342384,0.004612598513605869,0.015054927594844116
bert_sst2,7500,7,0.005177066793976537,0.005416126027560678,0.0036779353780860054,0.00786762362151166,0.0047333203671059525,0.015637395016635056
bert_sst2,7500,8,0.005177066793976537,0.00631599709827078,0.003870248642970237,0.0075095042417888,0.00448871425818603,0.01457620287029093
bert_sst2,7500,9,0.005177066793976537,0.007697131252777568,0.0038813230261068045,0.008536391267948494,0.005405655365406963,0.015680129570418023
bert_sst2,7500,10,0.005177066793976537,0.002986660840179867,0.0027073158550105676,0.006528951213893101,0.0037515842555135045,0.013621905690888107
bert_sst2,7500,11,0.005177066793976537,0.007810749062024547,0.0037646138576291673,0.008264762874657662,0.0048143070263320775,0.01555077936011951
bert_sst2,7500,12,0.005177066793976537,0.00824195907920902,0.003625768672865958,0.008068005906575854,0.005029169209641763,0.016185642550314315
bert_sst2,7500,13,0.005177066793976537,0.006491836764127895,0.00429629852849083,0.008030055005467584,0.005274920280339437,0.015849482026186457
bert_sst2,7500,14,0.005177066793976537,0.005255167601311666,0.003142380372669278,0.007228835908953186,0.0046182363889120575,0.014246415725956352
bert_sst2,7500,15,0.005177066793976537,0.005929934194848346,0.003546453817064788,0.008119262663462929,0.004557699117714044,0.01557195888886883
bert_sst2,7500,16,0.005177066793976537,0.005388213568489366,0.003616775456258545,0.00827498732274292,0.005030485727903897,0.01554318688276557
bert_sst2,7500,17,0.005177066793976537,0.0053661816843544536,0.0033255555778941293,0.0068449063500228054,0.003965434153105264,0.013656368117485168
bert_sst2,7500,18,0.005177066793976537,0.0052635348411638585,0.0037158312327584125,0.007593362730578539,0.004935437363849251,0.014766820638509643
bert_sst2,7500,19,0.005177066793976537,0.0059279011943039655,0.005171747455715706,0.009368084574817028,0.006359382628724565,0.01723711208512296
bert_sst2,7500,20,0.005177066793976537,0.0051852481298051735,0.0032812122787082925,0.006727913336658604,0.004309587191911976,0.01520055816579643
bert_sst2,7500,21,0.005177066793976537,0.005295328227894165,0.004051389413573649,0.008592051794441653,0.005317545238186551,0.015668854322406067
bert_sst2,7500,22,0.005177066793976537,0.005122155679548559,0.0037646871344766313,0.008000894756032965,0.004454549972112341,0.015454443817313292
bert_sst2,7500,23,0.005177066793976537,0.006214836465908199,0.0033965456375986453,0.007525439397188973,0.004344642258255682,0.015105819589351152
bert_sst2,7500,24,0.005177066793976537,0.005148322525832941,0.0037711513357535907,0.006794582575266863,0.004288295678728758,0.014880121337510599
bert_sst2,7500,25,0.005177066793976537,0.004888595227682841,0.003870079109662528,0.007793361296550513,0.004401599523457062,0.0147689515167136
bert_sst2,7500,26,0.005177066793976537,0.004031460709139934,0.003213059990643899,0.00802784439288334,0.004363183803016286,0.015198838777080032
bert_sst2,7500,27,0.005177066793976537,0.004401101220623752,0.0034419641679940697,0.006637336869787478,0.004329574206673025,0.014123454961474737
bert_sst2,7500,28,0.005177066793976537,0.0036501373131596275,0.0031125810431888823,0.007893802535195189,0.004324156118400638,0.014681592179941107
bert_sst2,7500,29,0.005177066793976537,0.006961488744454334,0.0032257718056823764,0.007637828981599633,0.004492897845977337,0.015798003125702734
bert_sst2,7500,30,0.005177066793976537,0.006451173792647006,0.0035832249989633477,0.007534113744159251,0.004928722065036406,0.014381552874838008
bert_sst2,7500,31,0.005177066793976537,0.004799338365451325,0.0032323280430360617,0.0069890052096059805,0.004077451596096608,0.014514735778216114
bert_sst2,7500,32,0.005177066793976537,0.0051288475639047456,0.004094438662629414,0.008204821180015505,0.004983908600008225,0.01582809894545591
bert_sst2,7500,33,0.005177066793976537,0.005184535852543705,0.0033538036375946245,0.006488982544237377,0.003767973743166109,0.014839960184538507
bert_sst2,7500,34,0.005177066793976537,0.005029502184367023,0.002834490633320891,0.007140185333909373,0.00352002772138871,0.014520711362128983
bert_sst2,7500,35,0.005177066793976537,0.007117133325718407,0.0038830393704296657,0.007794775183628988,0.004979402608226115,0.015511032589171383
bert_sst2,7500,36,0.005177066793976537,0.004375259435387319,0.0039373852363165,0.008029947364111088,0.0046672842514783215,0.01572785395630428
bert_sst2,7500,37,0.005177066793976537,0.007365735265962267,0.004027865103147899,0.00822871750685608,0.005121620714407779,0.015975824490876294
bert_sst2,7500,38,0.005177066793976537,0.005690502630039891,0.0036218783913541334,0.0072431010530010775,0.004569097425248581,0.014807834311610615
bert_sst2,7500,39,0.005177066793976537,0.004864246454189866,0.0033466833485938964,0.007042333259085217,0.004163203555381462,0.01388088600668319
bert_sst2,7500,40,0.005177066793976537,0.0053901389914393985,0.0033843432733116838,0.007087479662988859,0.0038595873273315987,0.014972142920940006
bert_sst2,7500,41,0.005177066793976537,0.006407258582066484,0.004067579864095423,0.00796583877172735,0.005427718917409595,0.015848714201596083
bert_sst2,7500,42,0.005177066793976537,0.005617649119138049,0.003543922562197213,0.007976171322003574,0.004146551570105286,0.015210755281373382
bert_sst2,7500,43,0.005177066793976537,0.004325038390364273,0.003270858250802704,0.0075429477902410925,0.004147065061967798,0.015205987440447996
bert_sst2,7500,44,0.005177066793976537,0.006807000241732168,0.004057398811034801,0.008075087938654036,0.0048494773825874206,0.016705267977786722
bert_sst2,7500,45,0.005177066793976537,0.004624785135933531,0.003551886236293295,0.007391228632808546,0.004334340842454729,0.015344329910960235
bert_sst2,7500,46,0.005177066793976537,0.005938229796989964,0.003370712954337785,0.0076059271693039955,0.004186651964438044,0.014933795302660197
bert_sst2,7500,47,0.005177066793976537,0.006146028807122038,0.004416543118872344,0.008766834248055898,0.005760873279144034,0.0161937444802948
bert_sst2,7500,48,0.005177066793976537,0.006070871702783311,0.004632734414667741,0.007917204043734574,0.005221904281217216,0.015155641995385775
bert_sst2,7500,49,0.005177066793976537,0.005106472675475859,0.004029325841821408,0.008429960930773745,0.005309805196147949,0.015900149080582234
bert_sst2,7500,50,0.005177066793976537,0.00416062594895154,0.00303328967053224,0.007157740495764084,0.004280504731844071,0.015024192131539073
bert_sst2,7500,51,0.005177066793976537,0.00578547793193427,0.0037771217432032793,0.006942082417536724,0.00453327840303486,0.014823475652802351
bert_sst2,7500,52,0.005177066793976537,0.00632466865634056,0.003907338103430549,0.00799110053796343,0.005076860695810117,0.015724156387471686
bert_sst2,7500,53,0.005177066793976537,0.00455542173123191,0.003941571117434946,0.007863311193269516,0.00467340606308634,0.015292562360095735
bert_sst2,7500,54,0.005177066793976537,0.0051690363697829145,0.00319956470612084,0.006584356009223421,0.004177111019610457,0.01375687725019549
bert_sst2,7500,55,0.005177066793976537,0.005297389101858984,0.0033419014988141957,0.00772180168065579,0.004547985367826177,0.014845532988184251
bert_sst2,7500,56,0.005177066793976537,0.0034413897423964243,0.002630858903469459,0.006295949495243734,0.003161661268675384,0.01376431310785484
bert_sst2,7500,57,0.005177066793976537,0.004012279085337835,0.0030477993996848923,0.00669375919281593,0.004016504787700427,0.014104790480495332
bert_sst2,7500,58,0.005177066793976537,0.007333756576244119,0.0034164261884082627,0.008357510166862408,0.004580250728329254,0.016763103756797293
bert_sst2,7500,59,0.005177066793976537,0.004656988471525975,0.0038813682019237968,0.007551280118028273,0.00528320643680046,0.01577003136574956
bert_sst2,7500,60,0.005177066793976537,0.005217592133812339,0.003973781107864237,0.007854422523834736,0.005015815184151658,0.01572731149210891
bert_sst2,7500,61,0.005177066793976537,0.006557588241208554,0.003480496817225262,0.008854243563867766,0.005004652863928843,0.016193343203421137
bert_sst2,7500,62,0.005177066793976537,0.0032153560789267973,0.0030056032599095114,0.006764860928029369,0.0035888384147647785,0.013958826546634507
bert_sst2,7500,63,0.005177066793976537,0.0033190594725600064,0.0029456250409974818,0.006610454866292605,0.003976128956180119,0.013524335455521033
bert_sst2,7500,64,0.005177066793976537,0.004293695306024476,0.0035252992326374167,0.007439045646927025,0.00458290053785933,0.015439846860738262
bert_sst2,7500,65,0.005177066793976537,0.005008562918350409,0.0038705385831491,0.0073823706960944625,0.004751926312924021,0.01483312407397592
bert_sst2,7500,66,0.005177066793976537,0.005583879860782066,0.003209600023082804,0.006727740838326117,0.004009576680038136,0.014373664623990035
bert_sst2,7500,67,0.005177066793976537,0.0026701499024383507,0.0028748602047204926,0.006607716646544302,0.003859130200559398,0.013383671357670355
bert_sst2,7500,68,0.005177066793976537,0.004971778410538453,0.0032915421766119874,0.007067427098162443,0.0042012208117404295,0.014716744484672207
bert_sst2,7500,69,0.005177066793976537,0.007465388770608976,0.004528816769467335,0.008946780057621891,0.005644509797695129,0.016926397078329092
bert_sst2,7500,70,0.005177066793976537,0.004998703440566421,0.003961095253693438,0.008570088686394736,0.004966647006600342,0.015979812667162287
bert_sst2,7500,71,0.005177066793976537,0.0073585559171322696,0.004285735347678824,0.008521373656404839,0.005386094536692701,0.016816323707025658
bert_sst2,7500,72,0.005177066793976537,0.0036612079950661116,0.003207494475361339,0.006406879842287546,0.0041970024687553184,0.012979864872428831
bert_sst2,7500,73,0.005177066793976537,0.004158361836109697,0.003207002046369231,0.007782935070610129,0.004090682616012174,0.014380653313322582
bert_sst2,7500,74,0.005177066793976537,0.003470880952493714,0.003166121038079701,0.006592569217947713,0.0040469308689218796,0.013989391875736928
bert_sst2,7500,75,0.005177066793976537,0.006619449466961131,0.0044825919594270545,0.008097757013429466,0.005010933891508027,0.01557761228234252
bert_sst2,7500,76,0.005177066793976537,0.0035589499440937702,0.003326825759076956,0.0071811011096849335,0.004777609371818204,0.015291814757644108
bert_sst2,7500,77,0.005177066793976537,0.00553320506674438,0.0034523931528112816,0.007804980476428461,0.004341562415415061,0.01574393756344174
bert_sst2,7500,78,0.005177066793976537,0.005558197831143611,0.003498851490936489,0.0068253597867969865,0.004264795164046153,0.015345740539396942
bert_sst2,7500,79,0.005177066793976537,0.004977850959477417,0.0033404721811698926,0.0074060501947946075,0.00478411268888103,0.014334281073466357
bert_sst2,7500,80,0.005177066793976537,0.0025036619403009386,0.00308951475747992,0.006887332656251182,0.004224271704758459,0.014389550136269403
bert_sst2,7500,81,0.005177066793976537,0.005264118220593926,0.00411121566625627,0.008299130499203423,0.005324055756514589,0.01593548561629518
bert_sst2,7500,82,0.005177066793976537,0.00763712954283151,0.003897669635166475,0.008099744611319425,0.005094456194613389,0.016545506565608346
bert_sst2,7500,83,0.005177066793976537,0.006362326127058999,0.003434409308330021,0.007856956550617892,0.004424801765784623,0.015844184333154557
bert_sst2,7500,84,0.005177066793976537,0.00799349861611364,0.0036657797813296686,0.008757870013535798,0.004949710690783596,0.01597455296357093
bert_sst2,7500,85,0.005177066793976537,0.00582054594283162,0.0039420712988838995,0.007330036586961978,0.004870891221423229,0.01550185279362708
bert_sst2,7500,86,0.005177066793976537,0.006492799659522865,0.003597583565920016,0.007916359089837554,0.0045604202455468415,0.016086432851005868
bert_sst2,7500,87,0.005177066793976537,0.0056093117056559075,0.0042291876338931035,0.00704789480749856,0.0050797151405073595,0.015899979122379483
bert_sst2,7500,88,0.005177066793976537,0.007115424604755808,0.004095818736596205,0.008385851909186462,0.005421898353248469,0.015701295553655157
bert_sst2,7500,89,0.005177066793976537,0.006209104996736567,0.0034994307930768173,0.007106863364810471,0.004297229081386957,0.014634802540626407
bert_sst2,7500,90,0.005177066793976537,0.005415534038747932,0.003968709958792831,0.008577257340519102,0.005324692085793181,0.016001275824491755
bert_sst2,7500,91,0.005177066793976537,0.005768752710188888,0.0044357051376970906,0.007982748301930576,0.005366323692160226,0.015253252824900886
bert_sst2,7500,92,0.005177066793976537,0.0057312570061016765,0.004527657591698575,0.008011460276936104,0.005193938406167104,0.015846962426467517
bert_sst2,7500,93,0.005177066793976537,0.0030494049688355213,0.003296383658719401,0.006553585430125349,0.003994943083963349,0.014146003861918024
bert_sst2,7500,94,0.005177066793976537,0.003800750448704025,0.003260166927915197,0.00749872040302164,0.004082724501577766,0.015126143844808683
bert_sst2,7500,95,0.005177066793976537,0.003793212588459561,0.003572933667476571,0.007553619743770915,0.004337049982992132,0.014318923451109862
bert_sst2,7500,96,0.005177066793976537,0.004839733928964357,0.003992411484007316,0.007840325794210989,0.004788162553174116,0.01597913919306322
bert_sst2,7500,97,0.005177066793976537,0.006042404961882386,0.0033033160056188293,0.007165510617789971,0.003911949237720553,0.015259440257006405
bert_sst2,7500,98,0.005177066793976537,0.0034420678265588496,0.003464602453344736,0.006891784769060484,0.004427638947003644,0.014744207701910709
bert_sst2,7500,99,0.005177066793976537,0.004583356054796805,0.0040159625553006055,0.007428807024100438,0.004881325163050587,0.014240882086060764
bert_sst2,7500,100,0.005177066793976537,0.002322022319125428,0.003255120022934238,0.006104412910622869,0.004047631648814797,0.014437128501575523
bert_sst2,7500,101,0.005177066793976537,0.006840830783049682,0.004035654267076301,0.008469031361465809,0.005805037602367741,0.01561496923721362
bert_sst2,7500,102,0.005177066793976537,0.0052076069307383345,0.0035456235362232294,0.008007365366902915,0.005236643942027745,0.015368011788858452
bert_sst2,7500,103,0.005177066793976537,0.003979570127922203,0.0028561213506160424,0.006657874336513628,0.0036978906912601126,0.014733316881553528
bert_sst2,7500,104,0.005177066793976537,0.004647953045775358,0.0037867415279718565,0.008516464726428684,0.005040884859607896,0.015541665298713475
bert_sst2,7500,105,0.005177066793976537,0.005459468841948754,0.004018564169798332,0.0078399829041884,0.004976136526458471,0.015079706980690897
bert_sst2,7500,106,0.005177066793976537,0.0048339374134015525,0.0030182740993227727,0.007299283325158814,0.004528556031949298,0.013732877058326664
bert_sst2,7500,107,0.005177066793976537,0.005012817718387612,0.0036028013506975666,0.007513724519886817,0.004759698369395544,0.015545929428730837
bert_sst2,7500,108,0.005177066793976537,0.002693030033471592,0.0030427810857098303,0.005782736697950509,0.0037712306523153237,0.012653139825956214
bert_sst2,7500,109,0.005177066793976537,0.005785087797853516,0.0041979387401020795,0.00792649217944639,0.005255075721649647,0.015770725354743154
bert_sst2,7500,110,0.005177066793976537,0.00639307834645608,0.003292377214377945,0.007633423463328684,0.004606725993878087,0.01524741825331909
bert_sst2,7500,111,0.005177066793976537,0.006766448727446202,0.0034160221247025975,0.007739761540816073,0.004229222775414264,0.015111509414521763
bert_sst2,7500,112,0.005177066793976537,0.005128294572475473,0.0030490465616750985,0.007421425638226349,0.003977494721103219,0.015197167462621142
bert_sst2,7500,113,0.005177066793976537,0.0039503616993398424,0.0033862011904805174,0.006575609090435098,0.004025313036694587,0.014732185882356927
bert_sst2,7500,114,0.005177066793976537,0.003911084315411821,0.003996974815960214,0.007632453568186793,0.004958552947681702,0.01518819693073638
bert_sst2,7500,115,0.005177066793976537,0.004915198663275149,0.003457186051213848,0.007974920655549568,0.004247777408548471,0.013936476229343714
bert_sst2,7500,116,0.005177066793976537,0.005921865534173003,0.003630535459668776,0.008117933478847726,0.004782411501849811,0.014882058779728367
bert_sst2,7500,117,0.005177066793976537,0.0053336626150459,0.0037584164682659647,0.00785121352311909,0.0045753260267977335,0.014666063539063882
bert_sst2,7500,118,0.005177066793976537,0.004438262436344832,0.004300984761796204,0.007960527997247212,0.004983487993695311,0.014517241968379802
bert_sst2,7500,119,0.005177066793976537,0.0031632630779040768,0.004259769497076388,0.008298553580335004,0.004879313590254682,0.014874758308910769
bert_sst2,7500,120,0.005177066793976537,0.004245921115391409,0.0032095995634809655,0.006882668393517768,0.0041928289123598726,0.01430319932544874
bert_sst2,7500,121,0.005177066793976537,0.008710594469905965,0.003747543822024648,0.008347140052471566,0.005289966711973372,0.016309853739887428
bert_sst2,7500,122,0.005177066793976537,0.004945638397282455,0.0032536705107651044,0.006848365472820023,0.004414836898183673,0.014557420703125715
bert_sst2,7500,123,0.005177066793976537,0.0061870452170690446,0.004720606652047468,0.009287448982969446,0.005140401229366765,0.01647262875619275
bert_sst2,7500,124,0.005177066793976537,0.0019891208695404735,0.0025379618533616626,0.006592587240712433,0.003695347294397338,0.01350165847303008
bert_sst2,7500,125,0.005177066793976537,0.005497127860730812,0.003985195797401401,0.008551462413401021,0.005379810363148884,0.016442477865411233
bert_sst2,7500,126,0.005177066793976537,0.006044863371973486,0.0036994980387665397,0.008008246099744421,0.004828393035041923,0.015184539655567668
bert_sst2,7500,127,0.005177066793976537,0.006478021147124592,0.004917858937815717,0.00894478567779753,0.005778622678116151,0.016067515509166328
bert_sst2,7500,128,0.005177066793976537,0.005556840817195885,0.0035433064059530225,0.00738101735410897,0.004483624406954687,0.013767732555259175
bert_sst2,7500,129,0.005177066793976537,0.0039424361990592766,0.003009300384986798,0.007408888037391446,0.00439540034716922,0.015067575354859485
bert_sst2,7500,130,0.005177066793976537,0.002591331077102559,0.00241712675953962,0.0066395635600325605,0.003640008955273987,0.013003366665849727
bert_sst2,7500,131,0.005177066793976537,0.006051777550708047,0.004555217188142907,0.008539594490972824,0.005463863039411425,0.01700324442682861
bert_sst2,7500,132,0.005177066793976537,0.0029130141213065935,0.0034781488434251955,0.008121534088785165,0.004580840069842655,0.01461023789502517
bert_sst2,7500,133,0.005177066793976537,0.0056711310412463235,0.003083778549889339,0.007130169574573919,0.004452726666574327,0.01563156554474202
bert_sst2,7500,134,0.005177066793976537,0.0031411880620350117,0.002656014082330425,0.006307727231335701,0.003570653195082004,0.012900879525567044
bert_sst2,7500,135,0.005177066793976537,0.005944077089953299,0.004252157177687213,0.008596691961431636,0.005500130896269738,0.015589121297603033
bert_sst2,7500,136,0.005177066793976537,0.004108003258563192,0.0024511758746244396,0.006118073416687336,0.0032689117474016803,0.012997807853978992
bert_sst2,7500,137,0.005177066793976537,0.007337792012798346,0.0038430290155692217,0.007358193671236167,0.004902129647251092,0.015735240301307837
bert_sst2,7500,138,0.005177066793976537,0.0049594093330725085,0.003921578689837264,0.008576068964144591,0.005571718994986531,0.016026084718944983
bert_sst2,7500,139,0.005177066793976537,0.004162616621211484,0.0030968410830184228,0.007165540021383276,0.004193811772362322,0.01451086560761807
bert_sst2,7500,140,0.005177066793976537,0.004217687814133453,0.002858762974196754,0.007124601681086843,0.004104482077547469,0.014027901772231382
bert_sst2,7500,141,0.005177066793976537,0.0027003105939875775,0.002860760120310071,0.006505110250514043,0.0038613671466552787,0.01355281574722096
bert_sst2,7500,142,0.005177066793976537,0.004097998176525012,0.0029243530651009548,0.006497877725524964,0.0034920714947529186,0.014125921132196923
bert_sst2,7500,143,0.005177066793976537,0.008278708941758075,0.004144268620544509,0.00822176044982826,0.004570526171794858,0.01638813029942048
bert_sst2,7500,144,0.005177066793976537,0.0050124851479759515,0.0031177312128073853,0.007001881514183894,0.004025802170278635,0.01443989948828993
bert_sst2,7500,145,0.005177066793976537,0.005813291204439119,0.003923207170431754,0.008343719923409858,0.005175426275223755,0.016220924932356696
bert_sst2,7500,146,0.005177066793976537,0.006506556207122664,0.00380949066424642,0.008124535342385917,0.004788906758514867,0.0160749742774091
bert_sst2,7500,147,0.005177066793976537,0.004429088591575934,0.004032628965741879,0.007438904756470058,0.004720695667706995,0.014125805032886855
bert_sst2,7500,148,0.005177066793976537,0.00516169120788879,0.002970558544908695,0.0075443837314687085,0.004639418127982782,0.015073601527113643
bert_sst2,7500,149,0.005177066793976537,0.0024195208556491133,0.0035034939487657846,0.007064646937429556,0.004268627253125433,0.013262293400534489
bert_sst2,7500,150,0.005177066793976537,0.007748281096971188,0.0045070929710959015,0.009037677556710644,0.005729014136707362,0.017005416172895985
bert_sst2,7500,151,0.005177066793976537,0.003865923080527622,0.0032031034773689613,0.007136847795754157,0.004162430340637974,0.01386577510424353
bert_sst2,7500,152,0.005177066793976537,0.0029770928400138694,0.0036125264454115067,0.007345023690210572,0.0048499993021803274,0.014972255314056673
bert_sst2,7500,153,0.005177066793976537,0.005855612385268426,0.0038491350271180995,0.008105555596827895,0.004907810465919375,0.016201103962412672
bert_sst2,7500,154,0.005177066793976537,0.006296358232021203,0.0033725281471445726,0.006990426959396853,0.003984645862047967,0.014679310396723903
bert_sst2,7500,155,0.005177066793976537,0.005420427363015722,0.004057104542467807,0.008396142281746148,0.005258793535883415,0.014542326985839276
bert_sst2,7500,156,0.005177066793976537,0.00581744051499777,0.004106600790685119,0.007287869470147062,0.004642359822468719,0.014866293592808307
bert_sst2,7500,157,0.005177066793976537,0.005459227335419321,0.0035123793541451584,0.00777057013931609,0.004614097952554607,0.014798144717655013
bert_sst2,7500,158,0.005177066793976537,0.0048319437648788035,0.004619092379816851,0.00878230296187796,0.005858257820139642,0.01648024792262502
bert_sst2,7500,159,0.005177066793976537,0.004534696651914564,0.003523520289703872,0.007454180422346638,0.00474514640979073,0.015540421212265057
bert_sst2,7500,160,0.005177066793976537,0.007509017082285999,0.004491168178431406,0.00891462631367627,0.0056991974994932025,0.017071578719464863
bert_sst2,7500,161,0.005177066793976537,0.0061013846616558565,0.0034162522025194316,0.0072932807612909436,0.004819227512733876,0.015008567895110724
bert_sst2,7500,162,0.005177066793976537,0.005391272103787667,0.004398378943132145,0.008708187787343818,0.00561901177782275,0.015992300524525115
bert_sst2,7500,163,0.005177066793976537,0.004168560880869481,0.002918637067833021,0.006370404822176267,0.003728012668556895,0.01430262128169691
bert_sst2,7500,164,0.005177066793976537,0.00430879535229633,0.0035044670889424374,0.00696897611747705,0.004109776503557932,0.013962768710365997
bert_sst2,7500,165,0.005177066793976537,0.005282121743978242,0.00392358277072405,0.008703239123646784,0.0052272329609441785,0.01604044756985064
bert_sst2,7500,166,0.005177066793976537,0.00983450081782348,0.0038205562614131647,0.008904352528770722,0.0050712716475470035,0.016622589517660713
bert_sst2,7500,167,0.005177066793976537,0.0066334114451006825,0.0033398306338659972,0.007758163680679405,0.004481733607221623,0.015523881197297388
bert_sst2,7500,168,0.005177066793976537,0.005955998398426251,0.003917089170917686,0.007803917564966704,0.005104284632067298,0.015148687058170402
bert_sst2,7500,169,0.005177066793976537,0.0036322059544732646,0.0034880034497177855,0.007433469567646995,0.0044732791925848015,0.014839779156582855
bert_sst2,7500,170,0.005177066793976537,0.006434652467605945,0.0046193658378121645,0.008844953082131478,0.005377006749992081,0.01659586954575346
bert_sst2,7500,171,0.005177066793976537,0.0052242012127961665,0.0032935762715435076,0.0074322949453804995,0.004472954472267402,0.014546784971606927
bert_sst2,7500,172,0.005177066793976537,0.006968617317469569,0.004063809255524946,0.008184279820827787,0.00463375430712749,0.015364723322827656
bert_sst2,7500,173,0.005177066793976537,0.005803793120048467,0.0025168247393496613,0.006696845658750508,0.003715872561832438,0.01417085145426804
bert_sst2,7500,174,0.005177066793976537,0.0041435791677527905,0.003124413509979756,0.006661641684900892,0.004071392013772198,0.014354069878034021
bert_sst2,7500,175,0.005177066793976537,0.004856013945587302,0.0031089177181745893,0.006781786978763419,0.004279776915668857,0.014451444333553368
bert_sst2,7500,176,0.005177066793976537,0.006759062795424041,0.004363986492940283,0.009292268568843192,0.005355710466373188,0.017126298898415382
bert_sst2,7500,177,0.005177066793976537,0.003653710118128178,0.00382487146476188,0.008508064435966209,0.005282489489940514,0.015464884932449038
bert_sst2,7500,178,0.005177066793976537,0.004241254476488757,0.003292226777310579,0.007169591211758462,0.004148539659927142,0.014710141942896222
bert_sst2,7500,179,0.005177066793976537,0.004337814811043571,0.0037323263852002786,0.007121310033417962,0.004321835305438095,0.01491212119428363
bert_sst2,7500,180,0.005177066793976537,0.0056184800007835255,0.004425637941779619,0.008333381839082612,0.005598808626590007,0.015882958292728636
bert_sst2,7500,181,0.005177066793976537,0.006627945856836941,0.003005593230606492,0.007291285053659434,0.004027789779941677,0.014945658289862976
bert_sst2,7500,182,0.005177066793976537,0.005659621715546691,0.003339584324117155,0.008289893393486,0.005054427428299748,0.01536056297574942
bert_sst2,7500,183,0.005177066793976537,0.003950561994144695,0.00329762563115379,0.006855512091989671,0.0041208076027831365,0.014546686766356148
bert_sst2,7500,184,0.005177066793976537,0.00848894396032417,0.0046570919459093165,0.010054524009860278,0.006141189594516661,0.01847041189466779
bert_sst2,7500,185,0.005177066793976537,0.005219065430977869,0.0033370901497344475,0.006558742792498395,0.004293291169138996,0.01446128415077681
bert_sst2,7500,186,0.005177066793976537,0.005645353936672329,0.004286785487071906,0.007849021370719252,0.004946551247965641,0.015363237177237398
bert_sst2,7500,187,0.005177066793976537,0.005268745021058116,0.0034638440917653178,0.007632585458863589,0.004684830643293618,0.014809605326069192
bert_sst2,7500,188,0.005177066793976537,0.005278258304393557,0.004928084836785021,0.008639394810022247,0.0056939383196272135,0.016057710414885566
bert_sst2,7500,189,0.005177066793976537,0.004105981009748653,0.0035657930745676765,0.007483629266603656,0.004772972475237094,0.015062883635533722
bert_sst2,7500,190,0.005177066793976537,0.004298562797205909,0.004261408629561265,0.007769221052603815,0.005056757823140557,0.01551871752142446
bert_sst2,7500,191,0.005177066793976537,0.004741569967305105,0.00290027129582066,0.006668146880400872,0.0038636802743057877,0.014088947762817602
bert_sst2,7500,192,0.005177066793976537,0.006819735842948875,0.0040406054392029414,0.0081678691687233,0.004858393850151231,0.015282045808432005
bert_sst2,7500,193,0.005177066793976537,0.0058848673395344355,0.002912165996172043,0.007043709413423928,0.0034158979804332886,0.014541340769660694
bert_sst2,7500,194,0.005177066793976537,0.005200969751933741,0.004238377864260048,0.009222747949267647,0.005565063241879076,0.015398607576467065
bert_sst2,7500,195,0.005177066793976537,0.00475234199194061,0.0025574885517480727,0.005706451124484936,0.003286795003103503,0.013979262435160253
bert_sst2,7500,196,0.005177066793976537,0.007520830015593727,0.004116894923657512,0.008122316061934034,0.005470851108728013,0.016203538937353483
bert_sst2,7500,197,0.005177066793976537,0.004900951261601173,0.003158262856061643,0.006610771893447265,0.0038134793992784665,0.015277966137482573
bert_sst2,7500,198,0.005177066793976537,0.0060200349679404574,0.003533489782687531,0.007603084186770053,0.004765407768553892,0.01487274661962242
bert_sst2,7500,199,0.005177066793976537,0.004167024754430452,0.0028605524658910737,0.006409546444058627,0.003723673082017903,0.013722018517614223
bert_sst2,10000,0,0.005177066793976537,0.006075293026533528,0.0035317977913787487,0.007037579544235662,0.004232807007694672,0.014390937615032452
bert_sst2,10000,1,0.005177066793976537,0.00451747724725215,0.003786249907068976,0.007683109062038738,0.004846287048196163,0.015441472625651063
bert_sst2,10000,2,0.005177066793976537,0.004982602968697622,0.003631961985119098,0.0075170598557610085,0.0051612577189935295,0.015427457383924023
bert_sst2,10000,3,0.005177066793976537,0.0070133576008447815,0.004022700773146019,0.007913955471833708,0.005031594539771141,0.015908120756059945
bert_sst2,10000,4,0.005177066793976537,0.006327474076826536,0.0035498763208240487,0.007926033267383621,0.004504782907723781,0.016110956693087437
bert_sst2,10000,5,0.005177066793976537,0.006242893560890179,0.003071838898635864,0.0069874364334541715,0.004011450473392902,0.014147036079247619
bert_sst2,10000,6,0.005177066793976537,0.004425172602292782,0.003115748166470091,0.007089917914591226,0.004133854405308059,0.014865505328037017
bert_sst2,10000,7,0.005177066793976537,0.005859111550431068,0.004337323606186159,0.008370479107665517,0.005751685817271,0.015812220510943113
bert_sst2,10000,8,0.005177066793976537,0.004789967759145642,0.003869043556150102,0.007640980856301511,0.004838698112047475,0.015859763582540366
bert_sst2,10000,9,0.005177066793976537,0.0055791218566087365,0.003932014546451646,0.008036285890647903,0.0048112295769166535,0.01595222708777429
bert_sst2,10000,10,0.005177066793976537,0.0051742295063472174,0.003250407683756706,0.006917044682341764,0.004220967844438587,0.014614683424022133
bert_sst2,10000,11,0.005177066793976537,0.00397721416967035,0.003207752946071004,0.007587749557294579,0.00413055944048215,0.015537040676952427
bert_sst2,10000,12,0.005177066793976537,0.005034405478709158,0.003693463157564007,0.007882157824163386,0.004696173089099032,0.015162556100439378
bert_sst2,10000,13,0.005177066793976537,0.00678498892273774,0.003711295296416675,0.007504885566280828,0.004896574537105437,0.015555354393352169
bert_sst2,10000,14,0.005177066793976537,0.004715653919376849,0.0034943302462136787,0.006702955718777955,0.004436874003379066,0.014808137011220445
bert_sst2,10000,15,0.005177066793976537,0.006368985514804386,0.003804496142449997,0.007510471264936194,0.004830829755835756,0.015305841533929276
bert_sst2,10000,16,0.005177066793976537,0.006502608873737209,0.003856643787436261,0.007286783182065069,0.005235773562646213,0.01562808395731555
bert_sst2,10000,17,0.005177066793976537,0.004580309087318922,0.003744590354459324,0.007668366688526877,0.005079035435712624,0.015063857733061984
bert_sst2,10000,18,0.005177066793976537,0.007400087308123133,0.0036518522062680796,0.0073346995989602565,0.004651511592029561,0.014939590250512265
bert_sst2,10000,19,0.005177066793976537,0.004451375764098833,0.0034297851217355776,0.007081808432175227,0.004583905412668867,0.014516042854477072
bert_sst2,10000,20,0.005177066793976537,0.0060229029616232005,0.003734098093993715,0.008326360261663153,0.004883814171422432,0.015736686614950052
bert_sst2,10000,21,0.005177066793976537,0.004751831130302857,0.0035816886897486206,0.007311400085068507,0.004667541770933002,0.014714395905405162
bert_sst2,10000,22,0.005177066793976537,0.006774428349782397,0.0044764707537907275,0.008856981898218983,0.006135140267117466,0.016836368324286113
bert_sst2,10000,23,0.005177066793976537,0.0040394727155643835,0.00313052335825628,0.006539166715398191,0.003935153610687409,0.013891146228216406
bert_sst2,10000,24,0.005177066793976537,0.0034078620738984037,0.003008524423736474,0.006511268884076911,0.0036502776787427846,0.014677406348788455
bert_sst2,10000,25,0.005177066793976537,0.006618911454134809,0.004574660978376669,0.007891270822356695,0.005030390559969222,0.017165851126893176
bert_sst2,10000,26,0.005177066793976537,0.0059967165381516795,0.003487748523951141,0.007359720676003488,0.0047254554817718775,0.016324005966578833
bert_sst2,10000,27,0.005177066793976537,0.003331716359826053,0.0038128683895472188,0.007346050214394263,0.004649315382971884,0.014721956290325933
bert_sst2,10000,28,0.005177066793976537,0.005773292547899394,0.003901568655643408,0.008470563756131186,0.004858016275103693,0.016705253019609095
bert_sst2,10000,29,0.005177066793976537,0.0037325148364611926,0.002789579445010181,0.006381335628497954,0.0037785465166667465,0.014865060081327855
bert_sst2,10000,30,0.005177066793976537,0.006360511538793646,0.0034855778761748676,0.00728628475003854,0.004255265594494892,0.015071866969014849
bert_sst2,10000,31,0.005177066793976537,0.005281717388728165,0.00393210033268814,0.007939701746391683,0.004875546395614871,0.015850446025653258
bert_sst2,10000,32,0.005177066793976537,0.004900444275320468,0.003952962821318347,0.0070751012355131865,0.004999162027841924,0.014437895287766546
bert_sst2,10000,33,0.005177066793976537,0.006510047304111035,0.003676807053575821,0.007795804378970984,0.004715386337731014,0.01551835455887638
bert_sst2,10000,34,0.005177066793976537,0.004393619171380789,0.00359558895687533,0.007126814395966908,0.00437327078774091,0.014556922081385862
bert_sst2,10000,35,0.005177066793976537,0.004249824730297096,0.0029719333496660504,0.00684347901776526,0.0036173594838530866,0.014179748868587165
bert_sst2,10000,36,0.005177066793976537,0.004124001606578566,0.0031659226777320383,0.006703787104870719,0.004017648330176496,0.014581192453675906
bert_sst2,10000,37,0.005177066793976537,0.005028480620599248,0.0035466024207649314,0.007479077382529587,0.004558845905545388,0.015563445772658975
bert_sst2,10000,38,0.005177066793976537,0.003036697884438691,0.004164992697301914,0.007410747689998796,0.00541558565418241,0.014979626291963985
bert_sst2,10000,39,0.005177066793976537,0.005243556758175638,0.003751118682828903,0.00682976376904842,0.00474407012254196,0.01488045030619218
bert_sst2,10000,40,0.005177066793976537,0.0066521199249355845,0.00389332924872672,0.007640012008881103,0.005097452332605649,0.015608235315156992
bert_sst2,10000,41,0.005177066793976537,0.005662440336006473,0.0031940826021353654,0.007147123874482944,0.004440592938569684,0.01490178281645507
bert_sst2,10000,42,0.005177066793976537,0.004424714128830976,0.003798650086647262,0.007132960029520152,0.004732176988464445,0.01479399000264239
bert_sst2,10000,43,0.005177066793976537,0.005880378935920106,0.003474314871677911,0.006893490790500111,0.004271358405378684,0.015207601671051733
bert_sst2,10000,44,0.005177066793976537,0.00649995683759245,0.003663822792134263,0.007524066829091917,0.004682981532810694,0.015560477340694646
bert_sst2,10000,45,0.005177066793976537,0.005760183608794679,0.003548762264125928,0.007143889686423663,0.004022950396051177,0.015179934798116938
bert_sst2,10000,46,0.005177066793976537,0.005489066312876891,0.003677276018593799,0.008234212889290172,0.0050998726377920935,0.015799851259318667
bert_sst2,10000,47,0.005177066793976537,0.004688449598717403,0.0035201911093135215,0.007218901146388099,0.004553402382361171,0.014655489922590744
bert_sst2,10000,48,0.005177066793976537,0.005652800186438511,0.0030731907894531348,0.006638642523815222,0.003982884956881738,0.014298929741188644
bert_sst2,10000,49,0.005177066793976537,0.0031743220600032305,0.0030442674913223025,0.006500412477413529,0.003784027422551557,0.013279379866096529
bert_sst2,10000,50,0.005177066793976537,0.004417338365056642,0.003024074919157698,0.006570800514009955,0.004036474237810855,0.015299289893798869
bert_sst2,10000,51,0.005177066793976537,0.004058063709788695,0.0029728476793990334,0.006588997108605704,0.003874972074526403,0.014402871796978576
bert_sst2,10000,52,0.005177066793976537,0.00694457418927029,0.003942481997709582,0.007877907932713134,0.004951761515883502,0.015992686544311588
bert_sst2,10000,53,0.005177066793976537,0.005148373472542717,0.003451194615576408,0.00798126152565604,0.0047386572692713754,0.015756880115594018
bert_sst2,10000,54,0.005177066793976537,0.0047723739119127796,0.0041349585785146,0.007854613049471777,0.005143718184375703,0.01515947804850578
bert_sst2,10000,55,0.005177066793976537,0.007249566872487503,0.0030048081386622794,0.007354003997059709,0.004145813863389076,0.014951538633962216
bert_sst2,10000,56,0.005177066793976537,0.004805390368045383,0.0033186184505447046,0.006518966508773182,0.004435817756556181,0.014269641175588368
bert_sst2,10000,57,0.005177066793976537,0.005672710098290341,0.0036297059306175015,0.007317099664469716,0.00459542518595181,0.015464638625695384
bert_sst2,10000,58,0.005177066793976537,0.006711997453327145,0.0042846673350243475,0.008659899501214116,0.005259114066716453,0.016766600320418563
bert_sst2,10000,59,0.005177066793976537,0.0061744862036314995,0.0034439085715321422,0.007823984264767303,0.004856920371127567,0.015578132371314368
bert_sst2,10000,60,0.005177066793976537,0.0045802654347425606,0.0030517881890316676,0.006238567404472281,0.0038368866458517127,0.01387186999909392
bert_sst2,10000,61,0.005177066793976537,0.005091846343623365,0.0038941504795526965,0.007426165291734917,0.004686489313390257,0.014944403535922928
bert_sst2,10000,62,0.005177066793976537,0.006703781770524722,0.004001894685769504,0.007819436789206286,0.005073511349646698,0.015605787523181933
bert_sst2,10000,63,0.005177066793976537,0.004637109772446382,0.003925838626936878,0.007787664429250367,0.004480730500601621,0.015079826058449685
bert_sst2,10000,64,0.005177066793976537,0.005463873124462215,0.003170658913659977,0.006725844151153634,0.0041428271844828725,0.014682413559537512
bert_sst2,10000,65,0.005177066793976537,0.005340083911527687,0.003499032423408567,0.006932280707927008,0.00453617309653101,0.014534270219977212
bert_sst2,10000,66,0.005177066793976537,0.007777899115479661,0.004288064668334445,0.008338003544840492,0.005724092097124662,0.016784484627301272
bert_sst2,10000,67,0.005177066793976537,0.006509446764267004,0.003561745578680095,0.007330110658179734,0.004309447052149244,0.014701631171530276
bert_sst2,10000,68,0.005177066793976537,0.005845906810519054,0.0037437702181275503,0.0075959444755571166,0.00453749658898303,0.014917379093457332
bert_sst2,10000,69,0.005177066793976537,0.005956938098803566,0.004060319328362109,0.007592149649375115,0.005004094776069312,0.014723653740427035
bert_sst2,10000,70,0.005177066793976537,0.004566677173200434,0.0031691561862946505,0.007074129309753787,0.004380021860065024,0.014921649195030456
bert_sst2,10000,71,0.005177066793976537,0.005356259873571809,0.00406365631337514,0.007464070850113316,0.004928375239305127,0.016109454360275832
bert_sst2,10000,72,0.005177066793976537,0.005051614009741258,0.0032806704207101905,0.0073835582041930775,0.004134713542099406,0.01448339513146754
bert_sst2,10000,73,0.005177066793976537,0.005752222404901504,0.003636040907657293,0.007546770588718057,0.004908531731316614,0.015416404130579368
bert_sst2,10000,74,0.005177066793976537,0.0047383478436017175,0.0031615379359945786,0.006823601394377078,0.0040028287144994144,0.014605300808225986
bert_sst2,10000,75,0.005177066793976537,0.00536817608921837,0.003386241799395557,0.007895029204202092,0.00474552827872594,0.015539978672349377
bert_sst2,10000,76,0.005177066793976537,0.004454434092995767,0.003079906889463559,0.007195034232179744,0.004247146307940554,0.014724072137209212
bert_sst2,10000,77,0.005177066793976537,0.006192941331057878,0.004039207799580592,0.00800457515797072,0.005157492389890772,0.01644809499384895
bert_sst2,10000,78,0.005177066793976537,0.008472491114707678,0.003503784901414391,0.007457744044575257,0.004588587795405516,0.015886006246926678
bert_sst2,10000,79,0.005177066793976537,0.004115548097061696,0.003526837702220248,0.007130011440902301,0.004193740464832413,0.014375201094690886
bert_sst2,10000,80,0.005177066793976537,0.004312558441321053,0.003611489343626242,0.007547581801089434,0.004777051860638358,0.015318084152254288
bert_sst2,10000,81,0.005177066793976537,0.005562702377132627,0.004099897510212101,0.008315146111525921,0.0051055130181774395,0.016346517964931476
bert_sst2,10000,82,0.005177066793976537,0.0031369179342591474,0.003566520579718439,0.007132295366277297,0.004530143727518558,0.014483177848124727
bert_sst2,10000,83,0.005177066793976537,0.005029399258458965,0.002968424047470638,0.006584579480906869,0.003815304648373636,0.014227239790545175
bert_sst2,10000,84,0.005177066793976537,0.006083273426789307,0.004172101997240092,0.0077068110039167186,0.004548856116853485,0.015639882043812788
bert_sst2,10000,85,0.005177066793976537,0.00434154515627236,0.003846819078590499,0.006919799889950519,0.005008835886724789,0.014738109891700605
bert_sst2,10000,86,0.005177066793976537,0.004959586056570145,0.0034213732458065267,0.006625195704906735,0.004479366574640515,0.014778688991581914
bert_sst2,10000,87,0.005177066793976537,0.0074505140079193,0.004325638320538213,0.008265833490089258,0.0051551540267121155,0.016515957120869017
bert_sst2,10000,88,0.005177066793976537,0.004986787016060814,0.003735726755003066,0.007631566439206642,0.004658989315058978,0.01534843535391605
bert_sst2,10000,89,0.005177066793976537,0.005491927942538595,0.0038629942648578356,0.007830508082897883,0.004763976506689344,0.015887577042101465
bert_sst2,10000,90,0.005177066793976537,0.006588968529893186,0.0043304120344723925,0.007925613429737693,0.005211185527563471,0.01543633692725371
bert_sst2,10000,91,0.005177066793976537,0.005503377119254054,0.0037741896940080813,0.008085640110179274,0.0049346385231296055,0.016681013533940577
bert_sst2,10000,92,0.005177066793976537,0.007159960493703413,0.0036542355434525087,0.007383209636268447,0.004594621133308501,0.015509701189668296
bert_sst2,10000,93,0.005177066793976537,0.005537526191710406,0.0038198991803962477,0.008191862051898592,0.004835816459612606,0.016594992051791654
bert_sst2,10000,94,0.005177066793976537,0.007380949281936091,0.0033762507393524754,0.007462021277287638,0.004228633631450586,0.015926384186222182
bert_sst2,10000,95,0.005177066793976537,0.0044033853993971795,0.003132005668718513,0.0063792454281758225,0.003877336113471896,0.013725691436123892
bert_sst2,10000,96,0.005177066793976537,0.0046594893694258815,0.0034310108633774897,0.006751894990605004,0.004407272380457163,0.0150342401296137
bert_sst2,10000,97,0.005177066793976537,0.005872914972022218,0.003920428591226956,0.00834274792951204,0.005855991292728803,0.01638255154874666
bert_sst2,10000,98,0.005177066793976537,0.004287785207465727,0.0031436502778319896,0.006753134458478678,0.004143885390580984,0.014788483753709955
bert_sst2,10000,99,0.005177066793976537,0.004486899711613152,0.004254161542199482,0.007460055391532404,0.0050591122704800985,0.015346509878918146
bert_sst2,10000,100,0.005177066793976537,0.005742684175655009,0.0036029540958900067,0.007554823924448091,0.0046600894504654124,0.015275841825855334
bert_sst2,10000,101,0.005177066793976537,0.005586760004301034,0.0036819965641286105,0.0070042035355019185,0.004784658331296173,0.014742312998054497
bert_sst2,10000,102,0.005177066793976537,0.004216219630104129,0.0029092751740509588,0.005698265342069551,0.0034282429587430972,0.01445449208576019
bert_sst2,10000,103,0.005177066793976537,0.004792239149588769,0.003939968960869783,0.007596611129240842,0.004881417003914468,0.015488864468676923
bert_sst2,10000,104,0.005177066793976537,0.004480726860717071,0.0030463907844095603,0.006571341942481859,0.004118767426952757,0.014121023615589779
bert_sst2,10000,105,0.005177066793976537,0.003332598574762077,0.0034196868372170174,0.00703322858560428,0.00454575544645424,0.014391179882751255
bert_sst2,10000,106,0.005177066793976537,0.00689069456351069,0.003610609995395,0.007909175216664954,0.005185823628637516,0.015923055411905994
bert_sst2,10000,107,0.005177066793976537,0.007141965711360274,0.004069492423840924,0.008714016805370383,0.005081400508117853,0.016009071286194
bert_sst2,10000,108,0.005177066793976537,0.007943191461410369,0.003442458088033156,0.007757718817177062,0.004772181522195648,0.01632795545071009
bert_sst2,10000,109,0.005177066793976537,0.006979066607487371,0.003659169435069346,0.008186782674346466,0.004683912499302563,0.01681426419694138
bert_sst2,10000,110,0.005177066793976537,0.006569109461666316,0.003916406262671585,0.007583827502208736,0.005049305843438912,0.015020113672223936
bert_sst2,10000,111,0.005177066793976537,0.00753653364910744,0.004672476884932982,0.008444533693097897,0.005774815576585092,0.016490082256956334
bert_sst2,10000,112,0.005177066793976537,0.005679526163360285,0.0035891187373344293,0.008105676744258557,0.004795950196336642,0.015330576763036386
bert_sst2,10000,113,0.005177066793976537,0.006570676570640697,0.003653812076064838,0.007213728107682175,0.004408323854789635,0.015970658458157733
bert_sst2,10000,114,0.005177066793976537,0.0063035019570648046,0.0033618550694696023,0.0072496858751631916,0.004778943107781455,0.014841472931172276
bert_sst2,10000,115,0.005177066793976537,0.006575208819380691,0.003781009240699522,0.008317534780770533,0.005016783273008821,0.015991855257383905
bert_sst2,10000,116,0.005177066793976537,0.0035671576865433535,0.00405140730428757,0.007065234514543005,0.004436482210845645,0.014847513382714858
bert_sst2,10000,117,0.005177066793976537,0.007318481638158744,0.004657644742043474,0.00844374456944813,0.005641451497157906,0.015809069692103845
bert_sst2,10000,118,0.005177066793976537,0.005599609421583417,0.003052240283668141,0.006603562418396114,0.004117040028847757,0.014488906551372586
bert_sst2,10000,119,0.005177066793976537,0.00609314489431796,0.0036762419557483115,0.008121928710449117,0.004843328906708988,0.0157833800581751
bert_sst2,10000,120,0.005177066793976537,0.005735891766069131,0.0032614573950986918,0.007228970079958694,0.00425599848963891,0.015642428653656986
bert_sst2,10000,121,0.005177066793976537,0.004783346162413116,0.003843268277896119,0.007599162558194103,0.004915302124830953,0.01539491431993844
bert_sst2,10000,122,0.005177066793976537,0.006288419579855287,0.0040472575730594864,0.008406105178904902,0.0056224487917826155,0.015678403884001532
bert_sst2,10000,123,0.005177066793976537,0.006771355932276731,0.0038863731243377665,0.007918686692549514,0.004692594847751301,0.01592430885537362
bert_sst2,10000,124,0.005177066793976537,0.005273783354762214,0.0031268595748891533,0.00706875601768119,0.0042019280152960775,0.015209412397705057
bert_sst2,10000,125,0.005177066793976537,0.004812258980241985,0.002978206831562186,0.006642891843593489,0.0038670384686299206,0.014032330338098403
bert_sst2,10000,126,0.005177066793976537,0.005439119573661384,0.003715898741520412,0.007963240453437433,0.0046951706003263306,0.0160203505181731
bert_sst2,10000,127,0.005177066793976537,0.004639591749994188,0.0029057716844544963,0.006658736707028882,0.0037110695994182026,0.013373765119548346
bert_sst2,10000,128,0.005177066793976537,0.004261897593188597,0.0035225389075058946,0.007427585538677803,0.004549363122029731,0.015367368223593062
bert_sst2,10000,129,0.005177066793976537,0.0056024566121455595,0.004005006221808571,0.007776704288339143,0.005171342464297559,0.016281169842893996
bert_sst2,10000,130,0.005177066793976537,0.005393100930983372,0.003555212706860345,0.00829413755152898,0.004735636311172289,0.015299506836801357
bert_sst2,10000,131,0.005177066793976537,0.007427612235858512,0.0036244452149268493,0.007420144076269424,0.004381250700466923,0.015485790366959712
bert_sst2,10000,132,0.005177066793976537,0.00751743301188222,0.003243720681192162,0.007765571605036599,0.004409305740497159,0.017024537008254518
bert_sst2,10000,133,0.005177066793976537,0.004494531092604312,0.003180757108930639,0.006589378127894278,0.004355591204221054,0.014239926305475274
bert_sst2,10000,134,0.005177066793976537,0.005806949444698723,0.003720532959836402,0.007240291025429183,0.004725187238882839,0.016115329663486427
bert_sst2,10000,135,0.005177066793976537,0.004914781247431792,0.003913526266681396,0.0076089370349802996,0.0049118357795793445,0.015112027087517963
bert_sst2,10000,136,0.005177066793976537,0.0057203615517155875,0.003395936737657056,0.007333517084762836,0.004714135371795265,0.014298418417143077
bert_sst2,10000,137,0.005177066793976537,0.005932180787355878,0.0036369007458363664,0.007315713889586996,0.0048852229458413235,0.015328278736738647
bert_sst2,10000,138,0.005177066793976537,0.006842829716717505,0.004116687175783243,0.008299675762323894,0.005253908130723114,0.016529602535717974
bert_sst2,10000,139,0.005177066793976537,0.005613632939159767,0.0033020559122142767,0.007308918224097232,0.004325246085093184,0.014825586507491351
bert_sst2,10000,140,0.005177066793976537,0.00420257413329638,0.003117209120702255,0.006427489096096543,0.003811628436094873,0.014556208348359656
bert_sst2,10000,141,0.005177066793976537,0.006314114550477002,0.003356180619209871,0.00802230014480567,0.004451933771141529,0.015769870289525777
bert_sst2,10000,142,0.005177066793976537,0.006853194075949589,0.003976790563746741,0.007654988685865566,0.004901864975200728,0.015980390532256594
bert_sst2,10000,143,0.005177066793976537,0.004182797422860625,0.0036230367139806255,0.006483800778955226,0.004099551545313224,0.015463273203128892
bert_sst2,10000,144,0.005177066793976537,0.004508466240361899,0.0033295322198077996,0.007683797162199446,0.00490792916714636,0.015322243358275714
bert_sst2,10000,145,0.005177066793976537,0.006469286624049272,0.003923007083092103,0.00793647919972426,0.005130926456077645,0.01606609451216507
bert_sst2,10000,146,0.005177066793976537,0.006204984113533405,0.003732903629462411,0.007809922469181492,0.004763834820600885,0.01512658406246906
bert_sst2,10000,147,0.005177066793976537,0.009622564875563806,0.005074922467438082,0.009459063209354949,0.006116692505955321,0.017917799189488177
bert_sst2,10000,148,0.005177066793976537,0.004671230237572586,0.0036222139132205014,0.007769334625090763,0.004667839716615767,0.016282007262528823
bert_sst2,10000,149,0.005177066793976537,0.00643861006160944,0.003931980349285117,0.007831469019370128,0.004773341943331143,0.016623014449371653
bert_sst2,10000,150,0.005177066793976537,0.0031976573255705757,0.003409863229903288,0.006743516610279711,0.004359308822224522,0.014521039854319844
bert_sst2,10000,151,0.005177066793976537,0.005155773512387024,0.003681667607820918,0.007757960484055844,0.004850051658795206,0.015629788881237273
bert_sst2,10000,152,0.005177066793976537,0.00694953245565606,0.004075846362609739,0.007835176036467372,0.005458402143046841,0.017507699106764894
bert_sst2,10000,153,0.005177066793976537,0.005982031344681164,0.003916779341260984,0.00837629553732014,0.005141199321630621,0.015345305788095261
bert_sst2,10000,154,0.005177066793976537,0.005361127951608633,0.003964473217540839,0.007369952761420431,0.004941712242420269,0.015229805459910524
bert_sst2,10000,155,0.005177066793976537,0.003938334291486534,0.0029616763407677386,0.0060821193196068345,0.003444941367177524,0.014063436514339058
bert_sst2,10000,156,0.005177066793976537,0.006923752814606443,0.00443092182276501,0.008189964150799107,0.0053209630622078905,0.0160837226194424
bert_sst2,10000,157,0.005177066793976537,0.004910758468324719,0.0035517912494892126,0.007383988183376811,0.004878632865747852,0.015027622382317718
bert_sst2,10000,158,0.005177066793976537,0.005469175877893833,0.00363755799921156,0.007292514357041991,0.004507480405575399,0.015356630548554137
bert_sst2,10000,159,0.005177066793976537,0.006998953504056206,0.0038462787016680234,0.007457080019472979,0.004966792555356546,0.015451031553144328
bert_sst2,10000,160,0.005177066793976537,0.004112562254589863,0.0030262329304296914,0.006886702127269775,0.00432671434790865,0.013943350004846087
bert_sst2,10000,161,0.005177066793976537,0.006977889267164487,0.0036203857983253315,0.007528206673653802,0.004779647275413343,0.014740368733386229
bert_sst2,10000,162,0.005177066793976537,0.005287334050929354,0.0032720564926715027,0.006958247057543663,0.004456315081733915,0.014742771385782132
bert_sst2,10000,163,0.005177066793976537,0.0060979703860249345,0.004158339273751652,0.00806074625747166,0.005167106571821035,0.01573808348434859
bert_sst2,10000,164,0.005177066793976537,0.006046874185016868,0.003891750454548556,0.008528315673759381,0.005440174722573768,0.016793411929482402
bert_sst2,10000,165,0.005177066793976537,0.006174091809542894,0.00304757345933661,0.006696508474847886,0.004413608761342754,0.015303591437679133
bert_sst2,10000,166,0.005177066793976537,0.005096874060097215,0.0035264366244529975,0.007865189843112217,0.004986746446240863,0.0148976104048177
bert_sst2,10000,167,0.005177066793976537,0.004226631830532245,0.00269604490462526,0.0064836617280173885,0.003868451921649079,0.013977118902756722
bert_sst2,10000,168,0.005177066793976537,0.006179451308286442,0.0035755974374240464,0.007002299980391739,0.004515156198196531,0.01520072780640914
bert_sst2,10000,169,0.005177066793976537,0.004307417535816434,0.002839438119664795,0.0063885394076380365,0.003775524553020117,0.01398001566439808
bert_sst2,10000,170,0.005177066793976537,0.006958187020019966,0.003982973584728074,0.007915521264859175,0.00444980136020042,0.015861397763052527
bert_sst2,10000,171,0.005177066793976537,0.0057706455210104505,0.003586290922061552,0.007453702418748279,0.004724724214986944,0.015832143305133634
bert_sst2,10000,172,0.005177066793976537,0.004533476279484708,0.0029522162613109773,0.006943343888348901,0.004241758053469252,0.01427489708248187
bert_sst2,10000,173,0.005177066793976537,0.006470425138359499,0.003720420695038482,0.006792484384692952,0.004470355997777086,0.01591957759706965
bert_sst2,10000,174,0.005177066793976537,0.00491466019282687,0.004455106102201113,0.007494964056083367,0.0053528519540261025,0.015413831068660528
bert_sst2,10000,175,0.005177066793976537,0.003765983757745559,0.0035587077825685034,0.0075686533425838535,0.004425256522374924,0.014165446964613295
bert_sst2,10000,176,0.005177066793976537,0.005411161364971188,0.0034285865955336614,0.007867710316482571,0.004328929673820802,0.0158887966596035
bert_sst2,10000,177,0.005177066793976537,0.0026045945279943397,0.003347547926632408,0.006255156655592388,0.004288006219353966,0.013309956263277505
bert_sst2,10000,178,0.005177066793976537,0.007272892877893299,0.004338561915660347,0.007799688258718171,0.00532381972230545,0.015780693491827327
bert_sst2,10000,179,0.005177066793976537,0.005012826171353037,0.003624525936232077,0.007989554465765365,0.0047593552046821565,0.015138917369373785
bert_sst2,10000,180,0.005177066793976537,0.0056063822217980895,0.0039849209066220165,0.007897672454431957,0.0051386906211622315,0.01619971039305742
bert_sst2,10000,181,0.005177066793976537,0.002975887228247824,0.0035558900853151333,0.007056726337658296,0.004574657700560258,0.01414948216310472
bert_sst2,10000,182,0.005177066793976537,0.004707584535955114,0.004028135143587385,0.008298116548704517,0.005240762789629065,0.015882780605815123
bert_sst2,10000,183,0.005177066793976537,0.005433021159411274,0.0035423355411957013,0.00784311157745243,0.005108875159902623,0.015239904421997722
bert_sst2,10000,184,0.005177066793976537,0.005494182242146449,0.0034462492307375746,0.007030300050278516,0.004337034749167322,0.015646550835846724
bert_sst2,10000,185,0.005177066793976537,0.0047458161070163705,0.0036968318716446547,0.007200669087779329,0.004816845242576057,0.015269833839557146
bert_sst2,10000,186,0.005177066793976537,0.0043419380807264915,0.0030545959752066414,0.006433761559995306,0.0038966806605775814,0.014265169120820008
bert_sst2,10000,187,0.005177066793976537,0.0045765466653909246,0.003828757625831642,0.007773679987823409,0.00523651215033382,0.014737727052874667
bert_sst2,10000,188,0.005177066793976537,0.005597081593635041,0.003171241194668249,0.006919623159763736,0.004507325312829004,0.01613207530941187
bert_sst2,10000,189,0.005177066793976537,0.005066599157633075,0.00314547723917237,0.007129516414540562,0.004131715913250552,0.01456926577684354
bert_sst2,10000,190,0.005177066793976537,0.003627800025667127,0.0036261291927889455,0.008032541587308714,0.004849562528425113,0.01479700522420868
bert_sst2,10000,191,0.005177066793976537,0.004179810255813382,0.003203660183602789,0.006403622865834777,0.004041834256313992,0.014774407689643316
bert_sst2,10000,192,0.005177066793976537,0.005658882204896496,0.0036655953273511486,0.00789514038182018,0.004749809414347285,0.015782761431835417
bert_sst2,10000,193,0.005177066793976537,0.0048080986387480555,0.003346155737871829,0.0070109224267237286,0.0041516880905790995,0.015229420838965082
bert_sst2,10000,194,0.005177066793976537,0.005587249478945313,0.0036152894534807016,0.007210776395143482,0.0049040130121314664,0.015272686240513183
bert_sst2,10000,195,0.005177066793976537,0.0057199790259968835,0.004176491792697885,0.00822079672700204,0.004989071822434861,0.01705175514072746
bert_sst2,10000,196,0.005177066793976537,0.003795233935221065,0.0031760946527588495,0.007026982626520117,0.004121182601553779,0.014718815379733342
bert_sst2,10000,197,0.005177066793976537,0.0061655311066474905,0.0034098235563681475,0.007450963252555382,0.004916313493771954,0.014489425436184878
bert_sst2,10000,198,0.005177066793976537,0.005364500818490883,0.003022615908919114,0.00760280523163368,0.00402166203416523,0.015385169617501762
bert_sst2,10000,199,0.005177066793976537,0.004853673711589919,0.0038196211294967363,0.007359244834642062,0.004646002951651329,0.015017508290378902
