model,n,rep,reference,rank_ece,hist_10,hist_sqrt,hist_cube_root,hist_n_over_20
distilbert_sst2,100,0,0.014753896577923854,0.005287728255413251,0.01891264856491917,0.01891264856491917,0.0036614259858784746,0.0071905125993599025
distilbert_sst2,100,1,0.014753896577923854,0.03101153560826565,0.026718707249903887,0.026718707249903887,0.02007040001058577,0.02007040001058577
distilbert_sst2,100,2,0.014753896577923854,-0.0035131847904765947,0.007439058147900457,0.007439058147900457,0.006113850931549618,0.003357529974493893
distilbert_sst2,100,3,0.014753896577923854,0.004332755482930848,0.005417821891802885,0.005417821891802885,0.004901285647697999,0.004901285647697999
distilbert_sst2,100,4,0.014753896577923854,0.015156970442899598,0.009669066270769522,0.009669066270769522,0.004275244388146685,0.00884858640691657
distilbert_sst2,100,5,0.014753896577923854,-0.009028555469267658,0.012736492212563816,0.012736492212563816,0.0021880631031809196,0.0075834610028096845
distilbert_sst2,100,6,0.014753896577923854,0.02061042373828277,0.01820513296741861,0.01820513296741861,0.004500957445277998,0.009550956161382148
distilbert_sst2,100,7,0.014753896577923854,0.0006494427569433181,0.017096465145523043,0.017096465145523043,0.009499110442042385,0.011161499456062617
distilbert_sst2,100,8,0.014753896577923854,0.0031993442289608488,0.02776119015629072,0.02776119015629072,0.017815243076563517,0.02575365370864439
distilbert_sst2,100,9,0.014753896577923854,0.004267831831661856,0.021632462543969017,0.021632462543969017,0.00872488117815969,0.012070535487867637
distilbert_sst2,100,10,0.014753896577923854,0.00036378678259891303,0.005859810385371745,0.005859810385371745,0.005745321856501136,0.005745321856501136
distilbert_sst2,100,11,0.014753896577923854,-2.1343526981678075e-05,0.01659112024868351,0.01659112024868351,0.007534092816954423,0.010614216237062796
distilbert_sst2,100,12,0.014753896577923854,0.007267078943162082,0.011087467004971688,0.011087467004971688,0.004267076593106639,0.004267076593106639
distilbert_sst2,100,13,0.014753896577923854,0.0014277080276188124,0.02337680099230348,0.02337680099230348,0.011032246587080028,0.009640381182727469
distilbert_sst2,100,14,0.014753896577923854,0.0306462706611473,0.02225868872112195,0.02225868872112195,0.01883121379212996,0.020302303113084647
distilbert_sst2,100,15,0.014753896577923854,0.012313947619606557,0.0176805225434891,0.0176805225434891,0.006713989471026643,0.0041669432502692534
distilbert_sst2,100,16,0.014753896577923854,0.018475614417912282,0.022846019056176142,0.022846019056176142,0.015292511679498445,0.01796872123048092
distilbert_sst2,100,17,0.014753896577923854,0.018495619217860738,0.027486563902371558,0.027486563902371558,0.011437407067354768,0.015788411541739628
distilbert_sst2,100,18,0.014753896577923854,-0.007633620596118686,0.006021094183478338,0.006021094183478338,0.006021094183478338,0.006021094183478338
distilbert_sst2,100,19,0.014753896577923854,-0.00043653479019740705,0.009742737952151241,0.009742737952151241,0.002006591555230494,0.006390531213317208
distilbert_sst2,100,20,0.014753896577923854,0.0007250062272935776,0.010208165797770641,0.010208165797770641,0.006258496987276631,0.00709031922389599
distilbert_sst2,100,21,0.014753896577923854,0.0509031146127761,0.04418897610391293,0.04418897610391293,0.01671003750263839,0.024634980371133923
distilbert_sst2,100,22,0.014753896577923854,-0.0016286417797834634,0.011412412531433663,0.011412412531433663,0.010519567078085728,0.010428041923051768
distilbert_sst2,100,23,0.014753896577923854,0.025632261440173193,0.015923280464945688,0.015923280464945688,0.008848241735734192,0.01015007971905416
distilbert_sst2,100,24,0.014753896577923854,0.05593979414655829,0.022923146404467645,0.022923146404467645,0.02051927241939463,0.02051927241939463
distilbert_sst2,100,25,0.014753896577923854,0.009014568185744348,0.0024249189409130587,0.0024249189409130587,0.0019025255257353682,0.0019025255257353682
distilbert_sst2,100,26,0.014753896577923854,0.03724119389422396,0.03870625071291576,0.03870625071291576,0.02427745530723395,0.027940361012734987
distilbert_sst2,100,27,0.014753896577923854,0.019444187759697494,0.020860256657438004,0.020860256657438004,0.0149629861270582,0.019538028857039154
distilbert_sst2,100,28,0.014753896577923854,0.009631085878835453,0.013635908148460366,0.013635908148460366,0.007981815381026549,0.007981815381026549
distilbert_sst2,100,29,0.014753896577923854,0.012441958230500299,0.015318299468754404,0.015318299468754404,0.009013542258456235,0.009013542258456235
distilbert_sst2,100,30,0.014753896577923854,0.02389607497146591,0.020656731657107075,0.020656731657107075,0.017612956968941156,0.014602274509087295
distilbert_sst2,100,31,0.014753896577923854,0.03509725684882526,0.0196910845558501,0.0196910845558501,0.014089262805910044,0.01831114580775311
distilbert_sst2,100,32,0.014753896577923854,0.0078257529655848,0.036339639428981316,0.036339639428981316,0.011952893812090509,0.01395705608229799
distilbert_sst2,100,33,0.014753896577923854,0.011043266798516742,0.02272177338610049,0.02272177338610049,0.010479070399498663,0.017569766612298764
distilbert_sst2,100,34,0.014753896577923854,0.0499114390916357,0.04068882741701162,0.04068882741701162,0.03336431301753718,0.03116007976754711
distilbert_sst2,100,35,0.014753896577923854,0.01554846822547839,0.015209234660540274,0.015209234660540274,0.013288461514284344,0.013288461514284344
distilbert_sst2,100,36,0.014753896577923854,0.020039330694781386,0.02483609765435772,0.02483609765435772,0.017390009231602846,0.017390009231602846
distilbert_sst2,100,37,0.014753896577923854,0.03405802043345588,0.03279036836521738,0.03279036836521738,0.027480063723299697,0.027480063723299697
distilbert_sst2,100,38,0.014753896577923854,0.017989697386651304,0.021120969458992583,0.021120969458992583,0.018288973841807946,0.018288973841807946
distilbert_sst2,100,39,0.014753896577923854,-0.005650101208911091,0.02614627029903378,0.02614627029903378,0.012160385200009704,0.015139680989126804
distilbert_sst2,100,40,0.014753896577923854,0.021650301335332606,0.03323033706310682,0.03323033706310682,0.02657424244177288,0.02657424244177288
distilbert_sst2,100,41,0.014753896577923854,0.014485306289029663,0.019704986102889153,0.019704986102889153,0.009600572439990062,0.0148943648204785
distilbert_sst2,100,42,0.014753896577923854,0.023571302276837933,0.028608763374417742,0.028608763374417742,0.017771122696821465,0.015769570905468176
distilbert_sst2,100,43,0.014753896577923854,0.02044443522369301,0.031503068664739314,0.031503068664739314,0.018979186755816547,0.01965470597474028
distilbert_sst2,100,44,0.014753896577923854,0.0017112947962779857,0.010112718135047685,0.010112718135047685,0.009014235548705896,0.009742166371042322
distilbert_sst2,100,45,0.014753896577923854,0.011114885806083948,0.016275484096923493,0.016275484096923493,0.015379162898969376,0.01615427718014785
distilbert_sst2,100,46,0.014753896577923854,0.006526995064232424,0.011805444506735858,0.011805444506735858,0.004651920783980055,0.010145843076245862
distilbert_sst2,100,47,0.014753896577923854,0.0016033732470062945,0.009505975733515396,0.009505975733515396,0.005311442027736885,0.006211685428809526
distilbert_sst2,100,48,0.014753896577923854,0.021321354366716238,0.005158937320354046,0.005158937320354046,0.004357637861368689,0.004357637861368689
distilbert_sst2,100,49,0.014753896577923854,0.009536361487515448,0.019216621345771363,0.019216621345771363,0.013113336596830758,0.018936966029713703
distilbert_sst2,100,50,0.014753896577923854,0.019963836388139002,0.03351275677209372,0.03351275677209372,0.021145201360583153,0.029231649900138285
distilbert_sst2,100,51,0.014753896577923854,0.005310843533453458,0.013565451832088687,0.013565451832088687,0.009887298723578582,0.010433106335714213
distilbert_sst2,100,52,0.014753896577923854,0.06019493845260935,0.04645197937246337,0.04645197937246337,0.03180596839382757,0.03180596839382757
distilbert_sst2,100,53,0.014753896577923854,0.025666878495889577,0.006436362252903232,0.006436362252903232,0.006061711269384207,0.006061711269384207
distilbert_sst2,100,54,0.014753896577923854,0.011669575277857785,0.02146958379910173,0.02146958379910173,0.015532255899842196,0.021186671909179573
distilbert_sst2,100,55,0.014753896577923854,0.01743227758628003,0.027097339142217073,0.027097339142217073,0.01608653413926346,0.020760810626475598
distilbert_sst2,100,56,0.014753896577923854,0.01905130435866297,0.03793827291815815,0.03793827291815815,0.006659014811437261,0.005493396233583737
distilbert_sst2,100,57,0.014753896577923854,0.0023641885851734086,0.007063357410217585,0.007063357410217585,0.004596951127938396,0.004596951127938396
distilbert_sst2,100,58,0.014753896577923854,0.03872006360049684,0.027804893812119535,0.027804893812119535,0.026922267431214685,0.026922267431214685
distilbert_sst2,100,59,0.014753896577923854,-0.0001632338735597483,0.015911987657429322,0.015911987657429322,0.014456170171891998,0.015911987657429322
distilbert_sst2,100,60,0.014753896577923854,-0.014955373314274673,0.021456623139357485,0.021456623139357485,0.010935207087007131,0.010935207087007131
distilbert_sst2,100,61,0.014753896577923854,0.006466171082969497,0.021650894246533037,0.021650894246533037,0.012009804712732696,0.01192363811313439
distilbert_sst2,100,62,0.014753896577923854,0.017600448632171927,0.016253891330389847,0.016253891330389847,0.009404095515296118,0.00956295554192495
distilbert_sst2,100,63,0.014753896577923854,0.016537072178487787,0.018597450858282797,0.018597450858282797,0.009203607517905582,0.010048060725429965
distilbert_sst2,100,64,0.014753896577923854,0.001747109879646378,0.004533600789327571,0.004533600789327571,0.003367750960530864,0.003367750960530864
distilbert_sst2,100,65,0.014753896577923854,0.022010705176836072,0.03129348082086757,0.03129348082086757,0.02081430201906412,0.030184835909752124
distilbert_sst2,100,66,0.014753896577923854,0.013298877556356843,0.013968492782216534,0.013968492782216534,0.008552733189911276,0.01165099999332339
distilbert_sst2,100,67,0.014753896577923854,-0.003929868861102402,0.013422892782192424,0.013422892782192424,0.010126149752445707,0.01006095371906323
distilbert_sst2,100,68,0.014753896577923854,0.004430950030989556,0.02084644481558839,0.02084644481558839,0.011263388291789304,0.015408412637995588
distilbert_sst2,100,69,0.014753896577923854,0.025842726559503794,0.025640444812614897,0.025640444812614897,0.01782812165614725,0.017516595291083185
distilbert_sst2,100,70,0.014753896577923854,0.0428608936158083,0.03725929963727574,0.03725929963727574,0.017658255355336553,0.017658255355336553
distilbert_sst2,100,71,0.014753896577923854,0.010399497381129535,0.036215318962795465,0.036215318962795465,0.021202763612279275,0.03571163801229478
distilbert_sst2,100,72,0.014753896577923854,-0.004474611210925819,0.009018670844288123,0.009018670844288123,0.0026139660753301017,0.0026139660753301017
distilbert_sst2,100,73,0.014753896577923854,0.03265227716802458,0.014062529093182055,0.014062529093182055,0.014062529093182055,0.014062529093182055
distilbert_sst2,100,74,0.014753896577923854,0.017839297059838128,0.018725214017405775,0.018725214017405775,0.014106470549510492,0.014106470549510492
distilbert_sst2,100,75,0.014753896577923854,0.0026343638064329727,0.006536820237610768,0.006536820237610768,0.0036393614365871486,0.002357317859971696
distilbert_sst2,100,76,0.014753896577923854,0.010370500220649377,0.016594278821732287,0.016594278821732287,0.008431844081938077,0.009209579826472131
distilbert_sst2,100,77,0.014753896577923854,0.006864521287550961,0.005239022110242298,0.005239022110242298,0.005239022110242298,0.005239022110242298
distilbert_sst2,100,78,0.014753896577923854,0.025452053165709976,0.018015403928586516,0.018015403928586516,0.01428670482044135,0.018015403928586516
distilbert_sst2,100,79,0.014753896577923854,0.010630750748240065,0.029252360372696698,0.029252360372696698,0.019267847432500377,0.023570450909135742
distilbert_sst2,100,80,0.014753896577923854,0.007887624590222934,0.004925602103228573,0.004925602103228573,0.002213867692218234,0.0037181873668343684
distilbert_sst2,100,81,0.014753896577923854,0.004161612736385322,0.0054550793310960775,0.0054550793310960775,0.004984266726328642,0.0045307554783718465
distilbert_sst2,100,82,0.014753896577923854,0.015203276203936236,0.020584543161507166,0.020584543161507166,0.017630572465327243,0.016134829850906588
distilbert_sst2,100,83,0.014753896577923854,-0.007680716917370732,0.010682108027525396,0.010682108027525396,0.005395373887407662,0.006871789713847097
distilbert_sst2,100,84,0.014753896577923854,0.03234387754297177,0.025144144896786694,0.025144144896786694,0.014520812382770393,0.01943512780369259
distilbert_sst2,100,85,0.014753896577923854,0.006096341227845517,0.02339632765133574,0.02339632765133574,0.015949749162350146,0.022336793678502057
distilbert_sst2,100,86,0.014753896577923854,0.013079303464786824,0.011814420690859612,0.011814420690859612,0.003226855755175168,0.004764542060106611
distilbert_sst2,100,87,0.014753896577923854,0.015463910886210765,0.013512699422300564,0.013512699422300564,0.012178998054100231,0.013238590345788778
distilbert_sst2,100,88,0.014753896577923854,0.014004065452062493,0.01219328172077462,0.01219328172077462,0.010084266475859924,0.010980374943948257
distilbert_sst2,100,89,0.014753896577923854,0.014197665875208177,0.014015564606887358,0.014015564606887358,0.011176279047907314,0.011785235202235927
distilbert_sst2,100,90,0.014753896577923854,0.01961619568603571,0.03706108623715846,0.03706108623715846,0.012329904968056547,0.016789648143313695
distilbert_sst2,100,91,0.014753896577923854,0.009539638274789807,0.01601133472485605,0.01601133472485605,0.004046474542208078,0.009849308100670133
distilbert_sst2,100,92,0.014753896577923854,0.04117446046126174,0.030291368270973458,0.030291368270973458,0.01991316155393126,0.02569965105522752
distilbert_sst2,100,93,0.014753896577923854,0.008009812488760813,0.03968333314771437,0.03968333314771437,0.013091019507777663,0.021292687984482646
distilbert_sst2,100,94,0.014753896577923854,0.02506516335812849,0.013935294645794377,0.013935294645794377,0.006930604251177961,0.012997371650187859
distilbert_sst2,100,95,0.014753896577923854,0.0014902937684316358,0.007935432421018868,0.007935432421018868,0.007220992852838628,0.007220992852838628
distilbert_sst2,100,96,0.014753896577923854,0.0054864584926223705,0.015415264812928325,0.015415264812928325,0.008294884040302772,0.015341547298048932
distilbert_sst2,100,97,0.014753896577923854,0.005315174660850634,0.019563123640344796,0.019563123640344796,0.011089462644868759,0.016367025847128285
distilbert_sst2,100,98,0.014753896577923854,0.013924279304251575,0.019477231873381,0.019477231873381,0.012218449539187538,0.016493993748492287
distilbert_sst2,100,99,0.014753896577923854,-0.0008198139805963628,0.01109727467202869,0.01109727467202869,0.002988096672569251,0.006019673814302805
distilbert_sst2,100,100,0.014753896577923854,0.013768525749867748,0.02015519500375614,0.02015519500375614,0.016900773329444556,0.011371273740040266
distilbert_sst2,100,101,0.014753896577923854,0.0295849504078795,0.03436706887545351,0.03436706887545351,0.01803763936538862,0.029434469731456785
distilbert_sst2,100,102,0.014753896577923854,-0.00017220901705996134,0.009035011946136982,0.009035011946136982,0.008114169637482993,0.005455534105465923
distilbert_sst2,100,103,0.014753896577923854,0.00403286174798244,0.0200298733796705,0.0200298733796705,0.013467527303533722,0.01821007173996865
distilbert_sst2,100,104,0.014753896577923854,0.001536203052362205,0.022334091776535066,0.022334091776535066,0.009148455970868816,0.019471917312499525
distilbert_sst2,100,105,0.014753896577923854,0.01216225325154598,0.014027920081273997,0.014027920081273997,0.005775185599796891,0.007413811646700733
distilbert_sst2,100,106,0.014753896577923854,0.006879798396810157,0.001758740041692229,0.001758740041692229,0.0015429396380350557,0.0015429396380350557
distilbert_sst2,100,107,0.014753896577923854,0.02535241010716114,0.025080838016486102,0.025080838016486102,0.02060091082848818,0.02060091082848818
distilbert_sst2,100,108,0.014753896577923854,0.02713409093785952,0.014990143681547038,0.014990143681547038,0.011799620033587437,0.011799620033587437
distilbert_sst2,100,109,0.014753896577923854,0.004603011582824699,0.01788703062243567,0.01788703062243567,0.011721501298420426,0.01747276956055444
distilbert_sst2,100,110,0.014753896577923854,0.016149599142230967,0.012126485187295349,0.012126485187295349,0.0050746663761144905,0.005876790118007413
distilbert_sst2,100,111,0.014753896577923854,-0.0070231471038723695,0.01112847020532567,0.01112847020532567,0.003960662436903892,0.00681593855350523
distilbert_sst2,100,112,0.014753896577923854,0.012477808523021293,0.021804911624595736,0.021804911624595736,0.009173994487481473,0.014902169101478159
distilbert_sst2,100,113,0.014753896577923854,0.004640546456154826,0.0283917750063937,0.0283917750063937,0.016387574227121216,0.016387574227121216
distilbert_sst2,100,114,0.014753896577923854,0.017124256073099545,0.01625918090426216,0.01625918090426216,0.01475727670074935,0.011969338978240304
distilbert_sst2,100,115,0.014753896577923854,0.023651643894291113,0.011537110112878073,0.011537110112878073,0.01009365029542952,0.01009365029542952
distilbert_sst2,100,116,0.014753896577923854,0.00926736739029318,0.02811467857309528,0.02811467857309528,0.0034409932234753565,0.007970942739712578
distilbert_sst2,100,117,0.014753896577923854,0.02634684701652608,0.007630834997170246,0.007630834997170246,0.007630834997170246,0.007630834997170246
distilbert_sst2,100,118,0.014753896577923854,0.013876482229522617,0.019137009087262315,0.019137009087262315,0.011932911547441777,0.012762790759464038
distilbert_sst2,100,119,0.014753896577923854,0.013131742606321928,0.020268202418815794,0.020268202418815794,0.014720214660273156,0.012845033197584671
distilbert_sst2,100,120,0.014753896577923854,0.024603046919157632,0.024774073789941623,0.024774073789941623,0.015631398132366987,0.014064748179085457
distilbert_sst2,100,121,0.014753896577923854,0.002016385844147979,0.024354298598823265,0.024354298598823265,0.011452977596282693,0.01856389713732075
distilbert_sst2,100,122,0.014753896577923854,0.005232842099157791,0.010457505321262698,0.010457505321262698,0.004252517633601781,0.007817835556095486
distilbert_sst2,100,123,0.014753896577923854,0.011929650685016004,0.014884545002496107,0.014884545002496107,0.008852388733797043,0.008852388733797043
distilbert_sst2,100,124,0.014753896577923854,0.03305786207732276,0.02598125448004185,0.02598125448004185,0.014471245820258764,0.015268157745131725
distilbert_sst2,100,125,0.014753896577923854,0.0042990375914631965,0.037815075708809286,0.037815075708809286,0.017370661418033406,0.017715990846804648
distilbert_sst2,100,126,0.014753896577923854,0.011926050296754816,0.0173128083438893,0.0173128083438893,0.009520202196597367,0.015563684957105143
distilbert_sst2,100,127,0.014753896577923854,0.0166802118406829,0.01305375848840108,0.01305375848840108,0.007179862477241102,0.011383502810414926
distilbert_sst2,100,128,0.014753896577923854,-0.0014573404342319413,0.024341058600581823,0.024341058600581823,0.01810278419334974,0.01810278419334974
distilbert_sst2,100,129,0.014753896577923854,0.020604218140483428,0.021210385630449097,0.021210385630449097,0.013982126097400328,0.01353684219717052
distilbert_sst2,100,130,0.014753896577923854,0.007437821369812464,0.012707696786756255,0.012707696786756255,0.007451944952136642,0.01233322351769592
distilbert_sst2,100,131,0.014753896577923854,0.031619345180181974,0.02278925534507257,0.02278925534507257,0.02184488930200404,0.021910866958196426
distilbert_sst2,100,132,0.014753896577923854,0.0023340436271853363,0.01983968917954863,0.01983968917954863,0.008044648149727447,0.008044648149727447
distilbert_sst2,100,133,0.014753896577923854,0.01904715009952129,0.019232275431184546,0.019232275431184546,0.014704518433254469,0.01857775078580791
distilbert_sst2,100,134,0.014753896577923854,0.02170768113999712,0.019129492766600448,0.019129492766600448,0.011726263219244651,0.01091176671749226
distilbert_sst2,100,135,0.014753896577923854,0.03180469760519012,0.025504415026599773,0.025504415026599773,0.018653562526144495,0.019758271258621125
distilbert_sst2,100,136,0.014753896577923854,0.01810185319071958,0.012652284952322203,0.012652284952322203,0.012652284952322203,0.012652284952322203
distilbert_sst2,100,137,0.014753896577923854,0.00879162269318369,0.004389560769958754,0.004389560769958754,0.003404895628531199,0.003404895628531199
distilbert_sst2,100,138,0.014753896577923854,-0.0020538704164662826,0.008592470715609672,0.008592470715609672,0.006606448104987763,0.006606448104987763
distilbert_sst2,100,139,0.014753896577923854,0.01969269309037755,0.025617542365068947,0.025617542365068947,0.011024559432801222,0.013172145097229082
distilbert_sst2,100,140,0.014753896577923854,0.008246844492167595,0.0038399732064869985,0.0038399732064869985,0.002939984334817367,0.0035226083897901576
distilbert_sst2,100,141,0.014753896577923854,-0.0035717088584799983,0.01501591431660494,0.01501591431660494,0.013907723322423906,0.01493675257378176
distilbert_sst2,100,142,0.014753896577923854,0.05324789950322944,0.03793902401183903,0.03793902401183903,0.030243323856060343,0.030243323856060343
distilbert_sst2,100,143,0.014753896577923854,0.012868822071398863,0.02473747310207043,0.02473747310207043,0.012310863921464549,0.01769176100333246
distilbert_sst2,100,144,0.014753896577923854,-0.00011254819065980138,0.014994246517175444,0.014994246517175444,0.008814180500044778,0.013823255045351347
distilbert_sst2,100,145,0.014753896577923854,0.008071010538295072,0.009686280300281657,0.009686280300281657,0.0019577436423217614,0.00855335493004407
distilbert_sst2,100,146,0.014753896577923854,0.020484702515676197,0.02142732750114637,0.02142732750114637,0.011116750008131558,0.01590008759199111
distilbert_sst2,100,147,0.014753896577923854,0.005074406991469344,0.018189569879382257,0.018189569879382257,0.014354939847965698,0.015848918072116313
distilbert_sst2,100,148,0.014753896577923854,0.020622258093451036,0.020588284864259357,0.020588284864259357,0.012604187388896479,0.009769953728652268
distilbert_sst2,100,149,0.014753896577923854,0.04074531234731718,0.02396982232646523,0.02396982232646523,0.013990647170638816,0.013990647170638816
distilbert_sst2,100,150,0.014753896577923854,0.032179125731596,0.03188311553049483,0.03188311553049483,0.01973503185514682,0.019853722419118137
distilbert_sst2,100,151,0.014753896577923854,0.02221616152042457,0.028334494019570205,0.028334494019570205,0.006572205252765329,0.009525018932538536
distilbert_sst2,100,152,0.014753896577923854,0.0016785192496163704,0.00951886199448025,0.00951886199448025,0.005061087237745077,0.009077847299810099
distilbert_sst2,100,153,0.014753896577923854,0.013360058713169125,0.03733454900869856,0.03733454900869856,0.019205851706198644,0.018692464492246097
distilbert_sst2,100,154,0.014753896577923854,0.006736182170347421,0.015143901352003523,0.015143901352003523,0.010934892805001126,0.013568508788747546
distilbert_sst2,100,155,0.014753896577923854,0.00713906736604089,0.008330196767062972,0.008330196767062972,0.007226568870758591,0.007226568870758591
distilbert_sst2,100,156,0.014753896577923854,0.011524190579332095,0.0196488123161891,0.0196488123161891,0.012804165770607443,0.012719050117717871
distilbert_sst2,100,157,0.014753896577923854,-0.0013902748357274273,0.005074273662865666,0.005074273662865666,0.0027224649252166368,0.004062522104226105
distilbert_sst2,100,158,0.014753896577923854,-0.0008865177329642832,0.017081152200586133,0.017081152200586133,0.004906332789451865,0.009092125590828944
distilbert_sst2,100,159,0.014753896577923854,0.03867772735126416,0.04756327170649306,0.04756327170649306,0.02011998416542437,0.024667766734514186
distilbert_sst2,100,160,0.014753896577923854,0.008692879506853832,0.036357887899788714,0.036357887899788714,0.007167360929974488,0.009447703109831136
distilbert_sst2,100,161,0.014753896577923854,0.010057635517889922,0.013332172909000106,0.013332172909000106,0.01193551929823035,0.01193551929823035
distilbert_sst2,100,162,0.014753896577923854,0.017425733169970134,0.007235188939476656,0.007235188939476656,0.005534198794110748,0.005534198794110748
distilbert_sst2,100,163,0.014753896577923854,0.0025892571103880457,0.01848356585359218,0.01848356585359218,0.011907253397844248,0.016835191317916127
distilbert_sst2,100,164,0.014753896577923854,-0.006141497706746547,0.01121770093935547,0.01121770093935547,0.008096040420341472,0.01121770093935547
distilbert_sst2,100,165,0.014753896577923854,0.01565068078971936,0.010196010897917874,0.010196010897917874,0.006088798058379409,0.007775484440465826
distilbert_sst2,100,166,0.014753896577923854,0.01725866490994391,0.01683107314141278,0.01683107314141278,0.00636596083882888,0.010159442743246204
distilbert_sst2,100,167,0.014753896577923854,0.005822376935196954,0.00789735088777977,0.00789735088777977,0.007635817974948531,0.007635817974948531
distilbert_sst2,100,168,0.014753896577923854,0.025167774958643738,0.01350880497567004,0.01350880497567004,0.011317569373333256,0.011886803243153624
distilbert_sst2,100,169,0.014753896577923854,0.007710082759397785,0.010415599803689704,0.010415599803689704,0.004926545464263137,0.010406672227327003
distilbert_sst2,100,170,0.014753896577923854,0.0024812385188728854,0.02159448145601605,0.02159448145601605,0.009473087303829252,0.009351918964922717
distilbert_sst2,100,171,0.014753896577923854,0.00951675242401318,0.015419584247182693,0.015419584247182693,0.013357294025049418,0.015325888059486634
distilbert_sst2,100,172,0.014753896577923854,0.015328931999199942,0.014743148196007427,0.014743148196007427,0.008723549532771643,0.008723549532771643
distilbert_sst2,100,173,0.014753896577923854,0.00388638382321275,0.014451090596077345,0.014451090596077345,0.013262383866033513,0.013843895305414017
distilbert_sst2,100,174,0.014753896577923854,0.007482245990080862,0.005825488757731795,0.005825488757731795,0.005825488757731795,0.005825488757731795
distilbert_sst2,100,175,0.014753896577923854,-0.0019313102739515128,0.00794624388378884,0.00794624388378884,0.002247636201948769,0.006982036233679885
distilbert_sst2,100,176,0.014753896577923854,-0.0038910781809141236,0.01978667028056078,0.01978667028056078,0.012355951406379814,0.017224390508529114
distilbert_sst2,100,177,0.014753896577923854,0.0031890268513312453,0.011946762364710423,0.011946762364710423,0.00584047741351484,0.004682713411470135
distilbert_sst2,100,178,0.014753896577923854,-0.0036009562817146566,0.017548880260124005,0.017548880260124005,0.01173771389500016,0.011953852066110998
distilbert_sst2,100,179,0.014753896577923854,0.015716314776050844,0.02337251380049631,0.02337251380049631,0.009790682116481824,0.01850379480657081
distilbert_sst2,100,180,0.014753896577923854,0.03342990466969885,0.022545242262060745,0.022545242262060745,0.016825447321832727,0.02162127306318232
distilbert_sst2,100,181,0.014753896577923854,0.0560998178126476,0.04769268140887372,0.04769268140887372,0.02778688586222997,0.03672276103739022
distilbert_sst2,100,182,0.014753896577923854,0.016161798144473542,0.026601299346205084,0.026601299346205084,0.01814508956775731,0.01920211245226234
distilbert_sst2,100,183,0.014753896577923854,-0.008416866375098761,0.007827960411370521,0.007827960411370521,0.005792980124060441,0.005792980124060441
distilbert_sst2,100,184,0.014753896577923854,0.006144394252622489,0.03505720848888137,0.03505720848888137,0.013320176825445578,0.014401060193634786
distilbert_sst2,100,185,0.014753896577923854,-0.00604476858605502,0.030307788827236164,0.030307788827236164,0.021093098948226377,0.021848931651145327
distilbert_sst2,100,186,0.014753896577923854,0.0016663446656258992,0.019664785687910965,0.019664785687910965,0.013891352893457115,0.010141424004044502
distilbert_sst2,100,187,0.014753896577923854,0.025131300461394477,0.017271136052595955,0.017271136052595955,0.003897809736858244,0.009197167212456253
distilbert_sst2,100,188,0.014753896577923854,0.0110281852247802,0.013450198589336717,0.013450198589336717,0.010275143088827685,0.011173083022057453
distilbert_sst2,100,189,0.014753896577923854,0.01762550084283797,0.02514059716534384,0.02514059716534384,0.011790396618915674,0.022524815356397915
distilbert_sst2,100,190,0.014753896577923854,-0.002888351274538024,0.018754216495354477,0.018754216495354477,0.017108421208206825,0.017108421208206825
distilbert_sst2,100,191,0.014753896577923854,-0.015580580937073336,0.014470360190775832,0.014470360190775832,0.003219142866775911,0.00513308198861965
distilbert_sst2,100,192,0.014753896577923854,-0.0046731070867323315,0.026210395992042605,0.026210395992042605,0.013878498764311888,0.014640453984394182
distilbert_sst2,100,193,0.014753896577923854,-0.0020078043387692164,0.007772763199983808,0.007772763199983808,0.00410637391076103,0.007772763199983808
distilbert_sst2,100,194,0.014753896577923854,0.01059558677173616,0.014304664615269393,0.014304664615269393,0.012389032784248629,0.012389032784248629
distilbert_sst2,100,195,0.014753896577923854,0.0026547609975029578,0.014505544038330974,0.014505544038330974,0.006337715563703501,0.006337715563703501
distilbert_sst2,100,196,0.014753896577923854,0.0062912520102307214,0.020116590240481912,0.020116590240481912,0.01427719386819037,0.019816497949292994
distilbert_sst2,100,197,0.014753896577923854,0.013579332137178044,0.011847030118375203,0.011847030118375203,0.011319530781484816,0.01137282011398374
distilbert_sst2,100,198,0.014753896577923854,0.0009014665960112706,0.018669505112788438,0.018669505112788438,0.007553056329282019,0.011932345754519704
distilbert_sst2,100,199,0.014753896577923854,0.00978664126851302,0.008053806892687934,0.008053806892687934,0.00727202390805233,0.00727202390805233
distilbert_sst2,250,0,0.014753896577923854,0.004523238375748355,0.01008370140625488,0.01219630875657765,0.009880427718479327,0.013329120677995165
distilbert_sst2,250,1,0.014753896577923854,0.014364881013742807,0.01343005904614018,0.01504270191087474,0.00953134581991312,0.013430993212543298
distilbert_sst2,250,2,0.014753896577923854,0.027112390663319882,0.017403732471357472,0.018432329298419373,0.01246246726142371,0.020492930071454946
distilbert_sst2,250,3,0.014753896577923854,0.0037402103792326963,0.010157248348351196,0.014244133663662149,0.0076466232706915065,0.009374206700761056
distilbert_sst2,250,4,0.014753896577923854,0.0051525367371246964,0.00684696502266985,0.0068532469129001196,0.006293022032451326,0.011097319577037683
distilbert_sst2,250,5,0.014753896577923854,0.012500270971085428,0.011653577354491424,0.013899474029195802,0.00895750615051944,0.011001844170375887
distilbert_sst2,250,6,0.014753896577923854,0.016817536015239148,0.01516653868301895,0.022227289257174807,0.010321012005312647,0.0200630731239933
distilbert_sst2,250,7,0.014753896577923854,0.0076148725139225295,0.011090694047200105,0.016356472917610325,0.012496982620506206,0.014499973022126519
distilbert_sst2,250,8,0.014753896577923854,0.01732579109309617,0.007898329909834955,0.011047878272004218,0.0066220101055106595,0.008598108305375341
distilbert_sst2,250,9,0.014753896577923854,0.009679513526743684,0.016285114368077298,0.018172923030708707,0.0136293147019363,0.016402407253056542
distilbert_sst2,250,10,0.014753896577923854,0.010137080804415081,0.0073925465520983955,0.011773367302593294,0.00771051142150155,0.010817878907458781
distilbert_sst2,250,11,0.014753896577923854,0.014442421937777977,0.01170216773948981,0.026191244991806754,0.006775846254537721,0.015423263118267435
distilbert_sst2,250,12,0.014753896577923854,0.019488388817997117,0.012756016863909276,0.01360935983761925,0.005475792337871753,0.012233938797864646
distilbert_sst2,250,13,0.014753896577923854,0.021314146047897206,0.015318264837030117,0.021137387136861304,0.013557720453239986,0.01607763772097695
distilbert_sst2,250,14,0.014753896577923854,0.0263549410430239,0.012579590678772328,0.018188125257385584,0.011892609426260843,0.016062344587110193
distilbert_sst2,250,15,0.014753896577923854,-0.0028510861118970373,0.007373319654781609,0.007582271945334916,0.004676899142834036,0.006638901836058269
distilbert_sst2,250,16,0.014753896577923854,0.017288639278386725,0.014914046109264754,0.018364059644319794,0.011262325077419507,0.017595175565208964
distilbert_sst2,250,17,0.014753896577923854,0.006997491316729643,0.017737407192259327,0.021470664209519284,0.00961216706762551,0.01834670591097265
distilbert_sst2,250,18,0.014753896577923854,0.003338573132763482,0.010941993538544798,0.015546678417486871,0.0057833329923879274,0.013911808759861588
distilbert_sst2,250,19,0.014753896577923854,0.01403896489915251,0.008256394468507556,0.009540350467131004,0.008793407212894132,0.010050747323916049
distilbert_sst2,250,20,0.014753896577923854,0.017855147302760003,0.01620048295266654,0.01913077409099505,0.01267970930629671,0.018785824426332903
distilbert_sst2,250,21,0.014753896577923854,0.013327698870230253,0.014663280783478038,0.01836903566024247,0.0168071697045876,0.017231139982422324
distilbert_sst2,250,22,0.014753896577923854,0.0043810774588970945,0.011758110630327992,0.01204465560870622,0.00818280680218636,0.013502543782609436
distilbert_sst2,250,23,0.014753896577923854,0.019249643134212513,0.00837937045042262,0.016718314129912776,0.0070300706397157554,0.01300188081762711
distilbert_sst2,250,24,0.014753896577923854,0.00953393175189666,0.01129532432474117,0.02423042467767621,0.0036500296662433894,0.020412013909844574
distilbert_sst2,250,25,0.014753896577923854,0.008427449612353545,0.011732103646328868,0.016735308284276565,0.013215920551796212,0.016922665022423657
distilbert_sst2,250,26,0.014753896577923854,0.02435620284426722,0.013976697606154104,0.014091017558398838,0.013124069141347318,0.01445550365622981
distilbert_sst2,250,27,0.014753896577923854,0.00754526163930122,0.011683567202043808,0.013028647575777293,0.00663207430106418,0.013389756931630834
distilbert_sst2,250,28,0.014753896577923854,0.023273054523976454,0.015065204914577107,0.01709551655008237,0.012472029720095597,0.014638923636979821
distilbert_sst2,250,29,0.014753896577923854,0.011101921230408039,0.007959648365448954,0.008398158842091238,0.007523368175704467,0.007954548428588854
distilbert_sst2,250,30,0.014753896577923854,0.028347737638040393,0.017322287854940846,0.028562408232207064,0.013522836355739972,0.027085596828720235
distilbert_sst2,250,31,0.014753896577923854,0.01690509147672433,0.012491852169593363,0.01513705099444533,0.009820665467105721,0.01413570848327042
distilbert_sst2,250,32,0.014753896577923854,0.010392993196866622,0.009251167924992514,0.014349447898333898,0.008003076892271893,0.009299421864557332
distilbert_sst2,250,33,0.014753896577923854,0.03306674280926529,0.015939519861754493,0.016491301153015694,0.01377956806464063,0.017086132755440495
distilbert_sst2,250,34,0.014753896577923854,0.006472506370654112,0.007509091892924703,0.007264148992726791,0.0035482421446842486,0.009161780038771548
distilbert_sst2,250,35,0.014753896577923854,0.004002932262817915,0.012208559155317447,0.016242962980050887,0.007888288466723757,0.014106604930397757
distilbert_sst2,250,36,0.014753896577923854,0.012988726096427889,0.01596086375667647,0.01833364496301582,0.009317599971251232,0.015620863237637585
distilbert_sst2,250,37,0.014753896577923854,0.010370513119106821,0.010957166033009716,0.012802668767496792,0.009803335993724734,0.011513923344102757
distilbert_sst2,250,38,0.014753896577923854,0.011346729288701413,0.009996386505301453,0.013220329485135974,0.008097527707096522,0.012360117588238016
distilbert_sst2,250,39,0.014753896577923854,0.014197026128903183,0.012629483734133445,0.01973207240052859,0.006267157134339279,0.019133317414723683
distilbert_sst2,250,40,0.014753896577923854,0.02335050213253571,0.01533820366764947,0.019506558642638422,0.012106815482045872,0.016712649822305706
distilbert_sst2,250,41,0.014753896577923854,0.010203344277067244,0.008631063009966354,0.012840442857549594,0.008240837351576123,0.008938544186410987
distilbert_sst2,250,42,0.014753896577923854,0.008328966491562952,0.014855736679900899,0.014242134169783791,0.013466746900644378,0.014960545039853211
distilbert_sst2,250,43,0.014753896577923854,0.04296354295717213,0.019629864487301633,0.036725462085597134,0.010728428693651438,0.03193257345231255
distilbert_sst2,250,44,0.014753896577923854,0.017663194664015395,0.011944465940471828,0.01166625537910519,0.007221089425896965,0.013461094047183155
distilbert_sst2,250,45,0.014753896577923854,0.015093983892431872,0.021078835368699683,0.023198231959629636,0.01439425061687524,0.01842240351824424
distilbert_sst2,250,46,0.014753896577923854,0.008857722191912137,0.01013895486236203,0.010949420064480787,0.009979246286178673,0.011888951259014112
distilbert_sst2,250,47,0.014753896577923854,0.008096851980028562,0.018564367815550036,0.020272169246192278,0.013266760885743755,0.020076134002531908
distilbert_sst2,250,48,0.014753896577923854,0.026406711576551743,0.019626627881155868,0.021321002554148084,0.01857964715964654,0.019631778057746043
distilbert_sst2,250,49,0.014753896577923854,0.011794217829693423,0.009619363223042028,0.012334845338805134,0.007429711782980791,0.010353621662438346
distilbert_sst2,250,50,0.014753896577923854,0.017649352103691087,0.013664483395055958,0.017093165269609367,0.010636500154297155,0.011739239845323319
distilbert_sst2,250,51,0.014753896577923854,0.006111837195109638,0.01220836528729208,0.012129184759115497,0.009635948185349703,0.013315184596974217
distilbert_sst2,250,52,0.014753896577923854,0.007991061095431217,0.013785098887390743,0.016003062182119884,0.010395946651550025,0.018886169987267252
distilbert_sst2,250,53,0.014753896577923854,0.03361453858361529,0.02022891040164522,0.022847028748071485,0.012590780714773679,0.01723694297677071
distilbert_sst2,250,54,0.014753896577923854,-0.0028908771488639906,0.00750270122523055,0.011396646756116477,0.003900040520914683,0.006387348862475521
distilbert_sst2,250,55,0.014753896577923854,0.01485912889868915,0.018324654816491977,0.017751689439758817,0.012567941570218096,0.01363092388703565
distilbert_sst2,250,56,0.014753896577923854,0.004535354795984602,0.010421759059214886,0.010806318025087207,0.008726392896842478,0.009517412608116171
distilbert_sst2,250,57,0.014753896577923854,0.004292640982441325,0.014190182494674328,0.01943414050348463,0.011087239528885788,0.020253591211155327
distilbert_sst2,250,58,0.014753896577923854,0.02743362333593255,0.020886462577056782,0.02103494707880372,0.015479222436787978,0.020107617421620518
distilbert_sst2,250,59,0.014753896577923854,0.00984462315843213,0.013512862638431076,0.01187515257379893,0.011511037697500117,0.01284969280836645
distilbert_sst2,250,60,0.014753896577923854,0.010645666574005102,0.00963536397540312,0.011509234291761344,0.004690621547946604,0.01122073163987868
distilbert_sst2,250,61,0.014753896577923854,0.017890479401811193,0.021970738661464272,0.02354510993501705,0.013513724656149948,0.018889202340602665
distilbert_sst2,250,62,0.014753896577923854,0.008681728385297561,0.011984955910487545,0.01099112492293623,0.009083128899383596,0.010895236643358008
distilbert_sst2,250,63,0.014753896577923854,0.016701531947791084,0.020000580159456962,0.02530151352615006,0.008240486304691621,0.02490055022926834
distilbert_sst2,250,64,0.014753896577923854,0.01415831301219434,0.014867525278889944,0.024231952111951702,0.011440082842056989,0.018800729655166104
distilbert_sst2,250,65,0.014753896577923854,0.01155616022841241,0.01019396822942003,0.013463546323665646,0.010653734364966163,0.012902942553946984
distilbert_sst2,250,66,0.014753896577923854,-0.0014681477709282552,0.008579643599385539,0.014707360535937693,0.006176928069990989,0.01050032184671714
distilbert_sst2,250,67,0.014753896577923854,0.006359963105609996,0.012494413491312235,0.012578487229454934,0.007323871103303077,0.012946871163035252
distilbert_sst2,250,68,0.014753896577923854,0.012786556996662462,0.015734774429551394,0.018969277830510112,0.009720468636779297,0.018115274114851795
distilbert_sst2,250,69,0.014753896577923854,0.036947546570184786,0.01739720124911356,0.024970274408846433,0.013550102085761333,0.020875512142021758
distilbert_sst2,250,70,0.014753896577923854,0.011650656764552896,0.015474401743662582,0.019979842511919893,0.0094840521330728,0.011256557055444615
distilbert_sst2,250,71,0.014753896577923854,-0.0021800175187481913,0.008255870677668024,0.009759471002598698,0.0072293204087269716,0.010859768709701345
distilbert_sst2,250,72,0.014753896577923854,0.008063079062493886,0.013086332373617037,0.015145904160450028,0.012294802218080415,0.014034206999884016
distilbert_sst2,250,73,0.014753896577923854,0.022028029471090973,0.013352813098513753,0.019800487409826737,0.006451297835159656,0.012678011389348718
distilbert_sst2,250,74,0.014753896577923854,0.016396648849495956,0.014937999466819113,0.020341948679128505,0.012275560569969417,0.01476174204825298
distilbert_sst2,250,75,0.014753896577923854,0.02726953583387214,0.021196093711882642,0.03232453268863635,0.016276154706434637,0.02086803827112284
distilbert_sst2,250,76,0.014753896577923854,0.017708189123366764,0.01858644804830538,0.02256853014969795,0.01744266255557156,0.01912361192537038
distilbert_sst2,250,77,0.014753896577923854,0.01235620134733244,0.009017184121202284,0.014677793228223102,0.008133443913970615,0.013077535591494561
distilbert_sst2,250,78,0.014753896577923854,0.014604001387526398,0.013865972827373656,0.012217547761222981,0.009827185309441879,0.01248018819481004
distilbert_sst2,250,79,0.014753896577923854,0.015590418347661417,0.016770677745055695,0.01716358185081773,0.00954359398651327,0.014818312432431495
distilbert_sst2,250,80,0.014753896577923854,0.01760102403939543,0.015356797816985027,0.016019890254647385,0.014034864922496542,0.015650020577646334
distilbert_sst2,250,81,0.014753896577923854,0.02430038886745432,0.021943743138394794,0.018834631863426845,0.01352004090691706,0.016632114003223356
distilbert_sst2,250,82,0.014753896577923854,0.022036593976086316,0.02095943106296391,0.024206638219450738,0.01527595879745915,0.021446131398848076
distilbert_sst2,250,83,0.014753896577923854,0.009243748645028515,0.01624049047320013,0.018362923399154057,0.010401413906286181,0.015538099861508262
distilbert_sst2,250,84,0.014753896577923854,0.019773825997406354,0.01868098503744421,0.02621749557000157,0.0163744749439496,0.022698739552931422
distilbert_sst2,250,85,0.014753896577923854,0.022259304922786896,0.01993501277838368,0.02311238804896359,0.012916429927054609,0.018090758836134865
distilbert_sst2,250,86,0.014753896577923854,0.027580462301992868,0.021172871377970102,0.021326867149994322,0.016895591573114047,0.020300997858948677
distilbert_sst2,250,87,0.014753896577923854,0.014985240190197062,0.015029721416042679,0.01597002119217337,0.00990114143119391,0.016329399849561187
distilbert_sst2,250,88,0.014753896577923854,0.009897497732506096,0.009579839687394948,0.014702452990385903,0.006843092170059993,0.013119454069526627
distilbert_sst2,250,89,0.014753896577923854,0.016571222251493906,0.016609231305943512,0.016978996326188725,0.01651666630403934,0.01651834113675361
distilbert_sst2,250,90,0.014753896577923854,0.01627570441528866,0.01567138907914931,0.01764433098079048,0.01013955395240838,0.013899106375450485
distilbert_sst2,250,91,0.014753896577923854,0.0075827419233715975,0.012087058466107489,0.013675923150811595,0.01004798607252925,0.014548869142766586
distilbert_sst2,250,92,0.014753896577923854,0.019754273957509536,0.022314952525732377,0.022592138077144323,0.012496991753065984,0.020565539772527956
distilbert_sst2,250,93,0.014753896577923854,0.0006581784488946987,0.012137006801486204,0.01433557828092155,0.007282559634104294,0.01322196767111122
distilbert_sst2,250,94,0.014753896577923854,0.0034984054027840084,0.012380922368017723,0.010469652289096786,0.00835534038307687,0.009339533854668075
distilbert_sst2,250,95,0.014753896577923854,0.0005560634081425966,0.0077049055733776385,0.0059566524241545845,0.0057500266034971725,0.00852699573787377
distilbert_sst2,250,96,0.014753896577923854,0.012701721434980912,0.01130912182751776,0.0154243378694848,0.007936824799620643,0.011399760339124194
distilbert_sst2,250,97,0.014753896577923854,0.014654167588670629,0.02168646827784747,0.022996748873607024,0.013782230505628585,0.021402387001328627
distilbert_sst2,250,98,0.014753896577923854,0.0231682816635678,0.018003225583002668,0.029822739406582,0.015564413628643525,0.018696942777556513
distilbert_sst2,250,99,0.014753896577923854,0.003351728452605926,0.01102768814511557,0.012093160405223579,0.008547062631243304,0.011486777319855881
distilbert_sst2,250,100,0.014753896577923854,0.015533223365407063,0.013675778288628666,0.01661218107715668,0.010927521713503547,0.014283714634965045
distilbert_sst2,250,101,0.014753896577923854,0.020448428815307184,0.019661637197208617,0.018401369668851073,0.011024399635829813,0.017016308356608972
distilbert_sst2,250,102,0.014753896577923854,0.023193565792797518,0.017795407391580483,0.021535350148990565,0.006763895132935139,0.021074531712717795
distilbert_sst2,250,103,0.014753896577923854,0.019271331029181674,0.013929192170362939,0.01799387979780321,0.012003458735184458,0.0161466790316514
distilbert_sst2,250,104,0.014753896577923854,0.020035285474444386,0.018308058123789703,0.019465403841187782,0.01795485128918896,0.0210588508079386
distilbert_sst2,250,105,0.014753896577923854,0.03462891706126955,0.019998278514995322,0.025458784929671397,0.018516510599851852,0.023572404625394082
distilbert_sst2,250,106,0.014753896577923854,0.009481214163706638,0.014300021962215035,0.01307510241306778,0.011844333469271757,0.014727734305361838
distilbert_sst2,250,107,0.014753896577923854,0.02698711499952941,0.012371692598056292,0.01407222347794615,0.011630827032607498,0.012555778064234984
distilbert_sst2,250,108,0.014753896577923854,0.027656136681369767,0.0215193920511159,0.021770786715207272,0.016045526798985958,0.022622126721326102
distilbert_sst2,250,109,0.014753896577923854,0.0196090731152425,0.01080952010462318,0.019009720886671414,0.013136488223683162,0.015025280411763544
distilbert_sst2,250,110,0.014753896577923854,0.006896356900165028,0.007362274482723701,0.01195945804927364,0.00404306250219883,0.008433559851767643
distilbert_sst2,250,111,0.014753896577923854,0.026291330726035813,0.02272554902793373,0.02317346149650936,0.015183694886301656,0.021090453617697017
distilbert_sst2,250,112,0.014753896577923854,0.01050569440603721,0.006047840411295083,0.01045619729802437,0.004439086703271623,0.005051778273973272
distilbert_sst2,250,113,0.014753896577923854,0.021580897372195776,0.015434219844138918,0.016337685697712153,0.013094696770555362,0.013872771985898076
distilbert_sst2,250,114,0.014753896577923854,0.023891856068253177,0.01492704781966178,0.019806260477232027,0.011770173728523556,0.01578307295004224
distilbert_sst2,250,115,0.014753896577923854,0.006051273734126961,0.010605654975722183,0.01162589011310518,0.007939331399243296,0.011783801518941279
distilbert_sst2,250,116,0.014753896577923854,0.01848962745425245,0.018424435230138907,0.023253376383168416,0.015758573292218456,0.02224290120991687
distilbert_sst2,250,117,0.014753896577923854,0.004535951304251998,0.0031092588922576533,0.005914702215067429,0.0027073343805403315,0.0032865957720649647
distilbert_sst2,250,118,0.014753896577923854,0.007754161934742395,0.01743011329644176,0.017744251049892624,0.014176388259724672,0.01753636029226528
distilbert_sst2,250,119,0.014753896577923854,0.004358952283453656,0.014626902907280361,0.015135956406606907,0.00619732900835881,0.01543027707093924
distilbert_sst2,250,120,0.014753896577923854,0.026338805271805238,0.016253290351278586,0.016348593905648866,0.013375782677740478,0.01625002620183405
distilbert_sst2,250,121,0.014753896577923854,0.015511800999681871,0.021255456148406418,0.024613219913961343,0.016858120036855776,0.02536172153533665
distilbert_sst2,250,122,0.014753896577923854,0.018773434002071907,0.026730394993561554,0.02903840163487693,0.012433255295840669,0.026569196930967494
distilbert_sst2,250,123,0.014753896577923854,0.023657129621915417,0.011304726580786123,0.015459433622889188,0.008450547395885414,0.019546217416825072
distilbert_sst2,250,124,0.014753896577923854,0.015623427308723169,0.01702461847131929,0.01905606079831519,0.016315936270469716,0.01843139930249654
distilbert_sst2,250,125,0.014753896577923854,0.008886562191960596,0.008736663603977294,0.009846225408009708,0.005746346922617794,0.008525456528220874
distilbert_sst2,250,126,0.014753896577923854,0.007763772838069906,0.006620211707570331,0.01257542848126216,0.0072748920380348745,0.007939681691791014
distilbert_sst2,250,127,0.014753896577923854,0.030836404963714707,0.023577193212177966,0.024128130558233478,0.014999006887406068,0.021568062911379315
distilbert_sst2,250,128,0.014753896577923854,0.008044829847365143,0.01209965116321367,0.019824247963298895,0.008235273865684373,0.01291360867989217
distilbert_sst2,250,129,0.014753896577923854,0.01142608115698168,0.009877599188499203,0.010694961010293744,0.006201223464251825,0.008873248898990008
distilbert_sst2,250,130,0.014753896577923854,0.010793447921033386,0.009310521943771266,0.014022353047816918,0.009281890845307882,0.013295053215824327
distilbert_sst2,250,131,0.014753896577923854,0.015694280295919183,0.013492413274556386,0.01762204191221759,0.011859777725891937,0.015569582988776785
distilbert_sst2,250,132,0.014753896577923854,0.0016647956864174684,0.005649319536892267,0.007277768635914619,0.004595503409883238,0.007880201395102666
distilbert_sst2,250,133,0.014753896577923854,0.033541569133238844,0.023595369603979188,0.026806414899036308,0.020873841061006287,0.027460036626741458
distilbert_sst2,250,134,0.014753896577923854,0.022594750184146792,0.018051528873817106,0.02032406491212871,0.017178362788271603,0.017813358849570266
distilbert_sst2,250,135,0.014753896577923854,0.013986735431517242,0.016905045984718987,0.024115244373800724,0.013893608583787347,0.02003877226622617
distilbert_sst2,250,136,0.014753896577923854,0.008633957793622735,0.006650359115156004,0.009368058853363998,0.003987997528536959,0.010200347660119426
distilbert_sst2,250,137,0.014753896577923854,0.015703936519358745,0.013530368582313854,0.021351267770842695,0.012101136776915527,0.017663115888519612
distilbert_sst2,250,138,0.014753896577923854,0.006565737682829268,0.008673501470185856,0.011928517895630784,0.010388919238516536,0.01361302115588944
distilbert_sst2,250,139,0.014753896577923854,0.03138410623297837,0.020012055943218848,0.022113469346167203,0.02125738713542595,0.024570216736015518
distilbert_sst2,250,140,0.014753896577923854,0.02443990945728919,0.021705877586279756,0.023403027930430236,0.014796382101499715,0.018513231600443877
distilbert_sst2,250,141,0.014753896577923854,0.0074222256037994394,0.008609392357366005,0.011058085643773601,0.00768346792658132,0.009694822469843146
distilbert_sst2,250,142,0.014753896577923854,0.032850097122144394,0.018814401207915814,0.028949042535687232,0.01622148606896953,0.02193221544418514
distilbert_sst2,250,143,0.014753896577923854,0.021273954086971372,0.010737753113834167,0.014691064564369161,0.008643700971174208,0.010758994741599718
distilbert_sst2,250,144,0.014753896577923854,0.0079993599642911,0.01153653936702458,0.014773858540016855,0.010135260667426205,0.016313258638231763
distilbert_sst2,250,145,0.014753896577923854,0.013380974234050097,0.007051953246391147,0.011699831501193044,0.007314520398179296,0.013803799202187286
distilbert_sst2,250,146,0.014753896577923854,0.01938988844989455,0.010404146893671307,0.016359174243001068,0.010160251800453476,0.013323484958198586
distilbert_sst2,250,147,0.014753896577923854,0.017316020403781978,0.010444471568466465,0.014645115240141528,0.0066835007363775616,0.0077629448098015
distilbert_sst2,250,148,0.014753896577923854,0.006796180864500645,0.014008310044146226,0.014598319628379416,0.009510730056434031,0.013055333556306503
distilbert_sst2,250,149,0.014753896577923854,0.00480024071627751,0.013484314541523587,0.01568604942959653,0.006351833950113665,0.015524841829351283
distilbert_sst2,250,150,0.014753896577923854,0.009242613136363917,0.019567281167317232,0.02103042985295979,0.009934914705327072,0.020501435392319148
distilbert_sst2,250,151,0.014753896577923854,0.014033536320395744,0.014501962393581086,0.018045874529563865,0.009558383532523394,0.01612586018616701
distilbert_sst2,250,152,0.014753896577923854,0.009569505606899571,0.014219983850997198,0.017947541925912365,0.007886538270056241,0.010368189848411024
distilbert_sst2,250,153,0.014753896577923854,0.0401642070381846,0.017999000156278186,0.02557707726244863,0.01675856639278035,0.02210893338155722
distilbert_sst2,250,154,0.014753896577923854,0.0012818909122105134,0.007515666349630639,0.009534126087444228,0.0075276264175583,0.00835789161891456
distilbert_sst2,250,155,0.014753896577923854,0.020000328369093805,0.00942406650039567,0.012876414762382622,0.009225793178954968,0.013631594748022616
distilbert_sst2,250,156,0.014753896577923854,0.010777938318715858,0.016509536396427358,0.019453502356335556,0.013296651039361061,0.016471767779571624
distilbert_sst2,250,157,0.014753896577923854,0.007950085507723815,0.009629402634019337,0.012863126221820089,0.008749745010326406,0.009473625091585567
distilbert_sst2,250,158,0.014753896577923854,0.011970304422397594,0.010804949725826091,0.01088723206305391,0.00825097031566185,0.012220992234577496
distilbert_sst2,250,159,0.014753896577923854,0.01946589160691944,0.011372172384837963,0.021084294872858945,0.009483981950008845,0.013705048672729672
distilbert_sst2,250,160,0.014753896577923854,0.008548579084740741,0.015689866545167998,0.016569717878048933,0.008675211873589616,0.011318823694042218
distilbert_sst2,250,161,0.014753896577923854,0.02559944299429659,0.025821135889151307,0.02781508718675033,0.016321986548782863,0.030359946385697025
distilbert_sst2,250,162,0.014753896577923854,0.017065989464941693,0.02014538957302907,0.026230897950313237,0.013339053650857833,0.021127529370003995
distilbert_sst2,250,163,0.014753896577923854,0.031059124355476173,0.00944934088120192,0.022162923898505566,0.00859845598452779,0.0186564644395303
distilbert_sst2,250,164,0.014753896577923854,0.03833097071234593,0.018972645374386646,0.019852080238285157,0.01065090801757847,0.016052291457644696
distilbert_sst2,250,165,0.014753896577923854,0.02628212453474463,0.014537101467555606,0.021597165977270724,0.011280901200837485,0.021052821997574047
distilbert_sst2,250,166,0.014753896577923854,0.03144938275073324,0.010005701237744413,0.021032407202984067,0.009358767203454719,0.012747483773463304
distilbert_sst2,250,167,0.014753896577923854,0.019192810942217732,0.01628274423013312,0.019438827004705006,0.01120633534512717,0.01509650173113015
distilbert_sst2,250,168,0.014753896577923854,0.019464461438365246,0.022683258824257976,0.02025281129377616,0.010401687564036078,0.019583398450791704
distilbert_sst2,250,169,0.014753896577923854,0.013496195187456704,0.010707482537883884,0.016708455439584657,0.009525853163401717,0.01641134332735883
distilbert_sst2,250,170,0.014753896577923854,0.009003582793158358,0.0132688658459298,0.013359180987041804,0.01152053951699496,0.013689997246151405
distilbert_sst2,250,171,0.014753896577923854,0.030782539361909948,0.018243030954751015,0.01823132570475515,0.013604795650644024,0.018973727667625798
distilbert_sst2,250,172,0.014753896577923854,0.02356027667010852,0.018954952244758398,0.021596170666724424,0.006753625454750364,0.019524492770794225
distilbert_sst2,250,173,0.014753896577923854,0.018960856743142608,0.023200051671990348,0.024104655742713445,0.018652996593357354,0.02165198559823504
distilbert_sst2,250,174,0.014753896577923854,0.007126358594002864,0.005638000377468128,0.005490141080133737,0.004960702845798301,0.005945752254772521
distilbert_sst2,250,175,0.014753896577923854,0.00981599606986466,0.011963803126640605,0.014273468474404052,0.009878873296192707,0.012841839920452697
distilbert_sst2,250,176,0.014753896577923854,0.021806864524021505,0.01900869026013526,0.018544936383671363,0.0158119048185647,0.01740703854256322
distilbert_sst2,250,177,0.014753896577923854,0.020570643992618484,0.012430988027283416,0.013296943448415454,0.00965026777281994,0.01113141649410538
distilbert_sst2,250,178,0.014753896577923854,0.008466247642364887,0.018388553011793797,0.01961804916376799,0.010626336526374614,0.022084963014559998
distilbert_sst2,250,179,0.014753896577923854,0.017006011447357416,0.023920540388616542,0.02255431578029648,0.015425508619492639,0.02393795342000547
distilbert_sst2,250,180,0.014753896577923854,0.00691470232852802,0.01815910783527558,0.01806363467777846,0.010696115896910207,0.016543895134120294
distilbert_sst2,250,181,0.014753896577923854,0.018248978712038608,0.013414815440002508,0.01614652238591198,0.012543398596497512,0.016845544559404138
distilbert_sst2,250,182,0.014753896577923854,0.015534521898756811,0.02273016263315349,0.02671432470161128,0.018464758810808862,0.026156331690417096
distilbert_sst2,250,183,0.014753896577923854,0.0050645893879634795,0.009660514977016645,0.012165038641909142,0.007028094759486086,0.00763615336746916
distilbert_sst2,250,184,0.014753896577923854,-0.0016128797191672839,0.01631636725228627,0.02168817297441896,0.011307227137378757,0.01945254994830952
distilbert_sst2,250,185,0.014753896577923854,0.004632394342124605,0.01196265034567806,0.015687228631915445,0.014210533441711313,0.017041139201132028
distilbert_sst2,250,186,0.014753896577923854,0.027520131126104356,0.01920929600891362,0.020819233100100722,0.0166673903756445,0.022911470155784
distilbert_sst2,250,187,0.014753896577923854,0.024996202995008994,0.016383637265489946,0.020150417686739565,0.008392472098894838,0.01639886509937893
distilbert_sst2,250,188,0.014753896577923854,0.0019411727521063287,0.00854025735225802,0.014952589849580967,0.005211152715916799,0.007464182956753807
distilbert_sst2,250,189,0.014753896577923854,0.01612399441313104,0.015344030403584421,0.02217707821837262,0.011406512561242511,0.017824960898271264
distilbert_sst2,250,190,0.014753896577923854,0.0215313108601026,0.013701794307090308,0.021064094576800967,0.009345584458976338,0.019527374151593196
distilbert_sst2,250,191,0.014753896577923854,0.027112653530888677,0.016796539494447562,0.027614378259231874,0.013109190713575827,0.02270719578039961
distilbert_sst2,250,192,0.014753896577923854,0.01347725775172285,0.019731138147568758,0.021732542680906863,0.010194903716391498,0.01634443220435906
distilbert_sst2,250,193,0.014753896577923854,0.022766970271422885,0.014241599341714319,0.024822175415998203,0.01294657573182949,0.018384646284716123
distilbert_sst2,250,194,0.014753896577923854,0.017284910179053925,0.011236671172943424,0.020198643155414295,0.006731386982933395,0.014143050660760818
distilbert_sst2,250,195,0.014753896577923854,0.009427544406959577,0.010040300753807584,0.012578373937218692,0.010294090019152404,0.01121366777870482
distilbert_sst2,250,196,0.014753896577923854,0.035089550127531836,0.012048887711045153,0.01751760268068139,0.010813210460853087,0.01603420092760076
distilbert_sst2,250,197,0.014753896577923854,0.0023054355231639624,0.014366882028324469,0.0208657386147746,0.013223495487908491,0.017275274051637177
distilbert_sst2,250,198,0.014753896577923854,0.010811899623314991,0.01289622210285718,0.015322688573934163,0.006473010384690473,0.01753875271986667
distilbert_sst2,250,199,0.014753896577923854,0.029470921319307185,0.01587857241841386,0.0202904137923894,0.01397821814462218,0.016742828881981028
distilbert_sst2,500,0,0.014753896577923854,0.016846390688720705,0.01065138884465366,0.015983927467315945,0.011185221248328062,0.018554236263997513
distilbert_sst2,500,1,0.014753896577923854,0.011904543121161988,0.011129069247781015,0.015266443471584464,0.008799857374717548,0.014662593604663134
distilbert_sst2,500,2,0.014753896577923854,0.024543209362171147,0.011201663977797777,0.016560491002181224,0.01049052164924551,0.01757175460448903
distilbert_sst2,500,3,0.014753896577923854,0.020318673640951624,0.008820640156971893,0.01548249300381014,0.008132550575143418,0.021653039405460803
distilbert_sst2,500,4,0.014753896577923854,0.009144349286607182,0.015283380726430706,0.018131748761774053,0.010789136288623578,0.020439726349239386
distilbert_sst2,500,5,0.014753896577923854,0.01732716010200082,0.012046532027404081,0.016920189364888927,0.011038913983660928,0.017231869431348537
distilbert_sst2,500,6,0.014753896577923854,0.03297658768052632,0.018991526374540494,0.0229494925440254,0.017433871069052618,0.022424336435514933
distilbert_sst2,500,7,0.014753896577923854,0.013957418223935127,0.01313550836882267,0.021088338715127348,0.011012755953030492,0.020359048081298
distilbert_sst2,500,8,0.014753896577923854,0.016741130517610784,0.008538493483082573,0.015063023268222044,0.008276610395216653,0.012358332505363067
distilbert_sst2,500,9,0.014753896577923854,0.016533359478392313,0.01508312170028874,0.01988142544355514,0.010927338027598432,0.0253467081550579
distilbert_sst2,500,10,0.014753896577923854,0.015074062280003828,0.015024193123006001,0.016967926241482943,0.010223120865274776,0.018822802782832312
distilbert_sst2,500,11,0.014753896577923854,0.015680522611479973,0.008261663456442322,0.018304988786250472,0.008302956034426417,0.021716999115832927
distilbert_sst2,500,12,0.014753896577923854,0.019037643583189115,0.012483598405234421,0.020499559046994645,0.01064329458432797,0.024684617017898165
distilbert_sst2,500,13,0.014753896577923854,0.01872668344377387,0.009972545897853648,0.016819492143162328,0.009312843087793118,0.018656130839496382
distilbert_sst2,500,14,0.014753896577923854,0.012977897481317918,0.010275808026241944,0.01566790290927188,0.00975248111805659,0.01878265865942148
distilbert_sst2,500,15,0.014753896577923854,0.030319839201421474,0.017335144281776217,0.022071006548159643,0.017496777242212894,0.024967291974937765
distilbert_sst2,500,16,0.014753896577923854,0.009560938017875472,0.014236064943403737,0.020882686439323294,0.008573036270179772,0.01981283258674247
distilbert_sst2,500,17,0.014753896577923854,0.013206052993430379,0.01315655299419068,0.016002704740107322,0.010236888889518965,0.016526174619656598
distilbert_sst2,500,18,0.014753896577923854,0.020579070431627367,0.01307123279127171,0.02175400198014436,0.010868903092737168,0.022483026779880677
distilbert_sst2,500,19,0.014753896577923854,0.022744673741961728,0.013048255806799738,0.02120685449718066,0.013161400740037417,0.023287566208909434
distilbert_sst2,500,20,0.014753896577923854,0.009421167364210071,0.011574376139372884,0.014461417002429668,0.00933138316614735,0.017587578239072508
distilbert_sst2,500,21,0.014753896577923854,0.018621592720687204,0.011827374963856977,0.015472175289029465,0.00936915787094937,0.015069654095792535
distilbert_sst2,500,22,0.014753896577923854,0.007155443589002856,0.013110210106423104,0.015177021977212848,0.009851079592943434,0.015478768452064834
distilbert_sst2,500,23,0.014753896577923854,0.020919873732585578,0.008629365054409427,0.018836385901032163,0.007207685589883647,0.01991227847815914
distilbert_sst2,500,24,0.014753896577923854,0.007768027293002249,0.00977373548340809,0.020621402443371573,0.008756764663785721,0.022792475914164213
distilbert_sst2,500,25,0.014753896577923854,0.019586555465331897,0.015076599257488981,0.021126157425508274,0.010758612592057449,0.02403827136818839
distilbert_sst2,500,26,0.014753896577923854,0.014685063825576447,0.011990639151837755,0.017983270166339813,0.009310259189803369,0.018951632497473954
distilbert_sst2,500,27,0.014753896577923854,0.016999415317104687,0.0177626621332754,0.02269660167058999,0.01127575099911113,0.022068101604317058
distilbert_sst2,500,28,0.014753896577923854,0.021131826953995188,0.012363277012124592,0.02103686585756844,0.009865434469351958,0.0244867665089925
distilbert_sst2,500,29,0.014753896577923854,0.009931550106792735,0.00878385183381277,0.013092329906867591,0.008881733559524834,0.015118535770215156
distilbert_sst2,500,30,0.014753896577923854,0.013069342361932296,0.012374738848144029,0.019882388755503827,0.009999800338147116,0.02094349585785216
distilbert_sst2,500,31,0.014753896577923854,0.02039513502347719,0.011118022233776542,0.019849891290365518,0.00942325784822977,0.020808907501622086
distilbert_sst2,500,32,0.014753896577923854,0.024959480593390475,0.014853588697115297,0.023657632111358642,0.011452666578530456,0.02855504159766031
distilbert_sst2,500,33,0.014753896577923854,0.010783371085020541,0.010136058272557705,0.01665251492793493,0.008954270900354748,0.01591522304683432
distilbert_sst2,500,34,0.014753896577923854,0.015821208118095585,0.010456935385202861,0.012747915667387099,0.00942178215567474,0.014067998997106021
distilbert_sst2,500,35,0.014753896577923854,0.012302563084070493,0.010784655802565185,0.013971837766463255,0.008137660134456748,0.01562519663331591
distilbert_sst2,500,36,0.014753896577923854,0.013292512634248283,0.014789953700671331,0.015996114316252513,0.012677392074260416,0.016800234641095965
distilbert_sst2,500,37,0.014753896577923854,0.004175353828165505,0.009455215861269947,0.013112287397229576,0.00903435730488206,0.014272820112546495
distilbert_sst2,500,38,0.014753896577923854,0.01331348643392211,0.009315884406445133,0.017650092538596507,0.008604053388694195,0.02081802594484899
distilbert_sst2,500,39,0.014753896577923854,0.011332486589278011,0.008551189099673066,0.015061921277112193,0.00822340824618053,0.017744046010883464
distilbert_sst2,500,40,0.014753896577923854,0.017117371224388188,0.013183904208389377,0.01883697969802298,0.011817990546882415,0.01941731705285082
distilbert_sst2,500,41,0.014753896577923854,0.006292019665355646,0.009123769736207177,0.015277373193314365,0.0068591268700253505,0.013328539635903254
distilbert_sst2,500,42,0.014753896577923854,0.014215038612208143,0.016551085592321414,0.017495216391070746,0.013524826883298622,0.018342202883850436
distilbert_sst2,500,43,0.014753896577923854,0.011910406551235474,0.008827536265122862,0.015262727195269962,0.0072169315895547325,0.015262538785723407
distilbert_sst2,500,44,0.014753896577923854,0.02890006341875089,0.019413136235405477,0.03114883452352152,0.016894229032670564,0.028760000985268864
distilbert_sst2,500,45,0.014753896577923854,0.02948449766531273,0.016806025794689997,0.025406453360975904,0.010716474892819107,0.02148220255525706
distilbert_sst2,500,46,0.014753896577923854,0.019611621172248437,0.012895259809131619,0.016903704401472305,0.010416256340627653,0.02191631491496761
distilbert_sst2,500,47,0.014753896577923854,0.019975696765559197,0.010826610127419827,0.0166622587664004,0.010910248094351448,0.01543091062198784
distilbert_sst2,500,48,0.014753896577923854,0.011334469220228655,0.007793934250355314,0.012773725266457774,0.006251020428261308,0.014658567281236573
distilbert_sst2,500,49,0.014753896577923854,0.008165433846756871,0.008927087310479226,0.015479518543687022,0.0074278785425808316,0.017431664646220077
distilbert_sst2,500,50,0.014753896577923854,0.007078723952945903,0.008058388961396386,0.016579636062090727,0.008103632924159157,0.019801027040749864
distilbert_sst2,500,51,0.014753896577923854,0.0053137048198505215,0.008715642290425192,0.014721558828398007,0.008164515198086112,0.018916375862105213
distilbert_sst2,500,52,0.014753896577923854,0.019221966986585133,0.01464113364018673,0.022904976368717193,0.013812491722760353,0.022169945605503925
distilbert_sst2,500,53,0.014753896577923854,0.026041450051507126,0.013850618650630517,0.021520948117976488,0.011588482524935786,0.025002770349256534
distilbert_sst2,500,54,0.014753896577923854,0.00993075395833039,0.010401590774057766,0.016529391718486768,0.009114846899180858,0.014759308959964086
distilbert_sst2,500,55,0.014753896577923854,0.0110494168012541,0.008866151217758838,0.021797006895371816,0.007768336727030922,0.023706682704124443
distilbert_sst2,500,56,0.014753896577923854,0.010560119334434771,0.00955832488782905,0.015423737732919114,0.009068282295554977,0.014355285097420893
distilbert_sst2,500,57,0.014753896577923854,0.020233403737863996,0.009506118127546924,0.015031734933068443,0.008402778307993429,0.017387139074271713
distilbert_sst2,500,58,0.014753896577923854,0.010693845127083209,0.008688250532798371,0.01767929576020682,0.008295242470823607,0.016099395058305575
distilbert_sst2,500,59,0.014753896577923854,0.007272651809485225,0.007022254444035962,0.010127291813109932,0.005246219358754302,0.012048443998562624
distilbert_sst2,500,60,0.014753896577923854,0.012340138634650317,0.009506792729440307,0.015866622957106606,0.009597384529267238,0.018717977532017645
distilbert_sst2,500,61,0.014753896577923854,0.013212953652012308,0.010769759404730591,0.014158014421233902,0.007936464207183623,0.016355365328833672
distilbert_sst2,500,62,0.014753896577923854,0.021318888938693027,0.01599124433832645,0.022782629352435232,0.011303241828806314,0.026034220431917034
distilbert_sst2,500,63,0.014753896577923854,0.006951253423075253,0.009230365729854115,0.01102724505243198,0.005425930220048203,0.012287632703890793
distilbert_sst2,500,64,0.014753896577923854,0.010403206355292908,0.009210569543295142,0.015947717331812147,0.008753189830482908,0.016437273646407284
distilbert_sst2,500,65,0.014753896577923854,0.009928563913455504,0.015328279757960382,0.016904480838004964,0.009731692356082677,0.01784793180849849
distilbert_sst2,500,66,0.014753896577923854,0.016206978861461455,0.01408500395356532,0.01872199967335994,0.0119813784108715,0.018657482094126394
distilbert_sst2,500,67,0.014753896577923854,0.01525040005250012,0.017162975510782864,0.018451507354631094,0.007814605365393107,0.02167287274735285
distilbert_sst2,500,68,0.014753896577923854,0.01536302665379882,0.010577053048602514,0.017966232681222435,0.009422764195692847,0.017470024949478403
distilbert_sst2,500,69,0.014753896577923854,0.006098142347873377,0.008146143572646963,0.014919573271190506,0.007253663802665966,0.01628724812572693
distilbert_sst2,500,70,0.014753896577923854,0.004692542243222416,0.004349018192938045,0.010773838153981084,0.0057191594849835626,0.012044270131701795
distilbert_sst2,500,71,0.014753896577923854,0.015597636181946598,0.01008543732763618,0.013336200358454602,0.008520864837525156,0.01434263704010171
distilbert_sst2,500,72,0.014753896577923854,0.012964398317539785,0.00921558571823251,0.02035191451034719,0.010551006764582855,0.017942088609535275
distilbert_sst2,500,73,0.014753896577923854,0.007625332112351577,0.011015694556738787,0.014527439118994743,0.0076505992741153885,0.014623994447916221
distilbert_sst2,500,74,0.014753896577923854,0.01655836925461736,0.011052824492135915,0.015793088524929326,0.010234755431418423,0.014802134946709828
distilbert_sst2,500,75,0.014753896577923854,0.008700976368824845,0.009877183909381377,0.011921585436816474,0.007462909298992313,0.013079309635737757
distilbert_sst2,500,76,0.014753896577923854,0.005966392175702378,0.010356770263226808,0.014801233000348425,0.007644320532736803,0.01577424055826393
distilbert_sst2,500,77,0.014753896577923854,0.007384573679732446,0.007956213661319676,0.013087415367189563,0.005718933019896616,0.014162983374840078
distilbert_sst2,500,78,0.014753896577923854,0.016819132994687184,0.016188547796619535,0.02555763448385276,0.014529428706038306,0.027055247855859724
distilbert_sst2,500,79,0.014753896577923854,0.01187330199139929,0.009735138955498924,0.012730001966707444,0.007992237569908932,0.012110023622489141
distilbert_sst2,500,80,0.014753896577923854,0.01522209126816171,0.014875330555142645,0.01823324300111723,0.01349328755821234,0.017881012643252613
distilbert_sst2,500,81,0.014753896577923854,0.022944035459021513,0.015722814965136295,0.022977485474015385,0.012738951576763117,0.02340407457985273
distilbert_sst2,500,82,0.014753896577923854,0.003415956768850787,0.006474783526977708,0.009325112202045592,0.007490591962518727,0.011131386409359328
distilbert_sst2,500,83,0.014753896577923854,0.007188822321522188,0.009393508922607726,0.013304490860574452,0.008148051449029305,0.01357591290159323
distilbert_sst2,500,84,0.014753896577923854,0.015895772092624123,0.011142141196195252,0.014947150480067695,0.00976584014652013,0.013660243165328503
distilbert_sst2,500,85,0.014753896577923854,0.02866946637391526,0.016975047290854646,0.02160799246194041,0.011433293047175073,0.02126800902960315
distilbert_sst2,500,86,0.014753896577923854,0.007374797338695544,0.004995568618625315,0.012303862984915499,0.004929791893902476,0.013043601547882455
distilbert_sst2,500,87,0.014753896577923854,0.012240220952474725,0.011633341294934044,0.018609123403921134,0.010366391733377205,0.01836677731341006
distilbert_sst2,500,88,0.014753896577923854,0.0046838824495303195,0.010316641221185576,0.013814153163848259,0.006032379505978043,0.017460823626852928
distilbert_sst2,500,89,0.014753896577923854,0.015268791835581958,0.00904816783837907,0.016864745456875437,0.009048531647354108,0.017713748475597466
distilbert_sst2,500,90,0.014753896577923854,0.014622654420239519,0.012000540779812252,0.01628021424006248,0.010337212476029534,0.017186040091014126
distilbert_sst2,500,91,0.014753896577923854,0.011475583911072583,0.012405300447833743,0.018818551086710433,0.008663253235074416,0.022973612876916252
distilbert_sst2,500,92,0.014753896577923854,0.01407947682326071,0.008210587961155948,0.013619501044413162,0.007399539183899911,0.012637903967728275
distilbert_sst2,500,93,0.014753896577923854,0.02214204015409091,0.016428795525425862,0.027327169031382145,0.015476034753258502,0.02980576440995656
distilbert_sst2,500,94,0.014753896577923854,0.004007500210518824,0.011124445508971225,0.018164424454005783,0.007988380036118497,0.018496931121228775
distilbert_sst2,500,95,0.014753896577923854,0.02314642081956009,0.014982848066324411,0.021059247544171013,0.010330914047414127,0.024505743381491328
distilbert_sst2,500,96,0.014753896577923854,0.014001465256343654,0.009458634752685812,0.013385651176160222,0.008633098275205493,0.011628502173150517
distilbert_sst2,500,97,0.014753896577923854,0.01128450225417799,0.009334045043692441,0.013015800989015698,0.00737909249733204,0.012714061321828838
distilbert_sst2,500,98,0.014753896577923854,0.0329705000093108,0.013285771956331523,0.026421539202915054,0.009704501896891976,0.03352980798521095
distilbert_sst2,500,99,0.014753896577923854,0.006059570953365798,0.011136599367497429,0.01513942141639991,0.006486266722476224,0.015487076807222831
distilbert_sst2,500,100,0.014753896577923854,0.02321980255233487,0.020063333763671955,0.02849862581261542,0.016809998496224474,0.027042187286522076
distilbert_sst2,500,101,0.014753896577923854,0.017698016817644963,0.010078845080292081,0.012852714061816735,0.008481123380008811,0.015219689110070784
distilbert_sst2,500,102,0.014753896577923854,0.007841087414302055,0.010135371429474717,0.013417299752757446,0.00576621409358059,0.01343097082130986
distilbert_sst2,500,103,0.014753896577923854,0.033679214822905285,0.015900126265753763,0.024327310123006287,0.012366404078113812,0.02393821641610663
distilbert_sst2,500,104,0.014753896577923854,0.010116124793874559,0.016348280029650268,0.02143197992912737,0.01246468639548245,0.02000973319725792
distilbert_sst2,500,105,0.014753896577923854,0.015864750325423945,0.00605972761378676,0.015107982382890144,0.0061462363324885335,0.014731406644442745
distilbert_sst2,500,106,0.014753896577923854,0.01697152192678412,0.006725417048138267,0.012547211115433445,0.006077286263202411,0.015380001044510719
distilbert_sst2,500,107,0.014753896577923854,0.008494899917623906,0.006475557487647228,0.012302619209890824,0.005357372381057153,0.013553029796336663
distilbert_sst2,500,108,0.014753896577923854,0.01516078860594703,0.012459525848113377,0.019277469515130118,0.011256220636166301,0.02119624696493934
distilbert_sst2,500,109,0.014753896577923854,0.008722186486809565,0.012694536443117915,0.018134093655282218,0.010552931149603368,0.021454150414688188
distilbert_sst2,500,110,0.014753896577923854,0.019308771775554925,0.012082512817916636,0.01327809860334815,0.0066509542062976185,0.0164003949772179
distilbert_sst2,500,111,0.014753896577923854,0.015086747558367314,0.00919958486176128,0.014329619989896498,0.004413275571995659,0.015812402386399187
distilbert_sst2,500,112,0.014753896577923854,0.005930534416703722,0.004448209407363851,0.011191411992893916,0.00292785105469821,0.010644229634568278
distilbert_sst2,500,113,0.014753896577923854,0.01918494858468611,0.018727756523464163,0.0230594119244376,0.01435158839353853,0.02412127624988106
distilbert_sst2,500,114,0.014753896577923854,0.018823098087108664,0.011768673619357645,0.021865712104754742,0.011566572030443208,0.02161204211780898
distilbert_sst2,500,115,0.014753896577923854,0.007241021329716913,0.009771345892938545,0.018545924831369975,0.01000371386364811,0.015587669908130897
distilbert_sst2,500,116,0.014753896577923854,0.008227976320047299,0.009170347896738304,0.012743350111519013,0.007586193107592765,0.013910905042107749
distilbert_sst2,500,117,0.014753896577923854,0.012240230204954888,0.0112854387108798,0.017354887445457465,0.00916087609751597,0.016198479123628484
distilbert_sst2,500,118,0.014753896577923854,0.017819177467969797,0.012609779091635206,0.01941095536799367,0.01058478116501796,0.0178069337583487
distilbert_sst2,500,119,0.014753896577923854,0.018515429811084103,0.016803826516548923,0.025939641948711754,0.011539217195597966,0.027385649320743548
distilbert_sst2,500,120,0.014753896577923854,0.02076863574241974,0.0070095744444057225,0.010917733450360099,0.005585342629343958,0.01324534414204283
distilbert_sst2,500,121,0.014753896577923854,0.010209703103173283,0.013715769249078967,0.018857191556779007,0.009789924254832709,0.01830952909247765
distilbert_sst2,500,122,0.014753896577923854,0.011634930023229285,0.009603881004800965,0.014167379523608551,0.009007410492021762,0.016783178065809066
distilbert_sst2,500,123,0.014753896577923854,0.036302995963319776,0.013638054114306249,0.025419120366290036,0.012408524196459384,0.029539591359575755
distilbert_sst2,500,124,0.014753896577923854,0.01909258347719866,0.011494113243070878,0.01948518834162979,0.005699123392864574,0.02069698182386386
distilbert_sst2,500,125,0.014753896577923854,0.024993237838219023,0.01563318266795627,0.02364336712274935,0.015502827905886515,0.024613727489288313
distilbert_sst2,500,126,0.014753896577923854,0.008663310915641858,0.008668236667895558,0.011156603640727184,0.007669079221009706,0.011652817406020598
distilbert_sst2,500,127,0.014753896577923854,0.03346181981821825,0.017342020146729826,0.02146612063123285,0.01783134276022789,0.023679592579546303
distilbert_sst2,500,128,0.014753896577923854,0.02278279706934166,0.01395448293228324,0.0228856886746477,0.013664733961907942,0.023652179623446498
distilbert_sst2,500,129,0.014753896577923854,0.0217513457654043,0.015384499043855577,0.021148238827430423,0.01109926750983143,0.02130175846518406
distilbert_sst2,500,130,0.014753896577923854,0.014673701061058989,0.010785201430670525,0.01791979516934976,0.006567082121161753,0.015891243130680955
distilbert_sst2,500,131,0.014753896577923854,0.01398848247848516,0.011966899771518436,0.017447939617709192,0.0119549152111883,0.01866238196548118
distilbert_sst2,500,132,0.014753896577923854,0.011057637488427875,0.010174306828489571,0.014442582657353773,0.008853520836870105,0.014267367456321896
distilbert_sst2,500,133,0.014753896577923854,0.01992770164049225,0.013451745480037745,0.02226854362231153,0.011538857516495733,0.020902378504807688
distilbert_sst2,500,134,0.014753896577923854,0.014241557931267308,0.006672803001636542,0.012667217613344921,0.005648339111786988,0.01641733065766349
distilbert_sst2,500,135,0.014753896577923854,0.025577863849195744,0.016030124121540784,0.024174984466478953,0.014347383312057144,0.02693810565638807
distilbert_sst2,500,136,0.014753896577923854,0.011576817737742526,0.010198321837552994,0.015380233879833206,0.009840367292834447,0.015560295239168385
distilbert_sst2,500,137,0.014753896577923854,0.01463613869935518,0.00841211781298591,0.014509133350630005,0.008181300578763878,0.014440434710672035
distilbert_sst2,500,138,0.014753896577923854,0.003163562414457549,0.007362983659318598,0.008682387822063558,0.006245410246760745,0.008651358876441211
distilbert_sst2,500,139,0.014753896577923854,0.02265253807978168,0.012649896297875949,0.019688679525793028,0.008531359746800674,0.022586082157582864
distilbert_sst2,500,140,0.014753896577923854,0.013127957191326887,0.010066098857826881,0.013972285762206155,0.009054649584029122,0.012643434143183066
distilbert_sst2,500,141,0.014753896577923854,0.013341835908627237,0.008797804203091121,0.012769474499285782,0.008668308279302345,0.014559451269946878
distilbert_sst2,500,142,0.014753896577923854,0.01772507412433842,0.013988170239392805,0.01906872951241852,0.011094536824989737,0.023047617400794043
distilbert_sst2,500,143,0.014753896577923854,0.013000681351728034,0.01330771885401577,0.015486145227427422,0.009502743465800916,0.017644370729391817
distilbert_sst2,500,144,0.014753896577923854,0.018664507633258203,0.010872706284883276,0.020254267487075643,0.008456682453610283,0.020331193194920598
distilbert_sst2,500,145,0.014753896577923854,0.0009021123358149686,0.0034750722293552415,0.011748203899916414,0.0034397988809757593,0.011299223870916517
distilbert_sst2,500,146,0.014753896577923854,0.011174785464236205,0.01113046945205465,0.016802023833538567,0.008476189762998333,0.01941898969619468
distilbert_sst2,500,147,0.014753896577923854,0.0289677586403886,0.013500786592845216,0.020060021087357573,0.010841358400843128,0.02108354552495685
distilbert_sst2,500,148,0.014753896577923854,0.02135202502438347,0.013036807273153754,0.02198612636079921,0.011597213972092546,0.021899374435444697
distilbert_sst2,500,149,0.014753896577923854,0.009032017733352622,0.006325628733416367,0.010665660019799227,0.0050609783188445626,0.013334028742857724
distilbert_sst2,500,150,0.014753896577923854,0.009169527749463086,0.00939558651648654,0.012307378332363263,0.007522548458636789,0.014643950833870836
distilbert_sst2,500,151,0.014753896577923854,0.018369042853933492,0.013719699856664293,0.02258392632979016,0.012966536856052419,0.0230217876742002
distilbert_sst2,500,152,0.014753896577923854,0.004428417220001277,0.006535374370506646,0.010466440643927363,0.005803049514182236,0.00981706628339732
distilbert_sst2,500,153,0.014753896577923854,0.0023072115017809818,0.010208997569988328,0.014876151126667993,0.009637182347772538,0.016204309034971685
distilbert_sst2,500,154,0.014753896577923854,0.01830976294460528,0.011880686499636691,0.018115796110269783,0.007535254817503261,0.02035475740218126
distilbert_sst2,500,155,0.014753896577923854,0.012156811711253287,0.012220236824130115,0.01580595609289368,0.009349721729503935,0.015993675518474245
distilbert_sst2,500,156,0.014753896577923854,0.005792652887994334,0.008373806727472174,0.015101896487022499,0.006569233948866905,0.014547108738394179
distilbert_sst2,500,157,0.014753896577923854,0.02060620285022121,0.016103587500788594,0.0199162313498553,0.014734371375189861,0.0211633033143932
distilbert_sst2,500,158,0.014753896577923854,0.014155178657734748,0.006977263211171879,0.012527281821559485,0.006839397106857799,0.012225963553986077
distilbert_sst2,500,159,0.014753896577923854,0.014586768246667091,0.014575460189751416,0.01790106915064801,0.011562789354137652,0.0243786718956791
distilbert_sst2,500,160,0.014753896577923854,0.015460096414139667,0.009615435511769752,0.013657576747839354,0.006291907439494713,0.016695202140398074
distilbert_sst2,500,161,0.014753896577923854,0.030398190004521496,0.014338274268517045,0.02536221412998959,0.012006646743641795,0.0327192847620867
distilbert_sst2,500,162,0.014753896577923854,0.002764145479663957,0.009066196596724538,0.009167198878167599,0.005512707545187135,0.012166525081373211
distilbert_sst2,500,163,0.014753896577923854,0.015041713357192425,0.01278824466649952,0.0199570938669355,0.010244604037347305,0.020529026507217375
distilbert_sst2,500,164,0.014753896577923854,0.018202960894337067,0.010364630831297237,0.02156139242337627,0.008117951926970443,0.022376170773470042
distilbert_sst2,500,165,0.014753896577923854,0.02279900094978516,0.012111754178968013,0.025185481588710902,0.013546530591504274,0.021392799078853414
distilbert_sst2,500,166,0.014753896577923854,0.006354894634818359,0.011498488067848232,0.014969013158169342,0.009944144642847071,0.016504494274794293
distilbert_sst2,500,167,0.014753896577923854,0.008913165472654349,0.011139585236639039,0.015842173533362935,0.008853550928852014,0.015515881380168527
distilbert_sst2,500,168,0.014753896577923854,0.020139717294821346,0.013344123802119124,0.018190076121697013,0.012150251591902323,0.018562403311075032
distilbert_sst2,500,169,0.014753896577923854,0.003696489231014034,0.007410747781309699,0.011504755884307648,0.007206340422736778,0.011893990880813318
distilbert_sst2,500,170,0.014753896577923854,0.011970481427650045,0.009949642638279335,0.014122009866215328,0.008333675421276204,0.015332870883241811
distilbert_sst2,500,171,0.014753896577923854,0.010779510803050408,0.006882109371594834,0.015990766410762743,0.006507290967112997,0.014445785083339862
distilbert_sst2,500,172,0.014753896577923854,0.007811899813220062,0.00686201993398698,0.011357777996641385,0.006693336805869739,0.013389035410522884
distilbert_sst2,500,173,0.014753896577923854,0.024547449369017628,0.015417559016276236,0.027105232306607628,0.014755893855627363,0.025271512731204482
distilbert_sst2,500,174,0.014753896577923854,0.022505165798383273,0.013459365258028039,0.021768642568414254,0.01146286757636161,0.021822703068076665
distilbert_sst2,500,175,0.014753896577923854,0.006946929321335159,0.00876153100799596,0.01522833575240044,0.005557678307198988,0.016552856039379945
distilbert_sst2,500,176,0.014753896577923854,0.004912038446374758,0.009350712884615196,0.015082343103955204,0.007823219803858293,0.01480960977826505
distilbert_sst2,500,177,0.014753896577923854,0.014071423734868091,0.00921480273273674,0.012362653069161563,0.006177236828336329,0.014372210246039933
distilbert_sst2,500,178,0.014753896577923854,0.020283695605464263,0.014740049603697706,0.01832378736749047,0.014114843641002253,0.02034227908227589
distilbert_sst2,500,179,0.014753896577923854,0.010538744558206487,0.011759474178552824,0.015692061539830448,0.009765162133248831,0.015784646241164834
distilbert_sst2,500,180,0.014753896577923854,0.013842046957732822,0.009011678353133223,0.010805868184270716,0.0077634628163058585,0.01360485234437452
distilbert_sst2,500,181,0.014753896577923854,0.016759023670686907,0.010531759697797289,0.018269780347356487,0.008010908531145567,0.016413580849833034
distilbert_sst2,500,182,0.014753896577923854,0.01705872460484002,0.01705389755290576,0.022424010221363366,0.013883993292215199,0.027648828403515593
distilbert_sst2,500,183,0.014753896577923854,0.010125061374394286,0.009554824502605811,0.016021184580216105,0.008787336561575406,0.0164045170727843
distilbert_sst2,500,184,0.014753896577923854,0.02715179663766881,0.011630884843462665,0.015200565699641923,0.01133704564028036,0.01928930333223191
distilbert_sst2,500,185,0.014753896577923854,0.01710387906958758,0.012365379284818205,0.018580120338550644,0.011326035841356712,0.019152463537435563
distilbert_sst2,500,186,0.014753896577923854,0.01858715219781346,0.02135152254222678,0.027170646367698024,0.017009820053355225,0.02703374610338639
distilbert_sst2,500,187,0.014753896577923854,0.019536225519357374,0.01185568239462747,0.012477314604728361,0.009310149239085515,0.0170622681444902
distilbert_sst2,500,188,0.014753896577923854,0.014871560372733985,0.011248050042779813,0.016752553381205047,0.007615398951475916,0.016903705903180737
distilbert_sst2,500,189,0.014753896577923854,0.012051219428448202,0.009940486506695122,0.01712934063700973,0.009694680893047043,0.013971362190463212
distilbert_sst2,500,190,0.014753896577923854,0.017613299021527636,0.011425545026238468,0.015604598987650412,0.011780545067477426,0.018539509128247072
distilbert_sst2,500,191,0.014753896577923854,0.01710650632551648,0.012399959987078935,0.020229863611220922,0.013573306780240654,0.01893170819442063
distilbert_sst2,500,192,0.014753896577923854,0.012170080304340355,0.01590519945239017,0.023302629207599183,0.011367661072511144,0.02374809931803307
distilbert_sst2,500,193,0.014753896577923854,0.01535600663306901,0.010401824767650848,0.015733173565806946,0.009563222153763686,0.01406424359562374
distilbert_sst2,500,194,0.014753896577923854,0.005523247122204593,0.01075318548831814,0.01626728870685297,0.007570763220647475,0.018261417989449014
distilbert_sst2,500,195,0.014753896577923854,0.012953314941629032,0.009848566636480264,0.011032183627309141,0.00910664989076276,0.012037134722662978
distilbert_sst2,500,196,0.014753896577923854,0.027945187564296363,0.012470635998136442,0.024514181215644863,0.01204037610623375,0.026391124232478715
distilbert_sst2,500,197,0.014753896577923854,0.0076611568498025666,0.00966175369542804,0.012194817414153358,0.009937855348905466,0.01546056806565138
distilbert_sst2,500,198,0.014753896577923854,0.006223072349199725,0.012672328519244078,0.017647071807488087,0.01088551943482702,0.01822886850667154
distilbert_sst2,500,199,0.014753896577923854,0.010870936328409039,0.011980067883691454,0.017976104274161887,0.011145975549823614,0.018780394134598408
distilbert_sst2,750,0,0.014753896577923854,0.010055551797557452,0.010658433761697728,0.01708769859948944,0.010474207099212573,0.01889143903436007
distilbert_sst2,750,1,0.014753896577923854,0.012932408002938149,0.01735004129671536,0.022884005536589834,0.015555190306812357,0.022690769190599175
distilbert_sst2,750,2,0.014753896577923854,0.012549847869694711,0.01198186277650003,0.018930974241481466,0.01115192236902539,0.02259529658572005
distilbert_sst2,750,3,0.014753896577923854,0.020702204766865292,0.017437374519858176,0.024741268251154268,0.016252441629812053,0.028042169168966923
distilbert_sst2,750,4,0.014753896577923854,0.014396803500793984,0.010170533621188842,0.021368988534653927,0.008473697558246654,0.020221435291744375
distilbert_sst2,750,5,0.014753896577923854,0.020481560102917958,0.012775886481483738,0.023698693310704438,0.010248595260909469,0.024899077554035573
distilbert_sst2,750,6,0.014753896577923854,0.013715695117918116,0.00845366594027001,0.014934270866005569,0.008555675162873394,0.020215635729616297
distilbert_sst2,750,7,0.014753896577923854,0.016526987615253317,0.010569827030309162,0.017484265289842506,0.008811510464084247,0.01961697392439254
distilbert_sst2,750,8,0.014753896577923854,0.027855571182825906,0.014029350747216054,0.0267849139421251,0.014824200414709013,0.031149624488529988
distilbert_sst2,750,9,0.014753896577923854,0.02102596532840461,0.013391864910024623,0.01952138406943042,0.01213713130217793,0.024500703068733344
distilbert_sst2,750,10,0.014753896577923854,0.0044309954807690574,0.006446961269867972,0.011005199619980626,0.005453882800504689,0.012483324227015381
distilbert_sst2,750,11,0.014753896577923854,0.006833145029927683,0.006342834530590323,0.012804762697448478,0.0067154646059291246,0.0142107336995075
distilbert_sst2,750,12,0.014753896577923854,0.005036505045618628,0.0070269688192187586,0.01427739384631766,0.0073836640566850775,0.01719186426524875
distilbert_sst2,750,13,0.014753896577923854,0.013775714058626301,0.009271414937976296,0.015940573064218384,0.009886908422166172,0.020074224502323164
distilbert_sst2,750,14,0.014753896577923854,0.02227036127198528,0.0128382183795351,0.023469748368822957,0.011126986402585718,0.026769732495491454
distilbert_sst2,750,15,0.014753896577923854,0.00518927757382858,0.008816024643752123,0.012494195276535558,0.008401246701548255,0.020357320630015864
distilbert_sst2,750,16,0.014753896577923854,0.011125439251290866,0.006550754887380491,0.009235769096873927,0.006461920490756446,0.01252055859068735
distilbert_sst2,750,17,0.014753896577923854,0.010263864566931435,0.007141794650972998,0.015092514474619319,0.007175818778655633,0.015908743042137772
distilbert_sst2,750,18,0.014753896577923854,0.01853414486634662,0.01098267013428485,0.01774230319387363,0.011696432956367969,0.01988322151917258
distilbert_sst2,750,19,0.014753896577923854,0.006658061258912686,0.010717728063724834,0.016861678891498,0.0077047216075273525,0.020428960797914276
distilbert_sst2,750,20,0.014753896577923854,0.007403350795853853,0.010268618889580078,0.012883331698269213,0.009997347404466884,0.016621523450423722
distilbert_sst2,750,21,0.014753896577923854,0.009961241658131212,0.009262638474221494,0.014537506285304987,0.008094578392082066,0.01784136710850943
distilbert_sst2,750,22,0.014753896577923854,0.02168095040469566,0.012939902543487473,0.024526475314726567,0.012906082028258646,0.0256611691975188
distilbert_sst2,750,23,0.014753896577923854,0.0063463585461942616,0.010330773521179053,0.018218979202882467,0.009854771010223345,0.022983587672272716
distilbert_sst2,750,24,0.014753896577923854,0.02433076629369683,0.014874777914450646,0.0214709169084536,0.014110401777496286,0.027700280198452415
distilbert_sst2,750,25,0.014753896577923854,0.010946069038539029,0.012436159921296085,0.01697063053677796,0.011561482698383108,0.019060419719378444
distilbert_sst2,750,26,0.014753896577923854,0.02315212421098749,0.012763185513118279,0.014388436784849423,0.009870415794305728,0.01799449527155471
distilbert_sst2,750,27,0.014753896577923854,0.019933253009422506,0.010798854498801524,0.023244741682713465,0.010289819229917962,0.02662663213496471
distilbert_sst2,750,28,0.014753896577923854,0.014352433105382981,0.007840980779407794,0.012008244579177513,0.009029025072065664,0.01535425202315376
distilbert_sst2,750,29,0.014753896577923854,0.011134459492119159,0.009688933396571495,0.01845332900301368,0.00823146471407222,0.02082704325052817
distilbert_sst2,750,30,0.014753896577923854,0.005878202663330428,0.005523660320937542,0.011148202869174971,0.004688232351903811,0.014222575239716968
distilbert_sst2,750,31,0.014753896577923854,0.014847784725219526,0.009383069740398825,0.015160238435476921,0.007844842299792477,0.015657172412636103
distilbert_sst2,750,32,0.014753896577923854,0.011227877576141253,0.006901687277560057,0.011849184780878012,0.006569925761400456,0.017112830862093587
distilbert_sst2,750,33,0.014753896577923854,0.01718651504398141,0.007923678437868358,0.014567405068094234,0.00858958605529888,0.017389309407730265
distilbert_sst2,750,34,0.014753896577923854,0.017607772823035647,0.008341105141603146,0.01260288042384804,0.0072705556091139925,0.017776774820780158
distilbert_sst2,750,35,0.014753896577923854,0.01777409968751798,0.0115223640927713,0.01937182176633599,0.011314645988498217,0.022905003643619096
distilbert_sst2,750,36,0.014753896577923854,0.01361468731442139,0.00893603171505808,0.01759758576323542,0.008177487622842315,0.022412495208553023
distilbert_sst2,750,37,0.014753896577923854,0.018230618782199656,0.012647124608019693,0.01972501095411986,0.010650199996987412,0.01970333869237634
distilbert_sst2,750,38,0.014753896577923854,0.030407668907660963,0.015508733502373624,0.02522236387848971,0.013610988954946314,0.02733018830151663
distilbert_sst2,750,39,0.014753896577923854,0.026879495082542205,0.013718715795788075,0.023108952406235478,0.011413538187441228,0.030391956290062663
distilbert_sst2,750,40,0.014753896577923854,0.007897132104683728,0.009074520605418905,0.014717760908468736,0.009090397793528745,0.015362529133485143
distilbert_sst2,750,41,0.014753896577923854,0.018449948459774164,0.014179023652808967,0.02095650749327014,0.01326113818011768,0.022928910237397654
distilbert_sst2,750,42,0.014753896577923854,0.015612772619711878,0.013206231406544677,0.020228905279778886,0.0102979805663675,0.022608060516598708
distilbert_sst2,750,43,0.014753896577923854,0.025364992752357585,0.014126569600157275,0.021335225381492406,0.013800696847593922,0.027910776451928142
distilbert_sst2,750,44,0.014753896577923854,0.016632910520435865,0.009193952638903267,0.01621819897835633,0.007593590936590511,0.02224850513875458
distilbert_sst2,750,45,0.014753896577923854,0.017183692193816172,0.011413832583736641,0.02149857470392645,0.009157581132817267,0.021350872610071705
distilbert_sst2,750,46,0.014753896577923854,0.018952203175185638,0.014621325383998915,0.019818447827097754,0.012448772166232674,0.027130889965098166
distilbert_sst2,750,47,0.014753896577923854,0.020609493541116627,0.01148020327674232,0.023457278687966855,0.011708749660753887,0.027223897309135447
distilbert_sst2,750,48,0.014753896577923854,0.014650768501308893,0.007533826349298889,0.012720112263249752,0.00831817763796572,0.017081055344152007
distilbert_sst2,750,49,0.014753896577923854,0.024366431505212824,0.012522091509516196,0.02214326687523921,0.01122904059430671,0.027801663784284725
distilbert_sst2,750,50,0.014753896577923854,0.02674755785589807,0.011826408041635497,0.022512387359492313,0.011232357486863746,0.02516685484297328
distilbert_sst2,750,51,0.014753896577923854,0.01877408578180998,0.012302932455950821,0.01563004567471929,0.010756088796484408,0.020348954869139985
distilbert_sst2,750,52,0.014753896577923854,0.009586634073058035,0.011368993595035076,0.015224645708240165,0.009118736455172614,0.01606459018402566
distilbert_sst2,750,53,0.014753896577923854,0.0060474999398629666,0.007229609513431214,0.013462653061173842,0.00785059631023356,0.014392455785520203
distilbert_sst2,750,54,0.014753896577923854,0.0121311284234187,0.0072683341732544,0.015209422879927836,0.006913426047372013,0.019470931034563148
distilbert_sst2,750,55,0.014753896577923854,0.01728423186244141,0.01155324946975252,0.016873204557520453,0.010662836452282588,0.019674849311897405
distilbert_sst2,750,56,0.014753896577923854,0.01308351794155825,0.011617168403563048,0.020871171789547227,0.012820584729850162,0.02200618945024075
distilbert_sst2,750,57,0.014753896577923854,0.02784977210710706,0.01813556195065947,0.02385288727056907,0.015468879178264916,0.029724894111889392
distilbert_sst2,750,58,0.014753896577923854,0.009923231269062492,0.009112680720459376,0.017217559104855343,0.007527252875529553,0.01698792449925498
distilbert_sst2,750,59,0.014753896577923854,0.012953459979615943,0.006563670361907956,0.012326127784469709,0.006133578820119729,0.017450572223577047
distilbert_sst2,750,60,0.014753896577923854,0.021352852706029882,0.007322735320268949,0.018560349935597277,0.0075374669765272025,0.018708600463980013
distilbert_sst2,750,61,0.014753896577923854,0.018349960073658817,0.01606691682968422,0.024152781910877674,0.015916435320181554,0.025816019800798975
distilbert_sst2,750,62,0.014753896577923854,0.010972033449823322,0.007005125441456341,0.012872957300110876,0.006794119776450173,0.0177323261637579
distilbert_sst2,750,63,0.014753896577923854,0.014348268274643403,0.011633812454697306,0.016132654790060673,0.009918094203007433,0.02023352316765993
distilbert_sst2,750,64,0.014753896577923854,0.008120876703736077,0.009141339069598513,0.01666014197894208,0.008802632950491513,0.021444791353271816
distilbert_sst2,750,65,0.014753896577923854,0.010748213944718506,0.011234958629504604,0.016829312581911813,0.008308323190014054,0.01832122600054437
distilbert_sst2,750,66,0.014753896577923854,0.010474844543246403,0.011720508669603832,0.01880317308696844,0.01133215082152193,0.022098860888486633
distilbert_sst2,750,67,0.014753896577923854,0.01434001535882318,0.008731413554554401,0.016423524940495933,0.007922515989268675,0.018903825555107213
distilbert_sst2,750,68,0.014753896577923854,0.01667566552240092,0.010896447108418124,0.02044644993803023,0.00819585310332351,0.02593697888489472
distilbert_sst2,750,69,0.014753896577923854,0.007269756767066951,0.007415635580486432,0.011100541210104464,0.008016602332374346,0.018251840481483587
distilbert_sst2,750,70,0.014753896577923854,0.012486010830832396,0.007130990070475071,0.010625045556570532,0.006463564164145534,0.014606957010573575
distilbert_sst2,750,71,0.014753896577923854,0.01401432745165802,0.006367779461706845,0.010688136624944118,0.00780803609703868,0.015478063510514692
distilbert_sst2,750,72,0.014753896577923854,0.011649753803665376,0.009057843825024657,0.015193487517202687,0.010206392095920598,0.01817880155679138
distilbert_sst2,750,73,0.014753896577923854,0.006518113217059793,0.00634178717824214,0.013328281841536853,0.0069330173291601285,0.014547325819477515
distilbert_sst2,750,74,0.014753896577923854,0.031946910926440475,0.01905842571469568,0.027452476618880027,0.01881728975233857,0.032106849433858546
distilbert_sst2,750,75,0.014753896577923854,0.005624968232243733,0.008452729339223515,0.014946524714377416,0.008157925508893797,0.01615100390976516
distilbert_sst2,750,76,0.014753896577923854,0.009930553577473192,0.008923951333158583,0.014232759476858863,0.007680527944617099,0.015448565119882688
distilbert_sst2,750,77,0.014753896577923854,0.01651607459219714,0.01086159983185193,0.016980818713021678,0.01116002721568934,0.019772320692389347
distilbert_sst2,750,78,0.014753896577923854,0.021480412081319764,0.015541313634006595,0.021339808086503324,0.014368768822167746,0.027044883640520184
distilbert_sst2,750,79,0.014753896577923854,0.004394734880250432,0.007568111494097245,0.012459310039116737,0.007529755260093604,0.01649920930312257
distilbert_sst2,750,80,0.014753896577923854,0.016553573352074868,0.010884079876160847,0.020579668572320714,0.011162252835467245,0.02388541649951115
distilbert_sst2,750,81,0.014753896577923854,0.015449569426291084,0.00835717888134746,0.018328778468467834,0.009086058593523908,0.023989744660095885
distilbert_sst2,750,82,0.014753896577923854,0.012552942048400116,0.01252785471326275,0.018205392574606155,0.01063085882701981,0.02037444748273077
distilbert_sst2,750,83,0.014753896577923854,0.012792197851822874,0.011640230806644175,0.020422174030714006,0.011155342337950125,0.02261446729346202
distilbert_sst2,750,84,0.014753896577923854,0.006467683633563065,0.006378189782325995,0.011663758221588402,0.006265497252399449,0.016667728725249836
distilbert_sst2,750,85,0.014753896577923854,0.005239390579167496,0.006614854680589916,0.012030982724486222,0.006598547515624871,0.015254356852053778
distilbert_sst2,750,86,0.014753896577923854,0.020758851144978226,0.013037310411968346,0.021695431640472874,0.009957004628571589,0.026570374660782735
distilbert_sst2,750,87,0.014753896577923854,0.02171002258552536,0.011757429708669151,0.019415866185858683,0.013079407826600878,0.023649835013236448
distilbert_sst2,750,88,0.014753896577923854,0.014074254592754375,0.008220355116220917,0.016136921412476475,0.006631645838833034,0.0183576799144339
distilbert_sst2,750,89,0.014753896577923854,0.015781613229685035,0.007065929005220859,0.01551490508288521,0.0066173160194828995,0.016799078075197513
distilbert_sst2,750,90,0.014753896577923854,0.012537164122752178,0.009156289850745236,0.014617708245850593,0.009898613355667014,0.015424270642103463
distilbert_sst2,750,91,0.014753896577923854,0.016405448483302356,0.012403666181696395,0.02284857663248465,0.012195917262270246,0.023158678533090716
distilbert_sst2,750,92,0.014753896577923854,0.015582711438542606,0.006092335979069788,0.015810893139711346,0.007064025313758807,0.01968582175778935
distilbert_sst2,750,93,0.014753896577923854,0.02170643306640842,0.013763304147664794,0.023626071726475448,0.014681837762253137,0.022293176481248
distilbert_sst2,750,94,0.014753896577923854,0.013602094856432143,0.009642291489497634,0.017141926633082234,0.00970145342758263,0.01914026269748058
distilbert_sst2,750,95,0.014753896577923854,0.010731484191005789,0.006720714287585885,0.01157427348163453,0.005874071626661759,0.01388154563060666
distilbert_sst2,750,96,0.014753896577923854,0.015557903033333858,0.010153668310542664,0.013653019114962273,0.0090453740236756,0.015125605432711697
distilbert_sst2,750,97,0.014753896577923854,0.014992330341261838,0.012314256809995715,0.019876102221719927,0.010276110033674865,0.024762166809297406
distilbert_sst2,750,98,0.014753896577923854,0.012295853900037946,0.0075406905375900455,0.01276294879143477,0.006997880870995151,0.015758983887039738
distilbert_sst2,750,99,0.014753896577923854,0.024910744427239413,0.014031673241106641,0.022692728302600804,0.014151252238640312,0.025191291534345347
distilbert_sst2,750,100,0.014753896577923854,0.0077680534178439465,0.006932842547160785,0.015984772180864176,0.006763228757925231,0.017307355058321656
distilbert_sst2,750,101,0.014753896577923854,0.016728464889274288,0.013686874689135719,0.01752030772353674,0.014179026911386606,0.023391503880877754
distilbert_sst2,750,102,0.014753896577923854,0.015761444539394768,0.011384014524398729,0.021405423318694317,0.011144128392884397,0.022938977362644
distilbert_sst2,750,103,0.014753896577923854,0.008991498703837825,0.006173095559043081,0.009056331209494934,0.005213823483067753,0.011763969024766579
distilbert_sst2,750,104,0.014753896577923854,0.01651043608397457,0.012088765758232605,0.02126102350241276,0.010715123944353838,0.022646093400152008
distilbert_sst2,750,105,0.014753896577923854,0.0138680048175883,0.008590787819598145,0.014790496901820854,0.008213805597750217,0.018030067747085047
distilbert_sst2,750,106,0.014753896577923854,0.016397863528289324,0.010496167966149057,0.01650771930933044,0.010175554903112836,0.019454425605117717
distilbert_sst2,750,107,0.014753896577923854,0.012751068939936744,0.010396559397125046,0.014689895339388583,0.010222250555867528,0.020854478205712502
distilbert_sst2,750,108,0.014753896577923854,0.007589691295375384,0.009772852499652034,0.015099739921883867,0.008324639673396013,0.017625272480802253
distilbert_sst2,750,109,0.014753896577923854,0.024259831648207015,0.012413532049829068,0.023476058645953368,0.01292403558270458,0.027534251566756283
distilbert_sst2,750,110,0.014753896577923854,0.01660923108069684,0.007997723649719067,0.011459454794725269,0.007628786590697486,0.01396093146602783
distilbert_sst2,750,111,0.014753896577923854,0.018279334531528618,0.013350022276700305,0.0218645584123892,0.013945326684260916,0.022772425618678857
distilbert_sst2,750,112,0.014753896577923854,0.02327903714987298,0.015376551018357188,0.02226448728493897,0.014533192381554292,0.024248118202255066
distilbert_sst2,750,113,0.014753896577923854,0.015409317149393788,0.011350838045725242,0.015482624062472583,0.010711760480764845,0.016744159704670556
distilbert_sst2,750,114,0.014753896577923854,0.013836544410798544,0.015540898028197843,0.021478817701188136,0.011843704496391048,0.021062355676857797
distilbert_sst2,750,115,0.014753896577923854,0.014535058888978838,0.010162958062450708,0.016739971936821054,0.008356506409923345,0.019821038051091568
distilbert_sst2,750,116,0.014753896577923854,0.015699287690772733,0.008495984800723819,0.015227977559570283,0.008213818713701197,0.01937170366670747
distilbert_sst2,750,117,0.014753896577923854,0.01198314710799508,0.010125025391419823,0.01736548128304656,0.010672330598921581,0.021980082739021745
distilbert_sst2,750,118,0.014753896577923854,0.010820662761880774,0.008069090538673338,0.013417862973733397,0.007422254820197932,0.017532409709791787
distilbert_sst2,750,119,0.014753896577923854,0.008844899249417382,0.00965485059410078,0.015154372132503547,0.008962888779190116,0.019479426732520858
distilbert_sst2,750,120,0.014753896577923854,0.01842936760202612,0.009699291762823217,0.019057632345702673,0.008064097358940578,0.020117361544079424
distilbert_sst2,750,121,0.014753896577923854,0.018439010876370183,0.013304000543968684,0.019791875566646855,0.01312847707728073,0.021572797725912012
distilbert_sst2,750,122,0.014753896577923854,0.02722853453984085,0.013937013222968933,0.017542431889729617,0.012389330322857085,0.023197274483872363
distilbert_sst2,750,123,0.014753896577923854,0.013572129948115082,0.006750297598117526,0.011641184487794408,0.00594313977619742,0.01412923036132625
distilbert_sst2,750,124,0.014753896577923854,0.010593925026073045,0.010570814681106214,0.015610053985177109,0.008653088995343325,0.02016089470426572
distilbert_sst2,750,125,0.014753896577923854,0.016013925841861454,0.015421461726337049,0.019575539820715304,0.01385951938682387,0.021938141474784335
distilbert_sst2,750,126,0.014753896577923854,0.016700650181647746,0.0071741628217938495,0.01885906474714031,0.00746812607392882,0.019082453733682673
distilbert_sst2,750,127,0.014753896577923854,0.007790361698386721,0.010157487326382409,0.01708570010982651,0.009168905870234376,0.02017988590384703
distilbert_sst2,750,128,0.014753896577923854,0.0159555732299565,0.010007799858183125,0.01625116513146302,0.009797236501374162,0.017617941280639142
distilbert_sst2,750,129,0.014753896577923854,0.02025827884109303,0.01578789396472274,0.02582792943999585,0.014747322374315792,0.025813588481302052
distilbert_sst2,750,130,0.014753896577923854,0.02075120757540776,0.015106903439116541,0.02060085246901568,0.014032332447035877,0.020592339398121638
distilbert_sst2,750,131,0.014753896577923854,0.009072231252579112,0.008538487517925762,0.015053277267112496,0.008726338565090272,0.019895103580568042
distilbert_sst2,750,132,0.014753896577923854,0.007857585030137422,0.01278290703349122,0.016659082755903953,0.011554501329232683,0.01739026600047923
distilbert_sst2,750,133,0.014753896577923854,0.015482171382545182,0.014439844866525135,0.020324426246204577,0.013137624430115045,0.024114303226335874
distilbert_sst2,750,134,0.014753896577923854,0.015754247475911587,0.007634973809377912,0.016711094787704706,0.008888822684377504,0.020010735427090972
distilbert_sst2,750,135,0.014753896577923854,0.013771367745887003,0.013783119607044883,0.019021487016082077,0.011950767955508337,0.024612241473998906
distilbert_sst2,750,136,0.014753896577923854,0.01651144488321193,0.012653478066072428,0.019546386051952434,0.011821324530911401,0.024826456237592366
distilbert_sst2,750,137,0.014753896577923854,0.011274686023672915,0.008676863058704604,0.012457253340640049,0.006646631799309391,0.014649711809699685
distilbert_sst2,750,138,0.014753896577923854,0.019885690077982222,0.01173616438256168,0.01573688521883085,0.011230797397462813,0.01764954646002471
distilbert_sst2,750,139,0.014753896577923854,0.0053671580498538835,0.006611680269086109,0.013972315412180735,0.006477345945755975,0.01427927575477746
distilbert_sst2,750,140,0.014753896577923854,0.025251243214253538,0.012930826358249155,0.020650359885333133,0.0109864034654239,0.029141670139017715
distilbert_sst2,750,141,0.014753896577923854,0.004457483951806741,0.007064587294344554,0.010422619563062487,0.006418324462320586,0.01641098513059506
distilbert_sst2,750,142,0.014753896577923854,0.012400185052140652,0.007747372682548905,0.015701303045204222,0.008398759763275481,0.016761125227894004
distilbert_sst2,750,143,0.014753896577923854,0.012453064881609502,0.007159187943528807,0.013410433618441776,0.005441487529995932,0.014059570752672662
distilbert_sst2,750,144,0.014753896577923854,0.008460571605248437,0.0075418502923639726,0.013084851947313382,0.00773976967308313,0.01528586433838958
distilbert_sst2,750,145,0.014753896577923854,0.015005402337566493,0.010907660818429392,0.020346446818356855,0.009003105346674967,0.025877054850935804
distilbert_sst2,750,146,0.014753896577923854,0.022843440827439176,0.012211361513122132,0.016243635751581904,0.010698720329366982,0.01688804373855115
distilbert_sst2,750,147,0.014753896577923854,0.013226364612258233,0.010166972281572656,0.014918032316366714,0.00979981835482586,0.016775063908193694
distilbert_sst2,750,148,0.014753896577923854,0.02393124715554443,0.008258614676795962,0.016954373008056037,0.008032119104714274,0.02047593882309133
distilbert_sst2,750,149,0.014753896577923854,0.013062670797304155,0.006425693186227838,0.011978356734098148,0.005797754269596704,0.01670957514794745
distilbert_sst2,750,150,0.014753896577923854,0.021759400955158693,0.013426798021527075,0.021694366918586835,0.012307311105662336,0.02507312914291576
distilbert_sst2,750,151,0.014753896577923854,0.01696560433676371,0.009046705739914639,0.01606720797282952,0.008918544822874859,0.01777265008408047
distilbert_sst2,750,152,0.014753896577923854,0.012271039136681827,0.011329107766241873,0.023840793433140432,0.011410918924360403,0.02894622318238341
distilbert_sst2,750,153,0.014753896577923854,0.01048656654774498,0.00835187440479523,0.014215350731737785,0.009664930332999266,0.01452950173365359
distilbert_sst2,750,154,0.014753896577923854,0.015236570060659142,0.010928820842582173,0.015636745041937117,0.010603948858563547,0.017839780272477446
distilbert_sst2,750,155,0.014753896577923854,0.014442494958580703,0.011145318958782808,0.017388912960455936,0.011150511052899817,0.019967186563072448
distilbert_sst2,750,156,0.014753896577923854,0.022333562448022187,0.0125003741687696,0.02117509457457549,0.012204488380086684,0.023360155296739165
distilbert_sst2,750,157,0.014753896577923854,0.026010368514026973,0.018606468798851448,0.02471034041376199,0.014800396643849011,0.027477133991984218
distilbert_sst2,750,158,0.014753896577923854,0.013205960331392668,0.009900559342802685,0.019217860201213077,0.007608855092508718,0.02326477426824292
distilbert_sst2,750,159,0.014753896577923854,0.008500572077681574,0.006809854033222765,0.011646450007278587,0.0069080204738938885,0.018228263805547477
distilbert_sst2,750,160,0.014753896577923854,0.01701588546821214,0.009719679368232474,0.01779879460880132,0.008672720881717359,0.023481258599899715
distilbert_sst2,750,161,0.014753896577923854,0.02061486038642796,0.011093528023981268,0.018651736418597326,0.009996215111068492,0.023128516002097504
distilbert_sst2,750,162,0.014753896577923854,0.008060897348738185,0.009807537300922663,0.011955749183964946,0.00897636122563067,0.014784990223128493
distilbert_sst2,750,163,0.014753896577923854,0.011805325757904862,0.009153656415960922,0.01659972442186197,0.00949240273483149,0.019316785872363296
distilbert_sst2,750,164,0.014753896577923854,0.020190886847597695,0.010972936283899084,0.02115121565634794,0.011379022404653414,0.02220575071795481
distilbert_sst2,750,165,0.014753896577923854,0.020088755776019873,0.01404676450387462,0.023800018338876357,0.014142472640667437,0.02451080278675056
distilbert_sst2,750,166,0.014753896577923854,0.018187964626393865,0.009415863798247586,0.014706051974306454,0.007561642967422346,0.019120140287432433
distilbert_sst2,750,167,0.014753896577923854,0.022839841287525295,0.009744721815763486,0.01753953597559232,0.009871959617455071,0.028238244334243465
distilbert_sst2,750,168,0.014753896577923854,0.008737715713848291,0.01208538513192025,0.013832979014113704,0.008995995441809066,0.017746690077214307
distilbert_sst2,750,169,0.014753896577923854,0.010549486384486814,0.009902898993490089,0.016716205417685263,0.010825275010061287,0.017032006934140045
distilbert_sst2,750,170,0.014753896577923854,0.010502408625618213,0.01007524017141576,0.01549521807857535,0.009648517452561813,0.02084517576997506
distilbert_sst2,750,171,0.014753896577923854,0.008268072190592505,0.007542919468438934,0.010872553291936007,0.006758597366432818,0.015005381426413033
distilbert_sst2,750,172,0.014753896577923854,0.012245590180974568,0.010320225883682631,0.018152901905935482,0.01008078034793672,0.016553152135167223
distilbert_sst2,750,173,0.014753896577923854,0.01370090088610732,0.011818793340168724,0.018036349687386245,0.011903662946297053,0.020465511438818886
distilbert_sst2,750,174,0.014753896577923854,0.01718644487903199,0.009288030304584739,0.01606369496494133,0.010980948181193297,0.019766579094457316
distilbert_sst2,750,175,0.014753896577923854,0.012835236106789666,0.011813853580154495,0.01506228175951516,0.011755808223648473,0.01870921183179293
distilbert_sst2,750,176,0.014753896577923854,0.013752488803876589,0.007188601097123208,0.013594993438201993,0.0079168974614682,0.017957589858172234
distilbert_sst2,750,177,0.014753896577923854,0.013128720580792246,0.008708462103173553,0.016377502494775605,0.006625872920374813,0.01880000835043789
distilbert_sst2,750,178,0.014753896577923854,0.013782071728081557,0.010883754489144491,0.01577467186777444,0.00829490541469251,0.016855422550558684
distilbert_sst2,750,179,0.014753896577923854,0.008690450994955471,0.00663313121765041,0.00978099940016435,0.007311920569633933,0.016663795930785395
distilbert_sst2,750,180,0.014753896577923854,0.016610998885789856,0.011174401906506558,0.016880012301191235,0.01145471737432819,0.02304077500013137
distilbert_sst2,750,181,0.014753896577923854,0.01797758800361053,0.01139964483503072,0.02005508441543983,0.01024515758270728,0.02239526780648808
distilbert_sst2,750,182,0.014753896577923854,0.01942882189843487,0.010791358388281004,0.02057533532911937,0.010668630667853306,0.024216005356789687
distilbert_sst2,750,183,0.014753896577923854,0.013949411596778646,0.009773069039351994,0.019035440126569058,0.010025743542523655,0.01980139827563108
distilbert_sst2,750,184,0.014753896577923854,0.016461131591520378,0.009462445843038727,0.019487661008883658,0.008508343031164812,0.019731035843192555
distilbert_sst2,750,185,0.014753896577923854,0.01983283638482644,0.008461679401213451,0.014175003212104412,0.008819203247880634,0.020375803272478527
distilbert_sst2,750,186,0.014753896577923854,0.006366274418009828,0.0072848665984726405,0.010898275942970008,0.007203740613874458,0.016743494758760462
distilbert_sst2,750,187,0.014753896577923854,0.011787747813170834,0.009556174905655234,0.015176642202857424,0.008184259423678984,0.02169669266300295
distilbert_sst2,750,188,0.014753896577923854,0.008826028241651369,0.011824822840770646,0.017274480497046957,0.011113824256881925,0.017051491949778258
distilbert_sst2,750,189,0.014753896577923854,0.015952324305132413,0.014632696303638006,0.020543925445987935,0.014019454459040638,0.021643881047379958
distilbert_sst2,750,190,0.014753896577923854,0.013169974731083358,0.012530626956754783,0.017574247020040464,0.009958651105729039,0.021598190872208947
distilbert_sst2,750,191,0.014753896577923854,0.010227622365405089,0.010134042785500303,0.017069655097237985,0.009621388030129449,0.01664258285489384
distilbert_sst2,750,192,0.014753896577923854,0.02061981343781981,0.011603579379106051,0.02143247900250476,0.010645471893247969,0.025050591674426557
distilbert_sst2,750,193,0.014753896577923854,0.011228955199717432,0.009191804534524978,0.01505343599833049,0.008148072798436564,0.01704996233149273
distilbert_sst2,750,194,0.014753896577923854,0.019842683228944082,0.010074650329860692,0.01846715325873761,0.009580532512847219,0.02122448767728978
distilbert_sst2,750,195,0.014753896577923854,0.020567342963726115,0.00954787328281968,0.02035139690742345,0.0068076618924466595,0.02104846210014608
distilbert_sst2,750,196,0.014753896577923854,0.01008323580171418,0.011698470508744384,0.01610185451133948,0.010784798653079474,0.017707205356114215
distilbert_sst2,750,197,0.014753896577923854,0.01621675932587673,0.013075178085643801,0.023691372809622215,0.013887434220987545,0.02781410952707999
distilbert_sst2,750,198,0.014753896577923854,0.007808097821591794,0.008040123312669836,0.013476806784505423,0.007891334659527396,0.016644569573591554
distilbert_sst2,750,199,0.014753896577923854,0.011558658650836188,0.009541546561364361,0.01638668743299137,0.009250446754327271,0.019978298042398073
distilbert_sst2,1000,0,0.014753896577923854,0.016172652363977812,0.01305673015901625,0.018042046012022108,0.010653377295405435,0.022932462012217204
distilbert_sst2,1000,1,0.014753896577923854,0.018071880522618624,0.008593262071694118,0.018263412511800595,0.008133829736462537,0.020432723491396333
distilbert_sst2,1000,2,0.014753896577923854,0.01932591974275538,0.012052748231540625,0.01742244113871548,0.011690757309366615,0.02117256759156581
distilbert_sst2,1000,3,0.014753896577923854,0.013656083828990386,0.008582037659074865,0.013331798906514862,0.008179416008544821,0.01929016840410972
distilbert_sst2,1000,4,0.014753896577923854,0.004661235322996557,0.006750218601524223,0.013200726572812824,0.006219274959420282,0.015581315796948363
distilbert_sst2,1000,5,0.014753896577923854,0.025796567424226487,0.012596110248376513,0.019862223432095892,0.011361122864263164,0.025765453487788248
distilbert_sst2,1000,6,0.014753896577923854,0.01178423785699543,0.008917091867351172,0.017803183887108106,0.0086640719425904,0.02283908982762889
distilbert_sst2,1000,7,0.014753896577923854,0.010933009897063306,0.008573906468780434,0.014645264316733724,0.006970823317735434,0.017527864608770625
distilbert_sst2,1000,8,0.014753896577923854,0.020771717165812782,0.009709752102124528,0.014757921974014498,0.009104390877051657,0.022407928360754895
distilbert_sst2,1000,9,0.014753896577923854,0.01829135968601745,0.01001111248535115,0.016937585053513858,0.010165842498734775,0.021762098250816642
distilbert_sst2,1000,10,0.014753896577923854,0.015588383903444766,0.012208460444976013,0.017820178822617102,0.012120325968736283,0.020658707269451754
distilbert_sst2,1000,11,0.014753896577923854,0.019254345917773925,0.008669283363151956,0.017735365119071592,0.007538787354552785,0.02326289333754462
distilbert_sst2,1000,12,0.014753896577923854,0.013369960459265248,0.008725707260243253,0.015383174002099202,0.008234714406151322,0.018182150555597052
distilbert_sst2,1000,13,0.014753896577923854,0.010981621356784953,0.010502854606262324,0.013875248190505639,0.009442837581881632,0.017096507283513033
distilbert_sst2,1000,14,0.014753896577923854,0.014961175212797563,0.00918043005967118,0.013871395682882062,0.008307958890743233,0.017404843114812243
distilbert_sst2,1000,15,0.014753896577923854,0.016114891988232648,0.011810991301631305,0.018848277718078114,0.010955829294951208,0.023729846281300176
distilbert_sst2,1000,16,0.014753896577923854,0.017949572073325905,0.009279420997753255,0.014405082795395796,0.009300683661777127,0.020846035267448805
distilbert_sst2,1000,17,0.014753896577923854,0.01502502848529678,0.010499822136307745,0.01545728301828111,0.01057646252392302,0.018371258439535094
distilbert_sst2,1000,18,0.014753896577923854,0.012785235940269639,0.010365740692013783,0.018465444019487357,0.009430184314042855,0.023441268257003472
distilbert_sst2,1000,19,0.014753896577923854,0.01731984587757692,0.013020923657838966,0.020315120033157816,0.012104757046650634,0.02225258323618355
distilbert_sst2,1000,20,0.014753896577923854,0.016275115003069277,0.010019757614464725,0.018560189790569365,0.009157752620192324,0.02084129615189658
distilbert_sst2,1000,21,0.014753896577923854,0.015549629974984349,0.00906645109163439,0.015493200228910643,0.008122579714967142,0.01892667391691203
distilbert_sst2,1000,22,0.014753896577923854,0.017798477394762025,0.013834302715888832,0.020886030557180187,0.013635184592970306,0.024734590264159605
distilbert_sst2,1000,23,0.014753896577923854,0.013256956501861445,0.013035301271749955,0.021623775368580775,0.012554594315255284,0.02426429058931827
distilbert_sst2,1000,24,0.014753896577923854,0.011805096837703505,0.0073409283503668545,0.011358177859724324,0.006159914768164549,0.01563562637399881
distilbert_sst2,1000,25,0.014753896577923854,0.008935491589227287,0.01166773851874129,0.018553095242893548,0.00900892111546528,0.02166476462839831
distilbert_sst2,1000,26,0.014753896577923854,0.010442807579882817,0.0077752272147455625,0.0173641572331293,0.007801531471789363,0.01976837566818362
distilbert_sst2,1000,27,0.014753896577923854,0.010295785695010195,0.008568623928637612,0.013639186220647269,0.007860886041348466,0.01421736851636294
distilbert_sst2,1000,28,0.014753896577923854,0.01357694459196393,0.00715908718249915,0.014764945067626281,0.006917326376603554,0.019490624897539905
distilbert_sst2,1000,29,0.014753896577923854,0.011695035765262849,0.013267076068431666,0.018189233083860272,0.013704985578026737,0.020127117549126192
distilbert_sst2,1000,30,0.014753896577923854,0.011261007933758017,0.00859156147222788,0.016393353322234728,0.008587184471721177,0.02074039893092955
distilbert_sst2,1000,31,0.014753896577923854,0.012001026335290009,0.007808678416601362,0.01635730016089941,0.008532649476777062,0.020578873159906388
distilbert_sst2,1000,32,0.014753896577923854,0.019174854267424907,0.008958678344759134,0.017528652176358496,0.0090470762700641,0.024559349423724924
distilbert_sst2,1000,33,0.014753896577923854,0.024477423237205996,0.014487695175056646,0.023764543659282742,0.012553581814964947,0.02875753345579543
distilbert_sst2,1000,34,0.014753896577923854,0.015133875245696558,0.010943349720800414,0.015247896601285029,0.010611298445166641,0.02189493637343414
distilbert_sst2,1000,35,0.014753896577923854,0.009575933959709043,0.00872974137469292,0.013798839342503828,0.008464037721874576,0.017386211762646837
distilbert_sst2,1000,36,0.014753896577923854,0.01763750168889633,0.010207086970023446,0.016906856773227712,0.009322209688131154,0.022501744219670522
distilbert_sst2,1000,37,0.014753896577923854,0.010294501826100604,0.009486735965393862,0.016358792195831286,0.007913004781010029,0.020051883455851054
distilbert_sst2,1000,38,0.014753896577923854,0.015495574092696803,0.0096593760186021,0.01805736579937852,0.007334923704750843,0.022793989177947945
distilbert_sst2,1000,39,0.014753896577923854,0.006187050415329311,0.00826793373116007,0.01452396883525596,0.008333844432860301,0.01877879344194718
distilbert_sst2,1000,40,0.014753896577923854,0.016467497686453343,0.015033963196356942,0.021029366575572056,0.012843752737060826,0.026406170926229735
distilbert_sst2,1000,41,0.014753896577923854,0.0175681205577458,0.010838915196250649,0.019036327216993408,0.01022885923822066,0.02773416524043251
distilbert_sst2,1000,42,0.014753896577923854,0.014378800421710247,0.008923216207001193,0.015568812265461677,0.007603320040591572,0.01752713546821014
distilbert_sst2,1000,43,0.014753896577923854,0.008290826533354147,0.008462471805760778,0.01527842305236126,0.0075678760024943965,0.018167234287798158
distilbert_sst2,1000,44,0.014753896577923854,0.015925264675503946,0.011060723007900924,0.01617205345197796,0.010029220685014077,0.022488686109877493
distilbert_sst2,1000,45,0.014753896577923854,0.01230063848293389,0.010278295593336387,0.016393445115171462,0.009159798187067794,0.02233255291372344
distilbert_sst2,1000,46,0.014753896577923854,0.01562335654627198,0.007696162594756433,0.0149657190080045,0.007136504869564601,0.019085443103481595
distilbert_sst2,1000,47,0.014753896577923854,0.014689777019312941,0.01059537881678561,0.016921237884579145,0.009317464704450894,0.017132437500672316
distilbert_sst2,1000,48,0.014753896577923854,0.009029253428623431,0.00959948638066771,0.015443835408801,0.008790406579785,0.018867036291777533
distilbert_sst2,1000,49,0.014753896577923854,0.011185010964846594,0.0101131174160298,0.015173329098734012,0.010427023511639887,0.018322216052185633
distilbert_sst2,1000,50,0.014753896577923854,0.019516345930666285,0.008552614173386382,0.014819143739169054,0.008044463292119873,0.020472758821959813
distilbert_sst2,1000,51,0.014753896577923854,0.01512626054826767,0.01124897414393422,0.019715894213399823,0.011967178852397061,0.022843215813513874
distilbert_sst2,1000,52,0.014753896577923854,0.018344986312649948,0.009835771946931266,0.01877522913559245,0.010436350269140476,0.026051145147628327
distilbert_sst2,1000,53,0.014753896577923854,0.021404260780860433,0.012407358531147758,0.02037926769975441,0.012481316960610197,0.023705266884705763
distilbert_sst2,1000,54,0.014753896577923854,0.01575782758625538,0.011303204749081922,0.0174880049242473,0.010274844836696129,0.02420419091261042
distilbert_sst2,1000,55,0.014753896577923854,0.025960696501075176,0.020189738250114306,0.0284439050226324,0.01837491692849099,0.0314539483920083
distilbert_sst2,1000,56,0.014753896577923854,0.018544614595393364,0.009997614177335063,0.021312676216756657,0.010139547096956613,0.02375550684050444
distilbert_sst2,1000,57,0.014753896577923854,0.021324502222883023,0.011998058217060738,0.019658241942311788,0.010690482913404109,0.02625253750694556
distilbert_sst2,1000,58,0.014753896577923854,0.009861557787568866,0.007506876858009228,0.013810045297527735,0.007099466307355274,0.01675698052884113
distilbert_sst2,1000,59,0.014753896577923854,0.0043096588602881385,0.007620172333502647,0.01422222725295609,0.0072149978443075006,0.017511096160932833
distilbert_sst2,1000,60,0.014753896577923854,0.013021273282635849,0.009204449308178288,0.01599557375760572,0.008783909382897128,0.019978324569194073
distilbert_sst2,1000,61,0.014753896577923854,0.01574962606989423,0.00999042525931028,0.016796776107856584,0.010186312801051471,0.0199257421868528
distilbert_sst2,1000,62,0.014753896577923854,0.010767830785132267,0.006810040767839158,0.012442362983660924,0.006523271758516752,0.02002515277902635
distilbert_sst2,1000,63,0.014753896577923854,0.01747270257550845,0.009440270519730965,0.019081254250031102,0.009310224806729847,0.02365359352124706
distilbert_sst2,1000,64,0.014753896577923854,0.024699952723217157,0.012055233924522525,0.023228753775403992,0.010179844166177548,0.027870589835795417
distilbert_sst2,1000,65,0.014753896577923854,0.011473979792052372,0.009403487152056989,0.01515962838780873,0.010160348567812083,0.01796068646077193
distilbert_sst2,1000,66,0.014753896577923854,0.01467175211876679,0.011254254686556433,0.017227712185025425,0.011660474506724423,0.020013064580584685
distilbert_sst2,1000,67,0.014753896577923854,0.02677156776043734,0.01561497802015792,0.02126467652563156,0.014190004712696025,0.03288399913364714
distilbert_sst2,1000,68,0.014753896577923854,0.015111897817721999,0.009877300602403756,0.015656472837900903,0.009850986813751733,0.02088720628578297
distilbert_sst2,1000,69,0.014753896577923854,0.014799971997963223,0.011099692551359126,0.01903537802083141,0.008608551576738812,0.021730436209475817
distilbert_sst2,1000,70,0.014753896577923854,0.012437014797245514,0.007813341452377703,0.013070111212302813,0.008117090542803953,0.01881499827292472
distilbert_sst2,1000,71,0.014753896577923854,0.01843760086092141,0.009577161714015667,0.01638093360260735,0.008320540800523189,0.021223336407050684
distilbert_sst2,1000,72,0.014753896577923854,0.023183424605083488,0.011337341223623634,0.02331295572605038,0.008494851574388722,0.02844783882793687
distilbert_sst2,1000,73,0.014753896577923854,0.01867643313822159,0.010172525848521541,0.01773299187986449,0.009878789170413736,0.019357632270804333
distilbert_sst2,1000,74,0.014753896577923854,0.014026528527670475,0.012179501016322713,0.01586950313832438,0.010413520454693657,0.02111270555347513
distilbert_sst2,1000,75,0.014753896577923854,0.02538003433742643,0.010936586277472033,0.019103390258671204,0.01076860834498479,0.024993628891651822
distilbert_sst2,1000,76,0.014753896577923854,0.014753008396172908,0.012036236336708677,0.014864286659905308,0.009350872168647818,0.018174519096446243
distilbert_sst2,1000,77,0.014753896577923854,0.012855010623340732,0.011382906819843712,0.016998296302444357,0.010706651821633058,0.020241121065236446
distilbert_sst2,1000,78,0.014753896577923854,0.018629107972616504,0.010906761823566966,0.024005775897822546,0.012956092691559475,0.02651467230851149
distilbert_sst2,1000,79,0.014753896577923854,0.017674202211076413,0.008557964706264319,0.01973066691386435,0.008382741483105277,0.023524732717957377
distilbert_sst2,1000,80,0.014753896577923854,0.017410742961750315,0.011830811951817679,0.020563108635051865,0.01047224974556503,0.025770865089755804
distilbert_sst2,1000,81,0.014753896577923854,0.020929079885630822,0.013920898090195663,0.023653532011808105,0.013831918260643337,0.026406446368592282
distilbert_sst2,1000,82,0.014753896577923854,0.008976308308017931,0.008033597544264325,0.015212960573559843,0.009294039438314465,0.01932793128340929
distilbert_sst2,1000,83,0.014753896577923854,0.01516119668423492,0.01102831704465947,0.018380401157559786,0.009761658495940557,0.02079911289264496
distilbert_sst2,1000,84,0.014753896577923854,0.013325944711143038,0.010339566277780968,0.01567391635978457,0.009036405022989028,0.018119486278469266
distilbert_sst2,1000,85,0.014753896577923854,0.007262711521759792,0.009682962734174483,0.01254102867121045,0.00843991402958712,0.01695655223905485
distilbert_sst2,1000,86,0.014753896577923854,0.02582310729907109,0.011035289837644454,0.02304846076738238,0.011753124586757204,0.028156166557441468
distilbert_sst2,1000,87,0.014753896577923854,0.023401517945487973,0.014392813614414617,0.0221746138242026,0.015558173222773034,0.026153718294617344
distilbert_sst2,1000,88,0.014753896577923854,0.014251622470111658,0.009411526603979852,0.015624819864276107,0.008484985127725704,0.018464051930506584
distilbert_sst2,1000,89,0.014753896577923854,0.021648578011037003,0.008370209533372168,0.016459943363453838,0.007471703940295407,0.021640983645320612
distilbert_sst2,1000,90,0.014753896577923854,0.015174415096134894,0.012351871015387319,0.017292258138912525,0.011523383985763174,0.02365279244369058
distilbert_sst2,1000,91,0.014753896577923854,0.0089464595974617,0.00818762431160245,0.017425872794562067,0.007533328278053643,0.018069974656762536
distilbert_sst2,1000,92,0.014753896577923854,0.01632979130459396,0.008039286492635633,0.018716558928704167,0.006820538399096025,0.02161374537244662
distilbert_sst2,1000,93,0.014753896577923854,0.004988135454552227,0.005176593594889495,0.011252904587511766,0.006376248991096152,0.016955419028985168
distilbert_sst2,1000,94,0.014753896577923854,0.017766079466988046,0.008936166137692865,0.014512461541254587,0.008028655513884597,0.0190003194299357
distilbert_sst2,1000,95,0.014753896577923854,0.018013876855680004,0.009883377791591055,0.018951024893061184,0.010004838747005453,0.02664902603931488
distilbert_sst2,1000,96,0.014753896577923854,0.012497709264314384,0.0097681029938733,0.0163359294426122,0.008728049244442345,0.02367269970955731
distilbert_sst2,1000,97,0.014753896577923854,0.026019383446822517,0.012531828370866027,0.023437370663890917,0.012438632537301913,0.02630274783812782
distilbert_sst2,1000,98,0.014753896577923854,0.02045393048412401,0.011398367338959995,0.01888639471580893,0.009742519006886476,0.022310569351226568
distilbert_sst2,1000,99,0.014753896577923854,0.007622622420441912,0.007154520373012576,0.013841574895187673,0.007462545227440378,0.019507436333066664
distilbert_sst2,1000,100,0.014753896577923854,0.011351809844817705,0.010490150252782137,0.013923581923484472,0.00803186809270663,0.016460661285632956
distilbert_sst2,1000,101,0.014753896577923854,0.014998766357686986,0.012290564545958711,0.01876125125129898,0.011168473044417008,0.022304374168490723
distilbert_sst2,1000,102,0.014753896577923854,0.01246269234152801,0.009507333709784028,0.017373228675307214,0.008696280532374007,0.019785140518424112
distilbert_sst2,1000,103,0.014753896577923854,0.013886912189151456,0.008962072051315209,0.0136122041316669,0.009367106227395776,0.020521666804314137
distilbert_sst2,1000,104,0.014753896577923854,0.00772151080694705,0.008321049777829014,0.011815390299914281,0.007641955984782719,0.0145857193402253
distilbert_sst2,1000,105,0.014753896577923854,0.017275835253318717,0.00787856648533326,0.01287364756685896,0.007437072559502878,0.018714245454925782
distilbert_sst2,1000,106,0.014753896577923854,0.017674484736994487,0.014854467914249724,0.019449060973533088,0.012919383758843923,0.02404590970831526
distilbert_sst2,1000,107,0.014753896577923854,0.018318390349120563,0.010972434638278957,0.01795033387095964,0.010434512749172401,0.022428587391062533
distilbert_sst2,1000,108,0.014753896577923854,0.01892849183074071,0.010610826120271252,0.01994043550772805,0.008225356964208407,0.02084520780989171
distilbert_sst2,1000,109,0.014753896577923854,0.016056784993590825,0.007013345985343377,0.014324364881563603,0.005864505234956257,0.018125342624462776
distilbert_sst2,1000,110,0.014753896577923854,0.021974143740799167,0.01231485671001352,0.01955851243844943,0.01229503744222642,0.02296559566598314
distilbert_sst2,1000,111,0.014753896577923854,0.012916979936303662,0.010078967461757422,0.018333302886623826,0.009289707389795152,0.02129775789639023
distilbert_sst2,1000,112,0.014753896577923854,0.012850643985405332,0.009704111033296626,0.013573122974437886,0.007463815626172438,0.019551325749415437
distilbert_sst2,1000,113,0.014753896577923854,0.013627966966521377,0.008774766613301977,0.01572990190833158,0.007235768759103402,0.02027555313206242
distilbert_sst2,1000,114,0.014753896577923854,0.01850390925045147,0.008792159461025278,0.014742675805396323,0.006831446416495277,0.019590769573718202
distilbert_sst2,1000,115,0.014753896577923854,0.026613973402856112,0.010562828650277056,0.02417361834680637,0.010050456215378418,0.029703455042563342
distilbert_sst2,1000,116,0.014753896577923854,0.01012265171103545,0.009065753001222056,0.01477436276203305,0.009685908477677113,0.018275901309508482
distilbert_sst2,1000,117,0.014753896577923854,0.014710913600409936,0.008057499793136403,0.016651214046910067,0.007900971376574344,0.019909061095718144
distilbert_sst2,1000,118,0.014753896577923854,0.023667886172402036,0.012568108929558317,0.026923395014107534,0.011597967804134942,0.02849046674202813
distilbert_sst2,1000,119,0.014753896577923854,0.02124104188590446,0.010529281340497604,0.01813567711460669,0.01058291331332394,0.021328647313758217
distilbert_sst2,1000,120,0.014753896577923854,0.010047202443155876,0.007954524739063457,0.014053452835523296,0.006498123213322681,0.016660547963173355
distilbert_sst2,1000,121,0.014753896577923854,0.011661316092445126,0.007106546851543376,0.015381562131698816,0.006418378696145055,0.019368462369464205
distilbert_sst2,1000,122,0.014753896577923854,0.021074573352428884,0.014924138704791605,0.024587322336473528,0.013159381251193354,0.031084979368946525
distilbert_sst2,1000,123,0.014753896577923854,0.013349533458164172,0.011762564620074824,0.01614686522293336,0.011282605565759005,0.019953182978639572
distilbert_sst2,1000,124,0.014753896577923854,0.018258998306868352,0.012732722382952725,0.019181991465452082,0.012525428832625848,0.02214446810180235
distilbert_sst2,1000,125,0.014753896577923854,0.015457079916556463,0.00903627824038748,0.018751424406306328,0.009501068958091783,0.021197290567306206
distilbert_sst2,1000,126,0.014753896577923854,0.018264817595132057,0.008526926622823176,0.014203591881429698,0.00917987914454263,0.01857374360446669
distilbert_sst2,1000,127,0.014753896577923854,0.019866381522625383,0.011513179947990816,0.020395776456432507,0.010671995992821056,0.024113540145276887
distilbert_sst2,1000,128,0.014753896577923854,0.012223093820378327,0.006885213842130999,0.012657095850406995,0.00661621182000426,0.01686938991764841
distilbert_sst2,1000,129,0.014753896577923854,0.016519987237709893,0.009338203527026601,0.020212203857154463,0.00870617915357133,0.026113481191934018
distilbert_sst2,1000,130,0.014753896577923854,0.011775897206161496,0.009196856908842269,0.01762045068314636,0.009497343977474444,0.02215111364234849
distilbert_sst2,1000,131,0.014753896577923854,0.014438043572928999,0.009882478611544078,0.016701061352479837,0.008498590781949351,0.01968919630189525
distilbert_sst2,1000,132,0.014753896577923854,0.009115328413550148,0.008589804810707478,0.015359577375570286,0.008727935020124063,0.02002032076020993
distilbert_sst2,1000,133,0.014753896577923854,0.01558085900783127,0.009930852330845183,0.015569466108887809,0.00970346753264937,0.017770579524061785
distilbert_sst2,1000,134,0.014753896577923854,0.01969848523160575,0.009672666458658325,0.01809119591275181,0.010896290865221255,0.022435351693183565
distilbert_sst2,1000,135,0.014753896577923854,0.01101074711846907,0.006258130469349697,0.009600555519604346,0.004778684617717258,0.014871409227861879
distilbert_sst2,1000,136,0.014753896577923854,0.010346510929669574,0.007535814145014987,0.014133269462330053,0.005886750840988933,0.015938100660824902
distilbert_sst2,1000,137,0.014753896577923854,0.02614303084416372,0.013090615679064603,0.021043473805797405,0.012238442401152037,0.03032030570525138
distilbert_sst2,1000,138,0.014753896577923854,0.013511643679428878,0.012113118204654733,0.016835918445286202,0.01193897019646402,0.01992152843122795
distilbert_sst2,1000,139,0.014753896577923854,0.012287879938304002,0.007728297857556122,0.016184303909053944,0.008359943092767153,0.02088885226905445
distilbert_sst2,1000,140,0.014753896577923854,0.00985070968976957,0.009624756817126294,0.017053776145883114,0.008864381524351652,0.019847449302924734
distilbert_sst2,1000,141,0.014753896577923854,0.010852922824408199,0.009762479084937596,0.016999962199805433,0.009445564757708,0.020661984742132898
distilbert_sst2,1000,142,0.014753896577923854,0.013697973432313305,0.008474981628711457,0.013144266597314717,0.008937211411586229,0.021096924241220737
distilbert_sst2,1000,143,0.014753896577923854,0.018815694909387184,0.012112997935137662,0.018777638267524648,0.010809176921881982,0.024348845298133838
distilbert_sst2,1000,144,0.014753896577923854,0.010383406173986158,0.007571275529633371,0.017174143956044635,0.007085029246553144,0.019635398657587174
distilbert_sst2,1000,145,0.014753896577923854,0.01404801049195889,0.008925521589816089,0.016038724664318098,0.008863603949346766,0.020258707435483594
distilbert_sst2,1000,146,0.014753896577923854,0.020682647848979514,0.01729943611595079,0.02721635295337095,0.016508752592320597,0.033793280075009965
distilbert_sst2,1000,147,0.014753896577923854,0.00839909979500774,0.007943422434215525,0.01387308523660033,0.007766169847986385,0.019068317021938428
distilbert_sst2,1000,148,0.014753896577923854,0.013698640793468272,0.007517303892696535,0.014814211488929634,0.007310559101059645,0.017209854909274788
distilbert_sst2,1000,149,0.014753896577923854,0.012198156317598245,0.010163745463065149,0.02059834247825319,0.01024213133064986,0.022701167578397585
distilbert_sst2,1000,150,0.014753896577923854,0.006852022230175768,0.010476637268047696,0.01848523796311315,0.010666945637260205,0.023195797086094736
distilbert_sst2,1000,151,0.014753896577923854,0.01194799690580038,0.007908869482615067,0.0136970228065258,0.008075068149378972,0.017001231234421023
distilbert_sst2,1000,152,0.014753896577923854,0.026135800588557592,0.009933280204154696,0.022561188261111566,0.010125566221864996,0.024781659764945615
distilbert_sst2,1000,153,0.014753896577923854,0.01149319457014735,0.005796032603674562,0.011979804365147383,0.005081351902657418,0.013423138049566354
distilbert_sst2,1000,154,0.014753896577923854,0.017851693626638163,0.010171693226420517,0.017528985290369364,0.010040800712761352,0.022297508958963118
distilbert_sst2,1000,155,0.014753896577923854,0.019934239803309346,0.010388940078937555,0.018654262381265465,0.009760753052111177,0.02510582765667113
distilbert_sst2,1000,156,0.014753896577923854,0.014784791858338416,0.009249923902615186,0.014070395619459573,0.009501314443985503,0.015607367101697725
distilbert_sst2,1000,157,0.014753896577923854,0.01481395942943423,0.009801478487766283,0.018979894376052454,0.008817552694107857,0.023765313940938615
distilbert_sst2,1000,158,0.014753896577923854,0.019371199897366378,0.01126547622561003,0.020654440263377843,0.010231324584696418,0.019316591324444913
distilbert_sst2,1000,159,0.014753896577923854,0.0058674555430228495,0.006476835284200231,0.013135302872667336,0.006516521159737979,0.017184101814007688
distilbert_sst2,1000,160,0.014753896577923854,0.017418373356978767,0.010000909317347519,0.015126074614758539,0.0111959027836919,0.01909914708491782
distilbert_sst2,1000,161,0.014753896577923854,0.018747739948459696,0.009393559088145188,0.01948921475712134,0.008888458135861718,0.02584752111621337
distilbert_sst2,1000,162,0.014753896577923854,0.012243416929443295,0.009978735850426794,0.016386380031092017,0.010071676003555925,0.023088144594636317
distilbert_sst2,1000,163,0.014753896577923854,0.01549816567835163,0.010906627471980943,0.019456005364965015,0.009993755357199173,0.026083142215618135
distilbert_sst2,1000,164,0.014753896577923854,0.01530772860817155,0.007254301500961689,0.01516353152358605,0.009882601604284513,0.023685711574103444
distilbert_sst2,1000,165,0.014753896577923854,0.014534929686858088,0.010613061190095866,0.01614366757621458,0.009670984897609378,0.021099164492718286
distilbert_sst2,1000,166,0.014753896577923854,0.02611371272186404,0.014742008308527677,0.0261675820355045,0.014678539096202654,0.030911130635479404
distilbert_sst2,1000,167,0.014753896577923854,0.023295075631091375,0.014329990731037563,0.019171595046401986,0.01299917086512211,0.026625804281233446
distilbert_sst2,1000,168,0.014753896577923854,0.006162969111200354,0.00894479747023616,0.013159352453477689,0.008501728681375423,0.018067885965183196
distilbert_sst2,1000,169,0.014753896577923854,0.018938358748103786,0.012783572910696454,0.019386484575113203,0.012312558035367169,0.025149806852203888
distilbert_sst2,1000,170,0.014753896577923854,0.012480452089850371,0.011816598557155382,0.01633783106612062,0.010933316975833444,0.0205013971291547
distilbert_sst2,1000,171,0.014753896577923854,0.017455660968889467,0.010726115836234338,0.02014230317276103,0.01162367597192756,0.02615099624110327
distilbert_sst2,1000,172,0.014753896577923854,0.008404941997627988,0.00949616697065076,0.0170718893494999,0.00901158266802074,0.020126447265677742
distilbert_sst2,1000,173,0.014753896577923854,0.010405541564738536,0.006935742126419159,0.012990975717868756,0.0066641333691060105,0.014139494544190287
distilbert_sst2,1000,174,0.014753896577923854,0.017145758705642417,0.01224588687949179,0.019953888112220073,0.01155238319976827,0.02485888143953218
distilbert_sst2,1000,175,0.014753896577923854,0.012916578907047373,0.010407589620063547,0.017265161109709656,0.009484615698889975,0.020466441300065287
distilbert_sst2,1000,176,0.014753896577923854,0.012681120507925797,0.013286049246025278,0.01914753024461094,0.0120991932799391,0.02170684263312492
distilbert_sst2,1000,177,0.014753896577923854,0.0147770913565463,0.009907195118728016,0.018326419117356153,0.008846985555837317,0.021131034183581476
distilbert_sst2,1000,178,0.014753896577923854,0.020591827672614475,0.0098398552749153,0.01840862541463736,0.010147654667597438,0.02253444823510531
distilbert_sst2,1000,179,0.014753896577923854,0.018803968916030225,0.01161481211523277,0.014862542439716549,0.009660284491702704,0.022413389451988893
distilbert_sst2,1000,180,0.014753896577923854,0.008104010344212768,0.007741034968049549,0.01547123828877755,0.007256390383942971,0.020916407759978942
distilbert_sst2,1000,181,0.014753896577923854,0.023387824219717794,0.013447369576421663,0.02456386915930725,0.013515346477470913,0.027234051375576614
distilbert_sst2,1000,182,0.014753896577923854,0.007891071927943891,0.00734546048736996,0.01124776014682321,0.006946000942835847,0.016060115388447902
distilbert_sst2,1000,183,0.014753896577923854,0.021408040084789116,0.012586410979230831,0.02365509013744184,0.011338196872216356,0.029263150816951102
distilbert_sst2,1000,184,0.014753896577923854,0.02240269003665136,0.010844099733140296,0.021636908555283177,0.010372937658998068,0.029040100588289017
distilbert_sst2,1000,185,0.014753896577923854,0.011580581117392965,0.01089429027161479,0.01814627598591644,0.010857382118654056,0.019583061131474233
distilbert_sst2,1000,186,0.014753896577923854,0.018404599812860606,0.011388203705212483,0.019761050735637564,0.011532111971289878,0.022005829815747315
distilbert_sst2,1000,187,0.014753896577923854,0.010640500193569467,0.00866020837877346,0.016430210780025382,0.00929653040132018,0.020641493606630715
distilbert_sst2,1000,188,0.014753896577923854,0.008263038947103368,0.007792485606335604,0.01335025215194547,0.008414669468897587,0.014231891937341068
distilbert_sst2,1000,189,0.014753896577923854,0.017339873802904245,0.011742828251328982,0.016404288657208204,0.010696704892930606,0.022538182814582513
distilbert_sst2,1000,190,0.014753896577923854,0.013003191477302547,0.008408537862713613,0.014934258750953486,0.00865035442502144,0.018437414774455648
distilbert_sst2,1000,191,0.014753896577923854,0.013062672904425227,0.010002125867437546,0.015092909042777223,0.008690537075997849,0.0209360664989806
distilbert_sst2,1000,192,0.014753896577923854,0.017357117692247667,0.01062743922690253,0.02089993091551161,0.009482416710860735,0.028023737194771945
distilbert_sst2,1000,193,0.014753896577923854,0.023052193620012075,0.014463165600490522,0.02147161050462936,0.013680450415199009,0.02671389624565962
distilbert_sst2,1000,194,0.014753896577923854,0.013389213804492327,0.007134589228174367,0.016518259584806756,0.007818007997553356,0.021960442086944337
distilbert_sst2,1000,195,0.014753896577923854,0.013927411756671539,0.012852856526872394,0.018319036766771858,0.010728340337338396,0.024462256536576986
distilbert_sst2,1000,196,0.014753896577923854,0.016180880343984527,0.007032753302713258,0.017157466409153173,0.007856515718111105,0.02067012168488086
distilbert_sst2,1000,197,0.014753896577923854,0.025869093358180592,0.011198127110750605,0.023194776627175145,0.011189567046758206,0.027045828528710816
distilbert_sst2,1000,198,0.014753896577923854,0.007018163362130863,0.0060944861156420685,0.01063226623094713,0.006062769995576787,0.0141825206950024
distilbert_sst2,1000,199,0.014753896577923854,0.013097685571371488,0.0104894152064667,0.019737082112114786,0.00942643029685145,0.02404696125139951
distilbert_sst2,2500,0,0.014753896577923854,0.017758695148570643,0.009040822566709182,0.020822655785555245,0.010458222415182943,0.02777441292529383
distilbert_sst2,2500,1,0.014753896577923854,0.01670812411170944,0.009702805577164441,0.018206563850716773,0.01157014287603934,0.0265106643617312
distilbert_sst2,2500,2,0.014753896577923854,0.016765273574984307,0.00930465247782244,0.017655103547650538,0.01134941990210044,0.022777248886409446
distilbert_sst2,2500,3,0.014753896577923854,0.018608728021073703,0.011368769363567847,0.020133960130611136,0.01271523117840665,0.028385170833186524
distilbert_sst2,2500,4,0.014753896577923854,0.017220668466176717,0.00796691583228865,0.01781025985089824,0.008840008712546445,0.025581755636175915
distilbert_sst2,2500,5,0.014753896577923854,0.014390162921778563,0.009235003310745888,0.015368911374042315,0.008601837715566652,0.0215551228704883
distilbert_sst2,2500,6,0.014753896577923854,0.01662357251610008,0.010753042647128877,0.01813403556337098,0.011451272858391424,0.02622753703371363
distilbert_sst2,2500,7,0.014753896577923854,0.013262727238825798,0.008125388592282746,0.014393327666720709,0.008387617404769933,0.019152409844679
distilbert_sst2,2500,8,0.014753896577923854,0.013924993318479323,0.007460704493515335,0.016941902827137107,0.008688711977893176,0.02318057395027838
distilbert_sst2,2500,9,0.014753896577923854,0.016547249287808687,0.007957909914560983,0.016744490371434242,0.008198686843563851,0.02282543432374015
distilbert_sst2,2500,10,0.014753896577923854,0.018232028974025087,0.010151327787153077,0.017599218144745552,0.010259268710161841,0.023417596951018117
distilbert_sst2,2500,11,0.014753896577923854,0.018277805577590053,0.009809577735806398,0.017356085264978914,0.01117401101793767,0.02542091986613688
distilbert_sst2,2500,12,0.014753896577923854,0.016221570340324107,0.00918274630388477,0.016001776529101938,0.010257961048320812,0.024396421584103593
distilbert_sst2,2500,13,0.014753896577923854,0.014905707258276852,0.007726420940299711,0.01674698755666813,0.008302321392872458,0.021804829374937766
distilbert_sst2,2500,14,0.014753896577923854,0.01342712221134951,0.0068200709459154876,0.013939606359990631,0.00759327622593441,0.01943981388111585
distilbert_sst2,2500,15,0.014753896577923854,0.012764974644500344,0.00820919560883665,0.015386026393945304,0.008321880405046753,0.020732065899638292
distilbert_sst2,2500,16,0.014753896577923854,0.013240853197522315,0.00704014122213135,0.013748393984433583,0.007917775841020408,0.020858410199209438
distilbert_sst2,2500,17,0.014753896577923854,0.010172142791096187,0.008323407897252425,0.01437312744372696,0.008773454489284653,0.020612951754790727
distilbert_sst2,2500,18,0.014753896577923854,0.01313761128779978,0.008291717598888625,0.015732038418144283,0.00953256467939098,0.02240219281311191
distilbert_sst2,2500,19,0.014753896577923854,0.012196667049382442,0.008289843494472943,0.015793852360115466,0.00886216077542755,0.022548977616446093
distilbert_sst2,2500,20,0.014753896577923854,0.014742272554528927,0.008088223585575772,0.015189543210028035,0.008028936937417954,0.021235491264522195
distilbert_sst2,2500,21,0.014753896577923854,0.016914269033672456,0.008730094271421034,0.019202412435168306,0.010094181220176426,0.02547146831518086
distilbert_sst2,2500,22,0.014753896577923854,0.011185606071274827,0.007436982664160849,0.01398667485419106,0.00749378297315093,0.020601573894345224
distilbert_sst2,2500,23,0.014753896577923854,0.01684863760200888,0.008682416352939116,0.017958697935694334,0.009739743432214213,0.02552439895893101
distilbert_sst2,2500,24,0.014753896577923854,0.013965333081154455,0.007568445618174477,0.016367017645286898,0.008780869156907827,0.022112674092968364
distilbert_sst2,2500,25,0.014753896577923854,0.01541279074875269,0.007167659888112212,0.01690766288481806,0.007782077247561742,0.022788503458807157
distilbert_sst2,2500,26,0.014753896577923854,0.010165436891371534,0.007570725649553137,0.013093551000114842,0.008175562384397638,0.018578319232750554
distilbert_sst2,2500,27,0.014753896577923854,0.019532216782793568,0.010574382218362193,0.01897730033232942,0.011953482340229932,0.026574726366172953
distilbert_sst2,2500,28,0.014753896577923854,0.017025875770934455,0.006564335614213638,0.01609274172930646,0.006834614621998684,0.025770123919300284
distilbert_sst2,2500,29,0.014753896577923854,0.015733376202313788,0.008427557490490855,0.017379833756777808,0.010016314115511375,0.0250344890402936
distilbert_sst2,2500,30,0.014753896577923854,0.01469046673114776,0.0081311824802678,0.01580768911897512,0.009046619074083726,0.02421745679175536
distilbert_sst2,2500,31,0.014753896577923854,0.010479370770960707,0.009441198185920003,0.01624444432933,0.009638213518775331,0.022249831706610327
distilbert_sst2,2500,32,0.014753896577923854,0.011666326595312535,0.006749557303841711,0.01274845349698665,0.007102241675630752,0.01847580632257225
distilbert_sst2,2500,33,0.014753896577923854,0.01886720719510949,0.011123102386126064,0.019895125343843557,0.01171349425900067,0.026203612125237252
distilbert_sst2,2500,34,0.014753896577923854,0.013289625287006305,0.007708527798191969,0.015041010151116987,0.008024147183085539,0.021425141250395754
distilbert_sst2,2500,35,0.014753896577923854,0.015057218608333053,0.007969723845413886,0.01780538874573817,0.00888762823810806,0.02379622323496854
distilbert_sst2,2500,36,0.014753896577923854,0.02056718259522687,0.009961347052512594,0.019937854199417165,0.010727155324352313,0.02677393981514292
distilbert_sst2,2500,37,0.014753896577923854,0.012198629128921105,0.008749621016059427,0.016609195716166012,0.009279150773703355,0.024847789251876612
distilbert_sst2,2500,38,0.014753896577923854,0.01661694386701465,0.008771148674610003,0.018428065731687406,0.009868787193551836,0.02310456144153612
distilbert_sst2,2500,39,0.014753896577923854,0.011564669632023591,0.007446632184185982,0.013941332893274243,0.007879111384308043,0.022017287682956112
distilbert_sst2,2500,40,0.014753896577923854,0.01510351047930385,0.006738287438527099,0.016267394353460352,0.007610269849927088,0.02336526414369754
distilbert_sst2,2500,41,0.014753896577923854,0.016243460640610594,0.008800255432435348,0.017177814889337527,0.008921515884418647,0.02294677467280594
distilbert_sst2,2500,42,0.014753896577923854,0.016440607124458467,0.009122354893270783,0.016842303134689804,0.010124136138603385,0.02347071506580549
distilbert_sst2,2500,43,0.014753896577923854,0.015289252083886361,0.008655045934633102,0.017751363175205846,0.009807263560390082,0.025203126884334418
distilbert_sst2,2500,44,0.014753896577923854,0.015930758210056913,0.00881417179959685,0.01633834290004576,0.00865923611332391,0.02438290444263839
distilbert_sst2,2500,45,0.014753896577923854,0.014102412149802157,0.007742823203788897,0.015441105989146959,0.009018453948481081,0.022500808276443206
distilbert_sst2,2500,46,0.014753896577923854,0.012943586130944814,0.007305331931632186,0.016923246150949995,0.00944803664794729,0.021645541843831457
distilbert_sst2,2500,47,0.014753896577923854,0.014694898209305512,0.009925633715262233,0.017873967448162893,0.010949497350559539,0.026135782845996908
distilbert_sst2,2500,48,0.014753896577923854,0.018677411123424536,0.007637068265004749,0.01690110738284435,0.00901847955817534,0.023993967705660594
distilbert_sst2,2500,49,0.014753896577923854,0.015721333154851577,0.008813943194936787,0.016859920663992344,0.0089763655881122,0.024030340881025777
distilbert_sst2,2500,50,0.014753896577923854,0.018649320833995165,0.008878080380996712,0.015973764544657716,0.00897052930717195,0.022705911485563057
distilbert_sst2,2500,51,0.014753896577923854,0.013361358979324885,0.007358981816421433,0.015415370605073872,0.0078696585072939,0.02164375906072386
distilbert_sst2,2500,52,0.014753896577923854,0.016459076258243648,0.009229372497746045,0.01785488596828455,0.010019518596939812,0.023914237667506787
distilbert_sst2,2500,53,0.014753896577923854,0.013840521925466706,0.010545020416412794,0.01896002017278519,0.011437466352105668,0.025430833629705784
distilbert_sst2,2500,54,0.014753896577923854,0.008997258306990562,0.00759815497238963,0.014501702605309733,0.00807251525237506,0.019295315913757355
distilbert_sst2,2500,55,0.014753896577923854,0.012639105668979049,0.009515340887916914,0.014472207079976245,0.009654346482796443,0.020667031181565054
distilbert_sst2,2500,56,0.014753896577923854,0.014896913736320152,0.009410931517592482,0.017675754992700556,0.010192765545856458,0.025129007123512095
distilbert_sst2,2500,57,0.014753896577923854,0.015456431805677644,0.007277724617051127,0.01703325853156008,0.009346216457692192,0.024247297474050036
distilbert_sst2,2500,58,0.014753896577923854,0.01213923475550692,0.010480999107357078,0.016554781637511982,0.010883339336173704,0.024644013973801046
distilbert_sst2,2500,59,0.014753896577923854,0.021131409177644337,0.01158022092319585,0.020307902178565224,0.011682942005634437,0.028154570902025302
distilbert_sst2,2500,60,0.014753896577923854,0.0203649647862006,0.008511106370025176,0.017776287739924075,0.009166281114612877,0.023181187766223684
distilbert_sst2,2500,61,0.014753896577923854,0.01667193635994136,0.007484854405215111,0.016566108719114035,0.007912514653240275,0.0240649178379516
distilbert_sst2,2500,62,0.014753896577923854,0.01450212385082781,0.00833606422112347,0.016134351930147384,0.008645817530851517,0.021646193104306093
distilbert_sst2,2500,63,0.014753896577923854,0.013032784588708095,0.007854571323582726,0.015459666425245294,0.008163190536284854,0.021791452365197497
distilbert_sst2,2500,64,0.014753896577923854,0.018775880082564034,0.010972375802805377,0.018707002184036682,0.011287840109691057,0.02478674360612837
distilbert_sst2,2500,65,0.014753896577923854,0.02243160560761946,0.01175300673582347,0.02125585971901358,0.014478613487425011,0.028008920090174597
distilbert_sst2,2500,66,0.014753896577923854,0.013980177560059613,0.009323449039430753,0.019975697086765814,0.01129321617885811,0.027065536786398222
distilbert_sst2,2500,67,0.014753896577923854,0.009085327000369639,0.006911630210195294,0.013472421126524674,0.007964234952306191,0.019952535187971382
distilbert_sst2,2500,68,0.014753896577923854,0.01729110705986803,0.0081111201534475,0.019196881474902443,0.010085706047541972,0.02406623315632486
distilbert_sst2,2500,69,0.014753896577923854,0.01107573996316989,0.006859937905480639,0.012662108222714769,0.007466564563814592,0.019197943048508685
distilbert_sst2,2500,70,0.014753896577923854,0.018305382588919446,0.008533584511080132,0.016926229845530754,0.009126687270391074,0.023667422478299983
distilbert_sst2,2500,71,0.014753896577923854,0.02301736995361328,0.009938008151307949,0.019073744954431184,0.010886753390081598,0.027313879300111744
distilbert_sst2,2500,72,0.014753896577923854,0.015383202865921543,0.008138226525452864,0.015141789108843244,0.009695842094119075,0.02241968022191532
distilbert_sst2,2500,73,0.014753896577923854,0.014369519473736344,0.008179450150055808,0.017721042448835305,0.009232136961111569,0.02313195018109206
distilbert_sst2,2500,74,0.014753896577923854,0.01565683623670624,0.008583937132289972,0.01656687881989901,0.009371433695541062,0.023675530245247184
distilbert_sst2,2500,75,0.014753896577923854,0.016785655483012953,0.009277277128464002,0.01783597044565506,0.010907547474281343,0.025667163047949988
distilbert_sst2,2500,76,0.014753896577923854,0.012032466262564651,0.007920869083003493,0.015206238834476919,0.00811256121293902,0.021696889687822123
distilbert_sst2,2500,77,0.014753896577923854,0.012570776540539013,0.007040025628484295,0.013875758816338124,0.007961660140747655,0.020899013070938603
distilbert_sst2,2500,78,0.014753896577923854,0.0132617381017913,0.0075676599679212675,0.015450278823107722,0.00885871823882251,0.022445750429898163
distilbert_sst2,2500,79,0.014753896577923854,0.017303721970175195,0.009572464724609217,0.01769583183111699,0.009937813255125555,0.025488167156091684
distilbert_sst2,2500,80,0.014753896577923854,0.013253079289931335,0.007164670768866474,0.015608886957274921,0.008518615352757202,0.023321013352589685
distilbert_sst2,2500,81,0.014753896577923854,0.012871504938029573,0.006709617501071238,0.013573962396188697,0.0068833200160890486,0.020221095232420945
distilbert_sst2,2500,82,0.014753896577923854,0.020584972033038627,0.007954265691763641,0.01441880105636717,0.008778392414011767,0.02225763895646421
distilbert_sst2,2500,83,0.014753896577923854,0.015099317612222435,0.009437110533949645,0.01611995346133808,0.010588508855509006,0.02342771633564182
distilbert_sst2,2500,84,0.014753896577923854,0.01785938946152492,0.009295116115059237,0.018686845061200434,0.010150383639824808,0.025584178493694
distilbert_sst2,2500,85,0.014753896577923854,0.015347433500236426,0.009028907111198772,0.0180973964918463,0.01083982008481094,0.02407367189560706
distilbert_sst2,2500,86,0.014753896577923854,0.015623029348598086,0.009323119187949067,0.01575700752527271,0.010200629179145528,0.024069427220217522
distilbert_sst2,2500,87,0.014753896577923854,0.013803442914233738,0.008281349927838985,0.014882108544352717,0.009956704326752426,0.02022187656798228
distilbert_sst2,2500,88,0.014753896577923854,0.01713358332440738,0.010093514940964056,0.015512252677071847,0.010526466277133223,0.023669999743897607
distilbert_sst2,2500,89,0.014753896577923854,0.011479393441639176,0.007422926379043866,0.014782785461033034,0.007823803610624182,0.021358444626844414
distilbert_sst2,2500,90,0.014753896577923854,0.017896675894460364,0.009887795843789782,0.01815086878229886,0.010951282398229092,0.024090022221522095
distilbert_sst2,2500,91,0.014753896577923854,0.020814320418889466,0.010047100140738069,0.02126887632609977,0.010381188425944328,0.027585731962044658
distilbert_sst2,2500,92,0.014753896577923854,0.014783701508820059,0.008154917932771677,0.0168798097392428,0.009378655744881358,0.0236273408696462
distilbert_sst2,2500,93,0.014753896577923854,0.013804589512150892,0.007492437091550246,0.015345178420133053,0.009652271559504471,0.023230968259659583
distilbert_sst2,2500,94,0.014753896577923854,0.01013254519506646,0.007866076144828257,0.013217172692697943,0.008279716869447281,0.01998879969705819
distilbert_sst2,2500,95,0.014753896577923854,0.01675372492141108,0.008808614766990736,0.016944751745276425,0.010124173082169717,0.023009137841946067
distilbert_sst2,2500,96,0.014753896577923854,0.01626702408776709,0.010608747790187868,0.017165015498071142,0.010193863560011358,0.022749212494569678
distilbert_sst2,2500,97,0.014753896577923854,0.009343373897691045,0.008393403099503604,0.013751969166411934,0.008509432903534762,0.021816796127762637
distilbert_sst2,2500,98,0.014753896577923854,0.01557576147583631,0.00857522109589987,0.016083896319294536,0.009087718255627087,0.024272640299129473
distilbert_sst2,2500,99,0.014753896577923854,0.011059451054163788,0.006888105993342783,0.013173258708989307,0.007168713798206825,0.019673369146786447
distilbert_sst2,2500,100,0.014753896577923854,0.016521734689580687,0.010640633523498618,0.017559173995119023,0.011915579998877894,0.025476625758959294
distilbert_sst2,2500,101,0.014753896577923854,0.019962505379621423,0.008910827440758133,0.019192903179937076,0.01021761702013847,0.029534855072198246
distilbert_sst2,2500,102,0.014753896577923854,0.012053041005925687,0.007139047214754309,0.01512686498871795,0.007830447053708329,0.021811210402356358
distilbert_sst2,2500,103,0.014753896577923854,0.012330914516198454,0.0078030433659449575,0.01413203551878317,0.007893714357372902,0.021200450950506305
distilbert_sst2,2500,104,0.014753896577923854,0.013608346562979016,0.00945560429739445,0.015116556055369285,0.010404794471477017,0.021008888113083907
distilbert_sst2,2500,105,0.014753896577923854,0.017082784276505017,0.008147777517951376,0.016100783750302324,0.008821371284222028,0.023543864917758357
distilbert_sst2,2500,106,0.014753896577923854,0.008013562628257169,0.006913055193060421,0.011946516735944364,0.007924107145982446,0.018056911905492593
distilbert_sst2,2500,107,0.014753896577923854,0.015490451988793131,0.008193752402735613,0.013682220885720513,0.008124021811993147,0.020943041158600084
distilbert_sst2,2500,108,0.014753896577923854,0.011739800912885456,0.007377750727142764,0.013944965493904376,0.008398491008890317,0.020151677195259402
distilbert_sst2,2500,109,0.014753896577923854,0.019896537171672554,0.012088950571992427,0.0210721085996741,0.012327591293589702,0.02617467756867069
distilbert_sst2,2500,110,0.014753896577923854,0.013345598763075282,0.008151239223045614,0.015295322173809666,0.008604265947749247,0.023247906901028084
distilbert_sst2,2500,111,0.014753896577923854,0.01584428520311744,0.006814225647019291,0.015432738986773543,0.00829811903682328,0.023412345738361522
distilbert_sst2,2500,112,0.014753896577923854,0.012357809027940064,0.00863992275036014,0.016004439541045697,0.009901420643087935,0.022818834357337087
distilbert_sst2,2500,113,0.014753896577923854,0.010841484522605988,0.007814003016850448,0.014757073952051543,0.009015361325473242,0.021562770099767193
distilbert_sst2,2500,114,0.014753896577923854,0.019321624463639588,0.010191145656650278,0.016260071397099993,0.01061167905658083,0.024082581019823517
distilbert_sst2,2500,115,0.014753896577923854,0.017147793090876096,0.008348836968460713,0.016831650886666966,0.009746072536352728,0.023131589195366998
distilbert_sst2,2500,116,0.014753896577923854,0.014996200246379243,0.009345591264635616,0.017694035091925034,0.009927455695821511,0.022933184905454096
distilbert_sst2,2500,117,0.014753896577923854,0.020341913128226714,0.010626332492255811,0.021735076714607275,0.011705349950791673,0.027840181197154847
distilbert_sst2,2500,118,0.014753896577923854,0.016082429083557094,0.009699501729471536,0.019190983778578075,0.010515582473753088,0.0261484019632141
distilbert_sst2,2500,119,0.014753896577923854,0.0176924388615291,0.007766308975730468,0.014255311481368032,0.008435962902594078,0.021319201278921517
distilbert_sst2,2500,120,0.014753896577923854,0.014169795549055971,0.006492777807129594,0.013040731378048018,0.006747347474124293,0.02065502155533975
distilbert_sst2,2500,121,0.014753896577923854,0.009911529441906756,0.0074592938434317494,0.014740993114574474,0.008015469838033279,0.021365625696313787
distilbert_sst2,2500,122,0.014753896577923854,0.012587346516885332,0.009620571368336078,0.017105017397119785,0.00997700274465557,0.024347729806754724
distilbert_sst2,2500,123,0.014753896577923854,0.012204957040162627,0.009762294574120482,0.01464850341954703,0.009211347605497092,0.022624073461861523
distilbert_sst2,2500,124,0.014753896577923854,0.02037757720916933,0.009050562050711492,0.01717119132129486,0.009947478328738869,0.027765046521304067
distilbert_sst2,2500,125,0.014753896577923854,0.017091790223531012,0.01049111553996897,0.02073756089644571,0.011085668408476423,0.028171291050532524
distilbert_sst2,2500,126,0.014753896577923854,0.01668539455391699,0.009066809251971966,0.016445272344580538,0.010723022953402998,0.025126336149864648
distilbert_sst2,2500,127,0.014753896577923854,0.012351074713346894,0.008371021575269842,0.01616540630101728,0.008740707848404618,0.02220163753677224
distilbert_sst2,2500,128,0.014753896577923854,0.011693072740605128,0.008009682904432195,0.015566410617825977,0.009192420651327003,0.021984127204596846
distilbert_sst2,2500,129,0.014753896577923854,0.017635128846670286,0.009033235421609276,0.017747829347329713,0.010014156171382656,0.02421238818265771
distilbert_sst2,2500,130,0.014753896577923854,0.013061538634782101,0.008851321673273786,0.015612828676200822,0.010292865120806202,0.02145441884075291
distilbert_sst2,2500,131,0.014753896577923854,0.018502113785427755,0.010199655006996655,0.020233694504691556,0.01142276523863414,0.027947717049468666
distilbert_sst2,2500,132,0.014753896577923854,0.013193938146867657,0.007005654105802733,0.0134068117258777,0.006969611022522696,0.020141881520885693
distilbert_sst2,2500,133,0.014753896577923854,0.018541756322022537,0.00892204516662239,0.018034094282679436,0.010797485194325558,0.025031673995383714
distilbert_sst2,2500,134,0.014753896577923854,0.013723182576048728,0.009261624603349224,0.018780551312981227,0.01105462642771397,0.02467873259358574
distilbert_sst2,2500,135,0.014753896577923854,0.015423261544336932,0.007113647041423778,0.016619793146423655,0.008525456252006316,0.02134658305029059
distilbert_sst2,2500,136,0.014753896577923854,0.013779785614015418,0.008112971980823464,0.014444249120495852,0.008410975687473824,0.020295820539331183
distilbert_sst2,2500,137,0.014753896577923854,0.015442915939365384,0.009755279937307224,0.01865398055740461,0.011279199629588187,0.02455137639528357
distilbert_sst2,2500,138,0.014753896577923854,0.017027257113935212,0.0066555454880795045,0.015320517612614055,0.007170417275425415,0.02057636573581217
distilbert_sst2,2500,139,0.014753896577923854,0.015702581068792937,0.007871619546963509,0.015923585958833385,0.009422998652573492,0.023321925220844936
distilbert_sst2,2500,140,0.014753896577923854,0.017422279837419178,0.008234745693568812,0.016414597967368962,0.008479976727126953,0.023323190410754542
distilbert_sst2,2500,141,0.014753896577923854,0.022793308427758244,0.010727497729695029,0.01970112421672162,0.012248592493295817,0.029115817313460683
distilbert_sst2,2500,142,0.014753896577923854,0.011119125767767342,0.007212500371080234,0.013388644442169303,0.008293969212066824,0.02027691210122708
distilbert_sst2,2500,143,0.014753896577923854,0.011915368876791172,0.005569979912127664,0.014840347187947822,0.006548796551755088,0.022225679519082758
distilbert_sst2,2500,144,0.014753896577923854,0.012936984202804296,0.00768343086019209,0.015135125156867654,0.00865007515099063,0.021409669797756853
distilbert_sst2,2500,145,0.014753896577923854,0.014126748999767784,0.008451577889067165,0.015287559252556466,0.009197326745291381,0.020797357260375054
distilbert_sst2,2500,146,0.014753896577923854,0.014577921303494853,0.00935377602610509,0.01602480421255842,0.010650149348218186,0.023235046252977752
distilbert_sst2,2500,147,0.014753896577923854,0.016405671918992056,0.00921440877532664,0.0174704127051175,0.010245979775178441,0.025416344681762005
distilbert_sst2,2500,148,0.014753896577923854,0.013535841082706904,0.008409337365866519,0.015104304149416676,0.009492781846049831,0.020772329256214184
distilbert_sst2,2500,149,0.014753896577923854,0.014624882406893587,0.008868050785706004,0.015694433940433898,0.009273012159984838,0.023751752722384785
distilbert_sst2,2500,150,0.014753896577923854,0.012058039425233993,0.007682701341988429,0.01505353577652794,0.008429891889971612,0.021081327196688655
distilbert_sst2,2500,151,0.014753896577923854,0.014890533591072742,0.009786992062531688,0.018711101448832552,0.011851991253000897,0.02709527767412465
distilbert_sst2,2500,152,0.014753896577923854,0.00973641768395758,0.009857428867919661,0.015500644495344223,0.011060988155229878,0.023664555349915205
distilbert_sst2,2500,153,0.014753896577923854,0.014010432505940137,0.010100976563258883,0.01708419688766262,0.010416516581623876,0.023501507943709768
distilbert_sst2,2500,154,0.014753896577923854,0.0119900462021433,0.00797965101264438,0.016558053899008725,0.0091231208514759,0.022143901447608066
distilbert_sst2,2500,155,0.014753896577923854,0.01311794206879841,0.006979967856309077,0.015252114505759145,0.008904528599612849,0.023065608407273966
distilbert_sst2,2500,156,0.014753896577923854,0.014136624474986858,0.008711441504966874,0.017073539599025023,0.009671935232024007,0.02330083544327109
distilbert_sst2,2500,157,0.014753896577923854,0.015201783101329601,0.0117456787546577,0.01906725728139832,0.012237567290759383,0.025067809800595472
distilbert_sst2,2500,158,0.014753896577923854,0.01355206615993591,0.00956352383246023,0.0162378199791907,0.010358313350580104,0.024213496790288194
distilbert_sst2,2500,159,0.014753896577923854,0.012682652535768564,0.008635851865673113,0.015048098202695754,0.010399091254697958,0.02304549591403116
distilbert_sst2,2500,160,0.014753896577923854,0.010926062751405643,0.008589518320848559,0.01570362857196299,0.010190920693088343,0.0219953342819226
distilbert_sst2,2500,161,0.014753896577923854,0.0152597662466881,0.006089872086482942,0.014685634845363095,0.007196190172114836,0.02185170323071317
distilbert_sst2,2500,162,0.014753896577923854,0.011380854186749884,0.00781438482165913,0.013995642033275642,0.008373315572373181,0.020525930101326403
distilbert_sst2,2500,163,0.014753896577923854,0.014616832061191428,0.009738861648495379,0.01756550063890229,0.010826076386057194,0.02342201213908718
distilbert_sst2,2500,164,0.014753896577923854,0.02024787470663562,0.008899727921589022,0.01953857157604893,0.009514486465469119,0.024904728828228084
distilbert_sst2,2500,165,0.014753896577923854,0.01821399592662044,0.010910586413134943,0.019102611067185707,0.012117676963863594,0.024969236560487395
distilbert_sst2,2500,166,0.014753896577923854,0.016276836421970888,0.011280036806784974,0.019239446163208967,0.012707554111313302,0.027012116399688233
distilbert_sst2,2500,167,0.014753896577923854,0.014008435206361153,0.00831474223796547,0.015855333709101336,0.009531493962984009,0.021991438552476004
distilbert_sst2,2500,168,0.014753896577923854,0.018688417437841564,0.009692908611943375,0.018378073779012533,0.010047717373524681,0.023278788560469856
distilbert_sst2,2500,169,0.014753896577923854,0.015341706960983515,0.009248055776654857,0.016162967546004728,0.01004397935326179,0.025531465494171304
distilbert_sst2,2500,170,0.014753896577923854,0.012956315177684152,0.009685149210849541,0.019494401896600132,0.010684062454221774,0.02631031517597165
distilbert_sst2,2500,171,0.014753896577923854,0.014740268296352632,0.009329780030503602,0.01875360329933775,0.009731506307788433,0.023928167879420814
distilbert_sst2,2500,172,0.014753896577923854,0.016980210182503102,0.008027977159654361,0.017852494210031634,0.008412949778440282,0.02526331639626506
distilbert_sst2,2500,173,0.014753896577923854,0.01487580510351901,0.009137488936731636,0.017911185479505203,0.009712865269350496,0.024264881996920912
distilbert_sst2,2500,174,0.014753896577923854,0.01497446532597721,0.009756628654573562,0.015867175327189946,0.010125252836815065,0.02299520159811016
distilbert_sst2,2500,175,0.014753896577923854,0.011690424092197945,0.008172033073573746,0.014730592309230552,0.00905896947106942,0.023276518112903447
distilbert_sst2,2500,176,0.014753896577923854,0.016756331038546714,0.008812220969684804,0.01846267429669485,0.009003716080779085,0.024650704097651462
distilbert_sst2,2500,177,0.014753896577923854,0.011832585518562193,0.007937450663697342,0.015391827819044267,0.008244583583959339,0.02262326242878408
distilbert_sst2,2500,178,0.014753896577923854,0.02153993008453161,0.010923373381600954,0.01955233046104875,0.011612328373771255,0.028605381248420814
distilbert_sst2,2500,179,0.014753896577923854,0.013324079137548569,0.0059239687130519724,0.011967819762035509,0.0070149075231654145,0.0188611517745027
distilbert_sst2,2500,180,0.014753896577923854,0.016932937790423354,0.008196887852377533,0.015362558118399521,0.009055632788112989,0.023546715760786863
distilbert_sst2,2500,181,0.014753896577923854,0.014300553586283172,0.009011242264270056,0.01608915740593286,0.01015350071930685,0.022855676409004762
distilbert_sst2,2500,182,0.014753896577923854,0.01352542648727213,0.00783410532617395,0.014237473386785248,0.008255871386550179,0.019526721794533256
distilbert_sst2,2500,183,0.014753896577923854,0.01059316523333959,0.0065697946766295305,0.015558982444138213,0.007914347524511525,0.0219538021040195
distilbert_sst2,2500,184,0.014753896577923854,0.017743858748335742,0.010882960844357175,0.01801321690571213,0.0114563674678154,0.02559292226235556
distilbert_sst2,2500,185,0.014753896577923854,0.019125409709262044,0.008417179694077693,0.01760238542590055,0.009156776172301196,0.0256626983614734
distilbert_sst2,2500,186,0.014753896577923854,0.017530063768165197,0.00959129551268398,0.015752649320143895,0.009450399521304631,0.02215210952994898
distilbert_sst2,2500,187,0.014753896577923854,0.014622789709912345,0.0093449605719178,0.01567705307222893,0.009752616590541547,0.02224263677989592
distilbert_sst2,2500,188,0.014753896577923854,0.017227642683620495,0.009352677636494876,0.01761638171795258,0.010194365837667021,0.023905673450568668
distilbert_sst2,2500,189,0.014753896577923854,0.01688314065253343,0.010012209890619881,0.018597244088729484,0.0107941402292973,0.025295366368592066
distilbert_sst2,2500,190,0.014753896577923854,0.012404185547969106,0.007013878386877433,0.015094472867540148,0.008302932222070264,0.021141726364563025
distilbert_sst2,2500,191,0.014753896577923854,0.01485210971300712,0.00973486634696758,0.0184690987665993,0.010667847471864136,0.024236618878900714
distilbert_sst2,2500,192,0.014753896577923854,0.016557597412532588,0.012133613458485154,0.020134859536672014,0.01371837204671643,0.02546263672124284
distilbert_sst2,2500,193,0.014753896577923854,0.02137532196419916,0.00995424025742099,0.017725599838960125,0.011496016014024337,0.024686415668733693
distilbert_sst2,2500,194,0.014753896577923854,0.012704072748401938,0.006210887624893094,0.014098454837745283,0.007545436651072732,0.019901045828934046
distilbert_sst2,2500,195,0.014753896577923854,0.015108972380681129,0.009553999454904547,0.0174721071890453,0.010979558813295194,0.023865036996125417
distilbert_sst2,2500,196,0.014753896577923854,0.02184482170705955,0.010211061953072484,0.01700002572640014,0.010870829258591905,0.026754989965220095
distilbert_sst2,2500,197,0.014753896577923854,0.010328739662607741,0.008432031555418348,0.014011692346236837,0.009160549379648893,0.02246427294708285
distilbert_sst2,2500,198,0.014753896577923854,0.02025297778609567,0.007932214124147586,0.016349995612800133,0.009837642209122942,0.024673928805571278
distilbert_sst2,2500,199,0.014753896577923854,0.011339841355496365,0.009837072605199093,0.016846955130969652,0.010233002127193998,0.02314674614525232
distilbert_sst2,5000,0,0.014753896577923854,0.011504324284080106,0.008139252562566075,0.015274880911143165,0.01001180950143007,0.022958580925338357
distilbert_sst2,5000,1,0.014753896577923854,0.017522851460025298,0.007881041958821132,0.01665686473282055,0.009894405298632423,0.02519957747392098
distilbert_sst2,5000,2,0.014753896577923854,0.015679319258598057,0.008134737739232614,0.01530390403967153,0.009171112628554186,0.02569680701502069
distilbert_sst2,5000,3,0.014753896577923854,0.016267318808422256,0.007256447492532353,0.016374095151592553,0.00869565878162607,0.023997801422107033
distilbert_sst2,5000,4,0.014753896577923854,0.015658657403028405,0.008206258581984283,0.016375135334698768,0.009180476089377387,0.024774743839808162
distilbert_sst2,5000,5,0.014753896577923854,0.015471279611167097,0.008869403205435574,0.016597802128916362,0.010026689486719977,0.025527573977302792
distilbert_sst2,5000,6,0.014753896577923854,0.01187143577323812,0.006599669259847064,0.013074767575157038,0.007718846419009612,0.020977197126293087
distilbert_sst2,5000,7,0.014753896577923854,0.01466701840875275,0.0068778349857753,0.014830821578509028,0.009204484187271812,0.022033949571509902
distilbert_sst2,5000,8,0.014753896577923854,0.015692021656549617,0.007840147918410239,0.015976356233786522,0.010034081326860265,0.024093754683029923
distilbert_sst2,5000,9,0.014753896577923854,0.01563620384516564,0.007992234187341235,0.016769995021143805,0.010465227426558857,0.024538412603668618
distilbert_sst2,5000,10,0.014753896577923854,0.015109203665070226,0.007646633207433458,0.01612048368733929,0.009682104778995382,0.02311886427324113
distilbert_sst2,5000,11,0.014753896577923854,0.012821545764229229,0.007568885396771106,0.015928387872522154,0.009650664134932496,0.02210241776284172
distilbert_sst2,5000,12,0.014753896577923854,0.017963773763258726,0.009165507629094564,0.019648943927491266,0.010927559741524515,0.026106846382966935
distilbert_sst2,5000,13,0.014753896577923854,0.01749707166171368,0.010073037588543608,0.020073887887948616,0.012903181205817913,0.02905008405283163
distilbert_sst2,5000,14,0.014753896577923854,0.011238622828472067,0.006560916752748948,0.013397831418665802,0.007546047511722489,0.02059261566272497
distilbert_sst2,5000,15,0.014753896577923854,0.015563868168160912,0.008004304985502253,0.015457540105559726,0.009815572714985397,0.02480751768351962
distilbert_sst2,5000,16,0.014753896577923854,0.010919064897712338,0.006284151490419489,0.011630924687901561,0.0074444658276144595,0.01959004334877835
distilbert_sst2,5000,17,0.014753896577923854,0.018053692489981017,0.008779133398239105,0.016869938422675715,0.010530153401036631,0.025403064028355446
distilbert_sst2,5000,18,0.014753896577923854,0.011310217279477282,0.006616308214171949,0.014663521706438762,0.007825204932491975,0.022377544434857562
distilbert_sst2,5000,19,0.014753896577923854,0.016484424344409887,0.008797652286539514,0.017369872090968536,0.011404193071483205,0.02632073397128157
distilbert_sst2,5000,20,0.014753896577923854,0.011342627553376844,0.007417082762462238,0.01443964425982168,0.008700589202048484,0.02136128974374444
distilbert_sst2,5000,21,0.014753896577923854,0.014204932044120239,0.008264604084206265,0.016096744759310153,0.010235120423428584,0.023618794909822025
distilbert_sst2,5000,22,0.014753896577923854,0.0157854583725036,0.008821295483646822,0.016823167205918615,0.010830178431758491,0.024729759505985886
distilbert_sst2,5000,23,0.014753896577923854,0.017339198443060685,0.009573718404473179,0.017991624129554296,0.01139825133526019,0.02672944257456122
distilbert_sst2,5000,24,0.014753896577923854,0.019844975948468475,0.008465278077944258,0.019477548569690653,0.012314299312759708,0.027408272078302938
distilbert_sst2,5000,25,0.014753896577923854,0.01708873554370738,0.007217667125539995,0.015504686520647041,0.008902988215779261,0.0249283477285584
distilbert_sst2,5000,26,0.014753896577923854,0.015292114483026415,0.007257472261995227,0.016155642511485765,0.008066704243926926,0.02272583194653112
distilbert_sst2,5000,27,0.014753896577923854,0.013975273419142193,0.008142714328549128,0.016571559156882982,0.010350256383092945,0.024076087591558635
distilbert_sst2,5000,28,0.014753896577923854,0.01271989267072047,0.007686314461044043,0.015046408378956728,0.009269885915813661,0.024031158718942423
distilbert_sst2,5000,29,0.014753896577923854,0.014572137110080652,0.0075376863682555745,0.013937318149671097,0.008262360642348197,0.021654344787033427
distilbert_sst2,5000,30,0.014753896577923854,0.0171379858649753,0.008910655532685007,0.016101878127844856,0.011053855040417532,0.025156998059984996
distilbert_sst2,5000,31,0.014753896577923854,0.013938627584621725,0.00811474433552277,0.01632420025480027,0.008970253834482073,0.02403083132505968
distilbert_sst2,5000,32,0.014753896577923854,0.011980345531225001,0.00811753495374012,0.014440903810839583,0.008888104725805031,0.02211418375384299
distilbert_sst2,5000,33,0.014753896577923854,0.0158516572771358,0.008265027323194615,0.016176741570485428,0.009529277963591664,0.02516909520263131
distilbert_sst2,5000,34,0.014753896577923854,0.011751955811968612,0.0066610528268862485,0.01466127773544701,0.007945133974459222,0.022358464147199317
distilbert_sst2,5000,35,0.014753896577923854,0.013738933698964095,0.007471927197922697,0.01591497962010476,0.009420170497801094,0.02447971063257044
distilbert_sst2,5000,36,0.014753896577923854,0.01034085769829617,0.007651640078239203,0.014582098568851787,0.008803088878828039,0.02227568184958203
distilbert_sst2,5000,37,0.014753896577923854,0.012638067493397279,0.007450117855806303,0.013306471850017302,0.00855797777037049,0.021684937299689046
distilbert_sst2,5000,38,0.014753896577923854,0.011182221929008342,0.007638640427191259,0.014113641574136611,0.008998335440034139,0.021511254464010164
distilbert_sst2,5000,39,0.014753896577923854,0.01796872747057941,0.009135445150796758,0.01647928298035634,0.010461437365810306,0.025190882499187033
distilbert_sst2,5000,40,0.014753896577923854,0.010301722754308943,0.007055601741495816,0.015884628008209382,0.009039167948954095,0.023430179881382247
distilbert_sst2,5000,41,0.014753896577923854,0.01328122144833524,0.007242138888664258,0.01460671828850166,0.008925316053725494,0.022002987851442713
distilbert_sst2,5000,42,0.014753896577923854,0.016743903996087675,0.008478328313425758,0.015549020362661111,0.009835865503304977,0.024274071199343026
distilbert_sst2,5000,43,0.014753896577923854,0.015192707609736346,0.007834980654868989,0.016971926745332273,0.009595187632063636,0.026165534095095137
distilbert_sst2,5000,44,0.014753896577923854,0.016722603881954002,0.007982949365634573,0.016483068075707003,0.009728628093554459,0.02451840066635281
distilbert_sst2,5000,45,0.014753896577923854,0.013832868890181862,0.007288413213324802,0.015263819079339203,0.00861734225971618,0.02279307088013708
distilbert_sst2,5000,46,0.014753896577923854,0.016582881228817133,0.00885489473353334,0.01917494241870464,0.010945859647711975,0.027215774397037318
distilbert_sst2,5000,47,0.014753896577923854,0.016009499393307598,0.009102594831064726,0.016830722062225596,0.01080639873766935,0.024884479203870102
distilbert_sst2,5000,48,0.014753896577923854,0.01510356067486228,0.008902799933506081,0.017667009950653196,0.011346397664320078,0.025029678963295394
distilbert_sst2,5000,49,0.014753896577923854,0.013819551073617067,0.007283254368123331,0.015519927997845398,0.009596099168994333,0.02163105974354595
distilbert_sst2,5000,50,0.014753896577923854,0.013353700495993198,0.006691774645653973,0.014121265787766046,0.008166945070741814,0.021679754996427904
distilbert_sst2,5000,51,0.014753896577923854,0.013834428973856436,0.009174130797029476,0.01588754757960801,0.009565920882584943,0.024366190821097884
distilbert_sst2,5000,52,0.014753896577923854,0.012795525553173493,0.007959062501485346,0.015904159607331166,0.009154186819032474,0.02385112304954536
distilbert_sst2,5000,53,0.014753896577923854,0.015976895629703104,0.009219395498998303,0.017240513637300732,0.01120040815637156,0.025297249171091996
distilbert_sst2,5000,54,0.014753896577923854,0.014347538739957292,0.007977419085248415,0.014695828183082554,0.00958438490437769,0.023057201377194247
distilbert_sst2,5000,55,0.014753896577923854,0.012410616630131162,0.008419199559438447,0.014398000173320595,0.010770204840167101,0.022029185581282466
distilbert_sst2,5000,56,0.014753896577923854,0.013654996322470624,0.007702772799467979,0.016772501481254067,0.010273740587158756,0.023625316762882154
distilbert_sst2,5000,57,0.014753896577923854,0.0147932184179768,0.007122723899505166,0.015171444470895573,0.00902736362474977,0.02277840028214305
distilbert_sst2,5000,58,0.014753896577923854,0.015791034738108688,0.008879360331449749,0.01688088694974058,0.010538040871261228,0.025337017531973722
distilbert_sst2,5000,59,0.014753896577923854,0.01455166464167605,0.007422529380160081,0.013743620926677464,0.008755262927692346,0.022446676526486367
distilbert_sst2,5000,60,0.014753896577923854,0.01259163189875531,0.007422343526652895,0.015282610318184852,0.009625455208875743,0.0237303077709969
distilbert_sst2,5000,61,0.014753896577923854,0.015295859492226083,0.009040405138981997,0.016579478978407093,0.011282096959538855,0.02476952199719275
distilbert_sst2,5000,62,0.014753896577923854,0.015147729499025337,0.00832416816700739,0.016669937586142224,0.01009913956504253,0.02564940201776511
distilbert_sst2,5000,63,0.014753896577923854,0.016821871325727402,0.007588368858147945,0.01590938046868109,0.008583917824685835,0.02459846168123672
distilbert_sst2,5000,64,0.014753896577923854,0.014363938520621712,0.00827844636374295,0.018632501492264992,0.010508286229994236,0.025992149991192696
distilbert_sst2,5000,65,0.014753896577923854,0.013415592982526705,0.006706399133113577,0.015331302549475019,0.00795685328342014,0.022663850604177402
distilbert_sst2,5000,66,0.014753896577923854,0.014341014762271441,0.0079573120115825,0.015497582863026124,0.00972875809985525,0.02392437477271804
distilbert_sst2,5000,67,0.014753896577923854,0.016208439174590236,0.008624444300766514,0.017093879965198316,0.009818184187060956,0.02515301192160812
distilbert_sst2,5000,68,0.014753896577923854,0.014551148292106325,0.008013564875936428,0.015660891938665798,0.009462739329086409,0.02281197511302826
distilbert_sst2,5000,69,0.014753896577923854,0.013302959957643915,0.007698265039863275,0.014522739763756296,0.00946978537864215,0.022309692991081542
distilbert_sst2,5000,70,0.014753896577923854,0.014980344798369264,0.007918982273070285,0.0165585316846049,0.009770913149336598,0.02348690913273117
distilbert_sst2,5000,71,0.014753896577923854,0.014890320176312184,0.007136524258049765,0.014531210427385977,0.00860710797729921,0.022874578132575405
distilbert_sst2,5000,72,0.014753896577923854,0.015330943084532523,0.008124762837493272,0.015160971891877833,0.009282481693420979,0.023671567246244574
distilbert_sst2,5000,73,0.014753896577923854,0.013348068373121285,0.007131831939273412,0.01544180249119211,0.009217288571441738,0.02327149023175879
distilbert_sst2,5000,74,0.014753896577923854,0.015267597137172356,0.007561711441506243,0.015975286406010546,0.010413135492426853,0.024064895290682193
distilbert_sst2,5000,75,0.014753896577923854,0.01818978480040397,0.008448716512444693,0.019129248353113297,0.011920078453652363,0.026994162606116996
distilbert_sst2,5000,76,0.014753896577923854,0.015090258666798573,0.007782520530683596,0.01612643741756892,0.009138023651131044,0.024027784619669076
distilbert_sst2,5000,77,0.014753896577923854,0.015662821824799108,0.007643883616847298,0.014690901177278812,0.008750470682016084,0.022671801494733475
distilbert_sst2,5000,78,0.014753896577923854,0.013714440455388626,0.007322651583168595,0.015443506331276037,0.008634014753995693,0.023984912488523455
distilbert_sst2,5000,79,0.014753896577923854,0.014560085513493852,0.009041388095253901,0.015557540667050288,0.009545336646653023,0.023453052444869827
distilbert_sst2,5000,80,0.014753896577923854,0.012729316786069386,0.006981647516373498,0.01386631328844378,0.008877124248805664,0.021064387365151226
distilbert_sst2,5000,81,0.014753896577923854,0.019041294063629165,0.008777369993021178,0.017471551089529642,0.009821180773045491,0.02471116455500421
distilbert_sst2,5000,82,0.014753896577923854,0.016070008828619805,0.00778345498009177,0.015569636195871468,0.009704193308946021,0.024350616199717588
distilbert_sst2,5000,83,0.014753896577923854,0.014304108552974515,0.007464437048572043,0.01636089235264183,0.009196337770793733,0.023716872177758454
distilbert_sst2,5000,84,0.014753896577923854,0.015155302157113965,0.007840959092175625,0.01574103120482228,0.00888371289517091,0.02455305767796897
distilbert_sst2,5000,85,0.014753896577923854,0.015810366224777137,0.007263978916431064,0.01581179669012292,0.008831737956573122,0.023278038837322598
distilbert_sst2,5000,86,0.014753896577923854,0.015070453509880314,0.007612428832895323,0.015510931983033516,0.008887632682078449,0.024595538322881444
distilbert_sst2,5000,87,0.014753896577923854,0.014012874146821647,0.007139785354624466,0.014463050900948751,0.008874604608999572,0.02362557149502444
distilbert_sst2,5000,88,0.014753896577923854,0.014190014216989616,0.007647419751547662,0.015893350798524393,0.009410145726883996,0.024120799035086172
distilbert_sst2,5000,89,0.014753896577923854,0.013058740998939316,0.006533770532036735,0.012128543280301446,0.007007829494661857,0.020800314624800125
distilbert_sst2,5000,90,0.014753896577923854,0.012226591751314015,0.007513371794012534,0.014602101077570727,0.008921253534037717,0.023232954784157257
distilbert_sst2,5000,91,0.014753896577923854,0.01565290835419964,0.008352697501823098,0.015677940287501763,0.009457821963581838,0.023671121399034867
distilbert_sst2,5000,92,0.014753896577923854,0.014222581119369273,0.008721074044589779,0.015778660764871083,0.010451167568681351,0.025049417481809586
distilbert_sst2,5000,93,0.014753896577923854,0.015574472523460744,0.007759104123888069,0.014661099484156066,0.009205566188335956,0.023995820701571923
distilbert_sst2,5000,94,0.014753896577923854,0.014538265731856063,0.00845294209052687,0.017387646056831487,0.010795438882289227,0.024713547243948433
distilbert_sst2,5000,95,0.014753896577923854,0.01983206268096342,0.01071163324114046,0.01893977658664088,0.012444767551192394,0.028195432424079767
distilbert_sst2,5000,96,0.014753896577923854,0.018897470301485045,0.009698502554078992,0.019895986274542882,0.01248761652831112,0.027712222996778373
distilbert_sst2,5000,97,0.014753896577923854,0.01455932006197756,0.007719149406986103,0.01568456008914209,0.009247788947594362,0.022709057190766383
distilbert_sst2,5000,98,0.014753896577923854,0.017940658197944513,0.008930055785508012,0.017530816613327466,0.01111056364533189,0.025321455835231828
distilbert_sst2,5000,99,0.014753896577923854,0.014652781499966476,0.008733884209409544,0.018259538428115115,0.011116475397288852,0.027571717386188178
distilbert_sst2,5000,100,0.014753896577923854,0.01847417661678442,0.008315941603863019,0.01779538348761878,0.01018598230001999,0.02668713112192249
distilbert_sst2,5000,101,0.014753896577923854,0.012653066704736338,0.007447540330692644,0.014713838670607,0.009215132447528807,0.022176001812683317
distilbert_sst2,5000,102,0.014753896577923854,0.013478898047546147,0.006768467764701965,0.015774652446462784,0.008600804105938503,0.023202214820082164
distilbert_sst2,5000,103,0.014753896577923854,0.013260494954866406,0.008282574321646006,0.015245207325850437,0.008892968561888159,0.02344217957903924
distilbert_sst2,5000,104,0.014753896577923854,0.010917084330826223,0.007947293022248732,0.0158137279656931,0.010177210098839687,0.02473910291158481
distilbert_sst2,5000,105,0.014753896577923854,0.013389889756242558,0.007602631590614786,0.01515401016309584,0.008806918615760936,0.024232961156451533
distilbert_sst2,5000,106,0.014753896577923854,0.011747438112292728,0.005720806107475724,0.01251092095117888,0.0069760724176228086,0.019631962103165607
distilbert_sst2,5000,107,0.014753896577923854,0.012639418328833559,0.007848660204849818,0.01588942885764494,0.010375752868118685,0.022601536115933074
distilbert_sst2,5000,108,0.014753896577923854,0.017854505964156567,0.008960590562779914,0.018346075477964532,0.010171584323409023,0.025696035356987543
distilbert_sst2,5000,109,0.014753896577923854,0.016163029845055365,0.00882329717129128,0.016555959995500767,0.01067874070790191,0.024464117201107225
distilbert_sst2,5000,110,0.014753896577923854,0.01674373289156736,0.007226986088557362,0.014535814748998626,0.008621216075908883,0.02353836470645228
distilbert_sst2,5000,111,0.014753896577923854,0.01338554912710024,0.007371660710872027,0.015334182291300945,0.008625814473553506,0.022866509988532985
distilbert_sst2,5000,112,0.014753896577923854,0.014647707457851544,0.006653835427561238,0.014289531942892996,0.008067126501100946,0.02379370735178629
distilbert_sst2,5000,113,0.014753896577923854,0.015435246206482697,0.009998784212091239,0.01847360390655761,0.012577780497250592,0.027574870834370897
distilbert_sst2,5000,114,0.014753896577923854,0.014551155581136238,0.007105465514612185,0.015069190967677497,0.009172558791517765,0.02336715321989286
distilbert_sst2,5000,115,0.014753896577923854,0.017510368357821757,0.00941191991958703,0.018378962609586654,0.011554650982421893,0.026279187128514302
distilbert_sst2,5000,116,0.014753896577923854,0.015965289744973365,0.008905323751474984,0.017791613411058577,0.011042338081768034,0.025283105867615334
distilbert_sst2,5000,117,0.014753896577923854,0.013975379317048177,0.007640240514873596,0.014530205569620465,0.009324904194702761,0.02228488591763887
distilbert_sst2,5000,118,0.014753896577923854,0.014798221269629073,0.009400220548708869,0.017692941319821475,0.011255085745950268,0.02357079161986056
distilbert_sst2,5000,119,0.014753896577923854,0.014633439628298196,0.006567365427926443,0.014766278075145188,0.00844573010492212,0.022758838996547095
distilbert_sst2,5000,120,0.014753896577923854,0.01946877882309059,0.008761337094302952,0.017982141431823147,0.010744300709716895,0.02838989015163897
distilbert_sst2,5000,121,0.014753896577923854,0.014158733757241228,0.007225233602502861,0.014189864975373574,0.008477559994871552,0.022470813680897154
distilbert_sst2,5000,122,0.014753896577923854,0.015024744921167786,0.007979313142315769,0.016652623824738214,0.008991432526432506,0.023684478932710785
distilbert_sst2,5000,123,0.014753896577923854,0.01584215702247763,0.008584082787279573,0.016993167844669504,0.010307822743308952,0.02619281357071223
distilbert_sst2,5000,124,0.014753896577923854,0.01599868908177578,0.007944181859702975,0.016440299616672253,0.00936185108527995,0.023874519185499238
distilbert_sst2,5000,125,0.014753896577923854,0.015538937240363315,0.0071344683886015925,0.01548176102003948,0.008747077519939113,0.023171104002315427
distilbert_sst2,5000,126,0.014753896577923854,0.0130204577788602,0.008241064338243417,0.01572062781957259,0.009626130353975677,0.023689156533369556
distilbert_sst2,5000,127,0.014753896577923854,0.010113965387199497,0.006201565200638633,0.013512585869419839,0.007162857309446395,0.021307993235740945
distilbert_sst2,5000,128,0.014753896577923854,0.015208241541387077,0.008491833370483468,0.01579710232479458,0.00945116793398914,0.025419090181639615
distilbert_sst2,5000,129,0.014753896577923854,0.0181330448892688,0.008394288151245712,0.016953596265689055,0.010120921492129934,0.024914743500951145
distilbert_sst2,5000,130,0.014753896577923854,0.013788109694256406,0.007837905295677454,0.01611902241789776,0.009022246406451674,0.023266895386165956
distilbert_sst2,5000,131,0.014753896577923854,0.014692712413246135,0.008667441901595362,0.015415956024750465,0.01026395922200412,0.02312441926736808
distilbert_sst2,5000,132,0.014753896577923854,0.01349798218831998,0.008252474472371289,0.01575607227511343,0.00943525378801376,0.02279666975409928
distilbert_sst2,5000,133,0.014753896577923854,0.012383844565495841,0.008015359578975086,0.014331520538463698,0.00995694221264634,0.022835236456580567
distilbert_sst2,5000,134,0.014753896577923854,0.015018077164819156,0.00812550851996206,0.015681357091195475,0.009788741211854914,0.02302654702086987
distilbert_sst2,5000,135,0.014753896577923854,0.013405549682566215,0.007834415468358554,0.0141674467193068,0.009370941426830133,0.022947390134876178
distilbert_sst2,5000,136,0.014753896577923854,0.016279374338317727,0.008853382958926669,0.017875982341332156,0.010550932411412098,0.02443174364776567
distilbert_sst2,5000,137,0.014753896577923854,0.014979362824092316,0.007387037218588529,0.016085472440322966,0.008616301145676655,0.022154219832564256
distilbert_sst2,5000,138,0.014753896577923854,0.016793873471366527,0.007092884203869274,0.016091781158051318,0.008384495412950194,0.024037816624168394
distilbert_sst2,5000,139,0.014753896577923854,0.012007811878860351,0.006306600042243999,0.012488209265645488,0.006913758496553776,0.019798786409930887
distilbert_sst2,5000,140,0.014753896577923854,0.01349901881267604,0.007411890279455812,0.015469392676385614,0.008873847197033815,0.022384882651359544
distilbert_sst2,5000,141,0.014753896577923854,0.012945870394259276,0.007250466925875699,0.014108766562122465,0.008167151107432241,0.021430551157169173
distilbert_sst2,5000,142,0.014753896577923854,0.017302481717958746,0.009539116682150028,0.017951219363926893,0.011339254973822321,0.027598878428325518
distilbert_sst2,5000,143,0.014753896577923854,0.015901285135225596,0.009075814539013644,0.0164970929732314,0.010191283342655257,0.02466332853621612
distilbert_sst2,5000,144,0.014753896577923854,0.01362762769627725,0.008341272640152159,0.015292128028633488,0.009633704508462126,0.023840021954550795
distilbert_sst2,5000,145,0.014753896577923854,0.013935161148326642,0.006492407116183541,0.014001419687243463,0.008212598950167186,0.021555452100930635
distilbert_sst2,5000,146,0.014753896577923854,0.014522936940236078,0.007996382126999421,0.015414774228198687,0.008514713698287447,0.022705767350096617
distilbert_sst2,5000,147,0.014753896577923854,0.01407342819590173,0.007544544884146463,0.01674540745633372,0.008941312130426503,0.024220506716921542
distilbert_sst2,5000,148,0.014753896577923854,0.01567267947897321,0.007917277610083921,0.016250418594184034,0.009710908816750597,0.024919030571830383
distilbert_sst2,5000,149,0.014753896577923854,0.015157050109244017,0.007768058335234318,0.016402492009054467,0.008914611974719034,0.023775532691145573
distilbert_sst2,5000,150,0.014753896577923854,0.016584532500159153,0.007457078032769427,0.015317933402929312,0.008944486757216185,0.02314656317898689
distilbert_sst2,5000,151,0.014753896577923854,0.013600429495384885,0.008417781554247765,0.01724192659490618,0.011165707743951363,0.024629185609249264
distilbert_sst2,5000,152,0.014753896577923854,0.015211045274042618,0.007958426091385987,0.016653966720768063,0.009564426173010225,0.025756987271384882
distilbert_sst2,5000,153,0.014753896577923854,0.016408997514390154,0.008974375261289746,0.018698195175344295,0.011026825827005947,0.02772943513564726
distilbert_sst2,5000,154,0.014753896577923854,0.014960678450326085,0.007320378932502616,0.015347050404299475,0.009320017535864897,0.024037723592716657
distilbert_sst2,5000,155,0.014753896577923854,0.017307502625983955,0.007962623087976078,0.016496314955558457,0.01035986102881408,0.02678329643416575
distilbert_sst2,5000,156,0.014753896577923854,0.017513139701569595,0.009094955864167658,0.01701357784338409,0.010968299550688674,0.023801111258166103
distilbert_sst2,5000,157,0.014753896577923854,0.01596150699550073,0.00904734931727324,0.016103777192798704,0.010629005986521974,0.024848679036003227
distilbert_sst2,5000,158,0.014753896577923854,0.016891249440048613,0.008440778250652644,0.014874507523976833,0.010119867131523446,0.02415181148709667
distilbert_sst2,5000,159,0.014753896577923854,0.013918549900670022,0.008341619618063463,0.016278112985061877,0.010355517554784284,0.02365302001197169
distilbert_sst2,5000,160,0.014753896577923854,0.01617616312080437,0.007599954975004711,0.016992622190083004,0.009188764480135532,0.02476433059363322
distilbert_sst2,5000,161,0.014753896577923854,0.012911323966867328,0.0075181867129187644,0.014170598938039207,0.009086166068002647,0.02259901562873707
distilbert_sst2,5000,162,0.014753896577923854,0.020076412285452806,0.010836012844897606,0.019688240464663935,0.01378576452203943,0.027775233618859013
distilbert_sst2,5000,163,0.014753896577923854,0.01663313391602286,0.008530987144226586,0.017191188772837835,0.00941431174518518,0.026440517262228277
distilbert_sst2,5000,164,0.014753896577923854,0.015363513161560337,0.007843400425344394,0.014977923756932382,0.00896594093602119,0.02391971638917503
distilbert_sst2,5000,165,0.014753896577923854,0.014990150798295037,0.007607338230714732,0.015743391338751824,0.010053861057460433,0.023815356427310825
distilbert_sst2,5000,166,0.014753896577923854,0.014484510609882623,0.007681003754557248,0.013554477244530416,0.008476989444573322,0.021463664508693598
distilbert_sst2,5000,167,0.014753896577923854,0.01360672781745431,0.00868819807131877,0.015022350389680906,0.009528928437174613,0.022975347461381704
distilbert_sst2,5000,168,0.014753896577923854,0.014190489411857693,0.00811370259835947,0.014306578839390429,0.00966521892796315,0.02316891374118044
distilbert_sst2,5000,169,0.014753896577923854,0.013752055508046604,0.007825122625648166,0.015421656496871562,0.009622512927294076,0.022880254443962248
distilbert_sst2,5000,170,0.014753896577923854,0.015472454036560617,0.008263311598922431,0.01670199061521289,0.010029940621695656,0.02535701968410325
distilbert_sst2,5000,171,0.014753896577923854,0.012262354023878241,0.0073957960907318375,0.01527683802649835,0.009441730989007652,0.023740723467254234
distilbert_sst2,5000,172,0.014753896577923854,0.016423667332639,0.008812038616800045,0.016929179387809513,0.009918441011078074,0.025190259914293033
distilbert_sst2,5000,173,0.014753896577923854,0.014189067740694975,0.008066365786413492,0.016387810749869107,0.009622449120966676,0.02540187404237819
distilbert_sst2,5000,174,0.014753896577923854,0.015854892519971516,0.009292585477698354,0.018863867124221306,0.010880527531956103,0.026455918194075716
distilbert_sst2,5000,175,0.014753896577923854,0.011761991450630109,0.006772694567674657,0.014616220539816715,0.008217689596169885,0.02165365579254648
distilbert_sst2,5000,176,0.014753896577923854,0.01439282450306597,0.008263801866206831,0.018340928847225466,0.010788328386222684,0.025170241242766574
distilbert_sst2,5000,177,0.014753896577923854,0.014413379159115863,0.007479848894162287,0.015797467915916012,0.009122903625478343,0.025058708552046203
distilbert_sst2,5000,178,0.014753896577923854,0.012791356016496103,0.007866929025859568,0.01544117734968046,0.008877098466493724,0.023609296510358566
distilbert_sst2,5000,179,0.014753896577923854,0.015084234925668225,0.008650034572549014,0.015369850225930947,0.009636010967520195,0.02362659070608845
distilbert_sst2,5000,180,0.014753896577923854,0.014828760494648131,0.00747513985423949,0.015826936644288324,0.009673493603481397,0.022680956205088806
distilbert_sst2,5000,181,0.014753896577923854,0.018851118411690015,0.008824321555766615,0.01983999343035296,0.011208077636827043,0.027518231091930374
distilbert_sst2,5000,182,0.014753896577923854,0.01926058481826767,0.009216300319938869,0.019008738478663828,0.011513368621661163,0.028094945538380038
distilbert_sst2,5000,183,0.014753896577923854,0.01507003544546294,0.007630741907011369,0.015716869148911343,0.009691855599820219,0.02374475495515651
distilbert_sst2,5000,184,0.014753896577923854,0.01307514273608399,0.007923775014770623,0.015304154363280496,0.01001794934714373,0.023530566142971776
distilbert_sst2,5000,185,0.014753896577923854,0.01380563431681729,0.008619971191241877,0.016442554147861676,0.0101756961966353,0.02417542459175159
distilbert_sst2,5000,186,0.014753896577923854,0.017490643890599643,0.008505491007714083,0.01802679092234794,0.009777691633522724,0.02620659171006374
distilbert_sst2,5000,187,0.014753896577923854,0.01531005711478842,0.009175833694515526,0.016448361496474512,0.010428725922407985,0.02504427482206424
distilbert_sst2,5000,188,0.014753896577923854,0.014019408181245713,0.008556738082112247,0.01464403896266847,0.009470362269094111,0.022998773110890318
distilbert_sst2,5000,189,0.014753896577923854,0.016680282699010163,0.008047183929718411,0.01731033643811229,0.009743491453093884,0.02467754966795063
distilbert_sst2,5000,190,0.014753896577923854,0.012578149633596446,0.006792897702123642,0.01436091247270573,0.008432543814176127,0.020932073355226778
distilbert_sst2,5000,191,0.014753896577923854,0.01421288107268991,0.00808168166652148,0.016120477711074527,0.00993880928997967,0.024324346350673643
distilbert_sst2,5000,192,0.014753896577923854,0.01267536074922109,0.006540158789131229,0.014211621950514845,0.008047515555979514,0.021486689205675102
distilbert_sst2,5000,193,0.014753896577923854,0.01428540031309236,0.008128477259370305,0.016803813111585523,0.010810504706698523,0.023670212595973777
distilbert_sst2,5000,194,0.014753896577923854,0.016039487241425173,0.009803536231952327,0.01820704224533237,0.01169718581735207,0.025604298297659537
distilbert_sst2,5000,195,0.014753896577923854,0.01792943474712222,0.010056701847231314,0.017099910222736176,0.012562637585277028,0.025870325796583882
distilbert_sst2,5000,196,0.014753896577923854,0.015229329459783076,0.007911163024394362,0.01603109720521915,0.009570258139110447,0.024096528651147767
distilbert_sst2,5000,197,0.014753896577923854,0.013806710464766541,0.008952731679404368,0.015394912813760726,0.010119416202638653,0.023652986218542588
distilbert_sst2,5000,198,0.014753896577923854,0.016924929318445782,0.008156866936176985,0.0161659675573504,0.009373516438190696,0.02301763847170139
distilbert_sst2,5000,199,0.014753896577923854,0.015505830044076055,0.007573376227469652,0.014847094880726407,0.009029948445055135,0.023424201559270764
distilbert_sst2,7500,0,0.014753896577923854,0.015880865527403212,0.007639654195011502,0.015156553938063148,0.00877434740442913,0.024168768160612492
distilbert_sst2,7500,1,0.014753896577923854,0.01312620292147808,0.00849825536263994,0.01629597347660987,0.009809146753813306,0.023718688816148047
distilbert_sst2,7500,2,0.014753896577923854,0.014676246392605325,0.008442398289181769,0.015737985393699482,0.010573365956621745,0.02385919260737119
distilbert_sst2,7500,3,0.014753896577923854,0.017456285253507058,0.008111240933578005,0.016533079181662844,0.009540391474603003,0.025596907477226972
distilbert_sst2,7500,4,0.014753896577923854,0.013745852172765019,0.007108533665521387,0.015021332007808965,0.00857735426255439,0.022111224036963428
distilbert_sst2,7500,5,0.014753896577923854,0.013428580144343307,0.007715276942802426,0.01506472660990237,0.00954952233754961,0.024039335246134736
distilbert_sst2,7500,6,0.014753896577923854,0.013266228100039794,0.007592799634293787,0.015363805227317975,0.009862516151175227,0.02437386684683575
distilbert_sst2,7500,7,0.014753896577923854,0.018096017653820882,0.008577889842480126,0.018297626636028144,0.010212790292683389,0.02674245305860709
distilbert_sst2,7500,8,0.014753896577923854,0.014784056923875334,0.008100744117050371,0.014900198977092516,0.009814248402074247,0.023867333274478816
distilbert_sst2,7500,9,0.014753896577923854,0.0145006114064547,0.008653528693135395,0.0158383093210965,0.010071238580606247,0.02370970392485803
distilbert_sst2,7500,10,0.014753896577923854,0.016229508966589454,0.008287214657755684,0.015801302274395274,0.010256729305084089,0.024527277720208962
distilbert_sst2,7500,11,0.014753896577923854,0.01451656689880364,0.007463528620083862,0.014504851946058163,0.009126413026952742,0.021921800288761742
distilbert_sst2,7500,12,0.014753896577923854,0.016359748554057262,0.007879281953113559,0.017399181951408417,0.009496698796459322,0.025667525744369167
distilbert_sst2,7500,13,0.014753896577923854,0.016263577157776935,0.008219174316821933,0.01689428126429834,0.009994223239150135,0.024509459658790658
distilbert_sst2,7500,14,0.014753896577923854,0.015738330832162986,0.008196721000317141,0.01679896170216579,0.010331917786009913,0.025767695268854304
distilbert_sst2,7500,15,0.014753896577923854,0.017535599154876416,0.008780218338578892,0.017228964736667587,0.010495405149358884,0.026202668478466994
distilbert_sst2,7500,16,0.014753896577923854,0.015901321513942704,0.007889333167052207,0.01712118090384918,0.009971016193098224,0.02587553101724293
distilbert_sst2,7500,17,0.014753896577923854,0.013351679422740317,0.00758903045915838,0.014558863065149379,0.009423900159618788,0.023790461226591793
distilbert_sst2,7500,18,0.014753896577923854,0.016260383822399374,0.009041863485831718,0.017533957775094238,0.011048048214500545,0.025409711191434828
distilbert_sst2,7500,19,0.014753896577923854,0.012661080814915626,0.007477868299734664,0.014820996054229239,0.008506740477885811,0.02301478654605757
distilbert_sst2,7500,20,0.014753896577923854,0.01431157228346741,0.007694296693087746,0.01605455577500842,0.00985011989531641,0.024487322688873794
distilbert_sst2,7500,21,0.014753896577923854,0.011972664632067235,0.007282592014067125,0.015607852310873182,0.008692943978628227,0.024320059754109856
distilbert_sst2,7500,22,0.014753896577923854,0.012332274705007876,0.0064921957822489445,0.015125398649945674,0.008333879939157653,0.02236982927428934
distilbert_sst2,7500,23,0.014753896577923854,0.015472494505120308,0.009013205746242781,0.016227928710451932,0.010319356030164267,0.02413346919043593
distilbert_sst2,7500,24,0.014753896577923854,0.020204200151677856,0.009114186216534653,0.018463082916676584,0.01052398908525888,0.026833622012084023
distilbert_sst2,7500,25,0.014753896577923854,0.015456023085754585,0.008561453949114884,0.015933790792899822,0.010294548431230514,0.024101729448661638
distilbert_sst2,7500,26,0.014753896577923854,0.014489011645780196,0.008294577857259016,0.014470121375624569,0.009830031482165897,0.024025024930013673
distilbert_sst2,7500,27,0.014753896577923854,0.014033160678026017,0.007916388518260818,0.015244076867371906,0.00923942039404723,0.022783893197184848
distilbert_sst2,7500,28,0.014753896577923854,0.014868177510621012,0.008638013062265422,0.01661985065785384,0.010682820849546294,0.02598880230661241
distilbert_sst2,7500,29,0.014753896577923854,0.014399398739520883,0.007317383803777516,0.015719920368956003,0.008673075456874941,0.023763071639689305
distilbert_sst2,7500,30,0.014753896577923854,0.014095247785007,0.006994498798590777,0.014030078880992437,0.008224307767554277,0.021418943822663482
distilbert_sst2,7500,31,0.014753896577923854,0.01664913673501661,0.00962599908665077,0.01828574845118387,0.010990666789292832,0.026997766754496316
distilbert_sst2,7500,32,0.014753896577923854,0.01353783621843261,0.006967463278209998,0.013850011189615504,0.0080408620435293,0.022311653861385367
distilbert_sst2,7500,33,0.014753896577923854,0.017903750443530243,0.00855222308137143,0.018626613106530986,0.010752063932976445,0.026414567521348187
distilbert_sst2,7500,34,0.014753896577923854,0.013600431280496119,0.007857771618713481,0.015669568928505306,0.009627196291398809,0.022100552783349606
distilbert_sst2,7500,35,0.014753896577923854,0.017621327816082114,0.00887569876235719,0.01692759934900879,0.011289760280362144,0.02610974961715122
distilbert_sst2,7500,36,0.014753896577923854,0.014147145804996444,0.008186955968277468,0.016165687796650372,0.010250010319909216,0.02456248322860769
distilbert_sst2,7500,37,0.014753896577923854,0.014666621685919912,0.00873997798444697,0.016594730267382743,0.010348418585238685,0.02470530943184493
distilbert_sst2,7500,38,0.014753896577923854,0.013315403379923627,0.0070133156903341275,0.014593118639185044,0.008868583199749227,0.021973383157879237
distilbert_sst2,7500,39,0.014753896577923854,0.014489849403472138,0.007247760898813023,0.014999122538709298,0.009240238027700317,0.024384350655780148
distilbert_sst2,7500,40,0.014753896577923854,0.016758217783391125,0.00933012159082817,0.016159977186369013,0.010833056594587564,0.025078905566881905
distilbert_sst2,7500,41,0.014753896577923854,0.014227439834283359,0.008546847594558276,0.01684088262855349,0.010437842569193414,0.02469285818101216
distilbert_sst2,7500,42,0.014753896577923854,0.0137080904492252,0.007439406424116516,0.01611223465677239,0.009362108128840517,0.02329477216785487
distilbert_sst2,7500,43,0.014753896577923854,0.013901465051922291,0.008152193591819058,0.015003905111034796,0.009339176317087423,0.023760005092392154
distilbert_sst2,7500,44,0.014753896577923854,0.013418875588514132,0.007488868921127323,0.015252425205743063,0.009072744600364072,0.022870570169198606
distilbert_sst2,7500,45,0.014753896577923854,0.014444785440457514,0.008352230192871339,0.015915274699697918,0.010122042674061204,0.024728252110542175
distilbert_sst2,7500,46,0.014753896577923854,0.014920490031061297,0.007815229226198848,0.015367985602280324,0.009527495327181947,0.02475213771471062
distilbert_sst2,7500,47,0.014753896577923854,0.016473182954389147,0.00863738801862474,0.015943760306318992,0.009445668297931283,0.023963501294333424
distilbert_sst2,7500,48,0.014753896577923854,0.01535497040160075,0.007892162278896376,0.015593036885056932,0.009397402848205423,0.025291566859297777
distilbert_sst2,7500,49,0.014753896577923854,0.013534129363325941,0.006806729409626065,0.015394768084464053,0.009175219582513947,0.022589383820310026
distilbert_sst2,7500,50,0.014753896577923854,0.014201816340952314,0.008204355155567934,0.016168998526932384,0.009825707290714306,0.024192340363746272
distilbert_sst2,7500,51,0.014753896577923854,0.01474924553506607,0.007382076055960361,0.014420579129101154,0.009229993768623612,0.0222218019032546
distilbert_sst2,7500,52,0.014753896577923854,0.015253397395631247,0.008974676666332743,0.01668611721520922,0.0108641733210452,0.02508831579917016
distilbert_sst2,7500,53,0.014753896577923854,0.01377962915421389,0.008647258320722299,0.016329453787507737,0.010019097627676114,0.024721178577831016
distilbert_sst2,7500,54,0.014753896577923854,0.015160097538592864,0.008345044865732558,0.015182419826392183,0.009527098230497905,0.023697750982332053
distilbert_sst2,7500,55,0.014753896577923854,0.016142687351033254,0.00841827917720668,0.0157421722554641,0.009486268104779028,0.025421831781544585
distilbert_sst2,7500,56,0.014753896577923854,0.014428786977291505,0.00741864006402191,0.014014271879776188,0.008338672684915005,0.022945893280120054
distilbert_sst2,7500,57,0.014753896577923854,0.014554677399502183,0.007615955548435463,0.015080732585832686,0.009149490660827672,0.022956070902187976
distilbert_sst2,7500,58,0.014753896577923854,0.015689995976324273,0.007644458318228877,0.016049777952509083,0.009664145041387854,0.024517739159542577
distilbert_sst2,7500,59,0.014753896577923854,0.01340638478487222,0.006753943200571299,0.014784656235288107,0.008698756330280883,0.02349136504472909
distilbert_sst2,7500,60,0.014753896577923854,0.01582229413209706,0.007196211880027712,0.0156698720723686,0.008813229807477866,0.02320759903422642
distilbert_sst2,7500,61,0.014753896577923854,0.017800596525232932,0.008603946529125288,0.017399072564470746,0.010527723036429782,0.025282560086941044
distilbert_sst2,7500,62,0.014753896577923854,0.016457486991653718,0.008763961138388185,0.01771303987773894,0.010383025129146684,0.02690719266893538
distilbert_sst2,7500,63,0.014753896577923854,0.014794793174383898,0.007983012090206451,0.016292641080288838,0.009881078338224518,0.025402930553577265
distilbert_sst2,7500,64,0.014753896577923854,0.015077724727088116,0.008646499847615587,0.016342867937562934,0.010416558573068498,0.02524270589607095
distilbert_sst2,7500,65,0.014753896577923854,0.01688774371824381,0.008360004442536755,0.016686702643403117,0.010672196132695343,0.025710801430681343
distilbert_sst2,7500,66,0.014753896577923854,0.014331581280938617,0.007850029865969712,0.014356226073470259,0.008917890301481666,0.023703065939768928
distilbert_sst2,7500,67,0.014753896577923854,0.015072523584123018,0.007961682293632954,0.016760499603086777,0.009366943337988001,0.02448314205939696
distilbert_sst2,7500,68,0.014753896577923854,0.01583324507679799,0.007781410421492106,0.015307915368142393,0.008964274703822613,0.024213652729542297
distilbert_sst2,7500,69,0.014753896577923854,0.017233022981995375,0.00948508871812038,0.018177599198513545,0.011031884802790475,0.027126495271638875
distilbert_sst2,7500,70,0.014753896577923854,0.0158397604903932,0.008488103324388081,0.01793837778553892,0.010267783726157264,0.02605446675576814
distilbert_sst2,7500,71,0.014753896577923854,0.015258387187598046,0.008649775323535324,0.017305110873618513,0.010633605976564948,0.025294932101252367
distilbert_sst2,7500,72,0.014753896577923854,0.013633483922994367,0.008314100880688135,0.015818895921043158,0.0092042050726798,0.024785916257843064
distilbert_sst2,7500,73,0.014753896577923854,0.013941445701002498,0.007118368431561061,0.014607092525543814,0.00959159339267805,0.023977425450920978
distilbert_sst2,7500,74,0.014753896577923854,0.01656047613625927,0.008436893045648503,0.01649572051606387,0.010446102921194095,0.02564186296900609
distilbert_sst2,7500,75,0.014753896577923854,0.01619048801551121,0.0076535519927352375,0.01597794329862587,0.009480651695882896,0.024639034951450315
distilbert_sst2,7500,76,0.014753896577923854,0.013171330630262315,0.00785862508580911,0.015039384546248489,0.009713047721052196,0.023019459299649273
distilbert_sst2,7500,77,0.014753896577923854,0.0137562632418159,0.006992072157033052,0.015378067191297196,0.008671412560027698,0.0237988421870293
distilbert_sst2,7500,78,0.014753896577923854,0.01356982008703826,0.007348115829802059,0.01564068755804985,0.008928568857377589,0.024365596692916464
distilbert_sst2,7500,79,0.014753896577923854,0.015799779127582295,0.00834360168980248,0.016258428920643202,0.009917608756712347,0.0249384876039402
distilbert_sst2,7500,80,0.014753896577923854,0.014863237470142076,0.007790614086679055,0.015519079665761293,0.0089365908262601,0.023402248230632125
distilbert_sst2,7500,81,0.014753896577923854,0.012718327405761443,0.007242668059768967,0.013259065150103744,0.009388717822087146,0.021819298207837182
distilbert_sst2,7500,82,0.014753896577923854,0.01736457412440298,0.009462526503785186,0.019480541664271052,0.010964408152504032,0.027342680950258616
distilbert_sst2,7500,83,0.014753896577923854,0.014594523564921516,0.007419637386158138,0.015409043386319007,0.010035418899399174,0.023559316267717765
distilbert_sst2,7500,84,0.014753896577923854,0.015362507521286522,0.008528272627039037,0.017351815567417994,0.011131078543213985,0.02590017684935742
distilbert_sst2,7500,85,0.014753896577923854,0.014977403802841965,0.008779729221304029,0.016238609237620393,0.010501674068917674,0.02549623577019892
distilbert_sst2,7500,86,0.014753896577923854,0.014414075921849331,0.0078034009399146394,0.015694603125706467,0.009317392838844505,0.024344127974982636
distilbert_sst2,7500,87,0.014753896577923854,0.016076675834696307,0.009981485658075849,0.018233606907735844,0.011444273768932907,0.026127495314110072
distilbert_sst2,7500,88,0.014753896577923854,0.016905818168892233,0.009587677558741771,0.018256915517926926,0.011575939791649578,0.027795061470484453
distilbert_sst2,7500,89,0.014753896577923854,0.013825319401488075,0.008413117922668377,0.015853618464879093,0.009597380613937227,0.023692669462969485
distilbert_sst2,7500,90,0.014753896577923854,0.014606472788759019,0.008308169106806769,0.01651309107394246,0.010035759971053253,0.024160210985980934
distilbert_sst2,7500,91,0.014753896577923854,0.014391199535804436,0.007705425979378687,0.01606656328920245,0.009075257466791968,0.024654934116278414
distilbert_sst2,7500,92,0.014753896577923854,0.014220516866638005,0.007173958796797086,0.015229671618255393,0.00927476609662473,0.022550568384261668
distilbert_sst2,7500,93,0.014753896577923854,0.013318400641917591,0.008303762945906975,0.014472605609371882,0.009866983657565661,0.022363608093345214
distilbert_sst2,7500,94,0.014753896577923854,0.010939555123896218,0.006641919038732067,0.013226436714094493,0.008214915247694349,0.02195855193331845
distilbert_sst2,7500,95,0.014753896577923854,0.016644585346306764,0.00929220157931055,0.01756246162743832,0.012200814381462593,0.025325542858888286
distilbert_sst2,7500,96,0.014753896577923854,0.017672190822738104,0.009308383465299344,0.019190203410372118,0.012087319649316607,0.02766269661859236
distilbert_sst2,7500,97,0.014753896577923854,0.01581119223388398,0.007955851581295628,0.01762570129210272,0.009725292986053059,0.024716931423963782
distilbert_sst2,7500,98,0.014753896577923854,0.013971839008913908,0.006956061319896189,0.014541642109350534,0.008556688062040982,0.022710433784210903
distilbert_sst2,7500,99,0.014753896577923854,0.01656214358167594,0.00775059214142747,0.01634478819808625,0.010630205316455052,0.024697689131201517
distilbert_sst2,7500,100,0.014753896577923854,0.014222454741406588,0.00809530244896662,0.015227563041752986,0.009297966235475609,0.023617358329184004
distilbert_sst2,7500,101,0.014753896577923854,0.011432623217385564,0.006975103531685935,0.013227740410763609,0.008907467455212134,0.022311124014091067
distilbert_sst2,7500,102,0.014753896577923854,0.016748189140832207,0.008014258249493976,0.016083026548254012,0.009339114649911768,0.02483797965278075
distilbert_sst2,7500,103,0.014753896577923854,0.014863852860129043,0.009197207186066668,0.017183955776354648,0.010280028591866427,0.025074056859863518
distilbert_sst2,7500,104,0.014753896577923854,0.014873793398618423,0.007614692360576809,0.01679434745442488,0.009596540839970013,0.02370758146513139
distilbert_sst2,7500,105,0.014753896577923854,0.017155461856960104,0.009226469283773912,0.018466368223431454,0.011550470650451311,0.028254653952145582
distilbert_sst2,7500,106,0.014753896577923854,0.016368446011023743,0.009797460836521164,0.018520519484921463,0.011372474245499557,0.026867910190990763
distilbert_sst2,7500,107,0.014753896577923854,0.014990546646168073,0.007282595523103277,0.014799327616145368,0.00884052785513684,0.02339707150836905
distilbert_sst2,7500,108,0.014753896577923854,0.014813138461573738,0.007147835473192089,0.014577646756276487,0.00858517281111261,0.02249853056567183
distilbert_sst2,7500,109,0.014753896577923854,0.01669557662080587,0.006747025703204771,0.015187923141505678,0.008469062646007736,0.024465705786439338
distilbert_sst2,7500,110,0.014753896577923854,0.012757746143533394,0.007325051884398137,0.013832588038640648,0.008453682830575508,0.021696335229562557
distilbert_sst2,7500,111,0.014753896577923854,0.015502654123301329,0.009125145126965098,0.01795644219293327,0.011416749580542592,0.025575939743587076
distilbert_sst2,7500,112,0.014753896577923854,0.013901024573066972,0.008250541232253192,0.01573732853640188,0.0101688032713562,0.023966831910582864
distilbert_sst2,7500,113,0.014753896577923854,0.017712010109784328,0.008270042487539904,0.017666837596969198,0.010726706282783698,0.026114088688304615
distilbert_sst2,7500,114,0.014753896577923854,0.014065987113285964,0.0071925700077865255,0.014456807260334511,0.00912475696872737,0.022490962329421434
distilbert_sst2,7500,115,0.014753896577923854,0.016567630871327125,0.0074570102513301685,0.015376120154035824,0.009461127624061207,0.024262493121330112
distilbert_sst2,7500,116,0.014753896577923854,0.016712277574591365,0.008752141839992296,0.016854461807921398,0.009866903699063852,0.02524456674296307
distilbert_sst2,7500,117,0.014753896577923854,0.013121571659973423,0.008192470649173238,0.015373854421946278,0.010030548501470256,0.023665960132694577
distilbert_sst2,7500,118,0.014753896577923854,0.017850288774866174,0.009916430373492484,0.017989058681463152,0.011913786265041531,0.02701552870261254
distilbert_sst2,7500,119,0.014753896577923854,0.016623945845648195,0.008741896387391927,0.017151552862884303,0.010622401690635355,0.026312428637854653
distilbert_sst2,7500,120,0.014753896577923854,0.01631140211854334,0.009181102896043448,0.01755069691300617,0.010903955395661177,0.026384372321712216
distilbert_sst2,7500,121,0.014753896577923854,0.01402042322311355,0.00725803400170489,0.015336320909613073,0.00900369535072539,0.022999896591545298
distilbert_sst2,7500,122,0.014753896577923854,0.016886109404531283,0.009135087534898036,0.016682742140193427,0.010487004912516307,0.02549753592888629
distilbert_sst2,7500,123,0.014753896577923854,0.014683311456284138,0.008191304295702882,0.016221008388533777,0.010156869345777721,0.02461813398949686
distilbert_sst2,7500,124,0.014753896577923854,0.016230496935979496,0.007212229149639671,0.015084946042145962,0.008553481395597737,0.024121196153245955
distilbert_sst2,7500,125,0.014753896577923854,0.015307072206086288,0.00857990583571955,0.0163850190254686,0.01016936524138243,0.024481323713152117
distilbert_sst2,7500,126,0.014753896577923854,0.016727308525633096,0.008739639718670908,0.01712657498056666,0.010878166219658513,0.025984554899997108
distilbert_sst2,7500,127,0.014753896577923854,0.016768341057217258,0.009251271461685136,0.017458365321889133,0.010857068707783562,0.027046861452978938
distilbert_sst2,7500,128,0.014753896577923854,0.01642252442521204,0.007574134066747277,0.015765410406292014,0.009359953724212642,0.02431069259464878
distilbert_sst2,7500,129,0.014753896577923854,0.017059862071157183,0.008797569697673932,0.017120376401030802,0.01081875909640053,0.026162938650141174
distilbert_sst2,7500,130,0.014753896577923854,0.014324367818355707,0.008144130546869915,0.016376497464293833,0.009904792320253111,0.024462858398965674
distilbert_sst2,7500,131,0.014753896577923854,0.012020906411171638,0.007355916737709629,0.013986341773919045,0.008142490171435906,0.022373343811534028
distilbert_sst2,7500,132,0.014753896577923854,0.015475711494875725,0.008009028689393226,0.016693774962017467,0.009494369297924538,0.024228293360750035
distilbert_sst2,7500,133,0.014753896577923854,0.01377249137706065,0.008258690218160596,0.015973763930868305,0.009659931893159501,0.024441275968867512
distilbert_sst2,7500,134,0.014753896577923854,0.01188053415516919,0.007920717598566124,0.01470948980077329,0.009098936497542539,0.022835577929634587
distilbert_sst2,7500,135,0.014753896577923854,0.017648047119053042,0.008059135026977696,0.01632509132842804,0.009649574089270344,0.02546135566369633
distilbert_sst2,7500,136,0.014753896577923854,0.017189507814442045,0.007998100920478063,0.017089269151313174,0.010435023275067252,0.02580782344059717
distilbert_sst2,7500,137,0.014753896577923854,0.014092754735896265,0.007791022804032589,0.014867387986890902,0.009271648442058697,0.023354034527629037
distilbert_sst2,7500,138,0.014753896577923854,0.011042348445143041,0.0072992032560688005,0.013988354137754727,0.008833916026282121,0.02202042270946942
distilbert_sst2,7500,139,0.014753896577923854,0.013692821192158,0.006930047230889618,0.01432114471608892,0.00820303171040385,0.023752336113938715
distilbert_sst2,7500,140,0.014753896577923854,0.014989383400224604,0.008951763498188886,0.017353841263994408,0.010340192738524465,0.02573875764575226
distilbert_sst2,7500,141,0.014753896577923854,0.01577699634024343,0.009225594066524822,0.016107040816012216,0.010535716896078268,0.02441562860818319
distilbert_sst2,7500,142,0.014753896577923854,0.01442343672553194,0.007808607522030392,0.015225592647783314,0.00999277893602433,0.023397046938534057
distilbert_sst2,7500,143,0.014753896577923854,0.016716451389182367,0.00853199503722855,0.01660188835048088,0.009972799401385712,0.02482549344308442
distilbert_sst2,7500,144,0.014753896577923854,0.013292754249656783,0.00749553175789563,0.015198312068741391,0.009076269838560748,0.023966872657483974
distilbert_sst2,7500,145,0.014753896577923854,0.01650240444926271,0.008748012721919827,0.017358937435469995,0.011130367817511672,0.025610679688908757
distilbert_sst2,7500,146,0.014753896577923854,0.014717888724285479,0.00787255957006579,0.014657679116215294,0.009567044730451014,0.023675155082075884
distilbert_sst2,7500,147,0.014753896577923854,0.014312078337182713,0.007991433161482427,0.014677357500681313,0.00983185517858071,0.023701733324152353
distilbert_sst2,7500,148,0.014753896577923854,0.01601942696684302,0.008789800675147473,0.01591591611703858,0.009986165767067349,0.02542852286979569
distilbert_sst2,7500,149,0.014753896577923854,0.01578289766245428,0.007945625607169271,0.01565650056119572,0.009340321239459588,0.02425846985363348
distilbert_sst2,7500,150,0.014753896577923854,0.015713254266120698,0.008468743366936713,0.016440426929987702,0.010013242575137006,0.025915569791999826
distilbert_sst2,7500,151,0.014753896577923854,0.015910030253536715,0.008131706999814426,0.01566126172681216,0.009556912459476338,0.023600076952655962
distilbert_sst2,7500,152,0.014753896577923854,0.01515484792907405,0.008114426829312939,0.018027555061742775,0.009576800344293533,0.02577529316329526
distilbert_sst2,7500,153,0.014753896577923854,0.014520484350139884,0.007806100540278924,0.016132398357279504,0.009251974690175763,0.02447596740295318
distilbert_sst2,7500,154,0.014753896577923854,0.015406961953448936,0.008084224749121008,0.016948447390850968,0.00965909376727964,0.024900798887164437
distilbert_sst2,7500,155,0.014753896577923854,0.014474765525012943,0.007890612753206,0.016437524467640012,0.009725337581827967,0.024661707056150922
distilbert_sst2,7500,156,0.014753896577923854,0.012201906585173984,0.008364288238028181,0.015583431755200031,0.009764491226199193,0.024170045686822142
distilbert_sst2,7500,157,0.014753896577923854,0.015364928681764176,0.008270647933987553,0.01553759662612563,0.00924145895836268,0.024852873407621393
distilbert_sst2,7500,158,0.014753896577923854,0.016967372958138754,0.008567483373413138,0.017007762879281223,0.011039775276447499,0.025835958999560815
distilbert_sst2,7500,159,0.014753896577923854,0.016918887285795495,0.00744722207636586,0.016493985773413204,0.009775701644973163,0.025200749064927943
distilbert_sst2,7500,160,0.014753896577923854,0.012863685828204791,0.007708255301132481,0.0173547977748817,0.010415913464067391,0.024616782175127517
distilbert_sst2,7500,161,0.014753896577923854,0.015456025569886072,0.008129035151373833,0.016674681316056077,0.010261252062582944,0.024658554232404626
distilbert_sst2,7500,162,0.014753896577923854,0.014105045623756333,0.007270376559558277,0.014578674706738853,0.008854407113332182,0.02226105250501201
distilbert_sst2,7500,163,0.014753896577923854,0.013875268212251872,0.008725772707936348,0.016826744224879623,0.01017933945541668,0.024332949535207062
distilbert_sst2,7500,164,0.014753896577923854,0.011781456335947935,0.0069695170435128476,0.01417363351386141,0.00850857082501745,0.022221649319566262
distilbert_sst2,7500,165,0.014753896577923854,0.014066548263915034,0.007233074846769778,0.015730068013398563,0.008754586284486615,0.02466846570257965
distilbert_sst2,7500,166,0.014753896577923854,0.014310979631126954,0.008346766859751343,0.015104430704734755,0.010136901719423302,0.023898854459479785
distilbert_sst2,7500,167,0.014753896577923854,0.015283276824026639,0.008570145340784062,0.01613169990770125,0.010145340294182443,0.025084079084320643
distilbert_sst2,7500,168,0.014753896577923854,0.018496018481019224,0.008771159983191482,0.01714574138147125,0.010210612873648236,0.025756343918633066
distilbert_sst2,7500,169,0.014753896577923854,0.016511643469014365,0.008661583866017834,0.01735929453041322,0.010831883143012158,0.026242494263359593
distilbert_sst2,7500,170,0.014753896577923854,0.015951718673171515,0.00861398696058529,0.016444358352381,0.010208292046460598,0.024269675298766728
distilbert_sst2,7500,171,0.014753896577923854,0.015075452948022747,0.008136730100236345,0.017228404769053737,0.010120482317744664,0.025199618199170586
distilbert_sst2,7500,172,0.014753896577923854,0.013686602809921351,0.007364826987283061,0.01495590117162075,0.008841606813371088,0.022874957268748553
distilbert_sst2,7500,173,0.014753896577923854,0.017129733254660245,0.008502020220367737,0.01715921680475936,0.010980657702147886,0.02540934481387757
distilbert_sst2,7500,174,0.014753896577923854,0.014959824787208484,0.008611514399177865,0.015631695354066253,0.009919813540342532,0.02379128590060661
distilbert_sst2,7500,175,0.014753896577923854,0.014214310315338692,0.007915033108751105,0.01481966225593302,0.009361568857456062,0.024621916738193566
distilbert_sst2,7500,176,0.014753896577923854,0.01401175910049791,0.007710539982961985,0.015157777480728206,0.008901919098980868,0.02264336175021766
distilbert_sst2,7500,177,0.014753896577923854,0.015102198184326985,0.00787649626038811,0.015763831568522027,0.010046802191621199,0.02399404309435898
distilbert_sst2,7500,178,0.014753896577923854,0.01270986938640373,0.008235085273561368,0.016151595760208907,0.009358550949364516,0.02386510703290536
distilbert_sst2,7500,179,0.014753896577923854,0.014836817366461048,0.007514257804124246,0.016689331756096062,0.010013081503470394,0.025252693037144724
distilbert_sst2,7500,180,0.014753896577923854,0.016919208085250912,0.007713830674597536,0.015318293165470405,0.009916733337598585,0.024581549441814374
distilbert_sst2,7500,181,0.014753896577923854,0.01669406977713228,0.009241603952106362,0.017513128388909182,0.011019254104820922,0.025570935146979914
distilbert_sst2,7500,182,0.014753896577923854,0.012519450471939352,0.007222548136821409,0.015600953330471585,0.008696150593117853,0.023609434298708525
distilbert_sst2,7500,183,0.014753896577923854,0.017368780283556953,0.007957897547815588,0.016816592521477117,0.01017533863310488,0.02610081711207471
distilbert_sst2,7500,184,0.014753896577923854,0.01477163036146525,0.007634830844206502,0.015643861615766988,0.0092320720729294,0.024524704871976742
distilbert_sst2,7500,185,0.014753896577923854,0.01289857676622812,0.007223409644599239,0.01400133650437033,0.008623266595516732,0.02162404540237447
distilbert_sst2,7500,186,0.014753896577923854,0.017686762445502456,0.008301452165125699,0.016426698378267525,0.010978059053615378,0.025643889444328636
distilbert_sst2,7500,187,0.014753896577923854,0.013827744444715098,0.0072923330945215544,0.014122598882414338,0.009171077845207029,0.02267147694996401
distilbert_sst2,7500,188,0.014753896577923854,0.01670760979591819,0.009404537124757317,0.017570626406488942,0.011229756930383755,0.02717446996358345
distilbert_sst2,7500,189,0.014753896577923854,0.013480322797373642,0.007822268961847024,0.01588496548509168,0.00934032493319548,0.023514886453228932
distilbert_sst2,7500,190,0.014753896577923854,0.015118296518543808,0.007934967006014485,0.015868086484171897,0.009954076277806473,0.024478493241192178
distilbert_sst2,7500,191,0.014753896577923854,0.016876246940032393,0.009163020124599183,0.01779255740478711,0.010630724336244728,0.02541296571703891
distilbert_sst2,7500,192,0.014753896577923854,0.01520277381041277,0.00840366209342601,0.016293447900261368,0.010283821999763038,0.02526881996830044
distilbert_sst2,7500,193,0.014753896577923854,0.015859246893277373,0.009145799326981275,0.018293974624546745,0.011486217094659511,0.026318393906325534
distilbert_sst2,7500,194,0.014753896577923854,0.01690554685149297,0.008336678459454919,0.01601257865760031,0.009600779995017841,0.024452166683410118
distilbert_sst2,7500,195,0.014753896577923854,0.013825686587659324,0.007364620834062307,0.01565003889345955,0.009148564035029554,0.024017013084898217
distilbert_sst2,7500,196,0.014753896577923854,0.01554845036687926,0.007653507681973065,0.017077423158541768,0.01004077902607619,0.02577133426154054
distilbert_sst2,7500,197,0.014753896577923854,0.015433892334011155,0.008505807994610416,0.01592848432019273,0.009772169011231374,0.025133442958839215
distilbert_sst2,7500,198,0.014753896577923854,0.014936405112041924,0.007589392023948653,0.015455183115772805,0.009722348940335532,0.023618018229719314
distilbert_sst2,7500,199,0.014753896577923854,0.014368885176022804,0.008409486307586303,0.016807331163658516,0.010486810125041055,0.024982252177393974
distilbert_sst2,10000,0,0.014753896577923854,0.016199791174320802,0.00810910815455191,0.016998013341878147,0.010414318988228406,0.025632049914608813
distilbert_sst2,10000,1,0.014753896577923854,0.014472393978938203,0.007736146633085573,0.016722946323532134,0.010200716521219517,0.025232351981970574
distilbert_sst2,10000,2,0.014753896577923854,0.014686554452312277,0.0073820287273869,0.01629235640983011,0.009419986622945815,0.024884774410185707
distilbert_sst2,10000,3,0.014753896577923854,0.015955018348036344,0.007726129482585474,0.016434225161196938,0.009657530133565665,0.02510207769833231
distilbert_sst2,10000,4,0.014753896577923854,0.014372790920304131,0.007900902879055698,0.01651615876868894,0.01013786774210512,0.024949960727689232
distilbert_sst2,10000,5,0.014753896577923854,0.018742390517356156,0.009254933822772192,0.017566535290701683,0.010735319056850283,0.02632657398574654
distilbert_sst2,10000,6,0.014753896577923854,0.016104286023766883,0.008381709435758666,0.016797932058758236,0.010300171491703914,0.02575413089511482
distilbert_sst2,10000,7,0.014753896577923854,0.01461630491723503,0.00805470155728829,0.015461151092115613,0.009938002157882764,0.024220728821975825
distilbert_sst2,10000,8,0.014753896577923854,0.012157462363818027,0.007128698192111704,0.015070836696206553,0.008902483331865009,0.023749290226748286
distilbert_sst2,10000,9,0.014753896577923854,0.016187926193624493,0.008766370870895782,0.016957952774754762,0.011089668080879828,0.025266659073936045
distilbert_sst2,10000,10,0.014753896577923854,0.012860534243456649,0.0065921758345339945,0.014583184251688266,0.008944522761302557,0.023056337333222002
distilbert_sst2,10000,11,0.014753896577923854,0.016155353106971016,0.008855963023226904,0.01741453335984536,0.011127142185137166,0.024696762877031826
distilbert_sst2,10000,12,0.014753896577923854,0.014932390207195317,0.00749227716239434,0.015377179068417365,0.009972028769064964,0.023509453641228962
distilbert_sst2,10000,13,0.014753896577923854,0.014630000304564246,0.008045853299623441,0.017524817350178416,0.011180435199870642,0.026526457928523397
distilbert_sst2,10000,14,0.014753896577923854,0.014263413565354915,0.007373884461926437,0.01454485238112822,0.008868902647360032,0.023351002338550326
distilbert_sst2,10000,15,0.014753896577923854,0.013323746626302684,0.007876637512990534,0.015431180432047782,0.009585149326367165,0.023491215912611305
distilbert_sst2,10000,16,0.014753896577923854,0.013893445674720962,0.007988543924448619,0.01544294214854113,0.009677194093176196,0.02387232048853389
distilbert_sst2,10000,17,0.014753896577923854,0.016310397635517004,0.008636986846084861,0.016805803482433598,0.01054034194455947,0.025583607899835194
distilbert_sst2,10000,18,0.014753896577923854,0.01393056498853997,0.008258350605636025,0.015745906082457104,0.010099790407431537,0.023594196886168147
distilbert_sst2,10000,19,0.014753896577923854,0.016228981662929815,0.007625151191926238,0.016062586401292288,0.009730884847014187,0.023899833487519978
distilbert_sst2,10000,20,0.014753896577923854,0.016473694279460268,0.008766234295417013,0.017313504100243952,0.01075243713177682,0.026243520598107334
distilbert_sst2,10000,21,0.014753896577923854,0.015493927675528048,0.009521091080011774,0.018169573999090024,0.011003031735684815,0.02675205343382439
distilbert_sst2,10000,22,0.014753896577923854,0.015076709231782875,0.008953763061818483,0.017064010703379838,0.01142606903941662,0.025802835015577705
distilbert_sst2,10000,23,0.014753896577923854,0.016227765285418902,0.008133275894144872,0.016134321733201763,0.010227588846472981,0.024826996174108183
distilbert_sst2,10000,24,0.014753896577923854,0.0140385533988433,0.008227982205479805,0.015965193550066682,0.01036487362909973,0.025263531375025024
distilbert_sst2,10000,25,0.014753896577923854,0.01598618539004771,0.008266603452657915,0.015844094394064367,0.010541646357991107,0.024605022746462465
distilbert_sst2,10000,26,0.014753896577923854,0.014670317733085898,0.00793232953925725,0.016091745009128893,0.009865186997803095,0.025737022079280813
distilbert_sst2,10000,27,0.014753896577923854,0.017773684868938596,0.00867543443595858,0.0172099252810448,0.010979405642322715,0.026427513318645585
distilbert_sst2,10000,28,0.014753896577923854,0.01706612642961127,0.008041887508196914,0.017263413323716743,0.010111382546568314,0.02539800709945965
distilbert_sst2,10000,29,0.014753896577923854,0.016502897976302933,0.007772325740665129,0.01566550948611928,0.00960157574629525,0.023903117646395904
distilbert_sst2,10000,30,0.014753896577923854,0.01761168772874451,0.008868680171961246,0.0168116333795542,0.010956178447718934,0.026410146593287113
distilbert_sst2,10000,31,0.014753896577923854,0.014372248086147135,0.007509531453288435,0.016296967464826805,0.009817211116957799,0.02537260004125166
distilbert_sst2,10000,32,0.014753896577923854,0.015062109338422551,0.008002658594041997,0.015129445251032355,0.00987216697218664,0.024431439001917955
distilbert_sst2,10000,33,0.014753896577923854,0.015903566173867376,0.00860533723089464,0.016912717208012327,0.010785446225886529,0.024752774606032344
distilbert_sst2,10000,34,0.014753896577923854,0.01619431413304646,0.00883043513802584,0.016636750525778194,0.010893257804781002,0.02470019371505832
distilbert_sst2,10000,35,0.014753896577923854,0.014172396442082829,0.007924630941131806,0.01634903160850772,0.009619969866701996,0.02425605159513698
distilbert_sst2,10000,36,0.014753896577923854,0.015622039539191428,0.009242803067293467,0.016693776581156443,0.010831382527353097,0.025204711043320765
distilbert_sst2,10000,37,0.014753896577923854,0.015942100036152193,0.008196799010357227,0.016251127157440017,0.010533657501056394,0.023991817886437256
distilbert_sst2,10000,38,0.014753896577923854,0.014039958048203434,0.006999853208714688,0.015065460435240808,0.009163977528387011,0.02429021526274122
distilbert_sst2,10000,39,0.014753896577923854,0.012615526066990073,0.00736657134003228,0.014733683967381265,0.00894987561027434,0.02259630308716594
distilbert_sst2,10000,40,0.014753896577923854,0.01584260696604469,0.008470286700237192,0.016767741543165997,0.010657782999210686,0.026078580833951714
distilbert_sst2,10000,41,0.014753896577923854,0.015505994627466487,0.008624429055770981,0.017200677979738923,0.010629040982546889,0.025759716054445176
distilbert_sst2,10000,42,0.014753896577923854,0.013847785265447573,0.0072181442034853355,0.015347423909127548,0.009051871328422757,0.023383458575890276
distilbert_sst2,10000,43,0.014753896577923854,0.013264407279946119,0.0069374362146922205,0.014221143336008952,0.008397298655804436,0.022365632119293915
distilbert_sst2,10000,44,0.014753896577923854,0.015584865581857829,0.008282006864655243,0.015284189959424455,0.009736425265223798,0.023970458126650423
distilbert_sst2,10000,45,0.014753896577923854,0.017189599699427568,0.00798654558037794,0.01658211473519792,0.00942782037171432,0.02537399430197472
distilbert_sst2,10000,46,0.014753896577923854,0.016317504141229237,0.009474085325863227,0.017391322466335773,0.011464522764471727,0.02541277378864102
distilbert_sst2,10000,47,0.014753896577923854,0.016266868195425915,0.008810275075429337,0.01651335753497421,0.01073447788511143,0.026270788082606168
distilbert_sst2,10000,48,0.014753896577923854,0.015027738530786035,0.007808280257230497,0.015393010227979502,0.009539845038878168,0.023713188270758467
distilbert_sst2,10000,49,0.014753896577923854,0.016659878983045613,0.008893090777562876,0.018029651845439296,0.010781614313805993,0.025436401467348903
distilbert_sst2,10000,50,0.014753896577923854,0.01444383532466095,0.007808261582058074,0.016001987536663525,0.009081366307161139,0.023666801940815253
distilbert_sst2,10000,51,0.014753896577923854,0.016425280864463123,0.008264169278614003,0.016238234271140663,0.010629201126616668,0.02488980089168171
distilbert_sst2,10000,52,0.014753896577923854,0.015517632869116985,0.00813690063848172,0.016089649366240195,0.010062245428848073,0.024433361752639122
distilbert_sst2,10000,53,0.014753896577923854,0.015812689679760458,0.007719907761341169,0.01668205891390629,0.009548498312126494,0.02457854974710674
distilbert_sst2,10000,54,0.014753896577923854,0.015805255134039017,0.00836224889163107,0.016108446952832867,0.010043238153943583,0.024758278297816332
distilbert_sst2,10000,55,0.014753896577923854,0.01596638013050946,0.008019858193635978,0.015826462280294332,0.009581437608195666,0.024526135203935123
distilbert_sst2,10000,56,0.014753896577923854,0.01243958865948932,0.007250059256409274,0.014059526859430104,0.009123345481519298,0.02257252146647471
distilbert_sst2,10000,57,0.014753896577923854,0.015607982028664901,0.007451193473972625,0.01573148522909216,0.009301138374856178,0.02408748865099553
distilbert_sst2,10000,58,0.014753896577923854,0.01571383550319473,0.00728339752125207,0.014948160703802883,0.009187988951574449,0.023418760988794727
distilbert_sst2,10000,59,0.014753896577923854,0.015354323944227456,0.007939160051090457,0.016775275410976315,0.010101182400736451,0.02592840408305179
distilbert_sst2,10000,60,0.014753896577923854,0.014756188944347349,0.007283349237482632,0.014680048164024143,0.00892049425199243,0.023605405377572632
distilbert_sst2,10000,61,0.014753896577923854,0.01713075551692264,0.008943351657109667,0.016964628034940855,0.01128613336412921,0.02572710555554718
distilbert_sst2,10000,62,0.014753896577923854,0.015541984159997899,0.00733420724988931,0.014702688775030146,0.00907869100983116,0.023575134054526936
distilbert_sst2,10000,63,0.014753896577923854,0.01506791697650875,0.007041620624803506,0.015908426913681155,0.00858051589405765,0.02397714902452403
distilbert_sst2,10000,64,0.014753896577923854,0.012970828011078907,0.008521183412027497,0.01622284931392781,0.010597459709142706,0.024658180220139984
distilbert_sst2,10000,65,0.014753896577923854,0.015207521663429622,0.007946309444613992,0.0148561078966503,0.00938059734074399,0.0238757033713583
distilbert_sst2,10000,66,0.014753896577923854,0.016164726141300528,0.008168110684257386,0.017785416087915697,0.01018119096083344,0.025436538700085613
distilbert_sst2,10000,67,0.014753896577923854,0.01601073724616865,0.007206191312495712,0.01607916725507827,0.008910740164949162,0.02447477421918169
distilbert_sst2,10000,68,0.014753896577923854,0.016505218506156563,0.007838443252326695,0.016434301880724304,0.010099774676688577,0.02448245498015635
distilbert_sst2,10000,69,0.014753896577923854,0.014757573182507215,0.0074457386892785825,0.015859102400327868,0.009638098344669265,0.025798378149900738
distilbert_sst2,10000,70,0.014753896577923854,0.014745151001881143,0.007698002562932996,0.01597238955038239,0.009804619136640437,0.0237679313780969
distilbert_sst2,10000,71,0.014753896577923854,0.01657807200626777,0.008478908149392268,0.01745550161809715,0.011274396988230817,0.026884680788134736
distilbert_sst2,10000,72,0.014753896577923854,0.014332363851173813,0.007047350925384555,0.01429130034669325,0.009237348839621896,0.022948300931546293
distilbert_sst2,10000,73,0.014753896577923854,0.016802521595808403,0.008629605689729846,0.016778757662112863,0.010714532069837347,0.024598550635829646
distilbert_sst2,10000,74,0.014753896577923854,0.016512036591803097,0.008364371961806245,0.016916419868032828,0.01030857032449803,0.025505679132666326
distilbert_sst2,10000,75,0.014753896577923854,0.01650516561285379,0.007416821358281596,0.015520105258942228,0.009473058804499359,0.02362893722129869
distilbert_sst2,10000,76,0.014753896577923854,0.01411714569802989,0.008799536501212223,0.016988417032676315,0.011341840273170804,0.02545548382841933
distilbert_sst2,10000,77,0.014753896577923854,0.013187566151252607,0.006842282593373276,0.014617618272050588,0.00882387938621219,0.02305724748659161
distilbert_sst2,10000,78,0.014753896577923854,0.013445056871575567,0.007355979662815446,0.015476972713551553,0.009284021189384654,0.023881772609908324
distilbert_sst2,10000,79,0.014753896577923854,0.015579779329620047,0.0074851722133984075,0.015605586591741263,0.009794789979411035,0.023619621740925047
distilbert_sst2,10000,80,0.014753896577923854,0.013868389959113017,0.007778705310233086,0.015122031080490539,0.009378999925124705,0.023779203754916385
distilbert_sst2,10000,81,0.014753896577923854,0.014919784016102717,0.007551896984387596,0.014499129296288767,0.009507183532991435,0.02271193433320509
distilbert_sst2,10000,82,0.014753896577923854,0.014707234019596888,0.008967149179353056,0.017443585744014802,0.010822437088171034,0.025889915282065672
distilbert_sst2,10000,83,0.014753896577923854,0.016115230599673895,0.007947597204356513,0.0163788279044552,0.010099348823807884,0.024885821713764925
distilbert_sst2,10000,84,0.014753896577923854,0.015396819772642015,0.007345246601969484,0.01533179204833517,0.009144824089695075,0.024199667296943086
distilbert_sst2,10000,85,0.014753896577923854,0.01551713081498901,0.008245380192044842,0.015466451524767007,0.010180991607911275,0.02519736761000851
distilbert_sst2,10000,86,0.014753896577923854,0.015000180489275936,0.008360340924472758,0.016600043532073346,0.010193353186464846,0.02492755211154214
distilbert_sst2,10000,87,0.014753896577923854,0.015959648684561394,0.007820499308724232,0.016702261855636117,0.009950871830192854,0.024946960472361508
distilbert_sst2,10000,88,0.014753896577923854,0.015984995340773623,0.008443927357721665,0.016485908478387892,0.010465832284726535,0.024819589299165383
distilbert_sst2,10000,89,0.014753896577923854,0.01745630992680447,0.007443721122284232,0.015700383371926883,0.0091416258271577,0.024409295338517677
distilbert_sst2,10000,90,0.014753896577923854,0.015802666766543023,0.007551578370925847,0.016717552177297663,0.009820934454584412,0.02433696312868037
distilbert_sst2,10000,91,0.014753896577923854,0.01478258784289264,0.00766963183495874,0.015404757132442937,0.008720984651148452,0.02317335790405181
distilbert_sst2,10000,92,0.014753896577923854,0.01433560078627025,0.008078351318283898,0.015622873941678685,0.009829508388941527,0.02422689247765344
distilbert_sst2,10000,93,0.014753896577923854,0.013284154966575281,0.007604665732718159,0.01493777380376084,0.009117410227707679,0.02381240403529518
distilbert_sst2,10000,94,0.014753896577923854,0.015024040836572527,0.007718832572375764,0.015936862455243696,0.009939418822414517,0.024049002628004173
distilbert_sst2,10000,95,0.014753896577923854,0.014787589228184675,0.008130769206738827,0.016293632105860555,0.009783236568233657,0.024300564250757623
distilbert_sst2,10000,96,0.014753896577923854,0.016270604073831182,0.00876734701594735,0.01753959167185938,0.010451515480601838,0.025588073640312976
distilbert_sst2,10000,97,0.014753896577923854,0.016265074213459012,0.008372868577423993,0.01614544796014327,0.010098663583239378,0.025484030744232614
distilbert_sst2,10000,98,0.014753896577923854,0.01488007447572578,0.007959893604240332,0.015995464951234373,0.009738233034884056,0.024870121765823774
distilbert_sst2,10000,99,0.014753896577923854,0.016750812076975166,0.008892454650991302,0.017845818593503086,0.011413183448171164,0.026697296659234194
distilbert_sst2,10000,100,0.014753896577923854,0.01582837528477178,0.0070419616820780045,0.014679273031375088,0.009152126264001394,0.023442554732156295
distilbert_sst2,10000,101,0.014753896577923854,0.014714579118093546,0.0076847108241008015,0.016580739071574323,0.009900140795749263,0.024715118434492665
distilbert_sst2,10000,102,0.014753896577923854,0.017341646526278107,0.008010227886743972,0.016725552752828804,0.010721556381444855,0.02566718597656227
distilbert_sst2,10000,103,0.014753896577923854,0.015002749654787442,0.007984648088287749,0.01699522376056915,0.010418022820868957,0.025808644150221202
distilbert_sst2,10000,104,0.014753896577923854,0.017213337224184836,0.008637275246694418,0.01621485281061013,0.010481973685736003,0.025940034686294227
distilbert_sst2,10000,105,0.014753896577923854,0.014943398954194598,0.00788607302590513,0.016390593891148553,0.010559414231768961,0.02460469919493898
distilbert_sst2,10000,106,0.014753896577923854,0.015513807619570517,0.007585261552663934,0.015517753721228602,0.009105462679161845,0.024524218159071267
distilbert_sst2,10000,107,0.014753896577923854,0.015025453943609511,0.00794995299103553,0.016010639308320612,0.009800465482204522,0.02523058919184975
distilbert_sst2,10000,108,0.014753896577923854,0.014975735923570679,0.0076021924336265095,0.016148882268921798,0.009490423360719593,0.024187946175705802
distilbert_sst2,10000,109,0.014753896577923854,0.016001938530261366,0.008483917034205594,0.016969111094243622,0.010268999328379835,0.025666596816130937
distilbert_sst2,10000,110,0.014753896577923854,0.015298814018477705,0.008685158754945695,0.017365562690309207,0.010842313062661651,0.026123403865421013
distilbert_sst2,10000,111,0.014753896577923854,0.015863479183245353,0.008842426139796977,0.017113177267971777,0.011383159510094028,0.025734264693662683
distilbert_sst2,10000,112,0.014753896577923854,0.01591125660614283,0.0075844220420538695,0.01610720374968668,0.009529452638747922,0.024174521868421794
distilbert_sst2,10000,113,0.014753896577923854,0.01475684199890891,0.00850389764681578,0.016312587837471148,0.010264873029616322,0.02490001384227243
distilbert_sst2,10000,114,0.014753896577923854,0.014549715763166068,0.008542986336510886,0.016613873674392432,0.010457211863711617,0.024392250974301966
distilbert_sst2,10000,115,0.014753896577923854,0.017415638932422907,0.00865371551524161,0.016571550707331534,0.010577753565112874,0.026102424915527445
distilbert_sst2,10000,116,0.014753896577923854,0.014833124718232062,0.008156929304606644,0.015806345251661646,0.009936032306068987,0.02506826354004017
distilbert_sst2,10000,117,0.014753896577923854,0.01843058254453839,0.00962154512780676,0.018731336706614365,0.012072651233624299,0.027499458767274144
distilbert_sst2,10000,118,0.014753896577923854,0.016879429310359358,0.008048700712058736,0.017434453572645784,0.010159275215401548,0.026505999236756613
distilbert_sst2,10000,119,0.014753896577923854,0.01449660089826022,0.00804707432661631,0.014971384562607498,0.009444310315695873,0.02418673814405411
distilbert_sst2,10000,120,0.014753896577923854,0.014258387996164282,0.008730142878914753,0.016847098743212753,0.010906650868783833,0.024990304435710514
distilbert_sst2,10000,121,0.014753896577923854,0.01482257698082155,0.007999644555972251,0.015905092939922223,0.010451940015162978,0.024762489282310427
distilbert_sst2,10000,122,0.014753896577923854,0.016597527594041768,0.008697568429599338,0.017321737545094675,0.011390747278758953,0.025200422100238748
distilbert_sst2,10000,123,0.014753896577923854,0.01629931901167685,0.008880087982701679,0.01645417010837851,0.01054938708038522,0.025092548991179645
distilbert_sst2,10000,124,0.014753896577923854,0.01479198362683859,0.00795166087494985,0.015478992460391625,0.009284245803621392,0.02378810747337116
distilbert_sst2,10000,125,0.014753896577923854,0.014540674294057794,0.007809379541841837,0.01569600171708445,0.009679719639384174,0.024950946239347193
distilbert_sst2,10000,126,0.014753896577923854,0.015301693255799187,0.00792362303853994,0.015637392121630584,0.009999160421719642,0.024587335297541767
distilbert_sst2,10000,127,0.014753896577923854,0.01436035574630838,0.007860105948113497,0.016284225705503825,0.010279520585872047,0.024647304283541675
distilbert_sst2,10000,128,0.014753896577923854,0.014214757437997374,0.00822019164693855,0.01669377242246774,0.009587916204452226,0.024859371801033873
distilbert_sst2,10000,129,0.014753896577923854,0.015405099032399804,0.008418995564037503,0.016663531509933244,0.009967955402937568,0.025573886805774406
distilbert_sst2,10000,130,0.014753896577923854,0.0165308877910915,0.008837885834311807,0.017329083991457873,0.011027259359580755,0.02593298946132821
distilbert_sst2,10000,131,0.014753896577923854,0.015863248777827087,0.00812539609224226,0.017002416254352087,0.010863803467780625,0.026183754220172824
distilbert_sst2,10000,132,0.014753896577923854,0.015301930532591313,0.008478003521523775,0.01702052848037986,0.010315133244178636,0.025606061588001338
distilbert_sst2,10000,133,0.014753896577923854,0.019043057699825915,0.008145386824752566,0.01803979683022542,0.010894774615745327,0.027181547441151966
distilbert_sst2,10000,134,0.014753896577923854,0.015253767445164391,0.007803523273593035,0.01555162851345477,0.0094158393696583,0.02486303366377669
distilbert_sst2,10000,135,0.014753896577923854,0.016664370562056295,0.008745747804434,0.016760777579141184,0.010583711569466116,0.0261031240705547
distilbert_sst2,10000,136,0.014753896577923854,0.012830643696772972,0.007448819804425887,0.015438191143403591,0.009757136009510205,0.0224114238933472
distilbert_sst2,10000,137,0.014753896577923854,0.015410166678890528,0.007882360800655531,0.017105613508427077,0.010014172065322107,0.025660248122083413
distilbert_sst2,10000,138,0.014753896577923854,0.015758910327213743,0.009517120802785186,0.018050195631029962,0.011250076917412626,0.027069338247837416
distilbert_sst2,10000,139,0.014753896577923854,0.014677182888541076,0.007509201452017435,0.015053672080708643,0.0095238102640478,0.02405632689751789
distilbert_sst2,10000,140,0.014753896577923854,0.015617904655441788,0.008681572222923937,0.01752481092750878,0.010720353471833907,0.025531715181705477
distilbert_sst2,10000,141,0.014753896577923854,0.014032293973488283,0.007584359498611566,0.015091050601503923,0.009447513336287355,0.023303426689760647
distilbert_sst2,10000,142,0.014753896577923854,0.01447988089153352,0.008453218896585579,0.016527357834607053,0.00992498921407835,0.02487492876973149
distilbert_sst2,10000,143,0.014753896577923854,0.01343273251859954,0.0077838616493754575,0.015414867947781652,0.009507936505364079,0.024410027287333474
distilbert_sst2,10000,144,0.014753896577923854,0.014021240076344145,0.008347780657676104,0.016348966595752357,0.01022446687864685,0.024193537595745468
distilbert_sst2,10000,145,0.014753896577923854,0.01739275807752733,0.00904714412521331,0.01672963988073862,0.011111458018753882,0.0262525079944626
distilbert_sst2,10000,146,0.014753896577923854,0.014387105858393107,0.007831738304382808,0.01556141369179801,0.009792469030310651,0.023644640689333196
distilbert_sst2,10000,147,0.014753896577923854,0.016855824515070866,0.00786269544615854,0.01577379391448661,0.00983029559585391,0.024381061235572956
distilbert_sst2,10000,148,0.014753896577923854,0.014947141543549475,0.00804094917492459,0.015811229923315812,0.00924911895797098,0.02449797862621089
distilbert_sst2,10000,149,0.014753896577923854,0.016946308975069914,0.008117390892763228,0.01699604031946575,0.00990716408375119,0.025816974065771815
distilbert_sst2,10000,150,0.014753896577923854,0.017811744950408166,0.007761795244418846,0.015590088162293113,0.00985264210930087,0.02384864767062657
distilbert_sst2,10000,151,0.014753896577923854,0.017423378786695278,0.007375799379002874,0.016243721267761028,0.009483447347966557,0.024926098222565155
distilbert_sst2,10000,152,0.014753896577923854,0.018627063403230115,0.008351475232770272,0.017671029167496015,0.011070382356423651,0.026968655477797584
distilbert_sst2,10000,153,0.014753896577923854,0.01589905667738015,0.008415342584718922,0.017235104928780852,0.010773281274417951,0.025450869966868923
distilbert_sst2,10000,154,0.014753896577923854,0.014131405076446777,0.007360914033260039,0.014948941177222664,0.009124459768785875,0.023555601368860105
distilbert_sst2,10000,155,0.014753896577923854,0.014806368263504534,0.00881348658208406,0.016729885191481466,0.011430896234779673,0.025182248118971125
distilbert_sst2,10000,156,0.014753896577923854,0.013198237819668356,0.00771233935808544,0.015808739243785494,0.009785312201307308,0.023836437505816786
distilbert_sst2,10000,157,0.014753896577923854,0.016320113987958997,0.007682030520629805,0.01657137098277749,0.00935717683754413,0.02549350217501492
distilbert_sst2,10000,158,0.014753896577923854,0.012775987538742026,0.00802265991227276,0.0165444199791391,0.01031181769883315,0.024441567999945336
distilbert_sst2,10000,159,0.014753896577923854,0.012998914582234039,0.008511653611399187,0.015913349159383482,0.010744819189270328,0.023639256690519948
distilbert_sst2,10000,160,0.014753896577923854,0.015324938141327727,0.0077321327340286565,0.015357977055093713,0.009690833278359996,0.024511899084945974
distilbert_sst2,10000,161,0.014753896577923854,0.012380480638583217,0.007321568678719839,0.013771368386230354,0.00894146209436035,0.022223602840062445
distilbert_sst2,10000,162,0.014753896577923854,0.014534726928647143,0.00799303783895351,0.017164061008997516,0.010196326013664034,0.025964567081948237
distilbert_sst2,10000,163,0.014753896577923854,0.016134850407952796,0.0077200676210579435,0.015881362435316817,0.009108975710993446,0.024950382957029327
distilbert_sst2,10000,164,0.014753896577923854,0.015483807566601785,0.009112579957736337,0.01711518758813112,0.01147058106620521,0.026414019358140358
distilbert_sst2,10000,165,0.014753896577923854,0.014297195234674643,0.0079513711957373,0.015283978154062444,0.009745943200187037,0.023816636906462945
distilbert_sst2,10000,166,0.014753896577923854,0.01577643674528919,0.008836095876346341,0.017205826016368123,0.010975496798246547,0.02515547704015056
distilbert_sst2,10000,167,0.014753896577923854,0.014163463238703645,0.007596655875011644,0.01598785770200084,0.010208838831609003,0.024214875987387946
distilbert_sst2,10000,168,0.014753896577923854,0.013788846301607111,0.006830177822329128,0.01479191379582823,0.00914354122101124,0.022734361496619043
distilbert_sst2,10000,169,0.014753896577923854,0.013635149150910008,0.007486699254382264,0.014648099381032646,0.008991800557141102,0.022999144686749552
distilbert_sst2,10000,170,0.014753896577923854,0.013735355685810306,0.0077107481178578675,0.01538425315332617,0.009460376655896382,0.02460241391645139
distilbert_sst2,10000,171,0.014753896577923854,0.015332093733231926,0.009132747446873628,0.017201762383738956,0.01117623034437612,0.026014266202145322
distilbert_sst2,10000,172,0.014753896577923854,0.016808326331523772,0.009676947731068556,0.01697382480928112,0.011261083244251475,0.025122774679872433
distilbert_sst2,10000,173,0.014753896577923854,0.01619961483058331,0.008349592627508461,0.01720660020422808,0.010782392811499187,0.02548816395230455
distilbert_sst2,10000,174,0.014753896577923854,0.0174087878679468,0.007907253542081528,0.016165423888341156,0.009752901220707003,0.02485611713509171
distilbert_sst2,10000,175,0.014753896577923854,0.013241337436125355,0.0071068822590357236,0.014563841445224783,0.009021988489610722,0.02282933798899578
distilbert_sst2,10000,176,0.014753896577923854,0.012782381647743608,0.007573288252699061,0.01572489948615821,0.008966539724483108,0.024407868914956943
distilbert_sst2,10000,177,0.014753896577923854,0.01477365191669779,0.008464996855316934,0.016436591973014385,0.010459617933419492,0.024717168473585533
distilbert_sst2,10000,178,0.014753896577923854,0.012146105208483884,0.00758804842625792,0.014850310164883071,0.009036370907827504,0.02306328417775528
distilbert_sst2,10000,179,0.014753896577923854,0.015192685213332743,0.008078718542285817,0.016132164519282358,0.009913273290860263,0.024681065378389117
distilbert_sst2,10000,180,0.014753896577923854,0.01686924806716371,0.009037538275527585,0.018069754354067536,0.011015939069716096,0.0267577456396278
distilbert_sst2,10000,181,0.014753896577923854,0.014466901141597575,0.008644530233526303,0.017100871293421444,0.010246866493056738,0.024759390429692683
distilbert_sst2,10000,182,0.014753896577923854,0.014875437295906312,0.0076676766024415186,0.015167841994043628,0.008953906040825408,0.023878448672008147
distilbert_sst2,10000,183,0.014753896577923854,0.01446379943701588,0.008147502402289881,0.016336092435006198,0.010074027179310422,0.023896841348743536
distilbert_sst2,10000,184,0.014753896577923854,0.011367539101806897,0.0072252290521392,0.014619407911098985,0.008773597593610611,0.0218137920055507
distilbert_sst2,10000,185,0.014753896577923854,0.015117158153230923,0.008730560010631497,0.01698888239871997,0.011059798232539584,0.02547308609327866
distilbert_sst2,10000,186,0.014753896577923854,0.01232474638373079,0.007138412678985115,0.014984539343882865,0.008935565799879362,0.02323887409916006
distilbert_sst2,10000,187,0.014753896577923854,0.016291796876718844,0.007821904406414486,0.015803999488778846,0.009272636387692192,0.024136502472908442
distilbert_sst2,10000,188,0.014753896577923854,0.01338935544909968,0.0072534903276502685,0.014229767977257519,0.008533894074919847,0.02279669615999808
distilbert_sst2,10000,189,0.014753896577923854,0.012752163114282117,0.006956106755402805,0.013837474309766338,0.008607051045431052,0.021694798029883045
distilbert_sst2,10000,190,0.014753896577923854,0.01606164612385553,0.008539782162280749,0.01807219856268171,0.010579772286773554,0.026622325152989873
distilbert_sst2,10000,191,0.014753896577923854,0.013722448298076177,0.007439015346921753,0.014914157198201534,0.009075891374364755,0.02417487521523645
distilbert_sst2,10000,192,0.014753896577923854,0.014751664080545146,0.007337414161043108,0.016168615377602655,0.00919621637284506,0.024797123773467586
distilbert_sst2,10000,193,0.014753896577923854,0.013127124158276804,0.007074863352731811,0.014141391802197145,0.008674474928688199,0.022777489600428132
distilbert_sst2,10000,194,0.014753896577923854,0.01419485919452012,0.008356416083419941,0.016426935146477025,0.009715959958553896,0.02519550125934372
distilbert_sst2,10000,195,0.014753896577923854,0.01594390785832891,0.007768318354174649,0.01602418231335897,0.00951110347994568,0.024411963960579947
distilbert_sst2,10000,196,0.014753896577923854,0.014834983536097721,0.0080386455999579,0.01624513408936488,0.00969732547385224,0.02485583420758029
distilbert_sst2,10000,197,0.014753896577923854,0.014986744812331733,0.008823700803553857,0.016216319423757654,0.010589843377908977,0.025017167569288096
distilbert_sst2,10000,198,0.014753896577923854,0.013839712165016544,0.008184357831628256,0.015745675362425857,0.009904982829827668,0.023575695323312027
distilbert_sst2,10000,199,0.014753896577923854,0.015574570059365755,0.008566465124074711,0.01673000374091329,0.01035209740899306,0.025084537839085187
