model,n,rep,reference,rank_ece,hist_10,hist_sqrt,hist_cube_root,hist_n_over_20
roberta_twitter_sentiment,100,0,0.002818276642151916,-0.0033811841958212097,0.010968894737897968,0.010968894737897968,0.008910309238634308,0.006076999615433377
roberta_twitter_sentiment,100,1,0.002818276642151916,0.0006996155467618368,0.010683085961413362,0.010683085961413362,0.006241063905092898,0.003265547072395286
roberta_twitter_sentiment,100,2,0.002818276642151916,-0.004276019533523768,0.014724261800786209,0.014724261800786209,0.005093385357518058,0.002728553469085382
roberta_twitter_sentiment,100,3,0.002818276642151916,0.016730340647249337,0.022673296784041296,0.022673296784041296,0.010437170565693411,0.012245366417981515
roberta_twitter_sentiment,100,4,0.002818276642151916,0.010922376436899644,0.013539366451723088,0.013539366451723088,0.010217954917804648,0.007850927101207088
roberta_twitter_sentiment,100,5,0.002818276642151916,-0.00256462167272391,0.006159568119134664,0.006159568119134664,0.003754901490056129,0.0009224958831135395
roberta_twitter_sentiment,100,6,0.002818276642151916,0.02855223507802183,0.02253507517276394,0.02253507517276394,0.01240191023807986,0.004732065829694885
roberta_twitter_sentiment,100,7,0.002818276642151916,0.005123856727497505,0.017859580636316687,0.017859580636316687,0.0015387669733380523,0.00198356348410172
roberta_twitter_sentiment,100,8,0.002818276642151916,0.003933255188392036,0.016791671975827455,0.016791671975827455,0.003756313514894456,0.014083020262022499
roberta_twitter_sentiment,100,9,0.002818276642151916,-0.0040725627219234,0.011027949107522248,0.011027949107522248,0.004943201585909558,0.008806064964609303
roberta_twitter_sentiment,100,10,0.002818276642151916,-0.0018202072625725287,0.007166751880458251,0.007166751880458251,0.00023389096316635307,0.003442056574866293
roberta_twitter_sentiment,100,11,0.002818276642151916,-0.011340063546867113,0.011002927582791526,0.011002927582791526,0.0017617507527791893,0.008748777775043685
roberta_twitter_sentiment,100,12,0.002818276642151916,0.019131783885833184,0.03327112751934732,0.03327112751934732,0.011310802583822957,0.023563243668863244
roberta_twitter_sentiment,100,13,0.002818276642151916,0.01182124214512087,0.02269331150433415,0.02269331150433415,0.007141750605968702,0.01822287107005893
roberta_twitter_sentiment,100,14,0.002818276642151916,0.014718471549210884,0.02733205776482228,0.02733205776482228,0.015422243823328354,0.019853504383294463
roberta_twitter_sentiment,100,15,0.002818276642151916,-0.0031796991087859206,0.02291593135290661,0.02291593135290661,0.006134759335990839,0.009446895550668834
roberta_twitter_sentiment,100,16,0.002818276642151916,-0.011079269001883878,0.01690857689688763,0.01690857689688763,0.004790373999268492,0.007671511645931016
roberta_twitter_sentiment,100,17,0.002818276642151916,0.001649700980044557,0.006254995415428496,0.006254995415428496,0.0027490995630943815,0.000979224433494977
roberta_twitter_sentiment,100,18,0.002818276642151916,-0.010981297632888094,0.020176158188955323,0.020176158188955323,0.0051342564015266845,0.013158176260202338
roberta_twitter_sentiment,100,19,0.002818276642151916,0.0015945512551080521,0.01291400790056133,0.01291400790056133,0.006434716904958832,0.009338985925583835
roberta_twitter_sentiment,100,20,0.002818276642151916,-0.012530828264518328,0.02586043372474989,0.02586043372474989,0.0030749110530525576,0.006545256519119304
roberta_twitter_sentiment,100,21,0.002818276642151916,0.012563450170511699,0.024407466420866008,0.024407466420866008,0.0056067315796269794,0.010153396008318277
roberta_twitter_sentiment,100,22,0.002818276642151916,-0.0023688428030203086,0.005699307859580551,0.005699307859580551,0.001525861971529356,0.0019803139084109997
roberta_twitter_sentiment,100,23,0.002818276642151916,0.020259675454269495,0.018592493476678965,0.018592493476678965,0.006378364009638878,0.00702997746514167
roberta_twitter_sentiment,100,24,0.002818276642151916,-0.014134469554432707,0.008984567615381725,0.008984567615381725,0.002064966546071566,0.0013735940970870963
roberta_twitter_sentiment,100,25,0.002818276642151916,0.012518704767172449,0.02155013394260205,0.02155013394260205,0.005938528760053924,0.00289202808276194
roberta_twitter_sentiment,100,26,0.002818276642151916,0.0032027100778784035,0.024565605395449715,0.024565605395449715,0.017207351063501252,0.019830743080226636
roberta_twitter_sentiment,100,27,0.002818276642151916,-0.00735759075233455,0.025990953857282516,0.025990953857282516,0.015905258252049064,0.019844669430129153
roberta_twitter_sentiment,100,28,0.002818276642151916,-0.0066153204603711544,0.0037161986495886632,0.0037161986495886632,0.003304203304980021,0.002045175282704133
roberta_twitter_sentiment,100,29,0.002818276642151916,0.008420789280647935,0.019658894505258713,0.019658894505258713,0.007085917284390572,0.01705189801596338
roberta_twitter_sentiment,100,30,0.002818276642151916,0.0008166490161411644,0.013196382929640243,0.013196382929640243,0.005217836958063804,0.00732554834686964
roberta_twitter_sentiment,100,31,0.002818276642151916,0.012847788947327013,0.02174468999249163,0.02174468999249163,0.007173183133806508,0.010663945042087588
roberta_twitter_sentiment,100,32,0.002818276642151916,0.01238036686082323,0.025208054889224417,0.025208054889224417,0.00926973310539639,0.013601032358708602
roberta_twitter_sentiment,100,33,0.002818276642151916,0.003994588721024273,0.0222065749464082,0.0222065749464082,0.00676373145185638,0.006868869400498122
roberta_twitter_sentiment,100,34,0.002818276642151916,-0.006233664485384895,0.015195229991478588,0.015195229991478588,0.015166510187775182,0.010014975619442925
roberta_twitter_sentiment,100,35,0.002818276642151916,-0.0034923881313573073,0.014595882191635825,0.014595882191635825,0.00015349781145028216,0.0034828925926556295
roberta_twitter_sentiment,100,36,0.002818276642151916,0.013066162831124557,0.017840316365929882,0.017840316365929882,0.006595447931801917,0.012555618432444033
roberta_twitter_sentiment,100,37,0.002818276642151916,-0.015801291054107176,0.01365396003531591,0.01365396003531591,0.004040155054113634,0.004651061257034488
roberta_twitter_sentiment,100,38,0.002818276642151916,0.03010435778467223,0.04263696802905907,0.04263696802905907,0.005314196743244341,0.01671519751195026
roberta_twitter_sentiment,100,39,0.002818276642151916,0.01285384171898556,0.027037987763705567,0.027037987763705567,0.008244371904278134,0.011047288977496902
roberta_twitter_sentiment,100,40,0.002818276642151916,0.00798742767811511,0.02534737719883385,0.02534737719883385,0.012877915517833417,0.01478157629912809
roberta_twitter_sentiment,100,41,0.002818276642151916,0.018816461049325425,0.015348152187262785,0.015348152187262785,0.005138005330630477,0.008529513202016586
roberta_twitter_sentiment,100,42,0.002818276642151916,0.021150314559530294,0.03006363306701767,0.03006363306701767,0.008780449321075544,0.008549584157467911
roberta_twitter_sentiment,100,43,0.002818276642151916,-0.0005947874926774607,0.019869293073385898,0.019869293073385898,0.004041466676816463,0.005324139672466767
roberta_twitter_sentiment,100,44,0.002818276642151916,-0.001597833062102144,0.009728400451137993,0.009728400451137993,0.0023090420033365132,0.0016200080966438342
roberta_twitter_sentiment,100,45,0.002818276642151916,0.005471600226978454,0.024231554192530185,0.024231554192530185,0.014297363071067956,0.0050938953605591825
roberta_twitter_sentiment,100,46,0.002818276642151916,0.021606062146525103,0.025205815362655523,0.025205815362655523,0.007914555175253555,0.00980223380657172
roberta_twitter_sentiment,100,47,0.002818276642151916,0.015489941528303734,0.026337024200810615,0.026337024200810615,0.006307846629613275,0.010406283950662079
roberta_twitter_sentiment,100,48,0.002818276642151916,-0.02161497574095269,0.01595159715344842,0.01595159715344842,0.0022056235242907197,0.00385845486163676
roberta_twitter_sentiment,100,49,0.002818276642151916,0.002451321737028247,0.025686764332858072,0.025686764332858072,0.011078697633515804,0.017500023651418544
roberta_twitter_sentiment,100,50,0.002818276642151916,-0.0009273414378406727,0.018192696033746326,0.018192696033746326,0.005149673734028166,0.010277936700890387
roberta_twitter_sentiment,100,51,0.002818276642151916,-0.0012373089573904051,0.017262023612688714,0.017262023612688714,0.00394924488728427,0.015022599478966264
roberta_twitter_sentiment,100,52,0.002818276642151916,-0.0029539883362972603,0.017984146990485173,0.017984146990485173,0.011928985655648658,0.009895434166669041
roberta_twitter_sentiment,100,53,0.002818276642151916,0.011041807930605491,0.008347688675891848,0.008347688675891848,0.004516396296056853,0.0040856199568812795
roberta_twitter_sentiment,100,54,0.002818276642151916,0.007730630657119711,0.012748271206721527,0.012748271206721527,0.0009700421616158736,0.005030263395937622
roberta_twitter_sentiment,100,55,0.002818276642151916,0.003092118677619676,0.019053803176352954,0.019053803176352954,0.0006614623607872887,0.009736355093670875
roberta_twitter_sentiment,100,56,0.002818276642151916,-0.021077794095794626,0.005660068469874408,0.005660068469874408,0.0012921254907229361,0.0023723028316745163
roberta_twitter_sentiment,100,57,0.002818276642151916,-0.009327830806438982,0.01034827668457764,0.01034827668457764,0.002227602622004192,0.004216191501003936
roberta_twitter_sentiment,100,58,0.002818276642151916,0.000809965641554743,0.013906713124554803,0.013906713124554803,0.004594821027324457,0.008401525825557934
roberta_twitter_sentiment,100,59,0.002818276642151916,0.010964537846794669,0.028200357906057984,0.028200357906057984,0.025112672302070167,0.022304919451224946
roberta_twitter_sentiment,100,60,0.002818276642151916,-0.004168952827920889,0.011136046800049901,0.011136046800049901,0.005980457379909444,0.01049678232058259
roberta_twitter_sentiment,100,61,0.002818276642151916,0.009015353932247555,0.01595264056746613,0.01595264056746613,0.005162760456164794,0.006384956024796271
roberta_twitter_sentiment,100,62,0.002818276642151916,0.007165543835987684,0.012699180072920478,0.012699180072920478,0.006611602040915156,0.0065127136289608225
roberta_twitter_sentiment,100,63,0.002818276642151916,-0.0031574602272094977,0.01509436275644597,0.01509436275644597,0.008904535901230016,0.004075875597546999
roberta_twitter_sentiment,100,64,0.002818276642151916,-0.0002804579754086114,0.010976355140326704,0.010976355140326704,0.003115389731514021,0.00916983082912596
roberta_twitter_sentiment,100,65,0.002818276642151916,-0.012541329339118645,0.006532247792584963,0.006532247792584963,0.001999000294886594,0.0037602050324538074
roberta_twitter_sentiment,100,66,0.002818276642151916,0.020255800971797123,0.024681338988714524,0.024681338988714524,0.009726342849335913,0.006026446326552222
roberta_twitter_sentiment,100,67,0.002818276642151916,0.007817164097281271,0.015750650962013814,0.015750650962013814,0.011666045356930046,0.011610263224569494
roberta_twitter_sentiment,100,68,0.002818276642151916,0.006914306276440753,0.017883158405259926,0.017883158405259926,0.002488968639326245,0.0028329157679517205
roberta_twitter_sentiment,100,69,0.002818276642151916,0.004953845153961984,0.019831276054198665,0.019831276054198665,0.005609217281259451,0.011301303589593581
roberta_twitter_sentiment,100,70,0.002818276642151916,0.008851216512685644,0.02080038323798884,0.02080038323798884,0.0095148849325461,0.0075068758124428175
roberta_twitter_sentiment,100,71,0.002818276642151916,0.006417078126917735,0.02023833594191414,0.02023833594191414,0.007905892656825165,0.01366717349154148
roberta_twitter_sentiment,100,72,0.002818276642151916,0.031094491116184363,0.06044518385040245,0.06044518385040245,0.021258111656544742,0.033327325749030176
roberta_twitter_sentiment,100,73,0.002818276642151916,0.022606711392967244,0.016547417894830177,0.016547417894830177,0.008536204513907462,0.012247573453271402
roberta_twitter_sentiment,100,74,0.002818276642151916,-0.0004342452202302446,0.0252271540522436,0.0252271540522436,0.009286709270253686,0.012705691763114924
roberta_twitter_sentiment,100,75,0.002818276642151916,0.0004946073600246159,0.036684835920148616,0.036684835920148616,0.016998251566792088,0.03017308064743912
roberta_twitter_sentiment,100,76,0.002818276642151916,0.000624443650768764,0.019121072155844257,0.019121072155844257,0.004752750034476953,0.006919684094801606
roberta_twitter_sentiment,100,77,0.002818276642151916,-0.01888546610694967,0.019832175086817047,0.019832175086817047,0.007013167832155334,0.004598613682234086
roberta_twitter_sentiment,100,78,0.002818276642151916,0.031003497321978175,0.03887993797454733,0.03887993797454733,0.010119122857085536,0.021190684238672687
roberta_twitter_sentiment,100,79,0.002818276642151916,0.008810291401092919,0.018417965484605368,0.018417965484605368,0.0185238601992168,0.013499951407000546
roberta_twitter_sentiment,100,80,0.002818276642151916,0.031491143854487216,0.024608331356918717,0.024608331356918717,0.011346388024836656,0.02412186011312452
roberta_twitter_sentiment,100,81,0.002818276642151916,0.011883752952042607,0.01953002336176401,0.01953002336176401,0.012893249959938749,0.016858837073967528
roberta_twitter_sentiment,100,82,0.002818276642151916,-0.0015902393851982477,0.012213560197449558,0.012213560197449558,0.0044167733437458995,0.006143290816905356
roberta_twitter_sentiment,100,83,0.002818276642151916,-0.0023076183162952287,0.01744192274494764,0.01744192274494764,0.0025979614568625293,0.0020298224342630684
roberta_twitter_sentiment,100,84,0.002818276642151916,-0.010932423087907555,0.010918629401917915,0.010918629401917915,0.003843551090654732,0.008905276964581356
roberta_twitter_sentiment,100,85,0.002818276642151916,0.012243281003268608,0.02358303094365565,0.02358303094365565,0.005641715926976772,0.0012181184759682965
roberta_twitter_sentiment,100,86,0.002818276642151916,0.015299687040324663,0.04049364079237579,0.04049364079237579,0.005120889565677148,0.011993580764743158
roberta_twitter_sentiment,100,87,0.002818276642151916,-0.004801178872046603,0.014708598600694352,0.014708598600694352,0.010960772080158316,0.011744837377978075
roberta_twitter_sentiment,100,88,0.002818276642151916,0.013092001914961515,0.02315692519396838,0.02315692519396838,0.012070785369351782,0.018786787235010156
roberta_twitter_sentiment,100,89,0.002818276642151916,0.011799673641892551,0.020605867689497143,0.020605867689497143,0.004502951229206914,0.008351332444725353
roberta_twitter_sentiment,100,90,0.002818276642151916,-0.008991892968441084,0.015913898095471654,0.015913898095471654,0.0016356501248166156,0.007442451083459737
roberta_twitter_sentiment,100,91,0.002818276642151916,0.023047208140126615,0.04078457444570078,0.04078457444570078,0.006081818189494832,0.036199299004887435
roberta_twitter_sentiment,100,92,0.002818276642151916,-0.013727014183389548,0.008696921361483218,0.008696921361483218,0.0036503155185205124,0.0015939841898051778
roberta_twitter_sentiment,100,93,0.002818276642151916,-0.017505147877588084,0.019479460373155552,0.019479460373155552,0.003978969866902273,0.015660652141275298
roberta_twitter_sentiment,100,94,0.002818276642151916,-0.012443178127804847,0.022135952382708674,0.022135952382708674,0.005684694594244253,0.01120558516421477
roberta_twitter_sentiment,100,95,0.002818276642151916,-0.013292147125953226,0.012305753644184302,0.012305753644184302,0.0074645321146910235,0.01015691535761552
roberta_twitter_sentiment,100,96,0.002818276642151916,0.00442420195570242,0.030573230442497646,0.030573230442497646,0.007231170387837382,0.01659593936787644
roberta_twitter_sentiment,100,97,0.002818276642151916,2.3724376710436715e-05,0.03965017075835435,0.03965017075835435,0.016509637624501253,0.012610769020464515
roberta_twitter_sentiment,100,98,0.002818276642151916,0.002036644962679272,0.012644971327848318,0.012644971327848318,0.011289631685164277,0.00829674830865559
roberta_twitter_sentiment,100,99,0.002818276642151916,-0.0022143805815610486,0.019801252097394046,0.019801252097394046,0.005354876190460232,0.01176895856644698
roberta_twitter_sentiment,100,100,0.002818276642151916,0.010694928439196092,0.02340009932447315,0.02340009932447315,0.004769222130399382,0.011614869692870858
roberta_twitter_sentiment,100,101,0.002818276642151916,0.013441472020510785,0.02997969409233241,0.02997969409233241,0.022212527480406412,0.010576706313782
roberta_twitter_sentiment,100,102,0.002818276642151916,0.0014636379673878687,0.010882178631311828,0.010882178631311828,0.0024361468254681905,0.008902916962608528
roberta_twitter_sentiment,100,103,0.002818276642151916,0.005864673805445309,0.029909904789466937,0.029909904789466937,0.013121062667693613,0.013003511586674265
roberta_twitter_sentiment,100,104,0.002818276642151916,-0.001392490471825704,0.02030760566415227,0.02030760566415227,0.006647892493448543,0.008751715597582586
roberta_twitter_sentiment,100,105,0.002818276642151916,0.007337935823456568,0.011672785332419099,0.011672785332419099,0.004547709328185042,0.00663473401730084
roberta_twitter_sentiment,100,106,0.002818276642151916,-0.021374459385072098,0.026368560366072755,0.026368560366072755,0.014462881918943378,0.01089817650654565
roberta_twitter_sentiment,100,107,0.002818276642151916,0.0008580115078025191,0.024004877700535422,0.024004877700535422,0.0006236960582125419,0.006970836186525528
roberta_twitter_sentiment,100,108,0.002818276642151916,0.01241226941046996,0.028932260154090193,0.028932260154090193,0.012254918230047424,0.016360311648964634
roberta_twitter_sentiment,100,109,0.002818276642151916,0.022940330114708127,0.019676079621764993,0.019676079621764993,0.0030739255841154335,0.010803324265774617
roberta_twitter_sentiment,100,110,0.002818276642151916,0.00833628373295468,0.01045804581408395,0.01045804581408395,0.008636354168940262,0.0077938792211526275
roberta_twitter_sentiment,100,111,0.002818276642151916,-0.0017529518732797723,0.017826859428798022,0.017826859428798022,0.0038171436755278457,0.014243756381809893
roberta_twitter_sentiment,100,112,0.002818276642151916,-0.017743519330479365,0.01581924296574515,0.01581924296574515,0.0017969674156250305,0.0024699828799191414
roberta_twitter_sentiment,100,113,0.002818276642151916,0.04359257522419137,0.034939152065180626,0.034939152065180626,0.029329487164198597,0.024464825698197197
roberta_twitter_sentiment,100,114,0.002818276642151916,-0.0013083193316887499,0.009214880591600694,0.009214880591600694,0.008137258571128285,0.004204438893375929
roberta_twitter_sentiment,100,115,0.002818276642151916,-0.013108124389274412,0.01683800206615128,0.01683800206615128,0.007150175040169639,0.011270915420189691
roberta_twitter_sentiment,100,116,0.002818276642151916,0.0119236609123588,0.018458078934347966,0.018458078934347966,0.008134493607367189,0.01594985702957287
roberta_twitter_sentiment,100,117,0.002818276642151916,0.001370055804006839,0.034106888506528626,0.034106888506528626,0.0020117382854718175,0.0017993029216602536
roberta_twitter_sentiment,100,118,0.002818276642151916,0.009737123657226293,0.014648967762574882,0.014648967762574882,0.0008373751283220675,0.005751060705397927
roberta_twitter_sentiment,100,119,0.002818276642151916,0.04364659975746001,0.03970304798542193,0.03970304798542193,0.00757918353052722,0.010414766878430775
roberta_twitter_sentiment,100,120,0.002818276642151916,-3.8489647050029534e-05,0.028516869009010962,0.028516869009010962,0.020567649593150182,0.017556638372484133
roberta_twitter_sentiment,100,121,0.002818276642151916,0.004872286982043209,0.017741938900795087,0.017741938900795087,0.009044077367980501,0.010372092346623545
roberta_twitter_sentiment,100,122,0.002818276642151916,0.009723624088377358,0.02980162161539352,0.02980162161539352,0.00091040198296638,0.010985450564277176
roberta_twitter_sentiment,100,123,0.002818276642151916,-0.003134411209773289,0.008442130357102548,0.008442130357102548,0.0062700005600060576,0.005859371104711965
roberta_twitter_sentiment,100,124,0.002818276642151916,-0.0020360393759715893,0.012950915716909258,0.012950915716909258,0.006506260978102503,0.005709519166967277
roberta_twitter_sentiment,100,125,0.002818276642151916,-0.008044067315018845,0.005488146333113093,0.005488146333113093,0.000723716176765431,0.0011187018023194769
roberta_twitter_sentiment,100,126,0.002818276642151916,-0.020201035625590603,0.004048824935615909,0.004048824935615909,0.0008930498631702621,0.0018123472660135091
roberta_twitter_sentiment,100,127,0.002818276642151916,0.006489956122313418,0.026113202463869563,0.026113202463869563,0.0030771083961316135,0.011033811888387986
roberta_twitter_sentiment,100,128,0.002818276642151916,-0.012209727767557473,0.01472286616833169,0.01472286616833169,0.004261706024552667,0.005522993897092194
roberta_twitter_sentiment,100,129,0.002818276642151916,-0.00720319263741287,0.014943972177667577,0.014943972177667577,0.0026861213541083786,0.006972598014070716
roberta_twitter_sentiment,100,130,0.002818276642151916,0.004744924185600912,0.013984475867896676,0.013984475867896676,0.008492328994688337,0.008755504615224258
roberta_twitter_sentiment,100,131,0.002818276642151916,-0.01578253354730947,0.007176153312077429,0.007176153312077429,0.0013162823944869754,0.0012261146357499771
roberta_twitter_sentiment,100,132,0.002818276642151916,-0.021293227099266412,0.014804574118913701,0.014804574118913701,0.0012826401917603464,0.0009517068387891632
roberta_twitter_sentiment,100,133,0.002818276642151916,-0.023120122719231403,0.008419231453499624,0.008419231453499624,0.0033421069064092537,0.004740822754371505
roberta_twitter_sentiment,100,134,0.002818276642151916,0.006951302202868206,0.019772602763053225,0.019772602763053225,0.0010252932726263226,0.01718161168792123
roberta_twitter_sentiment,100,135,0.002818276642151916,-0.005116559212361371,0.015577710626824729,0.015577710626824729,0.007984320051800862,0.01163489689982259
roberta_twitter_sentiment,100,136,0.002818276642151916,-0.002584315903797163,0.02847518511300841,0.02847518511300841,0.011426614880303082,0.009001802713093776
roberta_twitter_sentiment,100,137,0.002818276642151916,0.0034507369927979743,0.017838416793846915,0.017838416793846915,0.003477012952228898,0.010290104055841812
roberta_twitter_sentiment,100,138,0.002818276642151916,0.01157680105526282,0.020460096994278858,0.020460096994278858,0.012828273604534436,0.0180298305450792
roberta_twitter_sentiment,100,139,0.002818276642151916,-0.0012312392686344251,0.012009388232675458,0.012009388232675458,0.0009516720384725126,0.0063051422107218095
roberta_twitter_sentiment,100,140,0.002818276642151916,0.006153095402288689,0.02809714203822623,0.02809714203822623,0.0031933888841197,0.01130415747333088
roberta_twitter_sentiment,100,141,0.002818276642151916,0.015626711222549786,0.018883310820348293,0.018883310820348293,0.009008759454017084,0.011783030562946044
roberta_twitter_sentiment,100,142,0.002818276642151916,0.023876052943639255,0.019267368699202418,0.019267368699202418,0.002769515217984288,0.0032952481025189046
roberta_twitter_sentiment,100,143,0.002818276642151916,0.0018167930653063458,0.00713453838075632,0.00713453838075632,0.0003921973404287537,0.0014720699623695314
roberta_twitter_sentiment,100,144,0.002818276642151916,0.013720735696905555,0.020919319710869858,0.020919319710869858,0.010147804005873697,0.013650000126645934
roberta_twitter_sentiment,100,145,0.002818276642151916,0.0053326609735070574,0.03568882321102165,0.03568882321102165,0.0027639855656301487,0.007133055368895636
roberta_twitter_sentiment,100,146,0.002818276642151916,-0.009987813698133431,0.020222564449343738,0.020222564449343738,0.0016390352792797407,0.005402058898752308
roberta_twitter_sentiment,100,147,0.002818276642151916,-0.005751044283225262,0.01593132004126399,0.01593132004126399,0.005970274768627943,0.006672297027484699
roberta_twitter_sentiment,100,148,0.002818276642151916,0.00939264625066835,0.014089060618127931,0.014089060618127931,0.008873322994486267,0.012567587733760351
roberta_twitter_sentiment,100,149,0.002818276642151916,0.021000247734874272,0.013271679587950932,0.013271679587950932,0.005652968765806542,0.0019010153650933846
roberta_twitter_sentiment,100,150,0.002818276642151916,0.02163047849601168,0.020802584027390637,0.020802584027390637,0.0022014555209924056,0.005965066104319051
roberta_twitter_sentiment,100,151,0.002818276642151916,0.003168473779559355,0.03130613249367414,0.03130613249367414,0.001916886217945465,0.016928245988605626
roberta_twitter_sentiment,100,152,0.002818276642151916,-0.008225770010261996,0.008700842090926659,0.008700842090926659,0.004459328666466639,0.0033207190045713574
roberta_twitter_sentiment,100,153,0.002818276642151916,-0.0014031923314581111,0.01592361857391741,0.01592361857391741,0.00011438264363999731,0.008802527520619769
roberta_twitter_sentiment,100,154,0.002818276642151916,-0.0009383528666710766,0.027128324859494228,0.027128324859494228,0.0021041590101408534,0.006068006859233353
roberta_twitter_sentiment,100,155,0.002818276642151916,-0.009192609253879231,0.009532863630974294,0.009532863630974294,0.0032837477565114638,0.007652503116150004
roberta_twitter_sentiment,100,156,0.002818276642151916,-0.003140415883402359,0.020088054236319968,0.020088054236319968,0.010473608675971911,0.009970405836595352
roberta_twitter_sentiment,100,157,0.002818276642151916,-0.0037613263375165596,0.005711170659298628,0.005711170659298628,0.0010643837403281045,0.0019246622252456756
roberta_twitter_sentiment,100,158,0.002818276642151916,0.021640277781001332,0.0355840956019122,0.0355840956019122,0.013411990242153744,0.029766107103953467
roberta_twitter_sentiment,100,159,0.002818276642151916,0.01653389918641708,0.03431041183220683,0.03431041183220683,0.01327953246607974,0.011440096158434852
roberta_twitter_sentiment,100,160,0.002818276642151916,-0.014392689131897302,0.014731045787827723,0.014731045787827723,0.00882352867927357,0.0014457601993222906
roberta_twitter_sentiment,100,161,0.002818276642151916,-0.007625227982885334,0.011397694410131824,0.011397694410131824,0.0045025585160007806,0.006635440498639687
roberta_twitter_sentiment,100,162,0.002818276642151916,0.011006025451786043,0.026358654099266448,0.026358654099266448,0.0026256507463130944,0.018359587983905256
roberta_twitter_sentiment,100,163,0.002818276642151916,0.01064611878826014,0.013127551974772816,0.013127551974772816,0.009073319630553266,0.011120210115173643
roberta_twitter_sentiment,100,164,0.002818276642151916,-0.0071556519145047305,0.014756777781815712,0.014756777781815712,0.012402728810278011,0.009018202780640196
roberta_twitter_sentiment,100,165,0.002818276642151916,0.016739138705117142,0.03118166680335985,0.03118166680335985,0.0008079410418382271,0.014800789223187614
roberta_twitter_sentiment,100,166,0.002818276642151916,0.017451290087803738,0.011059254993845509,0.011059254993845509,0.003531821463673724,0.0041830324590533
roberta_twitter_sentiment,100,167,0.002818276642151916,-0.00893663995411248,0.015014747446890835,0.015014747446890835,0.0036120113839649857,0.004563275241411281
roberta_twitter_sentiment,100,168,0.002818276642151916,0.03537616666605889,0.036479567597663305,0.036479567597663305,0.04268057111617263,0.023562917152928395
roberta_twitter_sentiment,100,169,0.002818276642151916,0.016709537097384337,0.02332623948363995,0.02332623948363995,0.00475817734555597,0.01235002135844589
roberta_twitter_sentiment,100,170,0.002818276642151916,0.0026554511276432914,0.017334260689254123,0.017334260689254123,0.005301127946222343,0.009230042973204145
roberta_twitter_sentiment,100,171,0.002818276642151916,-0.00822416699265736,0.022612342763013975,0.022612342763013975,0.008988295424672334,0.011660788594623626
roberta_twitter_sentiment,100,172,0.002818276642151916,0.015162634691733656,0.019156802337925667,0.019156802337925667,0.0031976627003801735,0.009211959518048344
roberta_twitter_sentiment,100,173,0.002818276642151916,-0.015657307255895918,0.007041188360542631,0.007041188360542631,0.0017014156906791406,0.0027188038266700073
roberta_twitter_sentiment,100,174,0.002818276642151916,-0.0058129100970496315,0.01457533787130372,0.01457533787130372,0.00397073950678007,0.002921203922155635
roberta_twitter_sentiment,100,175,0.002818276642151916,-0.005869197868383274,0.013316111698215737,0.013316111698215737,0.00894128197124194,0.006462392622607125
roberta_twitter_sentiment,100,176,0.002818276642151916,-0.007855595064106609,0.010558181503144498,0.010558181503144498,0.000968148956604869,0.000568612314409199
roberta_twitter_sentiment,100,177,0.002818276642151916,-0.009755551307680995,0.011475144653128804,0.011475144653128804,0.00445936191506552,0.006116781351770957
roberta_twitter_sentiment,100,178,0.002818276642151916,0.007042775223903731,0.019828360137809135,0.019828360137809135,0.0008476685985477133,0.005948726528468806
roberta_twitter_sentiment,100,179,0.002818276642151916,0.0017455802644917805,0.022861218942570725,0.022861218942570725,0.013999891318852544,0.012882231610695957
roberta_twitter_sentiment,100,180,0.002818276642151916,-0.02777123865290773,0.013312567231196745,0.013312567231196745,0.002348399960651068,0.007644846036035712
roberta_twitter_sentiment,100,181,0.002818276642151916,0.00413161938896164,0.02508194044820939,0.02508194044820939,0.008971757930553928,0.01498695564706615
roberta_twitter_sentiment,100,182,0.002818276642151916,0.027822390312083306,0.02715998360985623,0.02715998360985623,0.010043322648322155,0.00813105022339795
roberta_twitter_sentiment,100,183,0.002818276642151916,0.022617381275173036,0.043958219792210915,0.043958219792210915,0.0334551172637233,0.012816999282180247
roberta_twitter_sentiment,100,184,0.002818276642151916,-0.02484766963604103,0.0030757548820697462,0.0030757548820697462,0.0007531639763639075,0.0007783217325291165
roberta_twitter_sentiment,100,185,0.002818276642151916,0.0042508689110295275,0.013856318250027871,0.013856318250027871,0.0056529435640363295,0.012713111699663373
roberta_twitter_sentiment,100,186,0.002818276642151916,0.013833605815415248,0.013897379049353053,0.013897379049353053,0.006132639459178286,0.006795624482156544
roberta_twitter_sentiment,100,187,0.002818276642151916,-0.001043295695844533,0.016277262310917667,0.016277262310917667,0.0027353699234731843,0.0022894924663879033
roberta_twitter_sentiment,100,188,0.002818276642151916,-0.01615093417134827,0.007002219153582968,0.007002219153582968,0.0007301106945213155,0.0018156529965741635
roberta_twitter_sentiment,100,189,0.002818276642151916,0.009562699250061823,0.029045424443832506,0.029045424443832506,0.005122977186975623,0.014048663833677142
roberta_twitter_sentiment,100,190,0.002818276642151916,-0.013154279896954139,0.015185336488690379,0.015185336488690379,0.007328626426079504,0.0026540634872656344
roberta_twitter_sentiment,100,191,0.002818276642151916,-0.006162131265571929,0.007204729166345497,0.007204729166345497,0.0031768588593813095,0.004444351241796311
roberta_twitter_sentiment,100,192,0.002818276642151916,0.00011595970688705329,0.022682313007297235,0.022682313007297235,0.016147481484455602,0.013131852804743653
roberta_twitter_sentiment,100,193,0.002818276642151916,0.00936255428627628,0.0371443437896299,0.0371443437896299,0.016633273077336086,0.02842972348337201
roberta_twitter_sentiment,100,194,0.002818276642151916,0.006179310448409716,0.01352338325766624,0.01352338325766624,0.008085453200601537,0.006529905579129776
roberta_twitter_sentiment,100,195,0.002818276642151916,0.011801536303136668,0.012529564848665577,0.012529564848665577,0.00711876897215917,0.012182891780335468
roberta_twitter_sentiment,100,196,0.002818276642151916,0.019308363866615257,0.017948447198111638,0.017948447198111638,0.0021161077256634576,0.0043410283833327295
roberta_twitter_sentiment,100,197,0.002818276642151916,0.0002970934880770659,0.008998155444509591,0.008998155444509591,0.003876421482386727,0.0016973328914695611
roberta_twitter_sentiment,100,198,0.002818276642151916,0.021658105475988197,0.03396593232565717,0.03396593232565717,0.005547782981121958,0.004913041905739146
roberta_twitter_sentiment,100,199,0.002818276642151916,0.04879827539371048,0.07346930469634065,0.07346930469634065,0.018254847431435982,0.03264425724074491
roberta_twitter_sentiment,250,0,0.002818276642151916,0.007439851013054867,0.009196256087413096,0.011342609911174507,0.002864648714372548,0.008079041848498381
roberta_twitter_sentiment,250,1,0.002818276642151916,-0.0020518382882623093,0.006408376008683684,0.009189523331954262,0.006338309445410195,0.010394874210183409
roberta_twitter_sentiment,250,2,0.002818276642151916,0.028769693263647752,0.014741008110376253,0.02869359723913992,0.009587014665685477,0.01759458856674449
roberta_twitter_sentiment,250,3,0.002818276642151916,-5.505240614511564e-05,0.0038581253783292117,0.009898818291192117,0.002414044315092271,0.00677415134001924
roberta_twitter_sentiment,250,4,0.002818276642151916,0.00027838566300729585,0.007157479327177052,0.008336939441626537,0.0001972725840996188,0.004778444120786524
roberta_twitter_sentiment,250,5,0.002818276642151916,-0.0023581656607613447,0.013893696769398584,0.01771411657523578,0.004241799942435459,0.011246098252703824
roberta_twitter_sentiment,250,6,0.002818276642151916,-0.003801015272551049,0.01776392555473571,0.01935436917704298,0.006744341485058966,0.019339070500209304
roberta_twitter_sentiment,250,7,0.002818276642151916,-0.0031533913849443596,0.008329434375567693,0.01144464912584665,0.00449322837557706,0.00896653558107679
roberta_twitter_sentiment,250,8,0.002818276642151916,-0.0005660921738942762,0.011277854142977864,0.011385511915981089,0.005372231626156619,0.007325418265535516
roberta_twitter_sentiment,250,9,0.002818276642151916,0.007160167574966078,0.01337367385278055,0.014810564853233748,0.007734865050426448,0.011348960769503265
roberta_twitter_sentiment,250,10,0.002818276642151916,-0.00012159081397487786,0.00795034754761429,0.011610450108478864,0.0030444694872098416,0.011363679339602218
roberta_twitter_sentiment,250,11,0.002818276642151916,-0.0029753796719770333,0.00882108919049415,0.010310459566065428,0.005660456561212981,0.008611630040211642
roberta_twitter_sentiment,250,12,0.002818276642151916,0.0006742377502302199,0.010065389003030136,0.010351070002481812,0.0063873622107753145,0.011104959012334794
roberta_twitter_sentiment,250,13,0.002818276642151916,0.021399808512640967,0.01561668064382339,0.024497408517225188,0.011707046455382187,0.02023516604822372
roberta_twitter_sentiment,250,14,0.002818276642151916,0.008366419740049825,0.01674509971507684,0.019282781753710093,0.011648457893194939,0.015169663109344053
roberta_twitter_sentiment,250,15,0.002818276642151916,-0.0028810754078968178,0.006864585230966552,0.010868200204487725,0.0025291717741165324,0.006428661391706885
roberta_twitter_sentiment,250,16,0.002818276642151916,-0.00835588319259108,0.003974529302415043,0.00815558341501059,0.002016933218065531,0.008443772142512409
roberta_twitter_sentiment,250,17,0.002818276642151916,-0.00634508482781527,0.006134453306567265,0.0064257235207437965,0.006691761060491127,0.00907261464373691
roberta_twitter_sentiment,250,18,0.002818276642151916,0.004558608828865659,0.011140932650421528,0.021250467259213153,0.00824364684542164,0.01328331255149605
roberta_twitter_sentiment,250,19,0.002818276642151916,0.01738946460140967,0.02222278431345871,0.020866438624932312,0.005705909794224389,0.020271742017764126
roberta_twitter_sentiment,250,20,0.002818276642151916,-0.009610930492050133,0.00829563909261351,0.013271048376956529,0.0019644327511131967,0.01119359335025347
roberta_twitter_sentiment,250,21,0.002818276642151916,0.013435850067256718,0.0123664242662751,0.02572835479480186,0.014591192655286047,0.018651688876282258
roberta_twitter_sentiment,250,22,0.002818276642151916,0.0030537229014913764,0.01094476487358614,0.01128100929996851,0.00950844108787773,0.010263418490907254
roberta_twitter_sentiment,250,23,0.002818276642151916,0.001804118452087471,0.0073671530792624555,0.0070627316393585046,0.0026062297207517806,0.0050363685443298375
roberta_twitter_sentiment,250,24,0.002818276642151916,0.009311374967102697,0.015487407543225704,0.017155938894669293,0.00892960517560773,0.020486997712531037
roberta_twitter_sentiment,250,25,0.002818276642151916,0.0015191580505937515,0.007357356383106007,0.013358534435153759,0.0013419595463931234,0.007933625706020348
roberta_twitter_sentiment,250,26,0.002818276642151916,-0.004223925765866616,0.012601865225336014,0.012483034573243599,0.010520815672890331,0.014080325537949958
roberta_twitter_sentiment,250,27,0.002818276642151916,0.011657851780118064,0.010675388963568629,0.018646533880315255,0.00673507517302188,0.011177394547549263
roberta_twitter_sentiment,250,28,0.002818276642151916,-0.0017447519163722536,0.005113061408825403,0.009643245368605575,0.00675774672566476,0.00912075060052377
roberta_twitter_sentiment,250,29,0.002818276642151916,-0.0023669771149898633,0.0076324162254661964,0.013070346745824926,0.007682367579779917,0.00894188218935641
roberta_twitter_sentiment,250,30,0.002818276642151916,0.0008306400519457871,0.003258513667862576,0.0144754824918662,0.0005435945962377652,0.005537457798349704
roberta_twitter_sentiment,250,31,0.002818276642151916,-0.00440297668510208,0.006083859010951576,0.012921136502925439,0.002175590089057742,0.013495875870849496
roberta_twitter_sentiment,250,32,0.002818276642151916,0.003422700413530012,0.008478531837768689,0.013660707870350496,0.004424523217799901,0.01017070931925545
roberta_twitter_sentiment,250,33,0.002818276642151916,-0.002045702801407089,0.006169819340830818,0.005901235038177053,0.0014272879583875618,0.003156557402241198
roberta_twitter_sentiment,250,34,0.002818276642151916,-0.0033274970195549115,0.007465788276549345,0.006172243543820461,0.0009916057655814726,0.00757670823742653
roberta_twitter_sentiment,250,35,0.002818276642151916,-0.0002745893178510039,0.0012325626183236982,0.007529280667281435,0.0005674879064946032,0.0038517734490563092
roberta_twitter_sentiment,250,36,0.002818276642151916,-0.0010247102889571508,0.006538483413669117,0.011775444940193244,0.005683389602527386,0.007070958481242916
roberta_twitter_sentiment,250,37,0.002818276642151916,0.00926830014038212,0.011597801839792142,0.018228378799562864,0.006811826750835363,0.013285176278282865
roberta_twitter_sentiment,250,38,0.002818276642151916,-0.008037882523219046,0.007908710986578986,0.011758973374484257,0.0048595048198009395,0.010331520358435178
roberta_twitter_sentiment,250,39,0.002818276642151916,0.0028101908442154846,0.013227286929316445,0.019526101864203817,0.008834682492841178,0.012258184563807287
roberta_twitter_sentiment,250,40,0.002818276642151916,-0.008603599076082682,0.005941110811879903,0.00767140282469027,0.0010031853852721642,0.005952210700884486
roberta_twitter_sentiment,250,41,0.002818276642151916,0.01374403653439108,0.011907168648439995,0.015878211924215284,0.008369737390848784,0.013200878948714757
roberta_twitter_sentiment,250,42,0.002818276642151916,0.004914757931026682,0.008903119975492374,0.010206023427970747,0.003476839353769782,0.0073679319448364195
roberta_twitter_sentiment,250,43,0.002818276642151916,0.006367163667882205,0.018786356115011203,0.020543099447546488,0.011788307162727597,0.01906069650358541
roberta_twitter_sentiment,250,44,0.002818276642151916,-0.0018884986238828175,0.004896690829999759,0.00839296217085121,0.004779431576257637,0.009606866257409795
roberta_twitter_sentiment,250,45,0.002818276642151916,0.00023065807119717862,0.013124882382668858,0.01172378909288119,0.005717273297300288,0.011837847146879708
roberta_twitter_sentiment,250,46,0.002818276642151916,-0.014179617678552964,0.015335868216786445,0.014018089538185254,0.006476588388506587,0.011545778256830879
roberta_twitter_sentiment,250,47,0.002818276642151916,0.005087188555655251,0.011950206576572014,0.008187026553380845,0.0040261667626741325,0.013204934191242305
roberta_twitter_sentiment,250,48,0.002818276642151916,0.005683509789033,0.008485289674031116,0.021495866470689098,0.005131744576216488,0.010624314762143806
roberta_twitter_sentiment,250,49,0.002818276642151916,0.008546202375483043,0.016260487683103973,0.024462376533715722,0.009202879880172982,0.016261708502508222
roberta_twitter_sentiment,250,50,0.002818276642151916,0.016393837061908955,0.012716697163472205,0.02515180505666918,0.008073229027106665,0.020728410044465056
roberta_twitter_sentiment,250,51,0.002818276642151916,0.010725822325362724,0.006756228739788518,0.009181485950427639,0.0036858568543282413,0.008378950165240356
roberta_twitter_sentiment,250,52,0.002818276642151916,-0.0016179387715354939,0.007694688057258853,0.014693334855218936,0.004805021328132586,0.006226729946255306
roberta_twitter_sentiment,250,53,0.002818276642151916,0.008983933674675721,0.006942781016954272,0.010448114439917928,0.0061696806234139345,0.008646966093857669
roberta_twitter_sentiment,250,54,0.002818276642151916,-0.007621084307347102,0.003892610923711027,0.005935974309446485,0.003370102815640568,0.007527897369714708
roberta_twitter_sentiment,250,55,0.002818276642151916,0.002484801631539797,0.013410674174481496,0.014422514264173899,0.011162900959044025,0.01618859387973282
roberta_twitter_sentiment,250,56,0.002818276642151916,0.01110087487383174,0.008500212801473448,0.008520148634797735,0.0038165009166206353,0.007952854260358935
roberta_twitter_sentiment,250,57,0.002818276642151916,0.0038505100768949667,0.011879265341728553,0.01792239467455007,0.006605698125282334,0.010123996423589392
roberta_twitter_sentiment,250,58,0.002818276642151916,0.007151026390055244,0.011976720672971048,0.017997025785880964,0.006419852102012225,0.016177302693931177
roberta_twitter_sentiment,250,59,0.002818276642151916,0.005405224013561287,0.007925642492354801,0.007450449555663628,0.0014994119362206925,0.00768925378809293
roberta_twitter_sentiment,250,60,0.002818276642151916,0.0031503571953678915,0.01025790579908996,0.009931917850970202,0.0018615524251395787,0.010179485619916395
roberta_twitter_sentiment,250,61,0.002818276642151916,0.009167755638603179,0.006539782856837476,0.016404873877143195,0.0012522025925739329,0.004519885422269196
roberta_twitter_sentiment,250,62,0.002818276642151916,0.001969264397717147,0.0044764514877146735,0.01016755763407727,0.0028291868821018504,0.009596605082332987
roberta_twitter_sentiment,250,63,0.002818276642151916,0.002061739694494755,0.009078549763993733,0.01145316471763699,0.004271255404691997,0.007381348304623256
roberta_twitter_sentiment,250,64,0.002818276642151916,0.008255904760629587,0.011196766050909777,0.017316715483404726,0.006914587501278789,0.010115893266784333
roberta_twitter_sentiment,250,65,0.002818276642151916,0.010221309790733251,0.006037271440195168,0.014395454978492312,0.0017428689902700412,0.006261183876196189
roberta_twitter_sentiment,250,66,0.002818276642151916,0.0016210141522588213,0.00986325728893929,0.01897395675642954,0.00848834807559551,0.01659797048674296
roberta_twitter_sentiment,250,67,0.002818276642151916,0.002668820202699125,0.009008224307927972,0.012503076592354029,0.004560267530457983,0.010338145549530931
roberta_twitter_sentiment,250,68,0.002818276642151916,0.005656161407978635,0.010883666185172499,0.022948354470450995,0.007459536958363051,0.011443745400850318
roberta_twitter_sentiment,250,69,0.002818276642151916,0.004071382080971008,0.006949452816913521,0.015538024953538006,0.009005962786895992,0.014144881871345005
roberta_twitter_sentiment,250,70,0.002818276642151916,-0.00020745577405291904,0.011184390335045296,0.015826501990638807,0.00545114732888898,0.014544237377100882
roberta_twitter_sentiment,250,71,0.002818276642151916,0.01113219967402668,0.007003394707223323,0.008092103125581134,0.0004491410709482167,0.006393607231025377
roberta_twitter_sentiment,250,72,0.002818276642151916,-0.0034399682861280295,0.00658202431368926,0.00789195553482282,0.004642591172049666,0.00933363513785745
roberta_twitter_sentiment,250,73,0.002818276642151916,0.005295793961031542,0.013223636506519077,0.016031767613070416,0.010545441466675973,0.012038349631866806
roberta_twitter_sentiment,250,74,0.002818276642151916,0.006200222535589686,0.009670989990946387,0.009493085908010913,0.0016252734772692298,0.009253252002081939
roberta_twitter_sentiment,250,75,0.002818276642151916,-0.0014948548448008214,0.00306913059837122,0.006743045718511962,0.001686554143085993,0.009132507128606792
roberta_twitter_sentiment,250,76,0.002818276642151916,0.008829668674456297,0.017311991566938002,0.018522258580626127,0.010559552926138848,0.016740235266453383
roberta_twitter_sentiment,250,77,0.002818276642151916,-0.01072395301987221,0.0038709006898520514,0.007332577861675821,0.0019659382482633534,0.00688621041203193
roberta_twitter_sentiment,250,78,0.002818276642151916,0.009397361843011891,0.009163093634695989,0.009124358469045035,0.004675577413288887,0.006722094025004217
roberta_twitter_sentiment,250,79,0.002818276642151916,-0.0033942249419951576,0.003925177360891094,0.009409928189934648,0.001358241186677352,0.004268308789851242
roberta_twitter_sentiment,250,80,0.002818276642151916,0.0061415752976120876,0.007383408813864955,0.010850022107652154,0.0013771253838695426,0.016891772794816518
roberta_twitter_sentiment,250,81,0.002818276642151916,0.01384000833467757,0.016884854487352857,0.02322909326113234,0.016982196269790452,0.020587621337289204
roberta_twitter_sentiment,250,82,0.002818276642151916,-0.0017375375945798094,0.004675597961628061,0.00791014785136319,0.0028313874834489453,0.006612385729259187
roberta_twitter_sentiment,250,83,0.002818276642151916,0.008864362999345324,0.010271413178357312,0.013728869423673077,0.004440907158783376,0.02013835872142898
roberta_twitter_sentiment,250,84,0.002818276642151916,0.002624349648953317,0.009555063599159856,0.014359964769283636,0.004466075050195319,0.012470994427209468
roberta_twitter_sentiment,250,85,0.002818276642151916,0.020328314254339324,0.01236311677376449,0.014349730633210506,0.007037985821983575,0.010652572950043331
roberta_twitter_sentiment,250,86,0.002818276642151916,0.014889488434882915,0.01842023097561902,0.02304086565308493,0.013756159795595163,0.02442689660007876
roberta_twitter_sentiment,250,87,0.002818276642151916,0.0027003796518046005,0.012800275598431343,0.013654928757483989,0.006572541901476754,0.014908807244109205
roberta_twitter_sentiment,250,88,0.002818276642151916,-0.0020947538972377567,0.007480218499083651,0.012574738572459672,0.008521349856346127,0.00963648608411746
roberta_twitter_sentiment,250,89,0.002818276642151916,0.0008108826545520207,0.010023660285532988,0.01602995545569501,0.012156238942002125,0.015517238472380587
roberta_twitter_sentiment,250,90,0.002818276642151916,-0.007722968911272298,0.00574825403300562,0.009343654903574812,0.0039947844916139764,0.007173510214035936
roberta_twitter_sentiment,250,91,0.002818276642151916,0.0028295952730290914,0.009037061401643252,0.014820867005100475,0.007437836684814383,0.015548629573444916
roberta_twitter_sentiment,250,92,0.002818276642151916,0.009512031722071613,0.016238184262999476,0.019883915343231147,0.011643627270314762,0.014243147002322069
roberta_twitter_sentiment,250,93,0.002818276642151916,0.01616851770135445,0.015299042181067037,0.02209940242324984,0.016498420149824475,0.020822692613749166
roberta_twitter_sentiment,250,94,0.002818276642151916,0.0005522552049552671,0.012773149971820136,0.010342568749370663,0.0012772768095178021,0.008459297577656968
roberta_twitter_sentiment,250,95,0.002818276642151916,0.007583062824210877,0.004276778948544098,0.006670540812217389,0.004696213395869302,0.008503466474578574
roberta_twitter_sentiment,250,96,0.002818276642151916,0.0031325318716812992,0.012041537307134753,0.022938659369948544,0.004124412705196237,0.01448851694424498
roberta_twitter_sentiment,250,97,0.002818276642151916,0.007288176997144969,0.008330810617696095,0.008609731200309265,0.0008160439676176602,0.009403942611686032
roberta_twitter_sentiment,250,98,0.002818276642151916,-0.006785497147945527,0.008382692185542169,0.01186002534413681,0.008289529612551229,0.01076740832534312
roberta_twitter_sentiment,250,99,0.002818276642151916,-0.011302456689804029,0.014054314572746323,0.01203647967111193,0.008673331167945997,0.017227227245146588
roberta_twitter_sentiment,250,100,0.002818276642151916,0.003765859905463221,0.01033203534505609,0.01859905790203468,0.003531965494820449,0.006000366736547606
roberta_twitter_sentiment,250,101,0.002818276642151916,-0.013469686418203628,0.002731849218031848,0.006808977458255017,0.0023148117331793475,0.006962647325641612
roberta_twitter_sentiment,250,102,0.002818276642151916,-0.003675200449141362,0.01102605444574451,0.015394303727882482,0.002325546974175182,0.014352837097794365
roberta_twitter_sentiment,250,103,0.002818276642151916,0.005139960420966359,0.00874039646217831,0.013685598490671,0.006752250995246966,0.013070144431318596
roberta_twitter_sentiment,250,104,0.002818276642151916,0.012633197079691448,0.010406301058933753,0.011798128029651512,0.0017069852047167655,0.014312443484918176
roberta_twitter_sentiment,250,105,0.002818276642151916,-0.0005344010914256101,0.009643043837524184,0.013258035518531273,0.0048683988851158586,0.014508738688955705
roberta_twitter_sentiment,250,106,0.002818276642151916,-0.003447985097683955,0.007106345394797191,0.010542713627254926,0.0029448419682486858,0.007284261159735555
roberta_twitter_sentiment,250,107,0.002818276642151916,-0.007416710710610483,0.003351085070467875,0.007687907763701568,0.00128530622993804,0.007077772133414166
roberta_twitter_sentiment,250,108,0.002818276642151916,-0.007582028136845725,0.004262269836760934,0.00551143161709626,0.0018731010675087374,0.0037097165744888693
roberta_twitter_sentiment,250,109,0.002818276642151916,-0.001181663342995339,0.007373740263545451,0.010986101637974654,0.0025985447126239663,0.004638319706489594
roberta_twitter_sentiment,250,110,0.002818276642151916,0.0035097038387740032,0.004388941090369579,0.012156253055122333,0.0022601222256733874,0.012258719179004753
roberta_twitter_sentiment,250,111,0.002818276642151916,-0.005483407285441191,0.006627916288458099,0.011360566847432215,0.003404431115111901,0.007399389357959815
roberta_twitter_sentiment,250,112,0.002818276642151916,0.0024042028110124562,0.004639941423185627,0.010266885175462426,0.0033674819398404475,0.005124428219789491
roberta_twitter_sentiment,250,113,0.002818276642151916,0.002784374273492192,0.007826759659876005,0.010752736561829875,0.00409702536181713,0.012597866363140902
roberta_twitter_sentiment,250,114,0.002818276642151916,0.013843940907074305,0.014194816305583413,0.019016480570537758,0.00595004859892652,0.01526484336150646
roberta_twitter_sentiment,250,115,0.002818276642151916,0.0031872682150557393,0.006918300090534604,0.009329901409543689,0.0035302961700176046,0.007945856434363843
roberta_twitter_sentiment,250,116,0.002818276642151916,0.0007175031954174993,0.00915608106574605,0.012208016116955052,0.0035942989163629396,0.011008344551600545
roberta_twitter_sentiment,250,117,0.002818276642151916,0.0007717716098370637,0.009985859991513852,0.01059934789142394,0.0026996869282224045,0.011045531895199806
roberta_twitter_sentiment,250,118,0.002818276642151916,-0.00610824445195691,0.00613944404592878,0.013105812564982004,0.006507411388690409,0.010201842654104626
roberta_twitter_sentiment,250,119,0.002818276642151916,0.012743423787997532,0.010784646783219975,0.017530584318800207,0.0047396001853993236,0.014317323999347953
roberta_twitter_sentiment,250,120,0.002818276642151916,0.000778097249524111,0.007840501569537034,0.011000936936671996,0.004871823038282491,0.012694835796687443
roberta_twitter_sentiment,250,121,0.002818276642151916,0.0026595637172759728,0.005921115196681959,0.009547182080002275,0.003182647496885513,0.009594267523507446
roberta_twitter_sentiment,250,122,0.002818276642151916,-0.0007577951433260637,0.007167235767671492,0.015438767702162789,0.008512000770754197,0.013356343303053351
roberta_twitter_sentiment,250,123,0.002818276642151916,0.004152443108560164,0.014646626685117948,0.013485065387551948,0.005117201442723662,0.00945310291365778
roberta_twitter_sentiment,250,124,0.002818276642151916,0.0035629074609550126,0.004069485683178011,0.011542844498092664,0.004124404967904933,0.006334724504677664
roberta_twitter_sentiment,250,125,0.002818276642151916,-0.012447116495160303,0.007754086106842851,0.008370970896335605,0.004880425558341598,0.0072654725153064115
roberta_twitter_sentiment,250,126,0.002818276642151916,0.0009352867817722679,0.01276712930827669,0.017641974111989818,0.001430065961668038,0.01568586311230192
roberta_twitter_sentiment,250,127,0.002818276642151916,-0.0042658540628352695,0.004418886807611938,0.006627662755195747,0.0032354823255843126,0.007475606159971589
roberta_twitter_sentiment,250,128,0.002818276642151916,0.012557459581042828,0.01354030885990535,0.018139268607369224,0.005272208409970751,0.00957768115657833
roberta_twitter_sentiment,250,129,0.002818276642151916,0.000978415411101432,0.004241467206305248,0.005279171276668577,0.002459120082997938,0.007358862435213883
roberta_twitter_sentiment,250,130,0.002818276642151916,0.013172545073559515,0.006821827381069679,0.009485175894867404,0.0035024333847164255,0.012243053651152292
roberta_twitter_sentiment,250,131,0.002818276642151916,0.004666743837472645,0.012566600271608741,0.011024483507496774,0.006021874834399091,0.010036995999051126
roberta_twitter_sentiment,250,132,0.002818276642151916,-0.0035164217149133356,0.00948212592813525,0.00817812552853043,0.0022249273807682323,0.0073512108651688085
roberta_twitter_sentiment,250,133,0.002818276642151916,-0.004576682018357859,0.013056803006207502,0.012735585438450556,0.004091775171552344,0.012636733606321773
roberta_twitter_sentiment,250,134,0.002818276642151916,0.02156191719989698,0.018549530300162688,0.023098671851276315,0.011167541000199637,0.02729028557729295
roberta_twitter_sentiment,250,135,0.002818276642151916,0.025754818664523216,0.02185309407175192,0.030828583105563554,0.005134511023406974,0.014450886827195461
roberta_twitter_sentiment,250,136,0.002818276642151916,-0.0027834400965838666,0.0062067399349940615,0.012121674538423433,0.004870230168519796,0.007557014868611992
roberta_twitter_sentiment,250,137,0.002818276642151916,0.0023511269503488567,0.014308362846461163,0.018446259621207616,0.012026200793704927,0.017253492545552092
roberta_twitter_sentiment,250,138,0.002818276642151916,0.0037125847607068036,0.011212301037315036,0.015921996904702355,0.004684621384765216,0.00966967385261801
roberta_twitter_sentiment,250,139,0.002818276642151916,0.017061773900296534,0.016248074885408016,0.015945625926540034,0.015003259160090786,0.022630227350922967
roberta_twitter_sentiment,250,140,0.002818276642151916,-0.003794825725885965,0.003154558254412895,0.004876342422537821,0.0007419963045409795,0.0057242996799755155
roberta_twitter_sentiment,250,141,0.002818276642151916,0.009020184540095783,0.016758551585916312,0.02091724715241457,0.003603146053436256,0.012788344609164122
roberta_twitter_sentiment,250,142,0.002818276642151916,0.007325039257866229,0.006853238613614477,0.014053918901506349,0.010739614345406854,0.01452429009278532
roberta_twitter_sentiment,250,143,0.002818276642151916,0.0027694006415275325,0.004652255093673155,0.009780754678183588,0.0014254106211493975,0.004461090321458861
roberta_twitter_sentiment,250,144,0.002818276642151916,0.00533538056334544,0.00704072941445638,0.011322489551615442,0.005558661034910636,0.009121098762191186
roberta_twitter_sentiment,250,145,0.002818276642151916,0.010803254394262472,0.012141966531854384,0.01844764181347157,0.008942336598773536,0.011442213182425645
roberta_twitter_sentiment,250,146,0.002818276642151916,0.0026488682391838233,0.010287517309410812,0.014121932954975207,0.0028479200993799456,0.014761468389746183
roberta_twitter_sentiment,250,147,0.002818276642151916,0.0015451791153282674,0.005307794940041169,0.007856289113000764,0.00452283754660208,0.00830109421977856
roberta_twitter_sentiment,250,148,0.002818276642151916,0.013699136079573421,0.008199796422773364,0.019720755458116006,0.009655560976978662,0.017542298480345237
roberta_twitter_sentiment,250,149,0.002818276642151916,-0.0035266535296096624,0.009255764089269019,0.013124187324573624,0.004855163129448073,0.01832018410164806
roberta_twitter_sentiment,250,150,0.002818276642151916,-0.0038979668357102793,0.013836236703831394,0.016967085279616777,0.00882846678441069,0.01479748102956478
roberta_twitter_sentiment,250,151,0.002818276642151916,-0.008346929976290532,0.005038040758854408,0.005293281013296169,0.0019112164308005054,0.004531585728767158
roberta_twitter_sentiment,250,152,0.002818276642151916,0.011463240336040102,0.013811608403761905,0.016236671905293973,0.010305046504467437,0.014769857187982733
roberta_twitter_sentiment,250,153,0.002818276642151916,0.004430176883620121,0.004585852907400181,0.011593222457810859,0.0020723644479068155,0.007916153341971285
roberta_twitter_sentiment,250,154,0.002818276642151916,0.004874468232089241,0.010023121647425332,0.011594518730605442,0.0020873354286191134,0.009754038763884625
roberta_twitter_sentiment,250,155,0.002818276642151916,0.004523569585790602,0.012389094555634514,0.012343307665543249,0.005279320846805853,0.012141927358753161
roberta_twitter_sentiment,250,156,0.002818276642151916,0.008497263584991225,0.011425756727905521,0.009835423202697816,0.006947433526515623,0.009482575606482031
roberta_twitter_sentiment,250,157,0.002818276642151916,0.004575764792824789,0.004951842962111481,0.011478890902171947,0.0010885569834995481,0.006593587272886364
roberta_twitter_sentiment,250,158,0.002818276642151916,0.0038735411715969327,0.003814452605623283,0.006578246939126622,0.0017385389166225864,0.007203820947165745
roberta_twitter_sentiment,250,159,0.002818276642151916,-0.009015985749341425,0.010977404002595914,0.015154955843024395,0.004947784251546531,0.009505315581150942
roberta_twitter_sentiment,250,160,0.002818276642151916,-0.005334165309812352,0.006738319925691793,0.011076487413679288,0.0033516819910522663,0.008951719251257668
roberta_twitter_sentiment,250,161,0.002818276642151916,0.001820633547527887,0.004660622593569725,0.013440433984361993,0.006954814147781691,0.011727335466156766
roberta_twitter_sentiment,250,162,0.002818276642151916,0.0005950707193620425,0.004806377601089008,0.007301555775413977,0.002084200240466814,0.0037853637868902057
roberta_twitter_sentiment,250,163,0.002818276642151916,0.0012470002688807927,0.008196332142266402,0.012288803500085767,0.0013995543282071237,0.012836761510266142
roberta_twitter_sentiment,250,164,0.002818276642151916,0.004051487185012431,0.01340273621624941,0.016597322276814645,0.008853356701226016,0.014240913032441387
roberta_twitter_sentiment,250,165,0.002818276642151916,0.0013150421178040042,0.017085020194904793,0.01547496449249934,0.0016072722548243666,0.013138034080704025
roberta_twitter_sentiment,250,166,0.002818276642151916,0.013224164421236513,0.027871871176879733,0.022544407996620067,0.005718861248171618,0.022469756820752314
roberta_twitter_sentiment,250,167,0.002818276642151916,0.00037742595906453127,0.005992471999650772,0.015437539563569278,0.0032423130247419924,0.010136444035653301
roberta_twitter_sentiment,250,168,0.002818276642151916,-0.0034280142284929694,0.007973131802610858,0.01066855977756586,0.0036673493790476065,0.011344930556288315
roberta_twitter_sentiment,250,169,0.002818276642151916,-0.0025154100768966722,0.007903372088385685,0.010048290144091985,0.00646237290752337,0.010473714296759713
roberta_twitter_sentiment,250,170,0.002818276642151916,0.006511087714734039,0.0201654968021655,0.02390641034032585,0.010151503582334175,0.024875992290536508
roberta_twitter_sentiment,250,171,0.002818276642151916,0.012523040211370772,0.009442083307205987,0.010163583221765419,0.003438058734776408,0.004421857792139075
roberta_twitter_sentiment,250,172,0.002818276642151916,-0.007729965875589129,0.008277155037373841,0.00952172372835605,0.0019901651138312677,0.00554731537443909
roberta_twitter_sentiment,250,173,0.002818276642151916,-0.003545133207390725,0.006295097024495673,0.008178854389951752,0.004999915433563993,0.00604108627625326
roberta_twitter_sentiment,250,174,0.002818276642151916,-0.0007687976447607703,0.012614255930095788,0.01529151668694132,0.007046058587140648,0.011234385806271034
roberta_twitter_sentiment,250,175,0.002818276642151916,0.011310008776070881,0.018215210602970305,0.0188879295358632,0.012575360962351533,0.01653414770276227
roberta_twitter_sentiment,250,176,0.002818276642151916,-0.011920789773740413,0.003126106901639917,0.004775777248104454,0.0013080920746349764,0.0018673094319955597
roberta_twitter_sentiment,250,177,0.002818276642151916,0.007305527893583966,0.012378802914290716,0.013960183111435239,0.007126613842655255,0.01165070358827698
roberta_twitter_sentiment,250,178,0.002818276642151916,-0.005134483774865982,0.002814222610494303,0.00934856005039508,0.002816391841797139,0.0049901836110025685
roberta_twitter_sentiment,250,179,0.002818276642151916,0.0006544059050198489,0.006353105407052178,0.01042514766606378,0.0030472206131707054,0.0062500419278085865
roberta_twitter_sentiment,250,180,0.002818276642151916,-0.007992439159953423,0.005219432381036223,0.009021955262519981,0.0020978188877504,0.006867989075582525
roberta_twitter_sentiment,250,181,0.002818276642151916,0.0046177113630674884,0.018688615435849657,0.022019092040537477,0.008855102437940604,0.017240613306162104
roberta_twitter_sentiment,250,182,0.002818276642151916,0.0064700463408951464,0.014453723710387062,0.022667713648981742,0.003311438079665433,0.009763614700106374
roberta_twitter_sentiment,250,183,0.002818276642151916,-0.0024712124637651114,0.009940440657418623,0.015989219273191725,0.009274029346809327,0.011908253894781586
roberta_twitter_sentiment,250,184,0.002818276642151916,0.014103638188400647,0.021339149634018225,0.025191635750174454,0.012932020325075422,0.023795251913764193
roberta_twitter_sentiment,250,185,0.002818276642151916,0.01672779582389691,0.012858366205958765,0.019839599551285763,0.004607628689147548,0.010158252827315778
roberta_twitter_sentiment,250,186,0.002818276642151916,0.010910084988371444,0.010441179410648616,0.014916134140303449,0.009065183281522558,0.014517598766276901
roberta_twitter_sentiment,250,187,0.002818276642151916,-0.0012547666885577532,0.009743820879853336,0.013882097882723465,0.0015212124322642356,0.010631625886251963
roberta_twitter_sentiment,250,188,0.002818276642151916,-0.007527436682606704,0.01007976553085479,0.019125954411783108,0.0013359925315699062,0.013541095087725448
roberta_twitter_sentiment,250,189,0.002818276642151916,-0.0017512588862086261,0.010854647898087908,0.01183080567968525,0.009300232592600101,0.012096724776783719
roberta_twitter_sentiment,250,190,0.002818276642151916,0.009340951023607793,0.009093209485788237,0.01086863351709531,0.003265939662236965,0.005824367566699472
roberta_twitter_sentiment,250,191,0.002818276642151916,0.020512212643978137,0.019233244760109767,0.02620784927087358,0.012824565915851205,0.022194952370329653
roberta_twitter_sentiment,250,192,0.002818276642151916,0.0025984535081990594,0.00727218705888328,0.01832538762922232,0.004229320990473982,0.011934741102692187
roberta_twitter_sentiment,250,193,0.002818276642151916,0.0013183544346089442,0.007933114023039041,0.017443248854435135,0.005559283665002447,0.013456408215508545
roberta_twitter_sentiment,250,194,0.002818276642151916,0.0034846967345263406,0.013756191125958847,0.014912756468861876,0.011765503372217304,0.012694446624593994
roberta_twitter_sentiment,250,195,0.002818276642151916,0.0062118153539986315,0.015188230361368092,0.01564341389202564,0.011121126596617818,0.016240763302750438
roberta_twitter_sentiment,250,196,0.002818276642151916,0.0007957413853243777,0.010052364485104251,0.011661489463985934,0.005614337011786395,0.008736007301932266
roberta_twitter_sentiment,250,197,0.002818276642151916,0.0061588721043897045,0.0077419892996010336,0.011118071704703279,0.0026486842080722978,0.008633482416082751
roberta_twitter_sentiment,250,198,0.002818276642151916,0.005105223767049577,0.005957294249815202,0.012540825464352588,0.0028294669609608596,0.010589987767798662
roberta_twitter_sentiment,250,199,0.002818276642151916,0.0001018616428519401,0.006711251695302482,0.011728407158921827,0.003774848029711663,0.010701621947694787
roberta_twitter_sentiment,500,0,0.002818276642151916,-0.0015998317866042426,0.004613028764480441,0.009439261552874993,0.004121562230797767,0.00943396070685134
roberta_twitter_sentiment,500,1,0.002818276642151916,0.007504618102485714,0.009050060311823429,0.01586744523825668,0.008485844455541939,0.017702625235639563
roberta_twitter_sentiment,500,2,0.002818276642151916,-0.00038798529685995066,0.0060125063241838195,0.008547668605402634,0.00630481310862874,0.010255810866546594
roberta_twitter_sentiment,500,3,0.002818276642151916,0.00027276303225040355,0.008022871711333009,0.01097405985286004,0.0035942377915719713,0.011119898129631805
roberta_twitter_sentiment,500,4,0.002818276642151916,0.002749931175378018,0.005007462322313405,0.011334200348325447,0.006464992897430485,0.010292666933084439
roberta_twitter_sentiment,500,5,0.002818276642151916,-0.0014812612314660254,0.0022494426409646754,0.00835167311302139,0.00232367382070906,0.01188087907237132
roberta_twitter_sentiment,500,6,0.002818276642151916,-0.0051356604073110835,0.006090480450576699,0.010634093001971694,0.006779592219981005,0.012293646126188898
roberta_twitter_sentiment,500,7,0.002818276642151916,0.002170480451380175,0.0059761976442827165,0.009166426286739332,0.004338167505026674,0.012141578208160425
roberta_twitter_sentiment,500,8,0.002818276642151916,0.015759176661338928,0.005980448147914271,0.014349496131426736,0.0035997396401727553,0.01905390266788915
roberta_twitter_sentiment,500,9,0.002818276642151916,0.006119300888168082,0.008201773777888199,0.012654963634689207,0.0045833482575963905,0.013547932616703205
roberta_twitter_sentiment,500,10,0.002818276642151916,0.012599667226767917,0.008302605684388339,0.013541873271845974,0.004361003821147666,0.013241860449923678
roberta_twitter_sentiment,500,11,0.002818276642151916,-0.007790183545168737,0.0062275358364564165,0.008415568941722979,0.0037312488925211984,0.010449471460207669
roberta_twitter_sentiment,500,12,0.002818276642151916,0.014819637443409745,0.0035111821824252536,0.013734453927717369,0.0015399455054340846,0.013136687321242388
roberta_twitter_sentiment,500,13,0.002818276642151916,-0.0019704305020491466,0.005936534991292702,0.011838526847710936,0.004109071385944506,0.00937165574976967
roberta_twitter_sentiment,500,14,0.002818276642151916,0.004499953307471841,0.007097923229912485,0.013286518211285781,0.006712261667032731,0.01461843709940577
roberta_twitter_sentiment,500,15,0.002818276642151916,0.011639973860517712,0.007172275022372596,0.016683227656883976,0.007021091268541722,0.018400801050254652
roberta_twitter_sentiment,500,16,0.002818276642151916,-0.001901657240280257,0.005005747714976285,0.007311392051208408,0.0053615270856423106,0.012827568284659335
roberta_twitter_sentiment,500,17,0.002818276642151916,0.008127935962798281,0.002833298915453949,0.0075353290396525194,0.0030589017970898114,0.013803445462260241
roberta_twitter_sentiment,500,18,0.002818276642151916,0.006324776549152352,0.004730493362394306,0.009788256825079084,0.004067052966875893,0.01099272287859768
roberta_twitter_sentiment,500,19,0.002818276642151916,0.004261824181452217,0.003972550964400428,0.01497005878805557,0.0030812722151945288,0.010398242914760294
roberta_twitter_sentiment,500,20,0.002818276642151916,-0.000643730202438869,0.008228172118500037,0.01478641972815877,0.007361601425418453,0.015670043571544248
roberta_twitter_sentiment,500,21,0.002818276642151916,0.0025378969102493646,0.004343784455290022,0.007282909939947111,0.0022672667479193423,0.00840038597055257
roberta_twitter_sentiment,500,22,0.002818276642151916,0.0013021473533608734,0.006583602870758616,0.010910673595131034,0.003965537279334199,0.015963597130365364
roberta_twitter_sentiment,500,23,0.002818276642151916,0.002635342513682418,0.006519154580814907,0.010408637368702478,0.0010643583065010488,0.01182032437135527
roberta_twitter_sentiment,500,24,0.002818276642151916,0.007904404046002133,0.005592684341025535,0.01192739445890983,0.006143490971519508,0.012298318629501868
roberta_twitter_sentiment,500,25,0.002818276642151916,0.010789222236579629,0.008295953895625974,0.015232640332638768,0.007580405933831451,0.015061933514256902
roberta_twitter_sentiment,500,26,0.002818276642151916,-0.0016188758504461678,0.004241836323603039,0.007209346962988403,0.0013649925481453897,0.010299058963853022
roberta_twitter_sentiment,500,27,0.002818276642151916,-0.007958018474250527,0.004356151723922173,0.0077958514707743825,0.002695243044777678,0.007586300894648118
roberta_twitter_sentiment,500,28,0.002818276642151916,0.009481123488760698,0.010912579479596719,0.013581767081506924,0.008964196628837526,0.01568303194800048
roberta_twitter_sentiment,500,29,0.002818276642151916,0.0012306160030023997,0.007526829165954821,0.011438772344028703,0.0065247286472311945,0.013641837372279537
roberta_twitter_sentiment,500,30,0.002818276642151916,-0.0013490773946551297,0.0030097094253288843,0.008679637843452728,0.0012777108171840056,0.009677781069746172
roberta_twitter_sentiment,500,31,0.002818276642151916,0.009516048016770456,0.008516858773813004,0.010688739876742426,0.005037137442474687,0.013647381000031092
roberta_twitter_sentiment,500,32,0.002818276642151916,0.0015531513448672877,0.003026264094183614,0.006411923351833059,0.0013572506397360176,0.009318119634181107
roberta_twitter_sentiment,500,33,0.002818276642151916,0.002025798305133844,0.011029525411097297,0.011714441769866565,0.007708372501041027,0.017294761928485152
roberta_twitter_sentiment,500,34,0.002818276642151916,0.0017091855833183036,0.003945426185986638,0.013141375735208736,0.003295123705381891,0.011773593179302877
roberta_twitter_sentiment,500,35,0.002818276642151916,0.00405338260813822,0.012174766987978704,0.01657652463503442,0.008714531967552534,0.01935121523594011
roberta_twitter_sentiment,500,36,0.002818276642151916,-0.007759026951479796,0.005839371720238329,0.009804482031139074,0.005403043718454668,0.008637516888954111
roberta_twitter_sentiment,500,37,0.002818276642151916,0.013480912488605504,0.008508425952951185,0.009169509792587094,0.005496112334035197,0.013358066388869449
roberta_twitter_sentiment,500,38,0.002818276642151916,0.009190809951381503,0.0022751348393522434,0.01233598581319201,0.0028120445130045894,0.010999148596105091
roberta_twitter_sentiment,500,39,0.002818276642151916,0.001675286209135041,0.0019718726915832862,0.007613745480348274,0.001951323227871864,0.009239992473430585
roberta_twitter_sentiment,500,40,0.002818276642151916,0.001239184325302335,0.003309795575849589,0.011796905904155355,0.0038788936398203347,0.014136467839035844
roberta_twitter_sentiment,500,41,0.002818276642151916,0.0026433309670272714,0.002580685997346893,0.008593254770073442,0.001993593142037416,0.009369926666903868
roberta_twitter_sentiment,500,42,0.002818276642151916,0.005967057857623402,0.00301038827092308,0.01038650351735292,0.004565996983573764,0.013066881350981914
roberta_twitter_sentiment,500,43,0.002818276642151916,0.013878337173037618,0.011536668182981118,0.018707812728375267,0.005221300638426932,0.01788765316270456
roberta_twitter_sentiment,500,44,0.002818276642151916,0.0022070283823025978,0.008710569504086956,0.011163211371192486,0.004930515558982108,0.014777603075514961
roberta_twitter_sentiment,500,45,0.002818276642151916,0.00756627262405064,0.002909986719365193,0.007795536138249633,0.0029753434904861782,0.008516469499147939
roberta_twitter_sentiment,500,46,0.002818276642151916,0.011632854427782849,0.010582745953825317,0.013535213158651426,0.006604301220260822,0.017620404085751253
roberta_twitter_sentiment,500,47,0.002818276642151916,0.005984981122047085,0.01113185987803475,0.013556315681018592,0.005499264268478485,0.013933484667425569
roberta_twitter_sentiment,500,48,0.002818276642151916,-0.0010304488686212006,0.007005651612634904,0.007889621537024806,0.0016012928345818169,0.010677996616177974
roberta_twitter_sentiment,500,49,0.002818276642151916,-0.004938882441565917,0.006068473078324251,0.009805578956757011,0.005157500974647761,0.01248040734127202
roberta_twitter_sentiment,500,50,0.002818276642151916,0.0035432330361635555,0.006082856893830878,0.011740225636645764,0.005725005847402747,0.017968230166106318
roberta_twitter_sentiment,500,51,0.002818276642151916,-0.002992694118399231,0.014497431502286735,0.01764583323043487,0.009781788609997715,0.019101642285339084
roberta_twitter_sentiment,500,52,0.002818276642151916,0.009265190279133294,0.006917635278491322,0.012819846606148537,0.007673521563528618,0.012388444815478296
roberta_twitter_sentiment,500,53,0.002818276642151916,-0.0027365707152372156,0.003620047706563393,0.006106060392667571,0.0027748349908279456,0.006980764084555625
roberta_twitter_sentiment,500,54,0.002818276642151916,0.0002803476793674902,0.006368154255888835,0.011628288842835044,0.004540051546387488,0.012439421314336795
roberta_twitter_sentiment,500,55,0.002818276642151916,0.001713605994769443,0.005403533582909153,0.00750801125179062,0.003172490381713556,0.010628898686959862
roberta_twitter_sentiment,500,56,0.002818276642151916,0.01469123549476291,0.011286685589059813,0.017761696900239186,0.00752093348413697,0.019815465633983502
roberta_twitter_sentiment,500,57,0.002818276642151916,-0.010154198794912857,0.0033620379505110622,0.0078836481663486,0.001189178665108673,0.007407350166343974
roberta_twitter_sentiment,500,58,0.002818276642151916,-0.005096994757227966,0.004125372588031213,0.009166167084849125,0.0021382957629885947,0.012001913986094695
roberta_twitter_sentiment,500,59,0.002818276642151916,0.004059916786199212,0.009961295193457525,0.016430140621276977,0.005479998903858848,0.014590230981806817
roberta_twitter_sentiment,500,60,0.002818276642151916,-0.0005661624300488701,0.007481547428855971,0.007971922917909078,0.0034642966646009944,0.009752673835348247
roberta_twitter_sentiment,500,61,0.002818276642151916,-0.004077528722726735,0.004644381525087749,0.008315415012487096,0.0034670912419466193,0.010660328768721392
roberta_twitter_sentiment,500,62,0.002818276642151916,-0.004304530296167246,0.004984441396795658,0.01067169470012234,0.0034549988099215815,0.009220072805934789
roberta_twitter_sentiment,500,63,0.002818276642151916,0.00560179009837943,0.007344242140634072,0.00945612352460465,0.005201299068569372,0.011365506152671472
roberta_twitter_sentiment,500,64,0.002818276642151916,-0.0031857441654689015,0.004777987554064196,0.010729338834979524,0.003774703756958581,0.011591377082775838
roberta_twitter_sentiment,500,65,0.002818276642151916,0.0036916303024620966,0.008883127726525263,0.013423079667618944,0.009222915287265144,0.020326421108734796
roberta_twitter_sentiment,500,66,0.002818276642151916,0.011498255564230179,0.007509172885426899,0.014286478271939943,0.005821991232711947,0.014340727169212423
roberta_twitter_sentiment,500,67,0.002818276642151916,-0.010594937508694554,0.0040670225206708415,0.008245792159482167,0.0031785531942995888,0.009284204799369214
roberta_twitter_sentiment,500,68,0.002818276642151916,-0.0002969718410267173,0.003024209371719359,0.005704053893977881,0.0004549944210834704,0.010818488687123587
roberta_twitter_sentiment,500,69,0.002818276642151916,0.0074975486244368865,0.006207165235596357,0.010434388049448311,0.005752998154401921,0.01458746507782923
roberta_twitter_sentiment,500,70,0.002818276642151916,0.005145521380883082,0.00627068538746169,0.011402512876024697,0.002567583096884487,0.014719671543933272
roberta_twitter_sentiment,500,71,0.002818276642151916,0.005697995576201582,0.009691426321180628,0.011759442218823449,0.00666033657272762,0.011471419649225082
roberta_twitter_sentiment,500,72,0.002818276642151916,-0.0030777046966062034,0.008143660026367244,0.011007698521477574,0.005527094170039261,0.011494396752510372
roberta_twitter_sentiment,500,73,0.002818276642151916,-0.0035580361027915787,0.0019114250776030883,0.010712784863878784,0.002401186815729168,0.009511491557471184
roberta_twitter_sentiment,500,74,0.002818276642151916,0.011389927243829643,0.010918503370155553,0.016521191914934556,0.003869784609996907,0.013372451292543596
roberta_twitter_sentiment,500,75,0.002818276642151916,-0.003910605099476868,0.0037396321303785336,0.011211894599341767,0.003327933724361321,0.014283958926256845
roberta_twitter_sentiment,500,76,0.002818276642151916,0.005197533466899315,0.011030456212826004,0.014232976341967598,0.007229668133656818,0.013776944046059877
roberta_twitter_sentiment,500,77,0.002818276642151916,-0.0005979625228227776,0.005792703651961373,0.012873762328418338,0.002610593176116276,0.013944444403589752
roberta_twitter_sentiment,500,78,0.002818276642151916,-0.0066719080266441095,0.0016998738468543386,0.005755168717397124,0.000907077807849124,0.004615757892471392
roberta_twitter_sentiment,500,79,0.002818276642151916,0.009080099892356502,0.007424386987820378,0.012664178287897229,0.005424591245125911,0.013732864544646266
roberta_twitter_sentiment,500,80,0.002818276642151916,0.011184011175383124,0.01292278164894585,0.01830097689321018,0.009635624015596428,0.018540768696838433
roberta_twitter_sentiment,500,81,0.002818276642151916,0.0035953360690233094,0.0052211383065977925,0.011127458255702449,0.0015552686756692695,0.011594770820028126
roberta_twitter_sentiment,500,82,0.002818276642151916,-0.006042271847977169,0.0037059932509420014,0.010072076125985012,0.005192723124157245,0.008169358945638782
roberta_twitter_sentiment,500,83,0.002818276642151916,0.0009504289889686474,0.0034837934781727932,0.008914260498617835,0.0035954339275512098,0.015012485416426583
roberta_twitter_sentiment,500,84,0.002818276642151916,0.014320274690063445,0.011892871467303374,0.01795520051618091,0.008250751820786368,0.020297796980031195
roberta_twitter_sentiment,500,85,0.002818276642151916,-0.0013122355983101964,0.004350513301879775,0.011786316820068494,0.004976069924270477,0.012761045562979096
roberta_twitter_sentiment,500,86,0.002818276642151916,-0.0005135184874171501,0.006036452030322511,0.01001013508899225,0.004489609794165845,0.010122784732911946
roberta_twitter_sentiment,500,87,0.002818276642151916,0.0016471045106535528,0.006859582413988736,0.012860429486538332,0.005855756637697314,0.01505920285695721
roberta_twitter_sentiment,500,88,0.002818276642151916,-0.0025681353262339553,0.005124917733762977,0.011429569962631222,0.004100915182039525,0.012215113240824868
roberta_twitter_sentiment,500,89,0.002818276642151916,-0.0030088860485153017,0.008127537156001024,0.01614339597767072,0.004228947628743469,0.011856282837095028
roberta_twitter_sentiment,500,90,0.002818276642151916,0.00985615269541373,0.00952508636418904,0.015736366242468262,0.007529418624223487,0.021046680096897183
roberta_twitter_sentiment,500,91,0.002818276642151916,-0.001889846270682539,0.003616458419832007,0.008020673609417604,0.0009503480919280714,0.007918009333254471
roberta_twitter_sentiment,500,92,0.002818276642151916,0.0017749016321273131,0.008524549157705518,0.011011496021900546,0.003421036682005915,0.014298173436469292
roberta_twitter_sentiment,500,93,0.002818276642151916,-0.005464834427303252,0.0037225398660701496,0.006602481220429757,0.0036753064278048767,0.007558961478212098
roberta_twitter_sentiment,500,94,0.002818276642151916,-0.000387445552172202,0.003417928456826317,0.008383165750918659,0.0017914785455008535,0.009721323901849382
roberta_twitter_sentiment,500,95,0.002818276642151916,0.002962919712495289,0.005369524993708954,0.009042315998541868,0.002832236631832679,0.014317027278395948
roberta_twitter_sentiment,500,96,0.002818276642151916,0.01182419763197411,0.009284545425099511,0.014140010264361324,0.011458883239590927,0.015100877736294515
roberta_twitter_sentiment,500,97,0.002818276642151916,-0.005593350618728751,0.005178269402101018,0.007631604122603317,0.004565762244147808,0.01307448324904529
roberta_twitter_sentiment,500,98,0.002818276642151916,-0.006889632050626267,0.003744731773998279,0.00669186559907207,0.001781305472156726,0.010407555977174217
roberta_twitter_sentiment,500,99,0.002818276642151916,0.004486005602133362,0.005290780223430915,0.013490882108956964,0.0016997240537398415,0.015771452975097744
roberta_twitter_sentiment,500,100,0.002818276642151916,0.0045358799519338135,0.006369904762794324,0.012459078974523455,0.002997722640361962,0.013752220305960924
roberta_twitter_sentiment,500,101,0.002818276642151916,0.006241326500155827,0.004126878442619455,0.009380806246825395,0.004486270030125213,0.012067627151172758
roberta_twitter_sentiment,500,102,0.002818276642151916,0.006349937125535339,0.00743652746886855,0.017240182214687552,0.0071542180885380115,0.016253920162227722
roberta_twitter_sentiment,500,103,0.002818276642151916,-0.0014471972409034217,0.004525225444099551,0.010515184132206758,0.004357518258101668,0.009052740764678813
roberta_twitter_sentiment,500,104,0.002818276642151916,-0.0027447258005926373,0.0038740264044605484,0.009380168113038882,0.0016311267529500767,0.010685636637834053
roberta_twitter_sentiment,500,105,0.002818276642151916,0.005647996499724808,0.0030771846061131165,0.004764085783747491,0.0020746934423317683,0.007569537973116174
roberta_twitter_sentiment,500,106,0.002818276642151916,-0.004767083135546843,0.004858097681313749,0.007656193621795619,0.005326564244094305,0.011606109919262116
roberta_twitter_sentiment,500,107,0.002818276642151916,0.001399189396543407,0.004480907863335424,0.007468352840515277,0.003545664812202722,0.010839101828622593
roberta_twitter_sentiment,500,108,0.002818276642151916,0.005589437287349319,0.003754974249086516,0.008281672894630634,0.0021416441841329978,0.008317262470403632
roberta_twitter_sentiment,500,109,0.002818276642151916,0.01200668744653095,0.008348269917506472,0.017039549336606452,0.008544399794082912,0.018144925310657496
roberta_twitter_sentiment,500,110,0.002818276642151916,-0.0010397162950184188,0.0017215643046343385,0.0070459964719461875,0.003384424750954674,0.007109205326443794
roberta_twitter_sentiment,500,111,0.002818276642151916,0.00606143596138141,0.0037714657379013796,0.007523877386592916,0.0015798279642161284,0.0086649863795164
roberta_twitter_sentiment,500,112,0.002818276642151916,0.0021686035536868827,0.0045995942694529775,0.007029168041393231,0.0019264950885900108,0.011724985796811105
roberta_twitter_sentiment,500,113,0.002818276642151916,0.003324553763781854,0.0032828680851570246,0.009219155219611985,0.0022246711223584273,0.00994932887235168
roberta_twitter_sentiment,500,114,0.002818276642151916,0.010158554776667899,0.011541757977426254,0.01744693319963262,0.006796806197499347,0.01888712934948182
roberta_twitter_sentiment,500,115,0.002818276642151916,0.0015369094532631494,0.0033055051013284754,0.007630656872572185,0.00234664785690142,0.009868880751593659
roberta_twitter_sentiment,500,116,0.002818276642151916,0.00266225536132465,0.010013109477223206,0.012878303477109764,0.006027150507526605,0.020146567556704305
roberta_twitter_sentiment,500,117,0.002818276642151916,0.0014028264025328743,0.006145500100606157,0.0110533803029642,0.002587996076381946,0.010555254835476471
roberta_twitter_sentiment,500,118,0.002818276642151916,-0.004567497859612276,0.004225621539087962,0.007474931547151563,0.0018709999377704196,0.006546177964392718
roberta_twitter_sentiment,500,119,0.002818276642151916,0.015964429907045174,0.0134198059557484,0.022377818832258964,0.01277085452273036,0.022066653777860067
roberta_twitter_sentiment,500,120,0.002818276642151916,0.004682797469191904,0.002149967367170166,0.00849507457239287,0.00382769053981282,0.008269478739543559
roberta_twitter_sentiment,500,121,0.002818276642151916,0.0021946049942015242,0.006049773766541788,0.00938766717457023,0.0047038062339025515,0.013216128001218632
roberta_twitter_sentiment,500,122,0.002818276642151916,0.0038415513452161737,0.005849983275843099,0.008234693352609847,0.005291902381759768,0.009248129361840798
roberta_twitter_sentiment,500,123,0.002818276642151916,0.018774721110900203,0.012619961933400443,0.01850698506084669,0.0075576701638986055,0.02193589665143899
roberta_twitter_sentiment,500,124,0.002818276642151916,0.006479128885772392,0.010909804915804516,0.015183404109119447,0.007106415241268437,0.017697143528115702
roberta_twitter_sentiment,500,125,0.002818276642151916,0.0067368105255357,0.005866858828631591,0.010358955840841285,0.003424685322523047,0.012829296930968362
roberta_twitter_sentiment,500,126,0.002818276642151916,-0.00931965180721743,0.008252249749842983,0.01410900851750532,0.004623913588352825,0.012513621282800315
roberta_twitter_sentiment,500,127,0.002818276642151916,-0.006313602035833236,0.004318532148091442,0.007287720536450527,0.0017945782914764188,0.007847894104227541
roberta_twitter_sentiment,500,128,0.002818276642151916,-0.0010776897874903591,0.004894011266281586,0.011276273386577424,0.007835951142956642,0.010489337193601005
roberta_twitter_sentiment,500,129,0.002818276642151916,0.0024445725519567038,0.005081332294357169,0.014610038124747187,0.006225738552646653,0.017598133425630495
roberta_twitter_sentiment,500,130,0.002818276642151916,0.007280329680735491,0.005298125534878664,0.008847079301116214,0.0066215378770351895,0.011484531871854317
roberta_twitter_sentiment,500,131,0.002818276642151916,0.0018208933596560082,0.006523737523616072,0.012412777471296047,0.0037455028669966654,0.012001424053054157
roberta_twitter_sentiment,500,132,0.002818276642151916,-0.002421681178404154,0.0031800717424211714,0.010688854533527201,0.0018462088201061488,0.008767374650020926
roberta_twitter_sentiment,500,133,0.002818276642151916,-0.0020459321954455294,0.0031714334029630973,0.008019988661764649,0.001943955055741512,0.009832500856459883
roberta_twitter_sentiment,500,134,0.002818276642151916,0.01615088362151757,0.005972234615659977,0.012769860949213101,0.004787219459546478,0.019785991003925148
roberta_twitter_sentiment,500,135,0.002818276642151916,-0.0006560955639441648,0.011196358482271558,0.012881758779147472,0.0075178402210785335,0.016089355585625485
roberta_twitter_sentiment,500,136,0.002818276642151916,5.736529030344606e-07,0.006478940052755787,0.010881335056635837,0.004503963374520452,0.01098880302329932
roberta_twitter_sentiment,500,137,0.002818276642151916,0.0002685498669093631,0.010610970768856578,0.011445617822985987,0.003657155588769323,0.012351732035173766
roberta_twitter_sentiment,500,138,0.002818276642151916,0.0013014171031152447,0.006700197566156132,0.012691781284929576,0.003537271493382366,0.013956591682144264
roberta_twitter_sentiment,500,139,0.002818276642151916,0.00758678479850645,0.0055678019089333685,0.013843089049095111,0.003228726771673386,0.01359785614910404
roberta_twitter_sentiment,500,140,0.002818276642151916,-0.00024790874368874044,0.0030444715444387757,0.008554725083418993,0.002170850995213092,0.009541731312666639
roberta_twitter_sentiment,500,141,0.002818276642151916,6.999580047632259e-05,0.010803469221570777,0.014390116961924033,0.010744334633714832,0.014255298451747533
roberta_twitter_sentiment,500,142,0.002818276642151916,0.001936497414243751,0.0021009011962629712,0.009190993381239815,0.001976299532176974,0.007466326516504059
roberta_twitter_sentiment,500,143,0.002818276642151916,-0.006165885902442183,0.003605362036828019,0.007782104954342147,0.00211281267066232,0.006971736440247899
roberta_twitter_sentiment,500,144,0.002818276642151916,0.0028883234074261075,0.006466407496423247,0.010064918701987965,0.004918426265083866,0.009785694257298602
roberta_twitter_sentiment,500,145,0.002818276642151916,0.015249788392539623,0.01003559871090112,0.018936370789425984,0.007616959875835405,0.017590523174536896
roberta_twitter_sentiment,500,146,0.002818276642151916,0.008877821890691185,0.009947156419924413,0.012604593307917973,0.006803416536151319,0.018391709946221958
roberta_twitter_sentiment,500,147,0.002818276642151916,0.008845497393684463,0.01051802092165864,0.011989194716643975,0.005518357930384702,0.013674002490569688
roberta_twitter_sentiment,500,148,0.002818276642151916,0.0004570426537820725,0.006721285666562236,0.011978143445095377,0.0050836348610010535,0.01330816199291623
roberta_twitter_sentiment,500,149,0.002818276642151916,0.004567285151188766,0.005563531739656457,0.00872476413450331,0.0026117775182652792,0.008121699782360941
roberta_twitter_sentiment,500,150,0.002818276642151916,0.013531941951353096,0.007403709166228592,0.01391350187975618,0.007491432020380053,0.01921329879623976
roberta_twitter_sentiment,500,151,0.002818276642151916,0.013752978931060743,0.00967922785548159,0.015250527312534049,0.007567049203659538,0.014581883511605422
roberta_twitter_sentiment,500,152,0.002818276642151916,0.004315803406753381,0.0072116426903455575,0.00825554984111737,0.0063903022761816405,0.010314672428199216
roberta_twitter_sentiment,500,153,0.002818276642151916,-0.005683371602022187,0.006392354148523731,0.00910671304471708,0.005796821270798555,0.008393593176400605
roberta_twitter_sentiment,500,154,0.002818276642151916,0.006418876138608882,0.009485763003332402,0.012579979436008979,0.003571825304227041,0.01631920033665237
roberta_twitter_sentiment,500,155,0.002818276642151916,0.00517676427348138,0.0045433510549137725,0.01036953236828044,0.0025527034658600384,0.010903093851372472
roberta_twitter_sentiment,500,156,0.002818276642151916,-0.006471156357584143,0.005710818543773542,0.009785958984568346,0.007035646282084662,0.009663068785305035
roberta_twitter_sentiment,500,157,0.002818276642151916,0.01275224432781215,0.011684444553247296,0.017785836162654306,0.009751397684307177,0.020639285882692825
roberta_twitter_sentiment,500,158,0.002818276642151916,0.005696306196846261,0.013198911948444582,0.015745747762197296,0.009689694985501896,0.017178483144128506
roberta_twitter_sentiment,500,159,0.002818276642151916,0.004982189853681699,0.004888690514990165,0.01296113028516096,0.0015565778101184564,0.012410125236823855
roberta_twitter_sentiment,500,160,0.002818276642151916,0.0015736740346316807,0.009364676235042073,0.013126386772433619,0.007285578675947159,0.014446429717071699
roberta_twitter_sentiment,500,161,0.002818276642151916,0.015056880136787798,0.010165310896635643,0.014520708923291163,0.0062548675977793875,0.022697992583991345
roberta_twitter_sentiment,500,162,0.002818276642151916,0.008592732271603952,0.00978533578280357,0.015121270551897483,0.009783806686717115,0.016243215449776922
roberta_twitter_sentiment,500,163,0.002818276642151916,-0.0039164313164449125,0.004148291543196709,0.008937405945456717,0.001973836786387447,0.008492875785459006
roberta_twitter_sentiment,500,164,0.002818276642151916,0.012239015985986172,0.003865056522000092,0.010072123244279932,0.002401730752042434,0.011547341281862522
roberta_twitter_sentiment,500,165,0.002818276642151916,-0.0012391753829456246,0.00827222797054081,0.009269963764244264,0.005054475089098328,0.01362140448688982
roberta_twitter_sentiment,500,166,0.002818276642151916,-0.0065869968045565025,0.0031641611401086833,0.007192392238653216,0.001640825426435346,0.008385470392678486
roberta_twitter_sentiment,500,167,0.002818276642151916,0.002129095102082034,0.006241253722084559,0.010326961382090003,0.004509582752829392,0.011389357177794504
roberta_twitter_sentiment,500,168,0.002818276642151916,0.011742156203537623,0.0040940085051769425,0.010327732878878181,0.0006575890292978017,0.011615580891315317
roberta_twitter_sentiment,500,169,0.002818276642151916,0.004102056982847606,0.004040755867788743,0.013184920367349784,0.003630979181872938,0.014873364528048138
roberta_twitter_sentiment,500,170,0.002818276642151916,0.012073876752966891,0.007273292976246627,0.016884170681161745,0.006767124739809301,0.016385331048108905
roberta_twitter_sentiment,500,171,0.002818276642151916,5.6525839119577816e-05,0.0027969826335290226,0.00600270384175392,0.0020424160897861954,0.010443801537264817
roberta_twitter_sentiment,500,172,0.002818276642151916,-0.004496818207242514,0.005291754078633878,0.009565698502005976,0.004691074753669587,0.009486400099808126
roberta_twitter_sentiment,500,173,0.002818276642151916,0.008871060391288044,0.0017622906636065446,0.004856565558376098,0.0010084884130072724,0.011812573643775505
roberta_twitter_sentiment,500,174,0.002818276642151916,-0.0019453103130798257,0.002619479742424658,0.005754299525790576,0.003920008255013883,0.008475591653949541
roberta_twitter_sentiment,500,175,0.002818276642151916,-0.0017941871500157323,0.004016293743691445,0.008115099003670488,0.0016176267168176728,0.010050990100352711
roberta_twitter_sentiment,500,176,0.002818276642151916,0.007883570516412964,0.01424315273649816,0.017283755764216046,0.005128918354495264,0.017180062496455217
roberta_twitter_sentiment,500,177,0.002818276642151916,0.0028849466737490424,0.005067987222084213,0.009636426929746714,0.005043861295757678,0.011974414716870125
roberta_twitter_sentiment,500,178,0.002818276642151916,0.005506100934720284,0.00759925838575802,0.014753295070985493,0.0047511939363546985,0.015372265032549756
roberta_twitter_sentiment,500,179,0.002818276642151916,0.004413863471607641,0.006639578286705738,0.01067913912634421,0.0045308368123187295,0.01525518537298736
roberta_twitter_sentiment,500,180,0.002818276642151916,-0.0034057013959196965,0.008595654302968249,0.012172498423218995,0.01020816380508539,0.01572104867753268
roberta_twitter_sentiment,500,181,0.002818276642151916,-0.001499262371202836,0.002914427325632999,0.008169342998250846,0.002957623049107912,0.008179457840655959
roberta_twitter_sentiment,500,182,0.002818276642151916,0.0021265494808108743,0.0022831783507219782,0.009660909918139579,0.0031716787962805973,0.011245909424787521
roberta_twitter_sentiment,500,183,0.002818276642151916,0.0017942900043423247,0.00789177248759693,0.011603729411343048,0.004213591289259292,0.013950912566054267
roberta_twitter_sentiment,500,184,0.002818276642151916,0.0016149756746728844,0.0035935497237813002,0.009019506278375257,0.0024432141551671027,0.0075435372604957225
roberta_twitter_sentiment,500,185,0.002818276642151916,0.009102971718986939,0.007610181106330781,0.013705957997429083,0.006355283604503394,0.01541856094122581
roberta_twitter_sentiment,500,186,0.002818276642151916,0.0023893870988327755,0.004586983004720366,0.01139857602619101,0.004450925188668373,0.010948119739506544
roberta_twitter_sentiment,500,187,0.002818276642151916,0.005710713929678931,0.009040502417170599,0.011997228411241742,0.0024199012324690873,0.017033984741381066
roberta_twitter_sentiment,500,188,0.002818276642151916,0.009857184575522971,0.004515152512942671,0.01088600654418261,0.004696114884941102,0.013764848991887823
roberta_twitter_sentiment,500,189,0.002818276642151916,0.002980942667501926,0.008192089668797232,0.012407567587183754,0.0035041243541423066,0.010900758381090036
roberta_twitter_sentiment,500,190,0.002818276642151916,-0.0016864152378511133,0.007530634588602759,0.009851622540461893,0.0007741410722970233,0.013084898809040416
roberta_twitter_sentiment,500,191,0.002818276642151916,0.004070318503774815,0.0045807153884147,0.011686248256057215,0.004632335938072999,0.010443864389706672
roberta_twitter_sentiment,500,192,0.002818276642151916,-0.006065128294981057,0.008655052769632757,0.009369307594593956,0.0059485166996550674,0.011431719643683554
roberta_twitter_sentiment,500,193,0.002818276642151916,-0.0033044981752638884,0.0048571979148607355,0.009881238337048353,0.003636775993029401,0.011963413830269437
roberta_twitter_sentiment,500,194,0.002818276642151916,-0.0010298782170630207,0.00414104479624849,0.0076790778255307725,0.002967530873471256,0.009008643649212333
roberta_twitter_sentiment,500,195,0.002818276642151916,-0.005102877666030352,0.007029193265846583,0.01586763691759057,0.006850799460296695,0.015238198511997545
roberta_twitter_sentiment,500,196,0.002818276642151916,0.0018290138855708285,0.0032802493555301685,0.0075992591982672695,0.0020996251775820523,0.007833866738424941
roberta_twitter_sentiment,500,197,0.002818276642151916,-0.0017684243349040641,0.003385310623590401,0.010466721070481435,0.003302130133333761,0.011749624641345045
roberta_twitter_sentiment,500,198,0.002818276642151916,-0.0008763562978569619,0.0031299562374421486,0.00924039763855775,0.00291331414662862,0.01097266643910313
roberta_twitter_sentiment,500,199,0.002818276642151916,-0.0007895008279552322,0.010218452400233696,0.013526815743263532,0.0036578630693755707,0.013673467768428848
roberta_twitter_sentiment,750,0,0.002818276642151916,0.011452876671060418,0.005319725103389478,0.009592347029872182,0.005126872473732464,0.010895182734417275
roberta_twitter_sentiment,750,1,0.002818276642151916,0.010576191906361696,0.008394210333059433,0.016299727331183955,0.006611717473737816,0.01621648115894054
roberta_twitter_sentiment,750,2,0.002818276642151916,0.0008405980750198738,0.00637474227680058,0.01205534961440622,0.007169593794110387,0.015660968107886867
roberta_twitter_sentiment,750,3,0.002818276642151916,0.0011132386845913494,0.004599382490784484,0.0127656285624193,0.0038343880663956986,0.015057699833626145
roberta_twitter_sentiment,750,4,0.002818276642151916,0.004520231091845337,0.004837133769023213,0.008816658556401862,0.004996303077059889,0.0112222710157464
roberta_twitter_sentiment,750,5,0.002818276642151916,0.010006423625785304,0.0064214157987779845,0.009335547056170256,0.00570259502709392,0.009591724464174377
roberta_twitter_sentiment,750,6,0.002818276642151916,0.0018765779844173523,0.005675228488247247,0.010256343243953987,0.006833710255984816,0.012216653628050163
roberta_twitter_sentiment,750,7,0.002818276642151916,0.0024278816623103526,0.005623539440615539,0.009595379259056276,0.00304410527548648,0.010964686663835474
roberta_twitter_sentiment,750,8,0.002818276642151916,0.015361316851838381,0.007266895067565851,0.01684376658340909,0.010166859025882229,0.018544180862575692
roberta_twitter_sentiment,750,9,0.002818276642151916,0.011841754353564975,0.003169899930364389,0.012330985837897344,0.0041806420225174706,0.016285716291557333
roberta_twitter_sentiment,750,10,0.002818276642151916,0.010870645754359419,0.006069770997305342,0.010878112919048562,0.0056830453213398404,0.009960157993807284
roberta_twitter_sentiment,750,11,0.002818276642151916,0.012652233171693865,0.009319427501852759,0.014023069445977683,0.009127746021176933,0.016892276538832712
roberta_twitter_sentiment,750,12,0.002818276642151916,0.002798542421182386,0.004382772748608011,0.00908229462698254,0.0031473869317066943,0.01516467972871819
roberta_twitter_sentiment,750,13,0.002818276642151916,0.004198413511955929,0.006974924158012565,0.01060994390627166,0.006234823238041276,0.012355885603532318
roberta_twitter_sentiment,750,14,0.002818276642151916,-0.002058916503290235,0.004012989727375306,0.009088321433834796,0.00487908115123125,0.011644280059781886
roberta_twitter_sentiment,750,15,0.002818276642151916,-0.0001008130247976983,0.004954791383525104,0.00882669793138468,0.0037834154321028063,0.010738132779115298
roberta_twitter_sentiment,750,16,0.002818276642151916,0.0054511556569222675,0.002569634586777522,0.007100551058030576,0.0014696780868328966,0.007576901586390577
roberta_twitter_sentiment,750,17,0.002818276642151916,0.00523765850451898,0.004234747157710441,0.008352505951619668,0.005365148201543034,0.012329118900071533
roberta_twitter_sentiment,750,18,0.002818276642151916,-0.0010419499562520282,0.0048133002924254835,0.00937791177787884,0.004279740212927894,0.012355706962989883
roberta_twitter_sentiment,750,19,0.002818276642151916,0.009907308221696096,0.006332253972419962,0.012607497611599907,0.005784627656880092,0.014319448774684268
roberta_twitter_sentiment,750,20,0.002818276642151916,3.214341525803769e-05,0.00283643190289038,0.0056610207401743716,0.0018159404037998528,0.008843253659659205
roberta_twitter_sentiment,750,21,0.002818276642151916,-0.0010304056249327957,0.0029356871014008267,0.005567510989511931,0.0021431109880689593,0.008394707589542354
roberta_twitter_sentiment,750,22,0.002818276642151916,0.008099507984840219,0.009282926679874688,0.017251599471607808,0.0061946690302704804,0.01649179500050032
roberta_twitter_sentiment,750,23,0.002818276642151916,0.0027959395786333213,0.0035747964037028982,0.007852483869794431,0.0035366543036235588,0.01161130260619452
roberta_twitter_sentiment,750,24,0.002818276642151916,-0.0038888925305024316,0.007545987946842364,0.010785709442610213,0.006319254792282562,0.014065179576789166
roberta_twitter_sentiment,750,25,0.002818276642151916,0.012352034391649057,0.004726042947741004,0.011265833103892557,0.004423074522425188,0.016643933827995266
roberta_twitter_sentiment,750,26,0.002818276642151916,-0.001645734175331229,0.0042406030902040655,0.009745606847067765,0.0026140247854218373,0.010668465947882719
roberta_twitter_sentiment,750,27,0.002818276642151916,0.0024679249421581282,0.007974559779562023,0.01200258701083514,0.007998853753775362,0.013016752824863876
roberta_twitter_sentiment,750,28,0.002818276642151916,-0.002188604236396717,0.005727980391534343,0.008796764002686792,0.00602612649271708,0.010878459160877586
roberta_twitter_sentiment,750,29,0.002818276642151916,-0.0022480850317162337,0.0046398401624973586,0.00712284836767453,0.004188969565819178,0.011754642556128956
roberta_twitter_sentiment,750,30,0.002818276642151916,0.007635020030946521,0.0047721263001344345,0.0075844788398775976,0.0027165470360962364,0.01076428306594808
roberta_twitter_sentiment,750,31,0.002818276642151916,0.0015428983712032739,0.0027477424541562396,0.006334742490693332,0.0019245206834280883,0.010639213768394417
roberta_twitter_sentiment,750,32,0.002818276642151916,0.0022457955168942137,0.005375626459211676,0.012200233935860477,0.004004901002231974,0.01435377656570223
roberta_twitter_sentiment,750,33,0.002818276642151916,0.00738903344903406,0.010567897269914391,0.015348325321199093,0.010268685063307578,0.018670977692615966
roberta_twitter_sentiment,750,34,0.002818276642151916,0.007395708226728591,0.005308429567905656,0.010674097687263925,0.007869832710445801,0.014263887892397608
roberta_twitter_sentiment,750,35,0.002818276642151916,0.003099400789576422,0.003102951299071347,0.010527966596464771,0.002954538684237371,0.011847773848588143
roberta_twitter_sentiment,750,36,0.002818276642151916,0.00016277383946899468,0.005474384784010698,0.009588290792869008,0.006828950610109382,0.01262866673400895
roberta_twitter_sentiment,750,37,0.002818276642151916,0.0010173023063074931,0.0015287945354843114,0.0043513214348559716,0.001981020362477859,0.006172282648563245
roberta_twitter_sentiment,750,38,0.002818276642151916,-1.3140535651477649e-05,0.0028278233224071888,0.008839984937334648,0.0017592962346945813,0.012579198648557248
roberta_twitter_sentiment,750,39,0.002818276642151916,-0.000658724508005306,0.002673755083900403,0.008266623009878207,0.003430984053495015,0.008768246329718494
roberta_twitter_sentiment,750,40,0.002818276642151916,0.012551205038822393,0.006253192638417544,0.010049693307272496,0.00432783486124714,0.013280073842442956
roberta_twitter_sentiment,750,41,0.002818276642151916,0.005350147926015604,0.0033560134143382813,0.00869354963731493,0.005209253775155859,0.010506539855183114
roberta_twitter_sentiment,750,42,0.002818276642151916,0.002961792880257581,0.0048716732631653445,0.0075444892745534335,0.003532930692258977,0.012340848071589151
roberta_twitter_sentiment,750,43,0.002818276642151916,0.00618809269146022,0.00551754169119125,0.010611481649561605,0.0049512034395136646,0.011086871596416595
roberta_twitter_sentiment,750,44,0.002818276642151916,-0.006901567259167898,0.00428243898283429,0.009390301108144915,0.0038937150384534807,0.011725746434680056
roberta_twitter_sentiment,750,45,0.002818276642151916,0.0054646916830106045,0.009124707602145702,0.013078630629987242,0.008431596374573403,0.015541296274697698
roberta_twitter_sentiment,750,46,0.002818276642151916,0.002645126310258772,0.004076990737950833,0.006758517572949093,0.0024494638344001217,0.006767625777580169
roberta_twitter_sentiment,750,47,0.002818276642151916,0.005220797447258727,0.005739687200917053,0.011593980772351901,0.006015785057635474,0.012905415305386022
roberta_twitter_sentiment,750,48,0.002818276642151916,0.0006478036073324326,0.003493483547574499,0.006438080240541081,0.002894121353862696,0.014493390782949433
roberta_twitter_sentiment,750,49,0.002818276642151916,-0.003591855246354452,0.0033814527760760325,0.007745455655300222,0.0027259500725818546,0.010351678388756176
roberta_twitter_sentiment,750,50,0.002818276642151916,-0.00027366524684572504,0.007235387689578338,0.010838451275800805,0.007501870434908878,0.01254066580641649
roberta_twitter_sentiment,750,51,0.002818276642151916,0.011994947859170097,0.008057525674220238,0.012673341480361524,0.0076769179212731724,0.01824069474594708
roberta_twitter_sentiment,750,52,0.002818276642151916,0.003690747293346636,0.0052517567079705734,0.0091981710967091,0.004008694080869216,0.010387824570050769
roberta_twitter_sentiment,750,53,0.002818276642151916,0.004746072120838845,0.007905417079748997,0.00999690044002706,0.005744823319385963,0.013050986777728186
roberta_twitter_sentiment,750,54,0.002818276642151916,-0.000561736632060394,0.003235183434270312,0.006928862254387557,0.0038122395722244174,0.011233229819294645
roberta_twitter_sentiment,750,55,0.002818276642151916,-0.004152567065410797,0.0032068371341409706,0.010082999542249099,0.005797775186441255,0.011384207413740167
roberta_twitter_sentiment,750,56,0.002818276642151916,-0.0008276534713111969,0.004819097320887464,0.009437864089685891,0.003780243628149207,0.012038855781677515
roberta_twitter_sentiment,750,57,0.002818276642151916,0.002824648808947135,0.002052403821326789,0.007469256713137493,0.0010847250156766962,0.009558294641606329
roberta_twitter_sentiment,750,58,0.002818276642151916,0.009266163197637775,0.005901714187188422,0.0074387587461921725,0.005512045045245596,0.011205264696124803
roberta_twitter_sentiment,750,59,0.002818276642151916,0.0032819666288938128,0.0021730824313679824,0.011109581308000953,0.005548905698126851,0.010781467287183629
roberta_twitter_sentiment,750,60,0.002818276642151916,0.001879093545253176,0.007332836669832334,0.011816270070373043,0.007479237398561237,0.01389513741946808
roberta_twitter_sentiment,750,61,0.002818276642151916,-0.00021306393352187107,0.004080680406281176,0.011168547936051468,0.0038810975515523524,0.01118713235487395
roberta_twitter_sentiment,750,62,0.002818276642151916,0.007709174451009346,0.004547696203495619,0.009797283649242325,0.002496955586870634,0.011454263564884486
roberta_twitter_sentiment,750,63,0.002818276642151916,0.0004283983764627065,0.007230007749874415,0.012049421540923136,0.005428946730363606,0.011550333483488892
roberta_twitter_sentiment,750,64,0.002818276642151916,-0.0001042989371198247,0.003045093877632148,0.007545739015189337,0.0032170183470144964,0.008895837996768945
roberta_twitter_sentiment,750,65,0.002818276642151916,0.008070682984722225,0.003759736882013956,0.009059614547866803,0.004392691911323336,0.013000926568137828
roberta_twitter_sentiment,750,66,0.002818276642151916,0.006574127204893157,0.004520935081768115,0.008757776289044368,0.005778538747592018,0.013514129817191292
roberta_twitter_sentiment,750,67,0.002818276642151916,0.004480106859641442,0.008065539628941644,0.011319754100933724,0.007403925960472102,0.016849284817815648
roberta_twitter_sentiment,750,68,0.002818276642151916,0.0007623028878166873,0.004023177068628789,0.007538373162744652,0.003680008346501019,0.01244221833634217
roberta_twitter_sentiment,750,69,0.002818276642151916,0.006272971631183664,0.004956662239209228,0.008830074579060349,0.004238358748252333,0.013359081792652203
roberta_twitter_sentiment,750,70,0.002818276642151916,0.0009913182443498528,0.008805233344982141,0.010068926165617985,0.0075976636539797126,0.012953313261859282
roberta_twitter_sentiment,750,71,0.002818276642151916,0.010344112660873789,0.0029700334045842545,0.010867657504976933,0.003048654617490172,0.013018292753039316
roberta_twitter_sentiment,750,72,0.002818276642151916,-0.004264004071516069,0.0022521634671015187,0.005783964503427773,0.0019846426963618957,0.010441524990346887
roberta_twitter_sentiment,750,73,0.002818276642151916,0.0049758266866301235,0.003717393091472208,0.011624853034075237,0.0026399703713801495,0.01382562552177447
roberta_twitter_sentiment,750,74,0.002818276642151916,0.010245658266551643,0.00832120610312711,0.01281538067686356,0.006778323293837948,0.014568422197772176
roberta_twitter_sentiment,750,75,0.002818276642151916,-0.0025204253555602355,0.0020955843946282447,0.011710116392333934,0.0016831919236401163,0.01266768832332253
roberta_twitter_sentiment,750,76,0.002818276642151916,0.007660362954434044,0.010519362611364574,0.016519458854560243,0.008542301890456652,0.019282868511284607
roberta_twitter_sentiment,750,77,0.002818276642151916,0.005548361581024887,0.0051392073681063985,0.011881831389584393,0.004178485685090345,0.01633149675299492
roberta_twitter_sentiment,750,78,0.002818276642151916,0.010023674179056722,0.00482926932736448,0.008387872751469702,0.003955279971130427,0.01060315111250994
roberta_twitter_sentiment,750,79,0.002818276642151916,0.004564999157555947,0.0034252839121469898,0.0068236648819214015,0.004151437040811119,0.008283913146295613
roberta_twitter_sentiment,750,80,0.002818276642151916,0.01229766250224425,0.008951037268714193,0.01879204589657508,0.008187640965993084,0.019870068893147803
roberta_twitter_sentiment,750,81,0.002818276642151916,0.007598111715838366,0.004780543960455721,0.008786005698315788,0.004238587840228699,0.010630939650111698
roberta_twitter_sentiment,750,82,0.002818276642151916,0.007264837049290275,0.0031630013356899016,0.006740546396326909,0.0029323712130653818,0.009666715552527926
roberta_twitter_sentiment,750,83,0.002818276642151916,-0.0031041199347962333,0.004102581001150462,0.00838259674928734,0.003573150584181647,0.007436197295713561
roberta_twitter_sentiment,750,84,0.002818276642151916,0.004087827755748569,0.003559489355424037,0.00792639159607421,0.0028751495326961372,0.009467519749863117
roberta_twitter_sentiment,750,85,0.002818276642151916,0.0007784391366495613,0.006450140236383343,0.010999796620962947,0.004714830535307434,0.012577783828588105
roberta_twitter_sentiment,750,86,0.002818276642151916,-0.0020443375234941424,0.005460756070235913,0.008437700307851202,0.004624190233006652,0.011883406074422505
roberta_twitter_sentiment,750,87,0.002818276642151916,0.0031969273938119097,0.0069626644504525775,0.010620766181787169,0.005711009391948638,0.014504613638178517
roberta_twitter_sentiment,750,88,0.002818276642151916,0.003088629138837136,0.0015552609248460163,0.006337105803013385,0.0016753922247363727,0.011922329619448481
roberta_twitter_sentiment,750,89,0.002818276642151916,0.0061314571038645444,0.004477598022026795,0.009163342451152665,0.005547523386479974,0.01389833507050293
roberta_twitter_sentiment,750,90,0.002818276642151916,0.009537452199303471,0.00543412780781928,0.013715213496799118,0.0035144043213840947,0.01438931075766274
roberta_twitter_sentiment,750,91,0.002818276642151916,0.0012836192697887182,0.0038588213054092635,0.005678174930222311,0.003137360029874612,0.013263358161863689
roberta_twitter_sentiment,750,92,0.002818276642151916,0.00044342688393858657,0.003686050377567663,0.009631331403558843,0.004034895630213448,0.01326589965699596
roberta_twitter_sentiment,750,93,0.002818276642151916,0.01030638570868289,0.005412185892591179,0.013575155944769955,0.004808023076916651,0.014289397921618137
roberta_twitter_sentiment,750,94,0.002818276642151916,0.003764841947514698,0.0031829933813113205,0.008066939404902279,0.002844151546369905,0.010530132655627059
roberta_twitter_sentiment,750,95,0.002818276642151916,-0.0008236071763664205,0.003718493778792582,0.007560917626676258,0.0032672335690202116,0.010927927431741452
roberta_twitter_sentiment,750,96,0.002818276642151916,0.0002392286060989325,0.003986197486525739,0.010550048009013328,0.005178038961146781,0.009848791793129964
roberta_twitter_sentiment,750,97,0.002818276642151916,-0.0021452470407981148,0.0038761885029614924,0.009144532352686972,0.004925293503583941,0.01121405065585152
roberta_twitter_sentiment,750,98,0.002818276642151916,0.005865300690157025,0.0061315262059356895,0.010947513756931848,0.004848263291055599,0.014452485940086262
roberta_twitter_sentiment,750,99,0.002818276642151916,-0.004671332897145802,0.003765680967946388,0.009176212593572972,0.003274471773312205,0.009953068337973691
roberta_twitter_sentiment,750,100,0.002818276642151916,-0.003861460072106721,0.00439828462203564,0.009123763799421973,0.0033204313467177123,0.011703529561869954
roberta_twitter_sentiment,750,101,0.002818276642151916,0.007094731585149653,0.00332721844644841,0.0076231301896347746,0.0033737895292596507,0.011843245124030566
roberta_twitter_sentiment,750,102,0.002818276642151916,0.006115729109519447,0.006114019650619774,0.012015329876300666,0.00577999951694756,0.011995974676116435
roberta_twitter_sentiment,750,103,0.002818276642151916,0.008053451707071882,0.0024212411445543106,0.009561857616417877,0.003951625015796225,0.013215547481369643
roberta_twitter_sentiment,750,104,0.002818276642151916,0.005337534459206733,0.00610787958862782,0.008846386290560991,0.006467881239644138,0.012766637544713964
roberta_twitter_sentiment,750,105,0.002818276642151916,0.002418935167467648,0.004090335016161227,0.008802923675239166,0.0041511649129352905,0.009926226752514318
roberta_twitter_sentiment,750,106,0.002818276642151916,-0.0028372578867669005,0.0051301850949769965,0.009645099138328957,0.003362036667673278,0.010328872053022775
roberta_twitter_sentiment,750,107,0.002818276642151916,0.004251392545193698,0.008625097805343858,0.014883054088514296,0.006697168159113047,0.01698329840190442
roberta_twitter_sentiment,750,108,0.002818276642151916,-0.0037858680381443427,0.0018225181615796383,0.008102486856446435,0.0017150124251041734,0.00971296243020439
roberta_twitter_sentiment,750,109,0.002818276642151916,0.0033168118227884687,0.007568138053251514,0.014514961806651043,0.0064235367982496605,0.01685554209730204
roberta_twitter_sentiment,750,110,0.002818276642151916,-0.0004839369287615633,0.006964223512664802,0.010072332119630281,0.0061072308592207206,0.014662745473683299
roberta_twitter_sentiment,750,111,0.002818276642151916,0.006425058480270278,0.004959205843154948,0.01021494328107813,0.003894574547564377,0.013251515713764313
roberta_twitter_sentiment,750,112,0.002818276642151916,-0.0026540733863489713,0.0053653311596419334,0.009111747411924739,0.004217961424053406,0.009376310116525847
roberta_twitter_sentiment,750,113,0.002818276642151916,-0.001650784130627873,0.0022920437651315437,0.004505274284444734,0.0011220889137714507,0.007395689629063251
roberta_twitter_sentiment,750,114,0.002818276642151916,0.013436479092817148,0.008569226396129158,0.012008037031689083,0.005410584857405559,0.0153548385885224
roberta_twitter_sentiment,750,115,0.002818276642151916,-0.006049448740852141,0.002770973047788685,0.005333068620555065,0.0025747521971583734,0.007844832558776303
roberta_twitter_sentiment,750,116,0.002818276642151916,0.004945603720072603,0.010757637083942739,0.01523794017730258,0.008779897429528501,0.016981536645870796
roberta_twitter_sentiment,750,117,0.002818276642151916,0.003840324217837725,0.007760975382407551,0.010531322822636408,0.007394517839212775,0.012756661976353119
roberta_twitter_sentiment,750,118,0.002818276642151916,0.009622972360932796,0.006402155817838065,0.011646320771397095,0.007879365064273901,0.011695413435347057
roberta_twitter_sentiment,750,119,0.002818276642151916,-0.0006229011351142516,0.007056079108595467,0.010822483844917227,0.007210314478826422,0.015634260233865688
roberta_twitter_sentiment,750,120,0.002818276642151916,0.008517741692934098,0.006437752117518294,0.016944834397622843,0.007799013136369786,0.019498054938104296
roberta_twitter_sentiment,750,121,0.002818276642151916,0.006570311468462836,0.005320933740610794,0.01071773753340098,0.0044915657633285665,0.013090933026582189
roberta_twitter_sentiment,750,122,0.002818276642151916,-0.0016788708659532343,0.0061520052767086815,0.012227399585269492,0.004858010586868234,0.013904167036735306
roberta_twitter_sentiment,750,123,0.002818276642151916,0.005523602995977221,0.008928389661208538,0.011783762934664706,0.007375895405856229,0.013659303974704424
roberta_twitter_sentiment,750,124,0.002818276642151916,0.001425599157240087,0.0014467341539264823,0.006505644744921173,0.000729711391590973,0.0069231049378481995
roberta_twitter_sentiment,750,125,0.002818276642151916,-0.006610005859935582,0.004031554724379205,0.007709033543989755,0.002728645854611864,0.009005431804588267
roberta_twitter_sentiment,750,126,0.002818276642151916,-0.0034366909055609583,0.0037142362662618235,0.006212588712606304,0.0029684739597905653,0.008580200514637135
roberta_twitter_sentiment,750,127,0.002818276642151916,0.0038340090249624243,0.00792682627932963,0.011231126144865596,0.006290057247796429,0.014624909205839533
roberta_twitter_sentiment,750,128,0.002818276642151916,0.002798082262075731,0.005696186201021766,0.010927371350431318,0.006095398023558416,0.012786055301839221
roberta_twitter_sentiment,750,129,0.002818276642151916,0.004848074058667271,0.009321838833749794,0.014819549430422616,0.009119709773809402,0.019528246298134655
roberta_twitter_sentiment,750,130,0.002818276642151916,0.002540374705502948,0.006120944235620303,0.008115303857074312,0.004710527513882381,0.013327012847951307
roberta_twitter_sentiment,750,131,0.002818276642151916,0.0029890680803209262,0.006335633491371853,0.00908914870470559,0.005835596938292261,0.011511003938015863
roberta_twitter_sentiment,750,132,0.002818276642151916,0.002884773838948725,0.0052231133316875756,0.009969635043949347,0.005438919341964014,0.01237403226185617
roberta_twitter_sentiment,750,133,0.002818276642151916,-0.002390718090370172,0.005471064204145684,0.006704387981664197,0.002855797369655884,0.010681420037125012
roberta_twitter_sentiment,750,134,0.002818276642151916,0.004774764052282586,0.004684398973858813,0.011863607563629692,0.004400403467105698,0.017006522551390416
roberta_twitter_sentiment,750,135,0.002818276642151916,0.012634698989685592,0.005260324004403811,0.009426528348273762,0.003580271959545939,0.011805559870956248
roberta_twitter_sentiment,750,136,0.002818276642151916,-0.0027737601055058334,0.0039902766369787545,0.008125717079657408,0.0038079997228750865,0.009627664502628468
roberta_twitter_sentiment,750,137,0.002818276642151916,0.005071531302259387,0.005555786852329839,0.013663546875704704,0.007326209350404742,0.01438906873797706
roberta_twitter_sentiment,750,138,0.002818276642151916,0.0019199448190808817,0.0021572550530452226,0.00528021602078691,0.0016974934110711073,0.0068624603908062
roberta_twitter_sentiment,750,139,0.002818276642151916,0.004109156165156121,0.0026590893559955077,0.00812295133067564,0.0021421437612897105,0.008619829493057203
roberta_twitter_sentiment,750,140,0.002818276642151916,0.008268976258380306,0.006633509019066548,0.012142046782296639,0.006266253294484861,0.017091074126380893
roberta_twitter_sentiment,750,141,0.002818276642151916,0.0030267535263276855,0.006934479644204251,0.011407615958747824,0.0059118696397267865,0.016747315967100065
roberta_twitter_sentiment,750,142,0.002818276642151916,0.004342383284277781,0.004125198468454958,0.00833582339154355,0.0028489120352049955,0.00906906354700606
roberta_twitter_sentiment,750,143,0.002818276642151916,-0.005356555639826426,0.004243479265659946,0.006673584912270756,0.004200127667028092,0.010146546254648238
roberta_twitter_sentiment,750,144,0.002818276642151916,-0.00497815635512974,0.004867089383564173,0.006838774016972797,0.0033098591804138085,0.008901891856217968
roberta_twitter_sentiment,750,145,0.002818276642151916,0.000804312585505072,0.004871234256604746,0.008815528749144954,0.004707396386742991,0.011641011001736812
roberta_twitter_sentiment,750,146,0.002818276642151916,0.003305614884412614,0.00942807175734674,0.01541003393124918,0.008245183778381692,0.018875708982302203
roberta_twitter_sentiment,750,147,0.002818276642151916,0.011872722360014498,0.005467834275247675,0.011875933920675827,0.0061608545760832,0.016505279239146478
roberta_twitter_sentiment,750,148,0.002818276642151916,0.004618545686056275,0.005060430500430684,0.01556053686494953,0.006781637881841375,0.017001044789799358
roberta_twitter_sentiment,750,149,0.002818276642151916,0.013697006620380429,0.013912178739026965,0.014965092139999702,0.011497317129179778,0.022212500811207604
roberta_twitter_sentiment,750,150,0.002818276642151916,0.0009558730791522603,0.004260874887774838,0.0059559816680009176,0.002812174848231257,0.009467980281550301
roberta_twitter_sentiment,750,151,0.002818276642151916,0.003283049656639907,0.003120635773542462,0.008733033181840372,0.0023919848593534723,0.011482123773905135
roberta_twitter_sentiment,750,152,0.002818276642151916,0.006499496926059429,0.0042511500364379685,0.009843656300814864,0.004360655580422165,0.01287684253133179
roberta_twitter_sentiment,750,153,0.002818276642151916,0.003023745707765375,0.010621499350434447,0.01319921716729234,0.007280092319006169,0.016194960616416076
roberta_twitter_sentiment,750,154,0.002818276642151916,0.0017285892059181746,0.006566745909362345,0.012865177577643052,0.0047793009749077554,0.013096171961350165
roberta_twitter_sentiment,750,155,0.002818276642151916,0.0027400741295217465,0.008670634182703947,0.012133587996166975,0.008406812966682971,0.014499407201909788
roberta_twitter_sentiment,750,156,0.002818276642151916,0.0055467436827024074,0.003083519240690264,0.006623470606473918,0.002569665268987743,0.011818893883927902
roberta_twitter_sentiment,750,157,0.002818276642151916,0.002945501709559441,0.005283331278397542,0.00997357563835924,0.006746020336899814,0.013632823011824256
roberta_twitter_sentiment,750,158,0.002818276642151916,-0.006546999705997569,0.003220071707980553,0.0055979516950106865,0.003756641804117824,0.008859277979367733
roberta_twitter_sentiment,750,159,0.002818276642151916,6.575615327081973e-05,0.006178931532978072,0.012020392297668084,0.006670554329151517,0.012521995257721564
roberta_twitter_sentiment,750,160,0.002818276642151916,-0.0032201753015312965,0.00532684305812741,0.008460032390062766,0.0035867526748598498,0.00955729143682477
roberta_twitter_sentiment,750,161,0.002818276642151916,0.009211034788858458,0.002953680001960938,0.006696362802343548,0.002402439942220343,0.013562406247751969
roberta_twitter_sentiment,750,162,0.002818276642151916,0.009292639741750243,0.00557009957876689,0.012622623084231347,0.004306065669191051,0.013835580391462713
roberta_twitter_sentiment,750,163,0.002818276642151916,-0.0006655781040734083,0.005763291178721779,0.011406822274884782,0.005734301449621815,0.011971473779180963
roberta_twitter_sentiment,750,164,0.002818276642151916,-0.00048168580344520596,0.0017890691159479534,0.007592445950136037,0.0027004031995730236,0.00889269322627296
roberta_twitter_sentiment,750,165,0.002818276642151916,0.006749747528035324,0.0069901535907621794,0.010841954479091899,0.00594882555727465,0.014553609604550858
roberta_twitter_sentiment,750,166,0.002818276642151916,-0.0008119974172431353,0.0025721726529387176,0.0066207069917793085,0.003981795371343873,0.01150554248754136
roberta_twitter_sentiment,750,167,0.002818276642151916,0.0001906440920708731,0.005247279567140792,0.010267268342935848,0.00547108863296606,0.014200612289663605
roberta_twitter_sentiment,750,168,0.002818276642151916,-0.0024229258534015008,0.004345123592772394,0.009986219307255354,0.005473629182521256,0.009069234276126123
roberta_twitter_sentiment,750,169,0.002818276642151916,0.003456717582252161,0.006107586349846817,0.013938075954849975,0.005775980532028601,0.014407867680794901
roberta_twitter_sentiment,750,170,0.002818276642151916,-0.005769830423261844,0.0029660279137107117,0.00716397373081626,0.0029934086088989945,0.011477703140607637
roberta_twitter_sentiment,750,171,0.002818276642151916,-0.0007895500751550321,0.003932843787793024,0.008146651329781044,0.0027198894002961557,0.010370271372729441
roberta_twitter_sentiment,750,172,0.002818276642151916,0.008655858057193275,0.006666191648223467,0.010341725749421164,0.005863877821825968,0.015137629771583117
roberta_twitter_sentiment,750,173,0.002818276642151916,0.007809606806153089,0.00495877556392032,0.008738693540262575,0.004943562284002486,0.012538822617705395
roberta_twitter_sentiment,750,174,0.002818276642151916,0.010747310082946887,0.006605538988855023,0.010783750210942517,0.0050585384962085365,0.012049935326359137
roberta_twitter_sentiment,750,175,0.002818276642151916,-0.006019073121082731,0.001459093373238782,0.0054632675835249375,0.0011177952740932045,0.006880632034189783
roberta_twitter_sentiment,750,176,0.002818276642151916,-0.005978544456318704,0.003814739089949732,0.009754447663979671,0.004700804671060428,0.011208809832445073
roberta_twitter_sentiment,750,177,0.002818276642151916,0.0018841444447055223,0.0056529716774844935,0.009341143996821797,0.003618705779204161,0.011758772075956535
roberta_twitter_sentiment,750,178,0.002818276642151916,-0.002081555129274881,0.0020220551544275446,0.006876555831644412,0.000916149172004382,0.007724847133835099
roberta_twitter_sentiment,750,179,0.002818276642151916,0.013893706661303474,0.004955149388392934,0.00859842516836211,0.00600038667391245,0.01440367748792159
roberta_twitter_sentiment,750,180,0.002818276642151916,0.0035774930219490838,0.005345324189808953,0.009138087924095652,0.004090097471658396,0.012029209673350071
roberta_twitter_sentiment,750,181,0.002818276642151916,0.008110983670296968,0.003280710226536392,0.006846141772164381,0.0027642398798630643,0.01231972014532969
roberta_twitter_sentiment,750,182,0.002818276642151916,0.006124442698887809,0.009671533747651869,0.012559222544023347,0.010078243386607795,0.015347111975152858
roberta_twitter_sentiment,750,183,0.002818276642151916,0.005519963265151582,0.0063960173101543765,0.009221083860341027,0.0056721930428720434,0.012184319594390374
roberta_twitter_sentiment,750,184,0.002818276642151916,-0.0020516077269490626,0.005374220860704184,0.009270938503873397,0.006238995824683219,0.01264161343591802
roberta_twitter_sentiment,750,185,0.002818276642151916,-0.0027357315486077976,0.0037864492533139027,0.008387883242642318,0.0021435437955277933,0.009660445735695418
roberta_twitter_sentiment,750,186,0.002818276642151916,-0.002021134895979294,0.002012867989513191,0.0057383097222015785,0.0026731593621428414,0.008295851153156229
roberta_twitter_sentiment,750,187,0.002818276642151916,-0.0008100463271608455,0.0022154691207075397,0.008087669154666266,0.004256852185497507,0.00974753071988836
roberta_twitter_sentiment,750,188,0.002818276642151916,0.009344262920347337,0.005860542258540829,0.011609278651347803,0.006033452949071383,0.01215484267431911
roberta_twitter_sentiment,750,189,0.002818276642151916,0.004276418156541643,0.0036070618921416222,0.007851376886874827,0.0016391297934126255,0.00856241160034105
roberta_twitter_sentiment,750,190,0.002818276642151916,0.01061181880932799,0.004552841116558719,0.00844655695959036,0.00345602296469917,0.016787054811490287
roberta_twitter_sentiment,750,191,0.002818276642151916,-0.0013773665348440964,0.001768193099375617,0.006794515192941155,0.0012775136479889987,0.011901652843368709
roberta_twitter_sentiment,750,192,0.002818276642151916,-0.006200159994711019,0.0031371286895119713,0.007013168287485283,0.0013496799005716601,0.009764805815551503
roberta_twitter_sentiment,750,193,0.002818276642151916,0.01113114437536449,0.007596096588144892,0.015123663614529242,0.010424298326466337,0.01739633668025292
roberta_twitter_sentiment,750,194,0.002818276642151916,0.002038185735961562,0.006434995546580708,0.01202592257942793,0.0076982944830995634,0.01427468650356984
roberta_twitter_sentiment,750,195,0.002818276642151916,0.00026333510260936416,0.006048362467879192,0.00980460179410263,0.004884074996722257,0.012797670622182773
roberta_twitter_sentiment,750,196,0.002818276642151916,0.00387464492245948,0.0055726343155128215,0.007382574707162853,0.0034143588856593164,0.011466577532197597
roberta_twitter_sentiment,750,197,0.002818276642151916,-0.0021282973831798693,0.0029296490950246066,0.008817467555852738,0.0031287083289021854,0.012353465461972378
roberta_twitter_sentiment,750,198,0.002818276642151916,0.002586259299290364,0.005557675829742979,0.010318689349516874,0.005081318708083542,0.01171092148423337
roberta_twitter_sentiment,750,199,0.002818276642151916,0.0054283919139590416,0.0045138206713186925,0.009230929014415544,0.004222336538265273,0.012593595186731067
roberta_twitter_sentiment,1000,0,0.002818276642151916,0.0023946961852596618,0.0022596350301418303,0.006239006166963265,0.0014121162801315475,0.008651620549007467
roberta_twitter_sentiment,1000,1,0.002818276642151916,-0.001542433495460242,0.0021774208394141218,0.0060549663010863045,0.0019421778141791362,0.00839827394529016
roberta_twitter_sentiment,1000,2,0.002818276642151916,-0.005286470946303206,0.003342972465036788,0.006089100395330017,0.002006505904382958,0.008265619980442363
roberta_twitter_sentiment,1000,3,0.002818276642151916,0.0013056414527630004,0.00502372374634405,0.00907911568816479,0.004158446969451843,0.013467205605294135
roberta_twitter_sentiment,1000,4,0.002818276642151916,-0.0012978224494480735,0.005435607676621006,0.008941542139946697,0.0039234029712470544,0.014817123971482056
roberta_twitter_sentiment,1000,5,0.002818276642151916,0.005858308964455108,0.007593019917788456,0.011916418381297403,0.007598987992356256,0.01637921699835308
roberta_twitter_sentiment,1000,6,0.002818276642151916,0.0035647830010236696,0.004551341394559474,0.008793350712383356,0.002766008344382061,0.01149368170800137
roberta_twitter_sentiment,1000,7,0.002818276642151916,0.005837543357464826,0.005722370375769823,0.009028543755976006,0.0051719970515500145,0.011584172201075943
roberta_twitter_sentiment,1000,8,0.002818276642151916,0.003400862274844262,0.002500884160392409,0.007416442421563982,0.0032407310530353007,0.012508906796906001
roberta_twitter_sentiment,1000,9,0.002818276642151916,0.004799171878109831,0.005717206414118736,0.008822009683817699,0.00405383862896045,0.012883125828832132
roberta_twitter_sentiment,1000,10,0.002818276642151916,0.0006121223055580622,0.005941832074354114,0.009328827658498986,0.005125331051259613,0.01009793879286389
roberta_twitter_sentiment,1000,11,0.002818276642151916,0.0018861602234410161,0.003172191250895734,0.008885943600476938,0.0019689360990482545,0.011480003736724077
roberta_twitter_sentiment,1000,12,0.002818276642151916,0.0007188382722351831,0.004419852369120014,0.008690597630274367,0.0033003588254398677,0.013109498241421063
roberta_twitter_sentiment,1000,13,0.002818276642151916,0.002001217304932355,0.00460183924224244,0.010035300147700803,0.003787878618729403,0.011731495401541439
roberta_twitter_sentiment,1000,14,0.002818276642151916,0.0015602904372411484,0.002463951498254472,0.005151198641020353,0.0020223133122089145,0.008326604174559115
roberta_twitter_sentiment,1000,15,0.002818276642151916,-0.004492887143944052,0.0016581651602778173,0.005291115111286778,0.0015058692752697655,0.008537658477323852
roberta_twitter_sentiment,1000,16,0.002818276642151916,0.006836189806300753,0.007567633013501471,0.012341868556447977,0.00773248345398173,0.01478155151228041
roberta_twitter_sentiment,1000,17,0.002818276642151916,0.00489053473280652,0.006371351971999944,0.00860638941607411,0.005950705799499985,0.012557466404490437
roberta_twitter_sentiment,1000,18,0.002818276642151916,0.009498488838412289,0.0024712570846515246,0.006899039773160268,0.0030796516810337937,0.010184578257702089
roberta_twitter_sentiment,1000,19,0.002818276642151916,-0.0004159794856951189,0.0038568095388172093,0.0090522162296597,0.003642231078161317,0.011741819338269151
roberta_twitter_sentiment,1000,20,0.002818276642151916,0.001002508279988366,0.0026685389037221304,0.006282609630141335,0.0020467470215222872,0.01140156163097454
roberta_twitter_sentiment,1000,21,0.002818276642151916,0.005790123424040824,0.005220141210431239,0.007854068461291348,0.005214719948138523,0.012716645500225157
roberta_twitter_sentiment,1000,22,0.002818276642151916,0.0015007435469701323,0.0012088903174263292,0.0048661609434276715,0.0012365279492013274,0.008524812408334338
roberta_twitter_sentiment,1000,23,0.002818276642151916,0.00011998685508832984,0.00542885658603449,0.009466857185002701,0.004529118858964596,0.011963483229954544
roberta_twitter_sentiment,1000,24,0.002818276642151916,0.006169447688886039,0.0026552490113447755,0.0082339481645144,0.0019024460314377497,0.009141335003196225
roberta_twitter_sentiment,1000,25,0.002818276642151916,0.006144509599471944,0.005325885008603925,0.010586049253383896,0.005910356052195923,0.015922798283808777
roberta_twitter_sentiment,1000,26,0.002818276642151916,0.0033463499544517093,0.00848882044162156,0.016413645163968375,0.006769658690698665,0.017208958392984166
roberta_twitter_sentiment,1000,27,0.002818276642151916,0.008283800161675247,0.006037627438171792,0.011678903933189265,0.006283700326817941,0.014553201745856592
roberta_twitter_sentiment,1000,28,0.002818276642151916,0.0006609247989340889,0.0062526992448372065,0.013235031468010652,0.005375721626713735,0.015881758611276064
roberta_twitter_sentiment,1000,29,0.002818276642151916,0.005485521497970995,0.007218247717511845,0.008272873929873484,0.004532556139075848,0.016279140419981214
roberta_twitter_sentiment,1000,30,0.002818276642151916,0.002794145214369606,0.003680688973686699,0.008383684413179856,0.0033331765981575367,0.013120792635630011
roberta_twitter_sentiment,1000,31,0.002818276642151916,0.00031685392742715994,0.006193367828809372,0.012858694976365784,0.006939853576805615,0.012774324949020947
roberta_twitter_sentiment,1000,32,0.002818276642151916,0.009469284057666335,0.0058766821453583576,0.010998816252432148,0.005415261299525577,0.013821284568883603
roberta_twitter_sentiment,1000,33,0.002818276642151916,0.0011785638753745852,0.0033205756289930435,0.010523135272181237,0.00346982975387507,0.011205986353901224
roberta_twitter_sentiment,1000,34,0.002818276642151916,0.0005236930751631149,0.0017692956018125494,0.0069797255912167665,0.0031919230000377503,0.009120660795096396
roberta_twitter_sentiment,1000,35,0.002818276642151916,-0.0002174220227719685,0.002177781154750639,0.006067730331947795,0.002668414655614391,0.011310231207037589
roberta_twitter_sentiment,1000,36,0.002818276642151916,-0.0022388530187887096,0.003783718566527107,0.00807441110767974,0.003464389908582886,0.010456471567451857
roberta_twitter_sentiment,1000,37,0.002818276642151916,-0.00011311674122792726,0.004524985629943368,0.00982770976902963,0.003817972663868744,0.01219973583665606
roberta_twitter_sentiment,1000,38,0.002818276642151916,0.001001066842869406,0.007808089734646289,0.011296255963146906,0.00840538520167096,0.013427907098934648
roberta_twitter_sentiment,1000,39,0.002818276642151916,-0.003654118582951395,0.0032939703416784314,0.00677273515809316,0.0032417590013644093,0.01039856428696266
roberta_twitter_sentiment,1000,40,0.002818276642151916,0.002254293193049916,0.0037588277508484166,0.006866636200844619,0.002932465918354417,0.013712593585871692
roberta_twitter_sentiment,1000,41,0.002818276642151916,-0.0037167417696830998,0.002581455034010649,0.005732798537586005,0.0029655139023106866,0.008852010635787964
roberta_twitter_sentiment,1000,42,0.002818276642151916,0.0018076216900572565,0.0019116664891889424,0.0036655713251968762,0.0014106599646832609,0.006791624941696209
roberta_twitter_sentiment,1000,43,0.002818276642151916,0.0019931551238244957,0.0023896958582564462,0.005460985178421295,0.001616687787314878,0.011040809520240323
roberta_twitter_sentiment,1000,44,0.002818276642151916,0.0028554615270933083,0.004849618758087259,0.009178927453013436,0.004935229068646016,0.012828186927381092
roberta_twitter_sentiment,1000,45,0.002818276642151916,-0.0015258734274528174,0.004680066153214867,0.008155277383348038,0.004723623029335957,0.011291193781556665
roberta_twitter_sentiment,1000,46,0.002818276642151916,0.009391164699942564,0.006020069996770165,0.010764624389770324,0.005163689200956111,0.015402582046377301
roberta_twitter_sentiment,1000,47,0.002818276642151916,0.0036128894421846303,0.002996623079027056,0.006676713264648152,0.002251986769050167,0.009721836330530245
roberta_twitter_sentiment,1000,48,0.002818276642151916,0.004756828556401169,0.005763917651433783,0.010531237328787718,0.004936978933303595,0.015722190741357438
roberta_twitter_sentiment,1000,49,0.002818276642151916,0.0022086143106464337,0.005556197295183489,0.00883823508722889,0.004629566559511377,0.013112556885004702
roberta_twitter_sentiment,1000,50,0.002818276642151916,0.00684656839102604,0.008728826363337319,0.011338621994761705,0.008738925551443318,0.016230823164139135
roberta_twitter_sentiment,1000,51,0.002818276642151916,0.0026894487344103347,0.003990919985723241,0.010060403136616042,0.0046546297788641056,0.012600836177596927
roberta_twitter_sentiment,1000,52,0.002818276642151916,0.0015867862456658186,0.006080937818509369,0.010353490945558761,0.00546367491663398,0.013522676523200132
roberta_twitter_sentiment,1000,53,0.002818276642151916,0.012412092466661723,0.004349353049894654,0.01208132787320735,0.004172837374175849,0.012618375990378822
roberta_twitter_sentiment,1000,54,0.002818276642151916,0.002880503114819378,0.001298183626568709,0.005800979451904654,0.0014706838574681954,0.009082160218343988
roberta_twitter_sentiment,1000,55,0.002818276642151916,0.0013365661728653446,0.005503829071594986,0.008907738319351636,0.00566653055284838,0.013844683222278872
roberta_twitter_sentiment,1000,56,0.002818276642151916,-2.1757179593931308e-05,0.004546088718217167,0.008503659197257832,0.003137908685076723,0.012563136592444886
roberta_twitter_sentiment,1000,57,0.002818276642151916,-0.001854659671220663,0.0017470935703667954,0.005870645941390824,0.0026997151765019126,0.010597906330051924
roberta_twitter_sentiment,1000,58,0.002818276642151916,0.005337696679591154,0.005177758558889217,0.006814155980822836,0.0034672352690605372,0.012856047589299374
roberta_twitter_sentiment,1000,59,0.002818276642151916,0.0011132383537656337,0.004280818705241684,0.011276645760763742,0.006159185282839049,0.014229263900827637
roberta_twitter_sentiment,1000,60,0.002818276642151916,0.004865306636165551,0.004952880288773074,0.0069705928575341004,0.004524548983863129,0.011546937680277368
roberta_twitter_sentiment,1000,61,0.002818276642151916,0.0009507571213132038,0.003920237072999286,0.007757328021496718,0.00469714908679266,0.013519972348330286
roberta_twitter_sentiment,1000,62,0.002818276642151916,0.004098985464936963,0.007262710041424072,0.010290972517382039,0.008021592407335926,0.014387272284539251
roberta_twitter_sentiment,1000,63,0.002818276642151916,0.00876084624198841,0.0037876653547104636,0.007248610292776666,0.003917857173207616,0.009853854919855898
roberta_twitter_sentiment,1000,64,0.002818276642151916,-0.0027277474993491805,0.004511779403936057,0.006419301459549243,0.0036739626484245157,0.00932583765160504
roberta_twitter_sentiment,1000,65,0.002818276642151916,0.0026855502304279012,0.005406267662329129,0.00972462737539367,0.004901364072004349,0.01387054816096924
roberta_twitter_sentiment,1000,66,0.002818276642151916,0.002118141828455766,0.005029801383357542,0.009024930839425033,0.004557420053403861,0.012593077017310923
roberta_twitter_sentiment,1000,67,0.002818276642151916,-0.0022221343455671254,0.00432034266821439,0.006838005152440957,0.0030553918137187293,0.010825486001555145
roberta_twitter_sentiment,1000,68,0.002818276642151916,0.005159711779899998,0.00323222966447121,0.006413862543276268,0.0025248997607137226,0.014459167986257024
roberta_twitter_sentiment,1000,69,0.002818276642151916,0.003045827712493824,0.0055851597908016274,0.010918135120708302,0.004813456014708479,0.015143543116875813
roberta_twitter_sentiment,1000,70,0.002818276642151916,-0.00011932763724208675,0.006105254268632934,0.009593003326610635,0.004881781719469654,0.011333729742237161
roberta_twitter_sentiment,1000,71,0.002818276642151916,0.005085904777250043,0.0028990318576261986,0.005775640999197837,0.0017367106338983113,0.009572200203259185
roberta_twitter_sentiment,1000,72,0.002818276642151916,0.0007103138468357096,0.004293533103480117,0.007498761618774093,0.003145835014893257,0.010386020101446666
roberta_twitter_sentiment,1000,73,0.002818276642151916,0.0037188809813596783,0.002533260187574339,0.0069001890209733335,0.0018606815901177549,0.01191711246973802
roberta_twitter_sentiment,1000,74,0.002818276642151916,0.001821077892293275,0.0031171140773090565,0.006835443597602806,0.002606560934590437,0.010355093804868511
roberta_twitter_sentiment,1000,75,0.002818276642151916,0.0010253464651451237,0.0012198599803670506,0.004810501909289907,0.0036221877724716012,0.007441804709535343
roberta_twitter_sentiment,1000,76,0.002818276642151916,0.0009873710372179036,0.0047952755160117705,0.0073767158886201235,0.004394279950386151,0.011399862670910435
roberta_twitter_sentiment,1000,77,0.002818276642151916,0.007820713568488057,0.0025104427052503164,0.006507951811717159,0.0028892196292898196,0.01238824698649634
roberta_twitter_sentiment,1000,78,0.002818276642151916,0.004667138279232429,0.00274381773058639,0.010750503434703655,0.004752002864666016,0.013031004841389408
roberta_twitter_sentiment,1000,79,0.002818276642151916,0.003492787525341369,0.0027946967238484215,0.0067934589633452955,0.0029419199492280762,0.010345245910566606
roberta_twitter_sentiment,1000,80,0.002818276642151916,-0.0006629888474572883,0.00211007684359736,0.005776718345491131,0.0016084143966353472,0.012096217252252135
roberta_twitter_sentiment,1000,81,0.002818276642151916,0.00911938413183081,0.00474956048135757,0.008628501510560705,0.005370871001543662,0.012273315628538846
roberta_twitter_sentiment,1000,82,0.002818276642151916,0.008455455329393659,0.00546488882759038,0.010805783099822754,0.004903945695596174,0.015212107311207049
roberta_twitter_sentiment,1000,83,0.002818276642151916,0.0006750613219098929,0.0040360871760153185,0.0072532049816048235,0.0030355087489691165,0.011666217737389328
roberta_twitter_sentiment,1000,84,0.002818276642151916,0.0005397940623810858,0.0015788482608346422,0.005517657508310013,0.0016663159440223766,0.008765276954112496
roberta_twitter_sentiment,1000,85,0.002818276642151916,0.006112067236188719,0.004457124962256747,0.008146201596296868,0.0026383108684938624,0.012971778293703138
roberta_twitter_sentiment,1000,86,0.002818276642151916,-0.00259939280207796,0.0036920759188660817,0.008169310460835183,0.0030170007783231587,0.013349901243342533
roberta_twitter_sentiment,1000,87,0.002818276642151916,0.006374848108445215,0.0021773915485448977,0.0061721076966627,0.0015129434554623893,0.00997466741610619
roberta_twitter_sentiment,1000,88,0.002818276642151916,0.00775719898801327,0.005585045850674432,0.010259875303271052,0.005924127598850338,0.013746934441552552
roberta_twitter_sentiment,1000,89,0.002818276642151916,0.008318106012626796,0.0029809710414869777,0.010255349428422583,0.0032650095721082372,0.014180065393019418
roberta_twitter_sentiment,1000,90,0.002818276642151916,0.0021637114702783896,0.004880126245129893,0.011274246776887544,0.004360137618548174,0.016240376054046105
roberta_twitter_sentiment,1000,91,0.002818276642151916,0.0006177908132929808,0.0046662603542690926,0.01086412454016622,0.005241885873293549,0.012622174918862892
roberta_twitter_sentiment,1000,92,0.002818276642151916,0.006619055576213275,0.002912821795657754,0.00783733800033668,0.0025086644861141627,0.011041755485807735
roberta_twitter_sentiment,1000,93,0.002818276642151916,0.00884851345312693,0.003799996209308366,0.0077341851733752414,0.003307883674921675,0.013091185863293976
roberta_twitter_sentiment,1000,94,0.002818276642151916,0.0043123016063472625,0.004410914090615,0.008797989808707142,0.0034328922833596143,0.012713587412127591
roberta_twitter_sentiment,1000,95,0.002818276642151916,0.007573731675697264,0.0055878993857379055,0.012940485781161358,0.006598388901788861,0.014186494797154772
roberta_twitter_sentiment,1000,96,0.002818276642151916,0.006134327394683897,0.004710800135243405,0.009262262284061594,0.004608538964639644,0.01451627434348289
roberta_twitter_sentiment,1000,97,0.002818276642151916,0.007488810092138985,0.004817114625000621,0.009592779414014607,0.003946327538868103,0.011797435148553217
roberta_twitter_sentiment,1000,98,0.002818276642151916,0.0037811656985218688,0.005765522300199419,0.009188085251353643,0.0049897774645766375,0.01242468318684934
roberta_twitter_sentiment,1000,99,0.002818276642151916,0.00823259013029077,0.0046120461771782155,0.01002570322585686,0.0036745157552930145,0.012471891535391084
roberta_twitter_sentiment,1000,100,0.002818276642151916,0.00012340314579806612,0.004878624122878941,0.007629960758158404,0.004059811758233337,0.009603620823478492
roberta_twitter_sentiment,1000,101,0.002818276642151916,0.006892620845957708,0.006878560854265358,0.011227603916891633,0.005699620235909264,0.01530724046857864
roberta_twitter_sentiment,1000,102,0.002818276642151916,0.0009841385277823622,0.004802115608848254,0.006595922098828646,0.0037106757417274456,0.01137847557722475
roberta_twitter_sentiment,1000,103,0.002818276642151916,-0.0006280731087222572,0.0006231501344085165,0.006077505832497498,0.0013967829712208254,0.007421760784572253
roberta_twitter_sentiment,1000,104,0.002818276642151916,0.0016107138645492726,0.005913199389538406,0.009159600985968653,0.00617311972361369,0.011281715864288557
roberta_twitter_sentiment,1000,105,0.002818276642151916,-0.0010097402368216101,0.003358069080675603,0.007214340886508457,0.0028568802512089746,0.01358436617535547
roberta_twitter_sentiment,1000,106,0.002818276642151916,0.009333796925945312,0.006970151791582887,0.012043402342533822,0.00567170913685522,0.014595484393425671
roberta_twitter_sentiment,1000,107,0.002818276642151916,-0.0034446840751532815,0.002097593262502054,0.0036500267735786545,0.001262998597703208,0.009350723770280478
roberta_twitter_sentiment,1000,108,0.002818276642151916,0.010691085166691008,0.00703742468478633,0.014748574380842962,0.006413131882294786,0.01780484149829427
roberta_twitter_sentiment,1000,109,0.002818276642151916,0.005393724779110169,0.004079818225332811,0.006609478046953595,0.003908943909436053,0.01105539287056326
roberta_twitter_sentiment,1000,110,0.002818276642151916,-0.0006797858076698506,0.0028143393839868505,0.007485691270902115,0.0030021712943020377,0.010870466165871546
roberta_twitter_sentiment,1000,111,0.002818276642151916,0.005958269836210687,0.0035897066181002327,0.00838693811070819,0.0038920205985738918,0.009225813201140489
roberta_twitter_sentiment,1000,112,0.002818276642151916,0.008823844307547993,0.004974413065072305,0.010921367100854002,0.003294043752224386,0.017304474473698036
roberta_twitter_sentiment,1000,113,0.002818276642151916,-0.0020666316995424133,0.0021360107489448135,0.00605939786016607,0.003406912179802632,0.009984341408386417
roberta_twitter_sentiment,1000,114,0.002818276642151916,0.00784779894097737,0.004966828147099016,0.008689813802574395,0.004967139469529788,0.015024948273432573
roberta_twitter_sentiment,1000,115,0.002818276642151916,-0.0003138153474200778,0.00613548898428053,0.008543702533301386,0.0052179354972514535,0.013357183723599817
roberta_twitter_sentiment,1000,116,0.002818276642151916,-0.0041661849567060545,0.0016138821141942746,0.005179686671435278,0.0026001383874596396,0.00859228256934886
roberta_twitter_sentiment,1000,117,0.002818276642151916,-0.001979286412955952,0.004483020715575268,0.009240069258404919,0.00445481103193761,0.01243457754471305
roberta_twitter_sentiment,1000,118,0.002818276642151916,0.005714322312752149,0.004436383444475681,0.009402827608134297,0.0034652308328321675,0.011179320020054397
roberta_twitter_sentiment,1000,119,0.002818276642151916,-0.008809849917362552,0.0019332438586866527,0.00591440228838811,0.0019953234507901754,0.008728952839612288
roberta_twitter_sentiment,1000,120,0.002818276642151916,0.006649673106579321,0.0027994876338943687,0.008958179955785225,0.0021206273840906295,0.012051960885860996
roberta_twitter_sentiment,1000,121,0.002818276642151916,0.005292431054127342,0.0032654486846971165,0.006490667293076242,0.002191775955812165,0.008398466504364826
roberta_twitter_sentiment,1000,122,0.002818276642151916,-0.0032135868986062784,0.005563570341053485,0.00821549426418939,0.005278755414638271,0.010733305793995366
roberta_twitter_sentiment,1000,123,0.002818276642151916,-0.0031945347945861197,0.002252578608304058,0.0082502175764391,0.002526234504449781,0.01164765155187607
roberta_twitter_sentiment,1000,124,0.002818276642151916,0.003399976089638706,0.0032443864522793617,0.010300239158915743,0.006389785102295162,0.013943532241941751
roberta_twitter_sentiment,1000,125,0.002818276642151916,-0.009593098378772487,0.0020836575393320925,0.005840710526267147,0.002607469000617449,0.009097747406905372
roberta_twitter_sentiment,1000,126,0.002818276642151916,0.009425165898054585,0.005290250141023274,0.010915184952795606,0.0051297798095660515,0.012979388902097027
roberta_twitter_sentiment,1000,127,0.002818276642151916,0.008926667214960339,0.0038415759649076757,0.007771182645697273,0.0019395626443688568,0.011326100790882103
roberta_twitter_sentiment,1000,128,0.002818276642151916,0.002042453119576343,0.005731329037077298,0.008192955231395266,0.005502584288140778,0.015637841322836958
roberta_twitter_sentiment,1000,129,0.002818276642151916,-0.0004837633686323035,0.003935586784209311,0.008367828083504607,0.00475666244186832,0.013999714567965844
roberta_twitter_sentiment,1000,130,0.002818276642151916,0.00044482537978931316,0.004651539785146639,0.00765233032722967,0.0030849980024216543,0.012255193266327579
roberta_twitter_sentiment,1000,131,0.002818276642151916,0.003573206916422078,0.0034506601577763045,0.008948756351035233,0.0031751473783237735,0.01239867558200154
roberta_twitter_sentiment,1000,132,0.002818276642151916,-0.00098436131793178,0.002553958795631385,0.006415833896539394,0.00206727207797679,0.012132138500953363
roberta_twitter_sentiment,1000,133,0.002818276642151916,-0.00028856793205539406,0.001895391351071269,0.004461762979915752,0.002399059969929043,0.008043863152383682
roberta_twitter_sentiment,1000,134,0.002818276642151916,0.0033889668644788954,0.004071007059900871,0.00813641942211227,0.003531864925917736,0.012703123636390106
roberta_twitter_sentiment,1000,135,0.002818276642151916,-0.00239290566148052,0.0032540782044284838,0.005890300391961025,0.003888672061574559,0.010062202404414883
roberta_twitter_sentiment,1000,136,0.002818276642151916,-0.005902797035864945,0.005250086400604704,0.009247396741304844,0.0037870559598027743,0.012666371809338488
roberta_twitter_sentiment,1000,137,0.002818276642151916,0.003681569621002931,0.004756726719949058,0.009569856616860098,0.0030846924974553503,0.01531936999892977
roberta_twitter_sentiment,1000,138,0.002818276642151916,0.006683103097040249,0.006205559281790682,0.012659849192582838,0.007593360537420748,0.018358686893505047
roberta_twitter_sentiment,1000,139,0.002818276642151916,0.010494670709832924,0.009573961094186444,0.01360196297267794,0.008227323353707253,0.014228564293585039
roberta_twitter_sentiment,1000,140,0.002818276642151916,0.003175719564290956,0.003067057717744547,0.006551006762548675,0.004310202280031333,0.010331765554550723
roberta_twitter_sentiment,1000,141,0.002818276642151916,0.003131916355170377,0.006491151820907474,0.011362690530477367,0.0050959131750336764,0.012978914708713771
roberta_twitter_sentiment,1000,142,0.002818276642151916,-0.0016796145194771302,0.0032358116595045646,0.006860603917546237,0.0029302605529249537,0.010193110715278711
roberta_twitter_sentiment,1000,143,0.002818276642151916,-0.005375372091659846,0.0021464469602422128,0.005382041999535126,0.0016850437677444826,0.008470118974051009
roberta_twitter_sentiment,1000,144,0.002818276642151916,-0.0010287084094894948,0.004955709134538278,0.00902651723861989,0.004653030322584189,0.012024021332536876
roberta_twitter_sentiment,1000,145,0.002818276642151916,0.007154365777170944,0.006904391995267332,0.012864376528079076,0.007861016600861831,0.013528621515919593
roberta_twitter_sentiment,1000,146,0.002818276642151916,0.004837412658661071,0.004773749043237199,0.009143738366234168,0.004855679221025514,0.011610194542589507
roberta_twitter_sentiment,1000,147,0.002818276642151916,0.000563423346443658,0.0061392830112009375,0.010051699462926235,0.004979640839795673,0.01341389704535031
roberta_twitter_sentiment,1000,148,0.002818276642151916,0.007553139237809909,0.006677532357175498,0.014090894084294123,0.005322055618269826,0.016327206205666554
roberta_twitter_sentiment,1000,149,0.002818276642151916,0.005518107922347606,0.0037961094615820176,0.00701307859501501,0.00342396599165575,0.01159350796316815
roberta_twitter_sentiment,1000,150,0.002818276642151916,0.00023362112030357097,0.006571308482467003,0.009428908586640788,0.004703578553736861,0.011765719771746305
roberta_twitter_sentiment,1000,151,0.002818276642151916,-0.005460999113657314,0.0023625339211875984,0.006339172574256072,0.0018659149954709544,0.010704632496594957
roberta_twitter_sentiment,1000,152,0.002818276642151916,-0.0001206644765773297,0.0038059289995924428,0.008350911188707764,0.0038529224127326254,0.011426758682212653
roberta_twitter_sentiment,1000,153,0.002818276642151916,0.003674242947055757,0.0042598373620885656,0.009228243939225594,0.004448370614097858,0.01136283030322284
roberta_twitter_sentiment,1000,154,0.002818276642151916,-0.004916601327789276,0.004237704801832485,0.0076606393849829495,0.002823143566416943,0.010906585116352573
roberta_twitter_sentiment,1000,155,0.002818276642151916,0.00994885093345435,0.011991866184576856,0.014741993353494515,0.00765961773786312,0.01913825818479805
roberta_twitter_sentiment,1000,156,0.002818276642151916,-0.0012047270257797295,0.004218168689910449,0.008636046881688144,0.003915000685471701,0.01048721698476621
roberta_twitter_sentiment,1000,157,0.002818276642151916,0.006733661961964391,0.002895186848717098,0.006756789958680839,0.004119459600525924,0.011362396930550685
roberta_twitter_sentiment,1000,158,0.002818276642151916,0.003252678641408369,0.006957790680213653,0.0118453097896848,0.0069507934171353395,0.015436921960702933
roberta_twitter_sentiment,1000,159,0.002818276642151916,0.008176670954036071,0.0035941020463547014,0.00715108029226158,0.0033077182771013374,0.011817372872252999
roberta_twitter_sentiment,1000,160,0.002818276642151916,0.0032949090464791464,0.002256628044442723,0.009631852539751755,0.0017912336267722428,0.013706488402539171
roberta_twitter_sentiment,1000,161,0.002818276642151916,0.0027716443978535272,0.003615921904393611,0.008016164413170228,0.005926079883361539,0.012615631060712191
roberta_twitter_sentiment,1000,162,0.002818276642151916,0.006400126155162669,0.005125013013783573,0.010323114381899354,0.00437891760959624,0.011848579170301781
roberta_twitter_sentiment,1000,163,0.002818276642151916,0.0031876023193974394,0.0033135036221437885,0.008000801177646046,0.002583767936327375,0.010231587835321361
roberta_twitter_sentiment,1000,164,0.002818276642151916,0.00323581883732988,0.004311767000647988,0.009299896434973679,0.004796407461996559,0.012247963695580911
roberta_twitter_sentiment,1000,165,0.002818276642151916,0.012949168056458732,0.007791765512285378,0.012856014167014403,0.006288630418286257,0.01779997636596869
roberta_twitter_sentiment,1000,166,0.002818276642151916,0.0019882028912078156,0.003091928773267501,0.010460071855027609,0.0031210435216903545,0.015243421816641999
roberta_twitter_sentiment,1000,167,0.002818276642151916,0.0031821257206342815,0.005067783196146168,0.00957235133582895,0.004591677690704082,0.012391404706848108
roberta_twitter_sentiment,1000,168,0.002818276642151916,0.005329836654225493,0.005085259799026225,0.008000440597745484,0.004162886670868727,0.01076436976020847
roberta_twitter_sentiment,1000,169,0.002818276642151916,0.0059515033896045165,0.0037612909729887608,0.01126519885852181,0.0022315882956414424,0.015245884331532919
roberta_twitter_sentiment,1000,170,0.002818276642151916,0.0036606090480338074,0.004660167711073939,0.009369655154397272,0.0047983085098393784,0.012889300599923822
roberta_twitter_sentiment,1000,171,0.002818276642151916,0.0072720835253893045,0.007431655539472166,0.01086993187208965,0.006531743983737294,0.017568398995935472
roberta_twitter_sentiment,1000,172,0.002818276642151916,0.0021967124629770456,0.0052758104454820225,0.007504397318776622,0.004987528426882617,0.010661343319393909
roberta_twitter_sentiment,1000,173,0.002818276642151916,0.005218493259580263,0.00540350905350087,0.009706131828533514,0.004071563010150722,0.017070937847210373
roberta_twitter_sentiment,1000,174,0.002818276642151916,0.006334592367496443,0.003003129782180549,0.006899234446779992,0.0035584882266464636,0.012557207438187508
roberta_twitter_sentiment,1000,175,0.002818276642151916,0.0016489659416658272,0.005220972423753007,0.008243043658272614,0.004985095387067081,0.011286355732240102
roberta_twitter_sentiment,1000,176,0.002818276642151916,0.004336663027479701,0.005828550421265516,0.010708971375198764,0.006512335747281778,0.016317216211923485
roberta_twitter_sentiment,1000,177,0.002818276642151916,0.0014941031651396245,0.00276820131720324,0.007217464852879654,0.002284330772553486,0.011093617567161703
roberta_twitter_sentiment,1000,178,0.002818276642151916,0.00696293305387356,0.006222377802327183,0.00903781652057299,0.00537755135266465,0.013917082308460038
roberta_twitter_sentiment,1000,179,0.002818276642151916,0.00363159238238558,0.004056713444107336,0.009228068089095931,0.004121141301212637,0.013951401129642852
roberta_twitter_sentiment,1000,180,0.002818276642151916,0.004334052937399637,0.003373028331923604,0.004629516366295223,0.002734741836663729,0.008888227184046884
roberta_twitter_sentiment,1000,181,0.002818276642151916,-0.0013734993374184162,0.004044002994101401,0.010236849763735421,0.0035000152508111323,0.014465169290606214
roberta_twitter_sentiment,1000,182,0.002818276642151916,-0.000207481468708408,0.002463224385034305,0.0069061258867278395,0.0018303593643809548,0.010483306811279796
roberta_twitter_sentiment,1000,183,0.002818276642151916,0.003948419695416024,0.0019997636576106967,0.006636093286911859,0.0025092546192821102,0.010686259883691204
roberta_twitter_sentiment,1000,184,0.002818276642151916,0.000345750583524433,0.005412216554010973,0.008977389934546715,0.00407697288486415,0.013539761363841187
roberta_twitter_sentiment,1000,185,0.002818276642151916,-0.002328824159754373,0.004081311635324149,0.008055539714331551,0.003938944387208218,0.011983774473848593
roberta_twitter_sentiment,1000,186,0.002818276642151916,-0.00022164105104698927,0.0027962321872693763,0.007905765451695884,0.0024370162107201806,0.012040262270856125
roberta_twitter_sentiment,1000,187,0.002818276642151916,0.0008704018732934688,0.00264501224117402,0.005824954776371026,0.0019215039213275494,0.011880975524761611
roberta_twitter_sentiment,1000,188,0.002818276642151916,0.011860797794901432,0.0073819899496472986,0.011672362770132956,0.007228637838950376,0.014146428601461597
roberta_twitter_sentiment,1000,189,0.002818276642151916,0.002558422270422203,0.0021045127378117074,0.006826751417336417,0.0018871188104543802,0.011270359929657362
roberta_twitter_sentiment,1000,190,0.002818276642151916,0.003915177474805819,0.005014622132008597,0.011882359547275529,0.005602770344386224,0.015504089257439907
roberta_twitter_sentiment,1000,191,0.002818276642151916,-0.0038054015911773696,0.002347172440176951,0.006175440332775093,0.0020427949860871556,0.009402055398680883
roberta_twitter_sentiment,1000,192,0.002818276642151916,0.0003046704746473271,0.0032315618979708092,0.0069454673498635915,0.0033990953731049623,0.009745028938506877
roberta_twitter_sentiment,1000,193,0.002818276642151916,0.00817003938380519,0.0023017620411336917,0.005387703063104624,0.0027669465084975524,0.008363807545905048
roberta_twitter_sentiment,1000,194,0.002818276642151916,-0.0007122564009799839,0.003353752887838443,0.007483361051356507,0.003757587388800048,0.012691364603892204
roberta_twitter_sentiment,1000,195,0.002818276642151916,-0.0017837325213408976,0.0029372724938100656,0.009394206374830062,0.002434163009011297,0.010922171758422416
roberta_twitter_sentiment,1000,196,0.002818276642151916,-0.0001086050223555208,0.004242680675423095,0.008828603273902917,0.0036953813567632836,0.011408984674796497
roberta_twitter_sentiment,1000,197,0.002818276642151916,-0.0041990678310283545,0.003182877422252089,0.006466997590627589,0.0024867927808902915,0.008985014248723574
roberta_twitter_sentiment,1000,198,0.002818276642151916,0.001393161000756663,0.0034961776231925493,0.006867556686914376,0.0036321383869740574,0.0107340987744529
roberta_twitter_sentiment,1000,199,0.002818276642151916,0.0058157336642761705,0.004790169523362643,0.01206669222562034,0.004188546006770606,0.014748440922655105
roberta_twitter_sentiment,2500,0,0.002818276642151916,-0.0002010280421429379,0.003385542038168749,0.006514304028264632,0.0033594794793610208,0.012543235290901998
roberta_twitter_sentiment,2500,1,0.002818276642151916,-0.0002502837704736618,0.0028190478620312527,0.005385795130608585,0.0026690407300167247,0.010193831990278904
roberta_twitter_sentiment,2500,2,0.002818276642151916,0.00526205502186566,0.003425428129885796,0.0063644422936831565,0.00395968412598246,0.012465322061974303
roberta_twitter_sentiment,2500,3,0.002818276642151916,0.006548083115318695,0.00377030180206645,0.006305382540100875,0.003709188637727898,0.013934803742831715
roberta_twitter_sentiment,2500,4,0.002818276642151916,0.0022384268351856433,0.002803461649195478,0.007655669459738698,0.00299544778398668,0.013020676025801555
roberta_twitter_sentiment,2500,5,0.002818276642151916,0.00030318247995597664,0.0031269947031334964,0.006026652544527892,0.0034719755983612533,0.011808998384125583
roberta_twitter_sentiment,2500,6,0.002818276642151916,0.003769715147779747,0.003712261490798469,0.008689905294732854,0.004722981416175426,0.016047842622602407
roberta_twitter_sentiment,2500,7,0.002818276642151916,0.0037283143119299124,0.003922429742559042,0.007668307181830413,0.004233963643533898,0.012566253543983334
roberta_twitter_sentiment,2500,8,0.002818276642151916,0.004730175300122274,0.004250729148140436,0.008162220160867463,0.005046267758580884,0.013733705351104509
roberta_twitter_sentiment,2500,9,0.002818276642151916,0.003529758095051692,0.0031947188856376904,0.006265229034478825,0.003294614491506686,0.012711100391575612
roberta_twitter_sentiment,2500,10,0.002818276642151916,0.00015982071539374435,0.0020154495081857447,0.005274157276823172,0.0029457899149400637,0.01157437827164413
roberta_twitter_sentiment,2500,11,0.002818276642151916,0.001969632621070953,0.003854435589631874,0.007343990723879625,0.0034729442265624432,0.011573167931320225
roberta_twitter_sentiment,2500,12,0.002818276642151916,0.002831823519649005,0.0025664523813582196,0.006103185778105978,0.002657089226652321,0.012538915771070101
roberta_twitter_sentiment,2500,13,0.002818276642151916,0.0028050413462311807,0.002494686859781683,0.006642159403214454,0.0030198103925464094,0.011481388395587547
roberta_twitter_sentiment,2500,14,0.002818276642151916,0.006701597397957994,0.003019090182749786,0.006674195295887526,0.0037489475406862704,0.01302741640516197
roberta_twitter_sentiment,2500,15,0.002818276642151916,0.005994112914115059,0.0038914696030934006,0.006761182990557663,0.004303591576123707,0.014097799764715278
roberta_twitter_sentiment,2500,16,0.002818276642151916,0.003145937902246825,0.0038487993433242726,0.008246694207211837,0.0053535017914073885,0.013807167031163031
roberta_twitter_sentiment,2500,17,0.002818276642151916,0.00017199124964156382,0.0032103997500605766,0.005508409747127999,0.003517362392648148,0.011487790205335706
roberta_twitter_sentiment,2500,18,0.002818276642151916,0.0044361464838562495,0.0027196577127476885,0.007726709896625254,0.0030297035713535317,0.013074848414066148
roberta_twitter_sentiment,2500,19,0.002818276642151916,0.002695239786028792,0.002578902052442612,0.007334101876639908,0.0036627082126450988,0.013573266424754626
roberta_twitter_sentiment,2500,20,0.002818276642151916,0.00255224119187744,0.0028279711634472365,0.00462952953169842,0.002826454190691759,0.010686979586292632
roberta_twitter_sentiment,2500,21,0.002818276642151916,0.004752410259679565,0.0049574950767964825,0.009683232692927195,0.005323748615317566,0.015828700884636133
roberta_twitter_sentiment,2500,22,0.002818276642151916,0.0009392630385641201,0.002731590894576368,0.006187894450645516,0.0035877699656681776,0.011216296049654297
roberta_twitter_sentiment,2500,23,0.002818276642151916,-0.0015094925087262966,0.0021546843287289755,0.004806598147505869,0.002429426203239848,0.010853542216076498
roberta_twitter_sentiment,2500,24,0.002818276642151916,0.001048667982611735,0.002426303266356843,0.00546859453825511,0.003259513556845872,0.012361600067825844
roberta_twitter_sentiment,2500,25,0.002818276642151916,0.0018338167746447223,0.0020995487598425757,0.0057424664750003775,0.0024748647655598154,0.01264275824885303
roberta_twitter_sentiment,2500,26,0.002818276642151916,0.0014280219058886144,0.0036544206536082424,0.0065619955845684095,0.0041128916874671306,0.012478815845962674
roberta_twitter_sentiment,2500,27,0.002818276642151916,6.026497364697718e-05,0.0030334622865837214,0.0069613916274562145,0.0031994204900192965,0.012099311527617467
roberta_twitter_sentiment,2500,28,0.002818276642151916,0.0040293298716123655,0.001623394438906082,0.00611934086885873,0.002621226029500774,0.01131215358216154
roberta_twitter_sentiment,2500,29,0.002818276642151916,0.007045685882794427,0.003455224222187221,0.006896569721109865,0.004103575757056476,0.013609607497718494
roberta_twitter_sentiment,2500,30,0.002818276642151916,0.0011457032073719146,0.0020347074744139384,0.005177154031461313,0.003030029215284648,0.01179805303661915
roberta_twitter_sentiment,2500,31,0.002818276642151916,0.00041257245067501954,0.003192940560264912,0.006899785351285759,0.0036284835027447985,0.0128479043835916
roberta_twitter_sentiment,2500,32,0.002818276642151916,0.005842670954704529,0.003552235560238916,0.007663548559273584,0.0036180868549392543,0.013096882516582708
roberta_twitter_sentiment,2500,33,0.002818276642151916,0.005588078679946395,0.004124942653862669,0.008055048731191016,0.004824417100552926,0.014444258112052789
roberta_twitter_sentiment,2500,34,0.002818276642151916,-0.0025965925074668043,0.002383108699676238,0.005285239593165203,0.002535382757039534,0.01069011231139944
roberta_twitter_sentiment,2500,35,0.002818276642151916,-0.0010976967460603945,0.0035959371381069295,0.007946499660323765,0.003504748226265237,0.012149641447558075
roberta_twitter_sentiment,2500,36,0.002818276642151916,0.0007127533509684371,0.0017245627407303779,0.004288551047490007,0.0017797094748698509,0.00959849506385984
roberta_twitter_sentiment,2500,37,0.002818276642151916,0.0025680858787443432,0.0019280212550726924,0.006219979671431638,0.0021334661160899615,0.014257903767275449
roberta_twitter_sentiment,2500,38,0.002818276642151916,0.005313243063492766,0.0032770126878265355,0.006448887313033293,0.004620320663640156,0.014782638141534936
roberta_twitter_sentiment,2500,39,0.002818276642151916,0.0006339972080789255,0.0035366222146584717,0.005696254708190825,0.003416982228646984,0.011826146173356634
roberta_twitter_sentiment,2500,40,0.002818276642151916,0.004399308247629653,0.004424862370913772,0.007468553486895063,0.004995162248059017,0.013146538176416152
roberta_twitter_sentiment,2500,41,0.002818276642151916,-0.00040213852390123394,0.0035987126927403247,0.007005449888080319,0.00345253757143247,0.012313085849552239
roberta_twitter_sentiment,2500,42,0.002818276642151916,0.006384265612367393,0.0032509817731864775,0.0070279525771411635,0.004012181321117768,0.011658421172217763
roberta_twitter_sentiment,2500,43,0.002818276642151916,-0.0017709778086069303,0.0019824870909105727,0.004871643317420842,0.0023729719188765306,0.009063416976254554
roberta_twitter_sentiment,2500,44,0.002818276642151916,0.009059270465664222,0.0035795407820388096,0.010387500117372082,0.003781149130759843,0.015341283406390445
roberta_twitter_sentiment,2500,45,0.002818276642151916,0.0029795625680622056,0.002539241530080087,0.006802775620870951,0.003801125108313396,0.013238518079948388
roberta_twitter_sentiment,2500,46,0.002818276642151916,0.002349439889417095,0.001818499792064684,0.005970881776568119,0.002112234931212398,0.011269352805269603
roberta_twitter_sentiment,2500,47,0.002818276642151916,-0.0013817430902245465,0.002868280649281236,0.008124742606253704,0.0029851440982958397,0.01223865172230479
roberta_twitter_sentiment,2500,48,0.002818276642151916,0.006084447466195142,0.003420068063894738,0.008028387396487272,0.004010408363813059,0.014196810857437505
roberta_twitter_sentiment,2500,49,0.002818276642151916,0.00447615600142332,0.003515564738554675,0.006675014398778665,0.004263202430268754,0.012189879618508136
roberta_twitter_sentiment,2500,50,0.002818276642151916,0.0028870740563851052,0.0040748201963663995,0.008209498616030509,0.00490760486634306,0.011882865846291564
roberta_twitter_sentiment,2500,51,0.002818276642151916,0.008265739371901514,0.004297316395486306,0.00871780301347325,0.004786065642539838,0.014665761259937907
roberta_twitter_sentiment,2500,52,0.002818276642151916,0.003722422611953489,0.004082183112109583,0.007148271523263428,0.0037565198161608904,0.012192262146671556
roberta_twitter_sentiment,2500,53,0.002818276642151916,0.0054757508975140645,0.003760812942318587,0.007680060715964332,0.004695173850316935,0.013075663387126322
roberta_twitter_sentiment,2500,54,0.002818276642151916,0.0034009489689744796,0.0025756350808057897,0.005420448542172559,0.0032981067151978695,0.010779655614263705
roberta_twitter_sentiment,2500,55,0.002818276642151916,9.415102949305805e-05,0.0034450073925669173,0.00804513390492621,0.0035568825671622277,0.013279319148075334
roberta_twitter_sentiment,2500,56,0.002818276642151916,0.00282619733176823,0.0041807308153241594,0.0072542271136328395,0.004139779649315249,0.012229629683964894
roberta_twitter_sentiment,2500,57,0.002818276642151916,0.0017092597040145982,0.003991332236398014,0.006866486824324289,0.004131464746657441,0.011806466957888328
roberta_twitter_sentiment,2500,58,0.002818276642151916,0.003702205241354253,0.003475886769028306,0.00698040124067807,0.004046630355196478,0.011343306114203052
roberta_twitter_sentiment,2500,59,0.002818276642151916,-5.970016297067815e-06,0.0020489491434598187,0.004145738571625251,0.0021696378031720626,0.010239630841828776
roberta_twitter_sentiment,2500,60,0.002818276642151916,0.00041027562973259,0.0023087595819672527,0.005885140201418152,0.0018353356752351885,0.011211045668368566
roberta_twitter_sentiment,2500,61,0.002818276642151916,-2.12942444634578e-05,0.0034368880138405835,0.0054012070210660195,0.004158116633009645,0.01116966270857327
roberta_twitter_sentiment,2500,62,0.002818276642151916,0.006540657917527367,0.0036388747044144706,0.008668574162148482,0.005011465050449545,0.013677926803986216
roberta_twitter_sentiment,2500,63,0.002818276642151916,0.002416177934309028,0.0020838683519587508,0.0046160084363357145,0.002001857658725848,0.010340680663881068
roberta_twitter_sentiment,2500,64,0.002818276642151916,0.005761931004341101,0.0031607846854711445,0.005892434042962901,0.0032189044188654556,0.01240281307552404
roberta_twitter_sentiment,2500,65,0.002818276642151916,0.003326759328848138,0.003450323233349855,0.006337425001194151,0.003997464780809741,0.011836202198935487
roberta_twitter_sentiment,2500,66,0.002818276642151916,0.0005789702487968597,0.003622774783373951,0.007232345621904755,0.004083352677417155,0.012004523211896824
roberta_twitter_sentiment,2500,67,0.002818276642151916,0.0055650865057663475,0.0032877639581154507,0.00654009615202127,0.003702557871979225,0.013837771087751822
roberta_twitter_sentiment,2500,68,0.002818276642151916,0.005375030668564916,0.0024844658593102947,0.006985540472113392,0.003522116952204627,0.01264105894656619
roberta_twitter_sentiment,2500,69,0.002818276642151916,0.005312035187247831,0.0028632493928404975,0.005389673313426784,0.0028133410168628987,0.01232544824032417
roberta_twitter_sentiment,2500,70,0.002818276642151916,0.004147874028303318,0.002914697274268269,0.005638112035341878,0.003095543106075158,0.011582176901487122
roberta_twitter_sentiment,2500,71,0.002818276642151916,0.003353971957292653,0.0027971493615797645,0.005658282815912202,0.0031585883532155444,0.011630502017668985
roberta_twitter_sentiment,2500,72,0.002818276642151916,0.0042194020491379295,0.004698623317588864,0.008246892879148466,0.005685518239168154,0.01420197693771406
roberta_twitter_sentiment,2500,73,0.002818276642151916,-0.0037447872704803615,0.003238526414616979,0.006945735983410025,0.0034984326010066903,0.01321839774234179
roberta_twitter_sentiment,2500,74,0.002818276642151916,0.0005814274776848529,0.0028415951993373103,0.006666411937519481,0.0036020774810444013,0.01403270693776876
roberta_twitter_sentiment,2500,75,0.002818276642151916,-0.001495197026571551,0.0017802331426155292,0.004624679681440805,0.002154133308821185,0.009132034013623842
roberta_twitter_sentiment,2500,76,0.002818276642151916,0.0030117213035476455,0.0018273834373622195,0.005318582997742617,0.0023064366858921554,0.011195605876713755
roberta_twitter_sentiment,2500,77,0.002818276642151916,0.0030729184483342725,0.003119837360869855,0.006669946898833757,0.003577389913663891,0.012888965454461406
roberta_twitter_sentiment,2500,78,0.002818276642151916,0.0025350877728843014,0.0032973550793196985,0.007427129894219662,0.0034191377806245464,0.012235859807992926
roberta_twitter_sentiment,2500,79,0.002818276642151916,0.0009635124287014477,0.0026828946506296,0.006635534702986708,0.0028847058408105904,0.012152203251103165
roberta_twitter_sentiment,2500,80,0.002818276642151916,0.003175739727888365,0.0023787808309142697,0.00625770325330444,0.0026076841281280584,0.011831121820227254
roberta_twitter_sentiment,2500,81,0.002818276642151916,-1.4419126978327767e-05,0.0014484612041343998,0.0038156341694306002,0.0021177984412924468,0.009110275608581209
roberta_twitter_sentiment,2500,82,0.002818276642151916,0.0008603570554227215,0.0024743708561476337,0.005157731979543907,0.00229885549208839,0.009166886009244063
roberta_twitter_sentiment,2500,83,0.002818276642151916,-0.0007477517399840515,0.003174420952645377,0.0067488520358617585,0.003978980606031843,0.012176037102714607
roberta_twitter_sentiment,2500,84,0.002818276642151916,0.001398450036649674,0.003273423933377262,0.006762995053019144,0.0038465666274794135,0.011884142170828204
roberta_twitter_sentiment,2500,85,0.002818276642151916,-0.002693527422564594,0.0018718498810896907,0.004352125456365416,0.0018314557101876258,0.009298696560961136
roberta_twitter_sentiment,2500,86,0.002818276642151916,0.0019382426327521887,0.0015611916704716242,0.006197902091985388,0.0020250024285530395,0.011140830582077762
roberta_twitter_sentiment,2500,87,0.002818276642151916,0.0018121950283296322,0.004183961286755555,0.006599319313716891,0.0037138463646244923,0.011214489155981871
roberta_twitter_sentiment,2500,88,0.002818276642151916,0.006476593006837103,0.0050545557705473166,0.008361934743052232,0.005662536221241808,0.014718260935766139
roberta_twitter_sentiment,2500,89,0.002818276642151916,0.007860472002105432,0.0048504722413579325,0.009031487566761573,0.004963009063354039,0.015321122868863503
roberta_twitter_sentiment,2500,90,0.002818276642151916,0.004756905621565156,0.0047978269826446,0.008697954063005187,0.0042118625303602915,0.015188315147586609
roberta_twitter_sentiment,2500,91,0.002818276642151916,0.003636216206711817,0.003570734532069699,0.006319381264230586,0.003790217100604134,0.01219396798911874
roberta_twitter_sentiment,2500,92,0.002818276642151916,0.00305808909227008,0.0030866005535075377,0.007177389845871736,0.003876311588801741,0.013566922273984622
roberta_twitter_sentiment,2500,93,0.002818276642151916,0.0039303743263142425,0.0036481785206066955,0.008279794137163418,0.003933028872853671,0.013561630437535483
roberta_twitter_sentiment,2500,94,0.002818276642151916,0.0041863892869337255,0.003131227903778019,0.007268956141707915,0.004109612170309189,0.01352480349877999
roberta_twitter_sentiment,2500,95,0.002818276642151916,0.005667535879101291,0.0023413779146841617,0.007338252787926513,0.003105987138371726,0.01198262661531227
roberta_twitter_sentiment,2500,96,0.002818276642151916,0.008432480465155967,0.0038847829157897516,0.007705162781608696,0.0038495769041108924,0.013900758899073927
roberta_twitter_sentiment,2500,97,0.002818276642151916,0.008088112363392408,0.004026517503106037,0.007290103636848213,0.005538382654842901,0.014502469268202946
roberta_twitter_sentiment,2500,98,0.002818276642151916,0.0012222086978636738,0.002256827521056049,0.004974231510069463,0.0020559132336008643,0.009428076185847173
roberta_twitter_sentiment,2500,99,0.002818276642151916,0.0014795403852755694,0.001945328584143504,0.00553353629188287,0.0019435587567241692,0.010431426188731115
roberta_twitter_sentiment,2500,100,0.002818276642151916,0.0030629199990118163,0.002302334818358685,0.005869587120186047,0.00311380964507072,0.011374612720796493
roberta_twitter_sentiment,2500,101,0.002818276642151916,0.0022649259930681443,0.002592786760407899,0.005908316333636553,0.003526512763780649,0.011591810036239991
roberta_twitter_sentiment,2500,102,0.002818276642151916,0.0031174003496767296,0.0029636546410927857,0.006814489199907187,0.0029950791977171763,0.013050362279878772
roberta_twitter_sentiment,2500,103,0.002818276642151916,0.002086421536882866,0.003691703217761251,0.0070051326012571125,0.003904800442200694,0.012835841606942485
roberta_twitter_sentiment,2500,104,0.002818276642151916,0.007596861989361034,0.004126082314521716,0.007709829327323747,0.00462216193814708,0.013561592799765107
roberta_twitter_sentiment,2500,105,0.002818276642151916,0.002138438904473431,0.003150575012761419,0.007501541876090386,0.0049766663564729035,0.013121607893105219
roberta_twitter_sentiment,2500,106,0.002818276642151916,0.003827182680725157,0.0032024613539923395,0.0071115627493581616,0.004436423884823988,0.013134330505092913
roberta_twitter_sentiment,2500,107,0.002818276642151916,0.005333469462278921,0.00426921542240514,0.007660259927067842,0.004612111607611569,0.014906607754004996
roberta_twitter_sentiment,2500,108,0.002818276642151916,0.0026405993024881643,0.003055047858833299,0.006854934576676902,0.003613701981197273,0.011652780245907128
roberta_twitter_sentiment,2500,109,0.002818276642151916,0.006898428316370358,0.0035143457467008555,0.007671834173587472,0.004580476292350842,0.013960014721158688
roberta_twitter_sentiment,2500,110,0.002818276642151916,0.0005881791978384461,0.0022453937768131386,0.006093693247338592,0.0023351224192479105,0.011273273782894092
roberta_twitter_sentiment,2500,111,0.002818276642151916,-0.0018604868549287011,0.002829642147448373,0.006319547038552364,0.0039359515308073564,0.01121310379307854
roberta_twitter_sentiment,2500,112,0.002818276642151916,0.005568881149779507,0.00286123340647176,0.006806689966881136,0.0032739456322239766,0.011984659638127237
roberta_twitter_sentiment,2500,113,0.002818276642151916,-0.0012331932720925781,0.002378103595909309,0.005127520606112165,0.0030518598704024095,0.01081331967176564
roberta_twitter_sentiment,2500,114,0.002818276642151916,0.007928902057973261,0.003910803228648051,0.008962998104908615,0.004818937223207354,0.014167235087743353
roberta_twitter_sentiment,2500,115,0.002818276642151916,0.0029232062609499784,0.0035519582419109444,0.008394912565462431,0.0036753517649685463,0.01329678494215293
roberta_twitter_sentiment,2500,116,0.002818276642151916,0.00010337597345939902,0.0030320675466620553,0.005952674444181554,0.0037082017867683726,0.010484284153548348
roberta_twitter_sentiment,2500,117,0.002818276642151916,0.0031938939404989155,0.0027981534257359485,0.006077613687766495,0.002595254594833658,0.012714542429435777
roberta_twitter_sentiment,2500,118,0.002818276642151916,0.003024817359051053,0.004008135323082813,0.006937440876900961,0.0038277108784202122,0.011645826229058808
roberta_twitter_sentiment,2500,119,0.002818276642151916,0.003044179716940219,0.0032302915604287643,0.008741879150350894,0.0030476367224392415,0.01307766780922381
roberta_twitter_sentiment,2500,120,0.002818276642151916,0.0033742869158151123,0.0023516061999601296,0.006577534476728465,0.0028429781971194175,0.014619004290299486
roberta_twitter_sentiment,2500,121,0.002818276642151916,0.0005171894364562568,0.0012042451149704596,0.004696148091863252,0.0012043426358317253,0.009442867749715705
roberta_twitter_sentiment,2500,122,0.002818276642151916,0.0013364782685087997,0.003053093858252425,0.006113105046253858,0.002994402144823906,0.011412897624100292
roberta_twitter_sentiment,2500,123,0.002818276642151916,-0.00021662774527367974,0.0023968627728751823,0.005902110909548663,0.003116420251473551,0.011856818150926127
roberta_twitter_sentiment,2500,124,0.002818276642151916,0.0024409823604833996,0.002638162247809317,0.007009100845302726,0.002962342648524773,0.011953807058609666
roberta_twitter_sentiment,2500,125,0.002818276642151916,0.0026667384402172464,0.002677116956299218,0.006212893467599991,0.003154478351055457,0.011490749670704533
roberta_twitter_sentiment,2500,126,0.002818276642151916,0.006567808730739497,0.004791180422357165,0.008474047111785392,0.004722777191189232,0.015025082290821135
roberta_twitter_sentiment,2500,127,0.002818276642151916,0.002465444747246113,0.00312791329318662,0.006359107188837327,0.003296881442771129,0.011576524711793839
roberta_twitter_sentiment,2500,128,0.002818276642151916,0.00017508363578592456,0.003592633056973092,0.006461334935772892,0.003142376135131137,0.013000250130312115
roberta_twitter_sentiment,2500,129,0.002818276642151916,0.004989319258528944,0.00371479702551873,0.007265598552041247,0.003628404191793091,0.014049162507141626
roberta_twitter_sentiment,2500,130,0.002818276642151916,0.005427908039501606,0.0031073957802867686,0.00758923175086579,0.0034726846520104276,0.013657024592026445
roberta_twitter_sentiment,2500,131,0.002818276642151916,0.003990177073719377,0.004152603785602509,0.006717606763953001,0.004465756993841798,0.011395427452649048
roberta_twitter_sentiment,2500,132,0.002818276642151916,0.0023377542282111193,0.0025639598697054,0.0059500974687961864,0.0030848616190788584,0.011894149047060666
roberta_twitter_sentiment,2500,133,0.002818276642151916,0.003669397982487821,0.004230261047914036,0.007313776198263501,0.004569709411616373,0.01319833086212462
roberta_twitter_sentiment,2500,134,0.002818276642151916,-0.0031405547566930344,0.003916251952941779,0.007342550780036101,0.004175282389291819,0.013258467097776063
roberta_twitter_sentiment,2500,135,0.002818276642151916,0.0012428234887728192,0.004400651795585509,0.007108103369684786,0.004710226110663433,0.013236408830596803
roberta_twitter_sentiment,2500,136,0.002818276642151916,-0.0007003237307799153,0.002344464172669104,0.004885750563969511,0.002746142918237914,0.01064292616176616
roberta_twitter_sentiment,2500,137,0.002818276642151916,0.0011490119777228759,0.0032321682375067314,0.006077945546235478,0.003436005445213313,0.01216541164995619
roberta_twitter_sentiment,2500,138,0.002818276642151916,0.002357415191423935,0.004010032622167073,0.007862486450036269,0.0032219553294566025,0.0120136105834828
roberta_twitter_sentiment,2500,139,0.002818276642151916,-0.004767990381132827,0.0009627857531207576,0.004895918369529358,0.0013116660104842944,0.01070687167381894
roberta_twitter_sentiment,2500,140,0.002818276642151916,0.004204147326396944,0.003227567227703652,0.007396411657028918,0.004002591753274583,0.012259313120333423
roberta_twitter_sentiment,2500,141,0.002818276642151916,-0.00113558452742032,0.002665307537017918,0.0056154249268792755,0.002951499001234789,0.01070250069685758
roberta_twitter_sentiment,2500,142,0.002818276642151916,0.0014242360434418824,0.002558533291505446,0.0050926182021123435,0.0034637153305113444,0.014307541384032616
roberta_twitter_sentiment,2500,143,0.002818276642151916,0.0001587537937155005,0.00336847581688361,0.006961953872879787,0.003384267156252776,0.014095220437864037
roberta_twitter_sentiment,2500,144,0.002818276642151916,-0.00026005155541461276,0.0025334655858250724,0.005293381423236378,0.0025748080832310545,0.010705498997316439
roberta_twitter_sentiment,2500,145,0.002818276642151916,0.0005625420938327856,0.0024811067599522707,0.0057507684357614025,0.0032625985879119156,0.011562893628024583
roberta_twitter_sentiment,2500,146,0.002818276642151916,0.004169898180490608,0.0029444248629832905,0.006166629062038664,0.0030548154920685194,0.01066982593097942
roberta_twitter_sentiment,2500,147,0.002818276642151916,0.0016447263359296827,0.0030879210022236735,0.0069989911269081,0.0030187281741330934,0.01139417584044384
roberta_twitter_sentiment,2500,148,0.002818276642151916,0.00384153035196762,0.004563300042515216,0.007190474672646102,0.004936941930003668,0.012815442308277145
roberta_twitter_sentiment,2500,149,0.002818276642151916,0.005384778557291798,0.003942060502911778,0.008320855033896188,0.004082766848435319,0.013843113289573435
roberta_twitter_sentiment,2500,150,0.002818276642151916,0.0008628315100625482,0.0038910523964212876,0.00839326188172515,0.003908918096008273,0.013769820759445939
roberta_twitter_sentiment,2500,151,0.002818276642151916,0.00668849944707531,0.003526411119455409,0.007523093628536173,0.003919795506981131,0.013634467976282085
roberta_twitter_sentiment,2500,152,0.002818276642151916,0.004803046344238289,0.002699412976960907,0.00609424471422455,0.003167663655763968,0.013816367661149258
roberta_twitter_sentiment,2500,153,0.002818276642151916,0.004056613558963995,0.0015884807361445494,0.005732599334860347,0.0019292141066507252,0.011365345551366672
roberta_twitter_sentiment,2500,154,0.002818276642151916,0.005917564168735724,0.003334858311586351,0.00846604221767616,0.003938506755545708,0.013115378574388492
roberta_twitter_sentiment,2500,155,0.002818276642151916,0.005357719275996794,0.0032758131157149648,0.007346286763718623,0.0036261962269650084,0.014919626060479476
roberta_twitter_sentiment,2500,156,0.002818276642151916,0.0059625264012476975,0.004405288005993538,0.008192236884781568,0.004940029162173785,0.015257049320774024
roberta_twitter_sentiment,2500,157,0.002818276642151916,0.0012244001860311285,0.002418111988694096,0.006797538428378942,0.003420692217804976,0.010440395888568167
roberta_twitter_sentiment,2500,158,0.002818276642151916,0.004707436108508622,0.0024704088772189857,0.00541302857492416,0.002100628577962691,0.011296474528873106
roberta_twitter_sentiment,2500,159,0.002818276642151916,0.005236151621124127,0.003875804305255872,0.00645692361533632,0.0028256168992366795,0.013302933880494498
roberta_twitter_sentiment,2500,160,0.002818276642151916,0.0015515251836275374,0.0034486066037903453,0.006578376645335501,0.004518033581044612,0.01112116463622106
roberta_twitter_sentiment,2500,161,0.002818276642151916,0.00524175006754532,0.005291681237881422,0.00869332190115054,0.005323795276675998,0.013732207059812476
roberta_twitter_sentiment,2500,162,0.002818276642151916,0.0039828372193449375,0.0030917666992882785,0.0062041431479362835,0.0031220974733478803,0.012361603730987287
roberta_twitter_sentiment,2500,163,0.002818276642151916,-0.0012047651457240606,0.002094493983678222,0.004958564317292153,0.0024794098940117523,0.010946354706955503
roberta_twitter_sentiment,2500,164,0.002818276642151916,0.0038927159706593174,0.0019457119345128258,0.007311649952579247,0.002515726990791483,0.012159563192214862
roberta_twitter_sentiment,2500,165,0.002818276642151916,0.003154888532542684,0.0034237921912690875,0.0072749680974997155,0.0036987394608476655,0.011898745539574741
roberta_twitter_sentiment,2500,166,0.002818276642151916,0.0028438642636774924,0.002707482872884158,0.006559397671798957,0.003860664210396087,0.011834805005039244
roberta_twitter_sentiment,2500,167,0.002818276642151916,0.007559149439074797,0.004006650325241588,0.008717778160958502,0.005360124807736304,0.01541674830350731
roberta_twitter_sentiment,2500,168,0.002818276642151916,0.0030277263611338113,0.0018288058411394142,0.0046478137623823836,0.0024098156573667084,0.011556246852540133
roberta_twitter_sentiment,2500,169,0.002818276642151916,0.005980148142157025,0.003530574545550053,0.006936800940857591,0.003191615147914521,0.012863797593434369
roberta_twitter_sentiment,2500,170,0.002818276642151916,0.004155587125205876,0.002759276677229342,0.006339441520358163,0.0032949904112836424,0.012270490719251556
roberta_twitter_sentiment,2500,171,0.002818276642151916,0.004669370360837395,0.004378596850124193,0.007806717467365594,0.005279979090586142,0.013308866437841488
roberta_twitter_sentiment,2500,172,0.002818276642151916,0.003526839477896029,0.0027564276791408743,0.008549645234105369,0.003553543128738986,0.015142291222956324
roberta_twitter_sentiment,2500,173,0.002818276642151916,0.00043259145448452035,0.0030104247441795655,0.006458008454084299,0.0030077387571257413,0.011343596070892316
roberta_twitter_sentiment,2500,174,0.002818276642151916,0.0046213594277444425,0.0023073137486741787,0.006851294471664128,0.0026346251986790778,0.01236781814800407
roberta_twitter_sentiment,2500,175,0.002818276642151916,0.004245713543281061,0.0022096540777477654,0.005383251581146767,0.00257679744570506,0.01157619980869364
roberta_twitter_sentiment,2500,176,0.002818276642151916,0.00039800469212495146,0.004201678786145216,0.0073539824889239805,0.0038846002433290446,0.011428705170369226
roberta_twitter_sentiment,2500,177,0.002818276642151916,0.002536006969910616,0.0039941533103879144,0.007452926536085099,0.003917053705699667,0.012734485712190203
roberta_twitter_sentiment,2500,178,0.002818276642151916,-0.00019903053540561936,0.002116243394824891,0.005661439078534784,0.0020054084686686,0.011115466976419748
roberta_twitter_sentiment,2500,179,0.002818276642151916,0.0019031281752919067,0.003878643450547604,0.007861550754123234,0.005163049304353012,0.013074393935457632
roberta_twitter_sentiment,2500,180,0.002818276642151916,0.0004979042161930825,0.0032869879758998855,0.006816500957505861,0.0034774856800924682,0.012857544914506806
roberta_twitter_sentiment,2500,181,0.002818276642151916,0.0016053467728515307,0.0019306245142510447,0.004752476596729563,0.0021532463947569543,0.011158552666209198
roberta_twitter_sentiment,2500,182,0.002818276642151916,0.000533930970178153,0.0031101346377868837,0.007040548168154644,0.0035180842165054506,0.011310226873853309
roberta_twitter_sentiment,2500,183,0.002818276642151916,0.0075324661984529015,0.004644192577567772,0.01033678586487837,0.005669110267820209,0.016112435294335703
roberta_twitter_sentiment,2500,184,0.002818276642151916,0.001673528039492532,0.0027122270360217244,0.006569190870780535,0.002885153819497842,0.012235164969196731
roberta_twitter_sentiment,2500,185,0.002818276642151916,-0.004148666587724216,0.0021182508502274344,0.0060250194877699585,0.0026926443380352522,0.010722918133925244
roberta_twitter_sentiment,2500,186,0.002818276642151916,0.004763548990284577,0.002098817989839481,0.005427668813401933,0.002816954290083479,0.010751198435563039
roberta_twitter_sentiment,2500,187,0.002818276642151916,0.001552189946840426,0.0023678500576366094,0.005171350315048113,0.0025337182016472656,0.011469732955652475
roberta_twitter_sentiment,2500,188,0.002818276642151916,0.0023366569593229174,0.002924065705640998,0.008065376348485047,0.0028663658920492076,0.014075518619249138
roberta_twitter_sentiment,2500,189,0.002818276642151916,0.00567834436664008,0.003331003928627457,0.007654003725010575,0.003261004637649647,0.01637672196203384
roberta_twitter_sentiment,2500,190,0.002818276642151916,0.0029784424143434853,0.0028042326611975245,0.005226481205137419,0.003436138370656197,0.01339850712015221
roberta_twitter_sentiment,2500,191,0.002818276642151916,0.002803521464277487,0.0035974801471316733,0.006194684331712542,0.0038339891935622573,0.012441724887428809
roberta_twitter_sentiment,2500,192,0.002818276642151916,0.001632263005211554,0.002020754340367456,0.005488545763837505,0.0024200948952951967,0.011460652565580215
roberta_twitter_sentiment,2500,193,0.002818276642151916,0.0060077743880855025,0.004780350628110256,0.008120478130706085,0.005711897025148876,0.016937478531200836
roberta_twitter_sentiment,2500,194,0.002818276642151916,-0.0013309404334814834,0.0025612322198357005,0.006324248483663225,0.003257746302240292,0.01214842352488338
roberta_twitter_sentiment,2500,195,0.002818276642151916,0.002415013526780466,0.0034064166150185246,0.007720251945613724,0.003723689526222328,0.014298590153571426
roberta_twitter_sentiment,2500,196,0.002818276642151916,0.004055033523554584,0.0031452141796341404,0.006389874691003897,0.004350585997593176,0.013366849735125277
roberta_twitter_sentiment,2500,197,0.002818276642151916,0.004984960604345906,0.0031754839123221625,0.008515386056032212,0.00379281420780176,0.014756051264473605
roberta_twitter_sentiment,2500,198,0.002818276642151916,0.0020784519204585777,0.002181261048233827,0.005625556118881453,0.0021877412475274647,0.011825941475547531
roberta_twitter_sentiment,2500,199,0.002818276642151916,0.005882338110493495,0.002359258768805225,0.008179946095518805,0.0035042463322801144,0.013555234581756693
roberta_twitter_sentiment,5000,0,0.002818276642151916,0.0025932645771021756,0.0027249205760812452,0.005454993703877515,0.003194182822654617,0.0127761258797209
roberta_twitter_sentiment,5000,1,0.002818276642151916,0.0014054091351179494,0.0023024788953269143,0.005575527357307419,0.003275407649204174,0.012816989474208978
roberta_twitter_sentiment,5000,2,0.002818276642151916,0.0037179045028358088,0.002022590343437722,0.005254890288920513,0.002895158016073908,0.012241609102639366
roberta_twitter_sentiment,5000,3,0.002818276642151916,0.0039486565934181575,0.0028506475783283904,0.005184758766962386,0.003215738695842355,0.011364767293603233
roberta_twitter_sentiment,5000,4,0.002818276642151916,0.0007486075331803584,0.0025755170308265534,0.004671515243484553,0.00302250744758476,0.011659185983802495
roberta_twitter_sentiment,5000,5,0.002818276642151916,-0.00038643389370968394,0.002379140648216916,0.005467715531643707,0.0024761553533865655,0.010624830060826417
roberta_twitter_sentiment,5000,6,0.002818276642151916,0.001940169425537006,0.002815494680700243,0.005643528550130773,0.0034236143968820075,0.011955829054594382
roberta_twitter_sentiment,5000,7,0.002818276642151916,0.0013006155187493772,0.002830774854499362,0.005911835464801482,0.0038900996024423514,0.012408615088547797
roberta_twitter_sentiment,5000,8,0.002818276642151916,0.00034626836574826696,0.0025897295778254154,0.005591366467383247,0.003131214449130394,0.012373993536486444
roberta_twitter_sentiment,5000,9,0.002818276642151916,0.003638013537157438,0.0032840011930265075,0.006158662436998677,0.003939651657036665,0.013129817901078386
roberta_twitter_sentiment,5000,10,0.002818276642151916,0.0019499451361377795,0.0023090749738880127,0.004175115014419972,0.002343020761484796,0.01182031031458856
roberta_twitter_sentiment,5000,11,0.002818276642151916,0.006581017647258294,0.003910705929316937,0.006622663743424412,0.004134949690951054,0.014674497936401363
roberta_twitter_sentiment,5000,12,0.002818276642151916,0.0027388148448493966,0.003653676047614771,0.00684262165740754,0.003863089388904063,0.0125965809380486
roberta_twitter_sentiment,5000,13,0.002818276642151916,0.0006162511360851914,0.0025173455599662663,0.005730483548044607,0.0026591103623734885,0.012173244429775349
roberta_twitter_sentiment,5000,14,0.002818276642151916,0.002762318977279173,0.003170453791725264,0.005267940397427478,0.0034291468611382125,0.013341960657276403
roberta_twitter_sentiment,5000,15,0.002818276642151916,0.005901122887083754,0.002876549180189042,0.006535061046481612,0.003420740120528705,0.014574294844408206
roberta_twitter_sentiment,5000,16,0.002818276642151916,8.295038058988703e-06,0.002450396157222599,0.005591637359112717,0.002810862694784914,0.012053120974465719
roberta_twitter_sentiment,5000,17,0.002818276642151916,0.005241873915974948,0.0032849460950620623,0.006209686921980555,0.004058212129126808,0.013290582419031763
roberta_twitter_sentiment,5000,18,0.002818276642151916,0.0020869262522128554,0.002664746281873226,0.005826842046018833,0.0031047445125045865,0.014269056460770141
roberta_twitter_sentiment,5000,19,0.002818276642151916,0.0018108980312891696,0.0030702371539300956,0.00533821880741377,0.0037159823064239193,0.011814813791111132
roberta_twitter_sentiment,5000,20,0.002818276642151916,0.0018015559417313845,0.003172546717948009,0.005864412942617007,0.003709220512659164,0.012790252767383898
roberta_twitter_sentiment,5000,21,0.002818276642151916,0.004487744161984584,0.003955736357440817,0.006774388076941161,0.004553068155851191,0.014350230895038955
roberta_twitter_sentiment,5000,22,0.002818276642151916,-0.00043111783474095606,0.0019053751651101573,0.004723163273161145,0.00302314615967831,0.011613172725731489
roberta_twitter_sentiment,5000,23,0.002818276642151916,0.00813223153871609,0.003008999540305402,0.005363215174860609,0.0036039915966120987,0.013072121254584415
roberta_twitter_sentiment,5000,24,0.002818276642151916,0.003461812456711661,0.0035203648292933157,0.0062005788304580235,0.004328807871537598,0.0134087401132324
roberta_twitter_sentiment,5000,25,0.002818276642151916,0.0016884106824806935,0.002368948065218901,0.004845094193793261,0.0026551808786426843,0.011867892032051288
roberta_twitter_sentiment,5000,26,0.002818276642151916,0.00136663834364284,0.0020306388580548953,0.0053526467678321425,0.002366587511440085,0.012072486576084394
roberta_twitter_sentiment,5000,27,0.002818276642151916,0.0019457899152020704,0.002581689675363627,0.0059764013302942166,0.003215757985745385,0.012384133623540279
roberta_twitter_sentiment,5000,28,0.002818276642151916,0.0009214253098073195,0.002346141907338106,0.005937062088646064,0.0029953699801126676,0.011866321981280055
roberta_twitter_sentiment,5000,29,0.002818276642151916,0.0023113225783529595,0.0022519666664625924,0.004752260660756665,0.0030247081448604284,0.013113115076597693
roberta_twitter_sentiment,5000,30,0.002818276642151916,0.0026696812706078926,0.0030587642691206913,0.005595835965918292,0.003483968894221476,0.012428380837052702
roberta_twitter_sentiment,5000,31,0.002818276642151916,0.0036200602411619455,0.0019809854921186186,0.0054067806627134726,0.0027819642011832494,0.013426360249904946
roberta_twitter_sentiment,5000,32,0.002818276642151916,0.001972860433687555,0.0018578047593705304,0.004330678773318992,0.0021748254888360294,0.011518245559820716
roberta_twitter_sentiment,5000,33,0.002818276642151916,0.003721733207454347,0.0037411784776988297,0.006653578402745853,0.0043669396315773115,0.013274423894667492
roberta_twitter_sentiment,5000,34,0.002818276642151916,0.003530820734521392,0.0029422912248432713,0.0052302082593510945,0.003192060968799834,0.012824613206281046
roberta_twitter_sentiment,5000,35,0.002818276642151916,0.0022545020887128394,0.0017672816308213976,0.004060029462111557,0.002423043347722695,0.011585688216797648
roberta_twitter_sentiment,5000,36,0.002818276642151916,0.0036534752569730685,0.00228760160813562,0.005736679823147037,0.002849257105273967,0.0138411185605173
roberta_twitter_sentiment,5000,37,0.002818276642151916,0.002218983595275455,0.003647902220056417,0.006658521266207718,0.003987477240430433,0.012437937206136418
roberta_twitter_sentiment,5000,38,0.002818276642151916,6.310986076144812e-05,0.0040338270474887805,0.006233557324545321,0.004174935317834706,0.013712004871826704
roberta_twitter_sentiment,5000,39,0.002818276642151916,0.004741329523211077,0.002547419867209723,0.006083683399663626,0.003027335035908933,0.012576990161471237
roberta_twitter_sentiment,5000,40,0.002818276642151916,-0.0012226693622477544,0.0019099986277468855,0.004318461513492619,0.002275472630838601,0.01108123534589374
roberta_twitter_sentiment,5000,41,0.002818276642151916,0.0043249790282384295,0.0024814925289628133,0.005817863276785134,0.002828334755180351,0.01221668004384761
roberta_twitter_sentiment,5000,42,0.002818276642151916,0.004619666693836173,0.002459433525904051,0.00530231261157015,0.0030489535584412534,0.012145514117418205
roberta_twitter_sentiment,5000,43,0.002818276642151916,0.001972293444653652,0.002926631824608311,0.005199660716301024,0.003520211400480136,0.0119502914530624
roberta_twitter_sentiment,5000,44,0.002818276642151916,0.0027602072170736353,0.0035658298433342327,0.006370926968247781,0.003940176227048893,0.013170660423769204
roberta_twitter_sentiment,5000,45,0.002818276642151916,0.0019220671680990854,0.0025199448277001247,0.005647172450157113,0.003135168383900721,0.01272966375269128
roberta_twitter_sentiment,5000,46,0.002818276642151916,0.0003854059593677122,0.002701278509155233,0.0058868732712641925,0.003581030611282121,0.012076949926977996
roberta_twitter_sentiment,5000,47,0.002818276642151916,0.005426636982681767,0.002692311388226167,0.006160737510341508,0.0037010291735282874,0.01309997834398976
roberta_twitter_sentiment,5000,48,0.002818276642151916,0.003182917925193439,0.003700610300856409,0.006542859796745649,0.004123460429408838,0.014665329031559135
roberta_twitter_sentiment,5000,49,0.002818276642151916,0.0044673311282063255,0.002366653948034309,0.005399239082985393,0.003385095488864175,0.013106729611626402
roberta_twitter_sentiment,5000,50,0.002818276642151916,0.0023806356492210093,0.0023261010432605736,0.004347464631351766,0.0026216068366268098,0.01061178562828498
roberta_twitter_sentiment,5000,51,0.002818276642151916,0.006036599522400091,0.004178934135584309,0.00644954544193291,0.004102109087518867,0.013485340857308473
roberta_twitter_sentiment,5000,52,0.002818276642151916,0.004981025424772989,0.003890555166243138,0.006858345065776011,0.004777388976866731,0.014620419662862635
roberta_twitter_sentiment,5000,53,0.002818276642151916,0.003785330958877462,0.0026251277591866,0.005725958889128792,0.0030657500302998975,0.012989172230432723
roberta_twitter_sentiment,5000,54,0.002818276642151916,0.002135231731041919,0.00303277593267543,0.005040124946944671,0.0031505736313401085,0.012897922641815041
roberta_twitter_sentiment,5000,55,0.002818276642151916,0.001796866913469367,0.0038333589844143177,0.005520453128617605,0.003546898109039595,0.012815437647238416
roberta_twitter_sentiment,5000,56,0.002818276642151916,0.0038008703572023576,0.003123441310764537,0.0056846261431813035,0.003438202479417309,0.013681871224295651
roberta_twitter_sentiment,5000,57,0.002818276642151916,0.0037226674459976045,0.0025443228587911054,0.005568494112416431,0.00298874986460697,0.01189498435517397
roberta_twitter_sentiment,5000,58,0.002818276642151916,-0.0005758918486451913,0.0026009785230839194,0.005933735548510719,0.0036735321508778356,0.012577564648798101
roberta_twitter_sentiment,5000,59,0.002818276642151916,0.006465972525903337,0.003852845959598966,0.0072187591787138666,0.004542582349493651,0.014510977960473756
roberta_twitter_sentiment,5000,60,0.002818276642151916,0.0008552635373525071,0.003459928963140376,0.005970077741184254,0.004228386235115338,0.012736677315769832
roberta_twitter_sentiment,5000,61,0.002818276642151916,0.00545926129559627,0.001993449429382597,0.005003809342788766,0.003205272382078245,0.01176632992179623
roberta_twitter_sentiment,5000,62,0.002818276642151916,0.003289559672859427,0.0019734721224831187,0.005153699123376638,0.003328300788845498,0.012733106549487581
roberta_twitter_sentiment,5000,63,0.002818276642151916,0.004661030504773658,0.0029831543883570015,0.006271168851629314,0.003299553080207643,0.01275863911043669
roberta_twitter_sentiment,5000,64,0.002818276642151916,0.003551279188729103,0.0026354152757853662,0.005413478278168884,0.0031849375815904703,0.013699261504468504
roberta_twitter_sentiment,5000,65,0.002818276642151916,0.0009874841843434173,0.002620860923316582,0.005106673683319016,0.0032290237432071292,0.01193451796851909
roberta_twitter_sentiment,5000,66,0.002818276642151916,0.002107285955176392,0.0030714268204543203,0.005211922373993443,0.0032635141195631813,0.012257120615056917
roberta_twitter_sentiment,5000,67,0.002818276642151916,0.0010807703123244404,0.0018522996751757195,0.004352796794617993,0.0025619284476487356,0.011551410254975374
roberta_twitter_sentiment,5000,68,0.002818276642151916,0.0019062729102787607,0.0015418815995981822,0.004444831758568123,0.001839463276384605,0.011540307049733608
roberta_twitter_sentiment,5000,69,0.002818276642151916,0.001468721813816571,0.002434336200125024,0.005243767586262261,0.0034776134462003233,0.0117288816278121
roberta_twitter_sentiment,5000,70,0.002818276642151916,0.0015877448730285348,0.002533693480679212,0.005748823916343842,0.003564569049555634,0.011370694793426252
roberta_twitter_sentiment,5000,71,0.002818276642151916,3.792343366853981e-05,0.003025570100283568,0.004489420281046682,0.0033891583714470894,0.011583021763201298
roberta_twitter_sentiment,5000,72,0.002818276642151916,0.0028547876665177105,0.0038745218180418883,0.006135228624608479,0.003911046286271425,0.012917409551687022
roberta_twitter_sentiment,5000,73,0.002818276642151916,0.001790644670139217,0.0023241080849560197,0.004602850590027215,0.0026148199014973846,0.012489561398229088
roberta_twitter_sentiment,5000,74,0.002818276642151916,0.0026442098374682833,0.0034087195579099454,0.0054622540548770904,0.0036852687918657572,0.011652832652567849
roberta_twitter_sentiment,5000,75,0.002818276642151916,0.003740117485906776,0.002246964942204327,0.0049176451179550286,0.0030232832377265787,0.011587409452035975
roberta_twitter_sentiment,5000,76,0.002818276642151916,0.002327239990063715,0.0025920306965641804,0.005135506705304063,0.002855256310787664,0.011118839905561912
roberta_twitter_sentiment,5000,77,0.002818276642151916,0.00020130984884561247,0.002287990309557849,0.0048701919055364855,0.00292163194974599,0.012416116662288871
roberta_twitter_sentiment,5000,78,0.002818276642151916,0.002073303482370381,0.004085967269052124,0.006273475960103781,0.004281840848447311,0.012987699785854328
roberta_twitter_sentiment,5000,79,0.002818276642151916,0.005199427201177086,0.0023587575566212057,0.004957395225148931,0.002754674561268038,0.013342953066982155
roberta_twitter_sentiment,5000,80,0.002818276642151916,0.004621215554060646,0.002403021495139731,0.005428464068381669,0.0027750711019004807,0.012451244949338709
roberta_twitter_sentiment,5000,81,0.002818276642151916,0.0027490734563236467,0.0035701269971983723,0.00672612466180128,0.003820524117242941,0.0135671270708884
roberta_twitter_sentiment,5000,82,0.002818276642151916,0.003781649958624063,0.0029060075546119626,0.005712083804175231,0.0033970930954303306,0.013154172105182294
roberta_twitter_sentiment,5000,83,0.002818276642151916,0.0005389961104893897,0.0020443967246065674,0.004677264232292278,0.0023556283420201516,0.011440985366311336
roberta_twitter_sentiment,5000,84,0.002818276642151916,0.0025719658800152333,0.0019389276849569549,0.004849574650936242,0.003124175776526988,0.011289178822818808
roberta_twitter_sentiment,5000,85,0.002818276642151916,0.0024235008643992283,0.002679104328260675,0.005705145773525114,0.0034876126665243316,0.011954107856797496
roberta_twitter_sentiment,5000,86,0.002818276642151916,0.003418124940507684,0.0036242560866813814,0.0064604333236094125,0.004105118885054227,0.015247444021865484
roberta_twitter_sentiment,5000,87,0.002818276642151916,0.003699041042480808,0.003311826572175866,0.006181206794828496,0.003288386923852914,0.01342702973875846
roberta_twitter_sentiment,5000,88,0.002818276642151916,0.002721986310315279,0.004275140390511995,0.0066108448870918005,0.004340221447225741,0.012576735391474383
roberta_twitter_sentiment,5000,89,0.002818276642151916,0.002865273859219201,0.0024674517899445337,0.004598036252298756,0.0026919410405162954,0.012679419980336424
roberta_twitter_sentiment,5000,90,0.002818276642151916,0.0007188653763786732,0.0026924494828173143,0.0048941244022600175,0.0033427245754588295,0.013388517534326402
roberta_twitter_sentiment,5000,91,0.002818276642151916,0.0004243770954577254,0.00200065261334977,0.004857174172827748,0.002623918369166925,0.010906576239215957
roberta_twitter_sentiment,5000,92,0.002818276642151916,0.00447562482200503,0.0026930638280505148,0.005716875031717627,0.0032974328402322855,0.013493236334473687
roberta_twitter_sentiment,5000,93,0.002818276642151916,0.0035010670187682644,0.002500898632715144,0.006067845653337151,0.003180626832309667,0.01252507830407361
roberta_twitter_sentiment,5000,94,0.002818276642151916,0.004687758165806435,0.004089340480186397,0.00782124601903753,0.004441156276656797,0.014305206586272715
roberta_twitter_sentiment,5000,95,0.002818276642151916,0.002208120930947369,0.0032246188026226704,0.006235179478704535,0.00377002256127914,0.012943202426329138
roberta_twitter_sentiment,5000,96,0.002818276642151916,0.0029869522092037092,0.0027870487885440103,0.005396970264554416,0.002919397372785004,0.012529604551037538
roberta_twitter_sentiment,5000,97,0.002818276642151916,0.0033143409294830264,0.0023448016054337054,0.00432789901446544,0.002659448027838195,0.010510669350843306
roberta_twitter_sentiment,5000,98,0.002818276642151916,0.00451162795144094,0.0028758362843103514,0.006420160896127125,0.0034494156577467745,0.01322294391555415
roberta_twitter_sentiment,5000,99,0.002818276642151916,0.0009974687422204993,0.0012643620873322896,0.0035416162911548078,0.0017256481016627967,0.010620733743034181
roberta_twitter_sentiment,5000,100,0.002818276642151916,0.002885035159412844,0.0031014635980441177,0.006113383711084382,0.0036126887330521942,0.013187009720187121
roberta_twitter_sentiment,5000,101,0.002818276642151916,0.0012248324282798685,0.002820908685926504,0.0048355916765760055,0.0033986408873695746,0.011754119544422013
roberta_twitter_sentiment,5000,102,0.002818276642151916,0.003672478522423809,0.0041669112967369385,0.00740656227577631,0.0045662100081362116,0.0137018932055727
roberta_twitter_sentiment,5000,103,0.002818276642151916,0.0017204532538796149,0.0038726591067026845,0.006087463492794675,0.004109876824033124,0.013007476395361655
roberta_twitter_sentiment,5000,104,0.002818276642151916,0.002812542789965157,0.003123870672288173,0.005880289886798386,0.0035163308857871388,0.012971674141943258
roberta_twitter_sentiment,5000,105,0.002818276642151916,6.712499868797828e-05,0.0022457441935454167,0.005106199711200391,0.002953062810901251,0.012145164602501285
roberta_twitter_sentiment,5000,106,0.002818276642151916,0.004771206299002296,0.004305589631573142,0.007234626582848818,0.004305763814282118,0.013690789105436463
roberta_twitter_sentiment,5000,107,0.002818276642151916,0.005720102529672786,0.0024424824051605854,0.005312005797042462,0.003394730396052071,0.013517580516785222
roberta_twitter_sentiment,5000,108,0.002818276642151916,0.0037502472241951424,0.002954657954241404,0.005782417683969227,0.003759511386685309,0.013566066077611653
roberta_twitter_sentiment,5000,109,0.002818276642151916,0.001987313359511107,0.001998239616236268,0.004898958411345245,0.0024054825993197987,0.01134407009535703
roberta_twitter_sentiment,5000,110,0.002818276642151916,0.003088662099393583,0.003613644466350798,0.006226204284414408,0.003996501112805133,0.013661982267934084
roberta_twitter_sentiment,5000,111,0.002818276642151916,0.0004919026874148396,0.0023359612955325204,0.004425112713174376,0.002945443148370176,0.011321852136078689
roberta_twitter_sentiment,5000,112,0.002818276642151916,-0.00037826022329893143,0.002429248460999148,0.004071797193998611,0.002785978867816352,0.009587862018292283
roberta_twitter_sentiment,5000,113,0.002818276642151916,0.008350384217804083,0.0042512683934745514,0.007526286373546183,0.0049437441252558525,0.015157828880413362
roberta_twitter_sentiment,5000,114,0.002818276642151916,0.0024997708055238084,0.00281449542651483,0.005810143306566294,0.003530789275338437,0.012871352958196807
roberta_twitter_sentiment,5000,115,0.002818276642151916,0.0025135168140610342,0.003081387947096521,0.005759840108887017,0.003929300792686515,0.013314684047974333
roberta_twitter_sentiment,5000,116,0.002818276642151916,0.0028524238695277135,0.0033023228565201177,0.005627928434493077,0.0038334358481341355,0.01271902911226265
roberta_twitter_sentiment,5000,117,0.002818276642151916,0.003657120662285697,0.0034933465005034764,0.005733952385216171,0.003891943956391392,0.01241127771416379
roberta_twitter_sentiment,5000,118,0.002818276642151916,0.0023671430511787847,0.0030594824351572645,0.005491419700116659,0.0033166435862450553,0.012633946267774582
roberta_twitter_sentiment,5000,119,0.002818276642151916,0.0014530009219365925,0.003372509717298235,0.005535286879848421,0.003080353218441979,0.011952219048100727
roberta_twitter_sentiment,5000,120,0.002818276642151916,0.0049272408331553,0.0029300751001573207,0.005301099091679006,0.0033864104049512182,0.012286732641185294
roberta_twitter_sentiment,5000,121,0.002818276642151916,0.0030527369788933586,0.002714366138050625,0.006347191450101305,0.00359886896879396,0.013988234012328356
roberta_twitter_sentiment,5000,122,0.002818276642151916,0.004010862733611212,0.003797656589443688,0.006007462861637485,0.004316017047471936,0.013423315559624206
roberta_twitter_sentiment,5000,123,0.002818276642151916,1.21171040456316e-05,0.002396594758967737,0.004685503273425797,0.002767272243489735,0.011757525941157239
roberta_twitter_sentiment,5000,124,0.002818276642151916,0.0008595620578550351,0.0036397728907900805,0.006816344355898521,0.004549783094609522,0.01340465012109195
roberta_twitter_sentiment,5000,125,0.002818276642151916,0.006579799333988307,0.002058290156001698,0.005027441444285646,0.0028728287752870234,0.012352127586190132
roberta_twitter_sentiment,5000,126,0.002818276642151916,0.0017380399370462776,0.0025573568012841608,0.004886521830814012,0.003278236768694137,0.012596691266755132
roberta_twitter_sentiment,5000,127,0.002818276642151916,0.002583335206332919,0.0025349115521885518,0.005205305374961822,0.002716563690387391,0.01232607163879219
roberta_twitter_sentiment,5000,128,0.002818276642151916,0.0031967690391903653,0.002158501731250599,0.005610362721696716,0.0027594825711595447,0.012282306848527403
roberta_twitter_sentiment,5000,129,0.002818276642151916,0.0006407433069622324,0.0018530808471944283,0.003639019721878419,0.002062161658033391,0.010448744598234997
roberta_twitter_sentiment,5000,130,0.002818276642151916,-0.0011677019157026033,0.0022481379940986167,0.004949771338738703,0.0027876745185128784,0.011249148416691095
roberta_twitter_sentiment,5000,131,0.002818276642151916,0.0026243482352210977,0.0029445624674050157,0.00567959005239415,0.003350830263687602,0.012552335386356629
roberta_twitter_sentiment,5000,132,0.002818276642151916,0.0018158225462971544,0.002035581271909208,0.004117200323689726,0.002667121035173387,0.011889223711738065
roberta_twitter_sentiment,5000,133,0.002818276642151916,0.005597033101034846,0.0034759273690493815,0.006785789739006466,0.003758259869194719,0.014048327611226211
roberta_twitter_sentiment,5000,134,0.002818276642151916,0.002241687824745094,0.002173540678237734,0.005271884858819017,0.0026004825507025876,0.01339336120082607
roberta_twitter_sentiment,5000,135,0.002818276642151916,0.002438016125437515,0.0021651998908480815,0.00508060418085679,0.0029264126300380055,0.01114746406232375
roberta_twitter_sentiment,5000,136,0.002818276642151916,0.00124555161754,0.00346004889878947,0.005753950771975413,0.004132831847873045,0.013138113563089594
roberta_twitter_sentiment,5000,137,0.002818276642151916,0.0015476592003867608,0.0028213183133065766,0.0054101688420687835,0.003147298493262347,0.01203988376546971
roberta_twitter_sentiment,5000,138,0.002818276642151916,0.0015503162882041094,0.0016910660201256795,0.0042622738773196,0.002290472287522904,0.011302519974201286
roberta_twitter_sentiment,5000,139,0.002818276642151916,0.005091485649799095,0.0026319528144125456,0.006620068562016284,0.0039752526376091064,0.01402578858825017
roberta_twitter_sentiment,5000,140,0.002818276642151916,0.00502504056917646,0.003565146372389045,0.006054277471550662,0.003724508375969842,0.014510810111920047
roberta_twitter_sentiment,5000,141,0.002818276642151916,0.004748302792257338,0.0029564317634870802,0.006358489147219242,0.004005384117917373,0.012310237817460682
roberta_twitter_sentiment,5000,142,0.002818276642151916,0.008417060544390571,0.003979334109964892,0.006944921874754812,0.004444789172803298,0.013299381676048385
roberta_twitter_sentiment,5000,143,0.002818276642151916,0.006575604470652493,0.004078172739552294,0.0060168414039910795,0.003882150207404116,0.014406116178470771
roberta_twitter_sentiment,5000,144,0.002818276642151916,0.004659639055886636,0.002521658510024979,0.005476295976402213,0.0035597413060930224,0.012694527468717923
roberta_twitter_sentiment,5000,145,0.002818276642151916,0.0026897761104530057,0.003272481593494206,0.006165117923902357,0.003849579125706538,0.01229864912968789
roberta_twitter_sentiment,5000,146,0.002818276642151916,0.0014843627639770471,0.002894155330051711,0.005533177309176087,0.0035472899659671387,0.012227508141214434
roberta_twitter_sentiment,5000,147,0.002818276642151916,0.004242033935299777,0.0033035223484212846,0.006060347323204896,0.003765432677273466,0.013691746877774386
roberta_twitter_sentiment,5000,148,0.002818276642151916,0.004635883434470826,0.002370862043920791,0.004576565526291099,0.0025465281973959483,0.013108598561774801
roberta_twitter_sentiment,5000,149,0.002818276642151916,0.005004105651845377,0.0026721915561156986,0.005298382558320326,0.003296130242386677,0.01412451634957804
roberta_twitter_sentiment,5000,150,0.002818276642151916,0.0006768570011997036,0.003101645300294164,0.005784420414322431,0.003907780299120834,0.011874354678190495
roberta_twitter_sentiment,5000,151,0.002818276642151916,0.0026135098427213866,0.002937333262092738,0.005188037392799875,0.003474965948763225,0.012089277393813437
roberta_twitter_sentiment,5000,152,0.002818276642151916,0.0008643671378185891,0.0027286520235915656,0.005562308348379164,0.0027765724364183534,0.012110389382260495
roberta_twitter_sentiment,5000,153,0.002818276642151916,0.0032917486498200946,0.001951808961532456,0.004494883465873216,0.0027534306413239326,0.011728825915303151
roberta_twitter_sentiment,5000,154,0.002818276642151916,0.006332991301359377,0.0036376844637010203,0.006727154827679538,0.0041537941947294614,0.014632135285432188
roberta_twitter_sentiment,5000,155,0.002818276642151916,0.0027271377591747514,0.003101494929637382,0.005840331554319867,0.0035800867142238733,0.01329202586495843
roberta_twitter_sentiment,5000,156,0.002818276642151916,0.00047142239215082607,0.0020641069248843007,0.004699428815499483,0.0025441800007506973,0.012413042065697556
roberta_twitter_sentiment,5000,157,0.002818276642151916,0.0018458812832090178,0.0029870703526072603,0.005577706319363757,0.0031360710259130662,0.012895741082329921
roberta_twitter_sentiment,5000,158,0.002818276642151916,0.0014687002501296686,0.003262575406747847,0.00646378148064511,0.004440357610350676,0.013023959661677418
roberta_twitter_sentiment,5000,159,0.002818276642151916,0.005842874296881473,0.003523442619832,0.0055558659355141385,0.003916308062382319,0.012928725572613441
roberta_twitter_sentiment,5000,160,0.002818276642151916,0.0025859176804300826,0.0021880590780451606,0.0059371723101615285,0.002779784049864758,0.013296248532808433
roberta_twitter_sentiment,5000,161,0.002818276642151916,0.004318590293313874,0.002972496729849946,0.007163305721205538,0.003725355104725746,0.013205143665885377
roberta_twitter_sentiment,5000,162,0.002818276642151916,0.0023834655495619528,0.0028936320067317663,0.005547650844978247,0.0033954021224968482,0.012726400681705009
roberta_twitter_sentiment,5000,163,0.002818276642151916,0.0029655989759634705,0.003654225651265321,0.005773029909165633,0.0036516801208211695,0.013903416468711384
roberta_twitter_sentiment,5000,164,0.002818276642151916,0.004294173437645782,0.004471635278270322,0.006449501874056888,0.004519453871270975,0.014148648963879218
roberta_twitter_sentiment,5000,165,0.002818276642151916,-0.0002734663458873465,0.0026997726822319667,0.005154978621072684,0.0032334444011904075,0.012291384856050878
roberta_twitter_sentiment,5000,166,0.002818276642151916,0.0022145586221672875,0.00377190953341756,0.006876419295081146,0.0048315735094029075,0.013571063021723397
roberta_twitter_sentiment,5000,167,0.002818276642151916,0.0005792765804303432,0.001533658992977328,0.004165261917835052,0.00278729828840588,0.01148430546447196
roberta_twitter_sentiment,5000,168,0.002818276642151916,0.003593537861409183,0.0032170182483268863,0.006710902985739991,0.00408584670382457,0.013258949253444079
roberta_twitter_sentiment,5000,169,0.002818276642151916,0.004976116384456311,0.0030213535977096253,0.005274683418909423,0.00327005225592656,0.013603700087818483
roberta_twitter_sentiment,5000,170,0.002818276642151916,0.002201878393194406,0.002554482563038893,0.00566577699971068,0.0031467107788916006,0.012409818658939087
roberta_twitter_sentiment,5000,171,0.002818276642151916,0.0039565099334527,0.002855339679811603,0.006362003759636531,0.002988931612573428,0.01281221083988715
roberta_twitter_sentiment,5000,172,0.002818276642151916,0.0023724516904375364,0.0034788961282872194,0.0067863271509899315,0.003766501111623456,0.014281874525410734
roberta_twitter_sentiment,5000,173,0.002818276642151916,0.0020956797376346895,0.003202064832881401,0.005486847883153216,0.003203799041504008,0.012533179382079988
roberta_twitter_sentiment,5000,174,0.002818276642151916,0.002881467552239457,0.003169947437239676,0.006018032750565167,0.0035791049157504824,0.013626181961416047
roberta_twitter_sentiment,5000,175,0.002818276642151916,0.0020832292829244176,0.0027321309583310163,0.0050566812869049975,0.003148137713892077,0.01318239954528975
roberta_twitter_sentiment,5000,176,0.002818276642151916,0.0012889358993960216,0.0016122310156504718,0.0036539833999953216,0.002189630380053589,0.009095323274554765
roberta_twitter_sentiment,5000,177,0.002818276642151916,0.004585647038760098,0.003442604638227973,0.005939649457357339,0.003826169184165625,0.014428937231959081
roberta_twitter_sentiment,5000,178,0.002818276642151916,-0.0005044646556839562,0.002744384229563657,0.00542530104561568,0.003639734875008652,0.012929691922077088
roberta_twitter_sentiment,5000,179,0.002818276642151916,0.0013756131346349537,0.003319159295767981,0.005891222420112637,0.0039032957087742374,0.011950743480528188
roberta_twitter_sentiment,5000,180,0.002818276642151916,0.004293922334130869,0.0029638104378207093,0.005079478779239625,0.003387665133648318,0.011695036536819699
roberta_twitter_sentiment,5000,181,0.002818276642151916,0.0019719333280000433,0.004051054510311749,0.0067826251094013175,0.005167165803463202,0.013382621127074572
roberta_twitter_sentiment,5000,182,0.002818276642151916,0.005017757562501074,0.0026478051406015244,0.0051341906889023825,0.003182570486005664,0.012379344908979462
roberta_twitter_sentiment,5000,183,0.002818276642151916,0.0019472700503168955,0.0028364144619112126,0.005425128585081832,0.003544086010043195,0.010976533168104628
roberta_twitter_sentiment,5000,184,0.002818276642151916,0.0053549846768255445,0.0028356950813141837,0.005561220695480226,0.0036729491523648447,0.012662694937492327
roberta_twitter_sentiment,5000,185,0.002818276642151916,0.002382279935404005,0.003311742746843253,0.005681501085887925,0.0038270053851840982,0.011929203586355318
roberta_twitter_sentiment,5000,186,0.002818276642151916,0.00164019647667376,0.002749639840427031,0.004717383846802759,0.0031301728835082788,0.012005495921652495
roberta_twitter_sentiment,5000,187,0.002818276642151916,0.004222019130498195,0.0037318055978917334,0.006833020163568288,0.004270627139164346,0.014497646089276032
roberta_twitter_sentiment,5000,188,0.002818276642151916,0.004224136274442954,0.0028241604932223684,0.005610860751980492,0.0032591983722422913,0.013515849003960474
roberta_twitter_sentiment,5000,189,0.002818276642151916,0.0005914434684969871,0.002566604261302294,0.005473656951445342,0.003018710943530364,0.011620611237125976
roberta_twitter_sentiment,5000,190,0.002818276642151916,0.001449570333500774,0.0024618503813472413,0.005921658048977107,0.0036670709885963616,0.011708134272760474
roberta_twitter_sentiment,5000,191,0.002818276642151916,0.0008286117953598367,0.0025654672304253863,0.005052576164074513,0.0033578757187656097,0.012300444664351734
roberta_twitter_sentiment,5000,192,0.002818276642151916,0.004322594506930096,0.0033832167377834473,0.006342046858850237,0.003901070303541146,0.014795300901074851
roberta_twitter_sentiment,5000,193,0.002818276642151916,0.0010149423991494856,0.003787638504524706,0.005633149508885876,0.0037903352632464218,0.01262643378567432
roberta_twitter_sentiment,5000,194,0.002818276642151916,0.0020702148813536493,0.002416697386090137,0.005507182352448469,0.0035048297546209227,0.013382575653193958
roberta_twitter_sentiment,5000,195,0.002818276642151916,0.003513908191021339,0.0032512407261535412,0.005521729546708643,0.00334840012346524,0.01142387569581364
roberta_twitter_sentiment,5000,196,0.002818276642151916,0.0024752733836728466,0.002814524684595396,0.005370618903471262,0.0031082599326258736,0.012743867629175138
roberta_twitter_sentiment,5000,197,0.002818276642151916,0.001357869152353987,0.0024386209038965204,0.004753486206872495,0.0027117747935870027,0.011107483683112297
roberta_twitter_sentiment,5000,198,0.002818276642151916,0.002627000012387649,0.0035445229713455657,0.006094078211019772,0.0038222735519139557,0.011899447961618145
roberta_twitter_sentiment,5000,199,0.002818276642151916,0.0037072335057984035,0.0025105134713891996,0.0055087594663721,0.003061588704612481,0.012441168867079891
roberta_twitter_sentiment,7500,0,0.002818276642151916,0.0013981646946697253,0.0021369519296132243,0.003866680926930603,0.0025931922748981774,0.010580179831863925
roberta_twitter_sentiment,7500,1,0.002818276642151916,0.0023496189159665734,0.002725809869025093,0.005088220726835314,0.0033601989732655615,0.012378436882615251
roberta_twitter_sentiment,7500,2,0.002818276642151916,0.0025753133536867067,0.002529758950785224,0.004332017860449955,0.0027510144399830144,0.012065728266793392
roberta_twitter_sentiment,7500,3,0.002818276642151916,0.004395718248548945,0.0033096256081082288,0.005650680994205875,0.003861393168981224,0.014874870789273577
roberta_twitter_sentiment,7500,4,0.002818276642151916,0.0009121622339141997,0.0032922928390085367,0.0051101326926157,0.0037003140150941513,0.012505812663327901
roberta_twitter_sentiment,7500,5,0.002818276642151916,0.0036360710983449457,0.0024530026492768225,0.004215795994414781,0.0030320743653892645,0.01198422711902592
roberta_twitter_sentiment,7500,6,0.002818276642151916,0.001117805184709381,0.001947130836380357,0.003900954212962108,0.0024909219074478644,0.011577147041300478
roberta_twitter_sentiment,7500,7,0.002818276642151916,0.0028637912884563435,0.0019612031004573416,0.0046756339379304115,0.00241663197240541,0.01322477325550418
roberta_twitter_sentiment,7500,8,0.002818276642151916,0.003055087484188809,0.00354805888622266,0.005620686155083703,0.0037438325443384696,0.013521696333217339
roberta_twitter_sentiment,7500,9,0.002818276642151916,0.0020782674521552078,0.0025396638043299505,0.0045354283091965176,0.0033962200102734532,0.01118108874124848
roberta_twitter_sentiment,7500,10,0.002818276642151916,0.0012648090770727535,0.0019578025909911694,0.004243512829277945,0.002458156995492046,0.011407837135563571
roberta_twitter_sentiment,7500,11,0.002818276642151916,0.002840592498027236,0.0028772755768459606,0.005597354545132944,0.0035223673291170337,0.01211504986962994
roberta_twitter_sentiment,7500,12,0.002818276642151916,0.0032253298887567703,0.0024641392893222057,0.005253922651302546,0.0031372928130115668,0.01233680129755649
roberta_twitter_sentiment,7500,13,0.002818276642151916,0.0003736010670478996,0.0032779643583615964,0.0052981481575632705,0.003844708243897518,0.013386631893919592
roberta_twitter_sentiment,7500,14,0.002818276642151916,0.002627794255228141,0.0022970760661813992,0.004926720192620227,0.0028732906658157273,0.012823764989095605
roberta_twitter_sentiment,7500,15,0.002818276642151916,0.0025726210579397274,0.0025269075922762538,0.005190855238445016,0.0031725460913587687,0.011649602738644045
roberta_twitter_sentiment,7500,16,0.002818276642151916,0.002074060052592374,0.0029739757998927564,0.005365670199573269,0.0036493972591355272,0.012850933462477043
roberta_twitter_sentiment,7500,17,0.002818276642151916,0.0045912427624420216,0.0022031504083609406,0.004639718754574863,0.002635543299907934,0.012763599354157135
roberta_twitter_sentiment,7500,18,0.002818276642151916,0.0011799328638224297,0.0019336127339611615,0.003935638281547228,0.002403740482456533,0.011093098897955726
roberta_twitter_sentiment,7500,19,0.002818276642151916,0.0029154475568335526,0.0024805212246844896,0.004968893953264296,0.0029829329571021395,0.012866520746527128
roberta_twitter_sentiment,7500,20,0.002818276642151916,0.001166013554804762,0.002615569059355426,0.004570050773627534,0.0032788899870008483,0.01191190087140626
roberta_twitter_sentiment,7500,21,0.002818276642151916,0.002943872212629315,0.002125718477578045,0.003841881649658952,0.0025692219434486534,0.010871244032264252
roberta_twitter_sentiment,7500,22,0.002818276642151916,0.0033975361701471234,0.002955291884647711,0.0057173520292093365,0.0035721386272189845,0.012715220839170802
roberta_twitter_sentiment,7500,23,0.002818276642151916,0.0036059828050092092,0.002558037771658397,0.005212058112417314,0.003243575966658156,0.013029036673803104
roberta_twitter_sentiment,7500,24,0.002818276642151916,0.005525514546236835,0.0026923196639136587,0.005542324889836004,0.0030604871800254995,0.013897367513402448
roberta_twitter_sentiment,7500,25,0.002818276642151916,0.004634935356865836,0.003883145123851305,0.005831794813492419,0.004223405773367392,0.014932207282054511
roberta_twitter_sentiment,7500,26,0.002818276642151916,0.0020081376264044345,0.0027067943258749366,0.004852755973660816,0.0031939320152938,0.011342174245239737
roberta_twitter_sentiment,7500,27,0.002818276642151916,0.0013632049777477086,0.0026005349861679358,0.004533884150826596,0.0030888303701569683,0.011888656732768215
roberta_twitter_sentiment,7500,28,0.002818276642151916,0.001582401538384714,0.0020345817631900113,0.0052486593839724755,0.002419840340062215,0.012509188927895022
roberta_twitter_sentiment,7500,29,0.002818276642151916,0.0029501668951205963,0.0026361848413142736,0.0048606266344001165,0.0033054767809856445,0.01384464790436829
roberta_twitter_sentiment,7500,30,0.002818276642151916,0.00041788133069758574,0.00239029546097853,0.004728215296440369,0.0032200742059976094,0.011989277750527933
roberta_twitter_sentiment,7500,31,0.002818276642151916,0.0012252606622886468,0.002483317073536658,0.004618080324450326,0.003184262800174641,0.011878351176160824
roberta_twitter_sentiment,7500,32,0.002818276642151916,0.004321517869877005,0.0030077984774406056,0.004961705128169766,0.0032129302575402666,0.012536390815431972
roberta_twitter_sentiment,7500,33,0.002818276642151916,0.004339748280152448,0.00304770648476849,0.005470056700229021,0.0032909501760983112,0.01326949857718881
roberta_twitter_sentiment,7500,34,0.002818276642151916,0.0028791379630575733,0.002606422202933865,0.004976086586800056,0.00347483601134903,0.013094322592009829
roberta_twitter_sentiment,7500,35,0.002818276642151916,0.0038711466944611294,0.0024874427840327878,0.004426306239914254,0.0029172503987287364,0.01198201017341456
roberta_twitter_sentiment,7500,36,0.002818276642151916,0.002287347450953403,0.002794878220038884,0.005556776591006987,0.003590979695448538,0.014229926365313787
roberta_twitter_sentiment,7500,37,0.002818276642151916,0.0016399072118332394,0.002334602716820906,0.004558044198624106,0.0027665596135446465,0.012483288327920875
roberta_twitter_sentiment,7500,38,0.002818276642151916,0.0013166590722641285,0.003029721798556789,0.005129636820196427,0.0036993856921723614,0.012170383930608226
roberta_twitter_sentiment,7500,39,0.002818276642151916,0.004750191602332188,0.00312705511481972,0.005750319798722943,0.0038056127018820775,0.012892387761192187
roberta_twitter_sentiment,7500,40,0.002818276642151916,0.0020150088382513884,0.002971231730009454,0.005024507322123239,0.0031568451716902173,0.012598005389475881
roberta_twitter_sentiment,7500,41,0.002818276642151916,0.0007346947236622019,0.002283911158330428,0.004259316980737802,0.002855457607324066,0.011776629151019584
roberta_twitter_sentiment,7500,42,0.002818276642151916,0.0023514350786037206,0.0028208447009162303,0.004975173891224014,0.0030392284897323295,0.012603723827843602
roberta_twitter_sentiment,7500,43,0.002818276642151916,0.0023459641610248006,0.0017850495514659694,0.0045122829949431845,0.0023915948626929825,0.012086791975682009
roberta_twitter_sentiment,7500,44,0.002818276642151916,0.004157647545577097,0.002966766870140996,0.005276091727954462,0.0036350804437543585,0.013511417227903626
roberta_twitter_sentiment,7500,45,0.002818276642151916,0.0013146764093233153,0.002791402475430485,0.004864492801566976,0.003268235330828241,0.012711720254854302
roberta_twitter_sentiment,7500,46,0.002818276642151916,0.0005064929016150702,0.00231491410515011,0.004406205891738146,0.0027012463662863403,0.011298819500721605
roberta_twitter_sentiment,7500,47,0.002818276642151916,0.0029141539324062,0.0024987802538241643,0.005376542317026598,0.0030355149006993753,0.01318599052985909
roberta_twitter_sentiment,7500,48,0.002818276642151916,0.002373377868904037,0.0028371821648780614,0.005688262774552527,0.0037478315386882937,0.012731298483440588
roberta_twitter_sentiment,7500,49,0.002818276642151916,0.00433235436064258,0.003220647040542385,0.005025230681637908,0.003754309582830617,0.013171328037945785
roberta_twitter_sentiment,7500,50,0.002818276642151916,0.004746926404409469,0.003240872927393932,0.005871199073702357,0.003601887487640703,0.014288621786879755
roberta_twitter_sentiment,7500,51,0.002818276642151916,0.003638459352480809,0.00315572071354509,0.00565818982334273,0.0039132334203012455,0.014000635162190606
roberta_twitter_sentiment,7500,52,0.002818276642151916,0.003593691097380548,0.002792128166312016,0.005774575252864657,0.0032760802593127347,0.013943393699165427
roberta_twitter_sentiment,7500,53,0.002818276642151916,0.0035012472261234237,0.0034005557738492863,0.006325824525421057,0.004277188375010339,0.013700949401668433
roberta_twitter_sentiment,7500,54,0.002818276642151916,0.0033210733834941834,0.002475150029909982,0.005299764096621989,0.0030314795581389263,0.011539285110301247
roberta_twitter_sentiment,7500,55,0.002818276642151916,0.0024278201498304556,0.002298852727972653,0.004412618037577966,0.002863503729903247,0.011933053932674674
roberta_twitter_sentiment,7500,56,0.002818276642151916,0.002584611879754519,0.0028023166633735857,0.0050544012321064695,0.0032963468052573087,0.012624178304510581
roberta_twitter_sentiment,7500,57,0.002818276642151916,0.0019079798665729245,0.0021260626107812695,0.0046505529333053675,0.00257900549095185,0.010839886614106743
roberta_twitter_sentiment,7500,58,0.002818276642151916,0.0033811908018430343,0.002229610124012701,0.004649276652601982,0.002857559779731219,0.012068981214041435
roberta_twitter_sentiment,7500,59,0.002818276642151916,0.0020732743977538715,0.002241254422903968,0.005201643614378077,0.0028330494768292317,0.0117794143913538
roberta_twitter_sentiment,7500,60,0.002818276642151916,0.002102923241788739,0.0017829148381344555,0.004115770168137247,0.002355390792051685,0.011451352517075604
roberta_twitter_sentiment,7500,61,0.002818276642151916,0.00343713907251173,0.002975073850204255,0.006137513004414152,0.003513112240035981,0.012669031369378643
roberta_twitter_sentiment,7500,62,0.002818276642151916,0.0021663008106303197,0.0024134626672554153,0.004770673269255514,0.0030506079589068943,0.012803838404717625
roberta_twitter_sentiment,7500,63,0.002818276642151916,0.004121046804293537,0.0019238414440435284,0.00454229869691867,0.002716103793551214,0.012752153893752779
roberta_twitter_sentiment,7500,64,0.002818276642151916,0.0009744502580597534,0.002927221579658512,0.0053759185043027805,0.0032498732442077633,0.01253489999644993
roberta_twitter_sentiment,7500,65,0.002818276642151916,0.005111271103766532,0.003169510031439407,0.005906395196673579,0.004024688922207729,0.013712696317752423
roberta_twitter_sentiment,7500,66,0.002818276642151916,0.005237857377118668,0.002897859492463394,0.005630634466745651,0.0035670283440327544,0.01334125397381956
roberta_twitter_sentiment,7500,67,0.002818276642151916,0.001029335823469725,0.0026420091325897494,0.005132816873956192,0.0029601653345545146,0.01244862782885757
roberta_twitter_sentiment,7500,68,0.002818276642151916,0.0030485027768183044,0.0032966775873330776,0.005689209437423946,0.0038848516682800827,0.01253602663910056
roberta_twitter_sentiment,7500,69,0.002818276642151916,0.002920452935871811,0.002644564570918864,0.005300313582088425,0.003428159828876499,0.012703733087023194
roberta_twitter_sentiment,7500,70,0.002818276642151916,0.0030304026443696602,0.0025378957225847616,0.005392378792351219,0.0033843007343919247,0.012104878564781364
roberta_twitter_sentiment,7500,71,0.002818276642151916,0.0013789142014303717,0.003443479612564741,0.005333772402904166,0.004060187385121232,0.012683236773923915
roberta_twitter_sentiment,7500,72,0.002818276642151916,0.0030578351095657003,0.002711446823705055,0.005356640404985434,0.003159238649256702,0.012032560022363343
roberta_twitter_sentiment,7500,73,0.002818276642151916,0.003580640163346782,0.0034506390056639447,0.00615337218636637,0.004072471763255216,0.013052728099788717
roberta_twitter_sentiment,7500,74,0.002818276642151916,0.002167515868399408,0.0025501502460634515,0.0046677395950924985,0.0031867226187281533,0.011560168095625182
roberta_twitter_sentiment,7500,75,0.002818276642151916,0.004752928984632701,0.0029703422291140792,0.0054223329468757325,0.0033964689046163303,0.013096105488406375
roberta_twitter_sentiment,7500,76,0.002818276642151916,0.0010101874957049123,0.0028659940390609734,0.0050405627917321835,0.003556658806096081,0.012387060811539926
roberta_twitter_sentiment,7500,77,0.002818276642151916,0.0028685900041635144,0.0018064896069539477,0.004411960854112324,0.002173869109628209,0.011734110784075153
roberta_twitter_sentiment,7500,78,0.002818276642151916,0.0031256127672336233,0.002302288275573534,0.005515194264994442,0.0030950015922372198,0.013121041327421491
roberta_twitter_sentiment,7500,79,0.002818276642151916,0.002545714017684753,0.0026449873065397113,0.004700760631070505,0.0030577675267629777,0.012630977365070371
roberta_twitter_sentiment,7500,80,0.002818276642151916,0.00416731559886563,0.002789036090089847,0.005294413059111615,0.0033571252299251313,0.012666523283827296
roberta_twitter_sentiment,7500,81,0.002818276642151916,0.004013946030911903,0.003742786061720724,0.005718571921229117,0.004082272244685074,0.012936315889219958
roberta_twitter_sentiment,7500,82,0.002818276642151916,0.004144436267336259,0.002485865237508837,0.005368940816438482,0.003560496882455943,0.013742642454569548
roberta_twitter_sentiment,7500,83,0.002818276642151916,0.002835651767534052,0.003356678598551844,0.005916693251898908,0.0037441608398137037,0.013604954908357557
roberta_twitter_sentiment,7500,84,0.002818276642151916,0.0023057729986068853,0.0032398121336197185,0.005490655152850031,0.0035772330161247933,0.013213009874214343
roberta_twitter_sentiment,7500,85,0.002818276642151916,0.0006727037046479067,0.002345485521617286,0.004677091323273155,0.0025714992931197144,0.011742387052189631
roberta_twitter_sentiment,7500,86,0.002818276642151916,0.0039071896394359705,0.0027315764109613672,0.005523554050260335,0.0034874123220327248,0.012783689009654544
roberta_twitter_sentiment,7500,87,0.002818276642151916,0.0014862930254572783,0.002371951187024555,0.0043632353947727605,0.0027408481271139064,0.011594791900477157
roberta_twitter_sentiment,7500,88,0.002818276642151916,3.097235907136853e-05,0.001728200237482107,0.0038541506857012885,0.0021378455903151967,0.011004599458325827
roberta_twitter_sentiment,7500,89,0.002818276642151916,0.002706604163019546,0.0027085578128288935,0.005421864593958098,0.003402848629976065,0.012840912923453943
roberta_twitter_sentiment,7500,90,0.002818276642151916,0.0033992230243463754,0.002001763404397626,0.004640093823031896,0.0025421031981023457,0.012328732005017329
roberta_twitter_sentiment,7500,91,0.002818276642151916,0.004119038014956916,0.0019008860876493052,0.003752281117764132,0.0028140589436312278,0.012376765381741681
roberta_twitter_sentiment,7500,92,0.002818276642151916,0.002723544591326035,0.002658340009965752,0.005117667435770003,0.003141235304378448,0.011818768609190908
roberta_twitter_sentiment,7500,93,0.002818276642151916,0.000896830840660968,0.0021436299635754037,0.004202989877562543,0.002604000719654637,0.01115316833257451
roberta_twitter_sentiment,7500,94,0.002818276642151916,0.0038475414251440687,0.0025220714818814396,0.004746896263450531,0.0030158059978957026,0.012486997497938218
roberta_twitter_sentiment,7500,95,0.002818276642151916,0.0072327609674282785,0.003086982615125997,0.005274777962983891,0.003458967490322092,0.013839587999295399
roberta_twitter_sentiment,7500,96,0.002818276642151916,0.00276281474557933,0.002657382678248306,0.00503932785683525,0.0031995742519582183,0.012311300743901852
roberta_twitter_sentiment,7500,97,0.002818276642151916,0.005003691133601307,0.0025929366335276528,0.004916382015029988,0.0031427813000082174,0.01326467573179114
roberta_twitter_sentiment,7500,98,0.002818276642151916,0.002328218442641944,0.0025307061569196697,0.004718647366074964,0.0028295584576474263,0.011768570704172818
roberta_twitter_sentiment,7500,99,0.002818276642151916,0.002519012579715327,0.0021858084431110865,0.004552113914571726,0.0029067010421331765,0.011756917659919675
roberta_twitter_sentiment,7500,100,0.002818276642151916,0.003427820115605844,0.0021187608390600765,0.004719066999264059,0.0027558368652185142,0.012623822923026396
roberta_twitter_sentiment,7500,101,0.002818276642151916,0.0016192230160871062,0.0024355892410072816,0.005435410203505092,0.0030030910780837776,0.01187917944925301
roberta_twitter_sentiment,7500,102,0.002818276642151916,0.0013575928513654687,0.002649096361161874,0.0048725105327213315,0.0034195902977927728,0.01208294316143877
roberta_twitter_sentiment,7500,103,0.002818276642151916,0.0008198908437826876,0.002252786487024802,0.004507636861185219,0.002698490510817411,0.011678742655567328
roberta_twitter_sentiment,7500,104,0.002818276642151916,0.0018886532656347372,0.002653424476991996,0.004921810699180401,0.0032529590280950156,0.01196992040710178
roberta_twitter_sentiment,7500,105,0.002818276642151916,-0.0006605324538372811,0.0026987003737143703,0.004840265353166844,0.0031628305679823566,0.01127495379717982
roberta_twitter_sentiment,7500,106,0.002818276642151916,0.004562980691978334,0.0023629919762078637,0.004225133432930034,0.0028456442222767305,0.01151861291864166
roberta_twitter_sentiment,7500,107,0.002818276642151916,0.0020573256830146666,0.00259988115421093,0.005145367600185792,0.0031378918980518324,0.012695277702262028
roberta_twitter_sentiment,7500,108,0.002818276642151916,0.0023008048870518283,0.0024171337875742343,0.004522720299609429,0.003079386056178585,0.011920385481439677
roberta_twitter_sentiment,7500,109,0.002818276642151916,0.0026306258530707505,0.002847647688949906,0.005425671885034722,0.003240502079983622,0.0136182103268491
roberta_twitter_sentiment,7500,110,0.002818276642151916,0.001946656295923248,0.002282573042678271,0.004533243524554249,0.003106909449984814,0.012571840495751465
roberta_twitter_sentiment,7500,111,0.002818276642151916,-0.00048020886038415827,0.0018672204111460338,0.0038591339907206998,0.0022219998698681685,0.011340455212102939
roberta_twitter_sentiment,7500,112,0.002818276642151916,0.0036320398956628825,0.002392514028590953,0.005316856426063517,0.003113978257526424,0.012645294224026646
roberta_twitter_sentiment,7500,113,0.002818276642151916,0.0019423179625872053,0.002569120309224125,0.004833463712912673,0.0034595686120318476,0.012017413242614995
roberta_twitter_sentiment,7500,114,0.002818276642151916,0.0009013321802188183,0.0020552208239657758,0.004632991344031762,0.002825011234289825,0.012462174705425424
roberta_twitter_sentiment,7500,115,0.002818276642151916,0.0019612174051037243,0.0024951668388013665,0.004642176793027423,0.003044278631854502,0.01159591364989105
roberta_twitter_sentiment,7500,116,0.002818276642151916,0.0030936611966600005,0.0021988251861340302,0.004075749926914394,0.0027722062359407437,0.011691930377985509
roberta_twitter_sentiment,7500,117,0.002818276642151916,0.0036497756523818877,0.002886605972688176,0.005646620428483672,0.0035756024124555526,0.012613250985544243
roberta_twitter_sentiment,7500,118,0.002818276642151916,0.005943162973225013,0.0031670704547679574,0.006451428647411701,0.003953246321219776,0.014235928806607153
roberta_twitter_sentiment,7500,119,0.002818276642151916,0.0013604304192963057,0.002271934020986051,0.004424547358604991,0.0028977310374169378,0.011665423509168368
roberta_twitter_sentiment,7500,120,0.002818276642151916,0.0012385007026050132,0.0022956211198954355,0.004215905277894306,0.0029679584399796215,0.011677745705797367
roberta_twitter_sentiment,7500,121,0.002818276642151916,0.003538942340578908,0.0030433388098822607,0.005561382789270935,0.0036680638460851196,0.013792584398549522
roberta_twitter_sentiment,7500,122,0.002818276642151916,0.0030338341233672812,0.003406772534872041,0.005973804856006564,0.004199644493106342,0.012870595339257145
roberta_twitter_sentiment,7500,123,0.002818276642151916,0.00013794097933794253,0.0028383309911077935,0.004770215740539688,0.0030510814054657705,0.012585276248559742
roberta_twitter_sentiment,7500,124,0.002818276642151916,0.00036713224038629095,0.0022342777456435597,0.005109875013617281,0.003022342891811589,0.011151181783017992
roberta_twitter_sentiment,7500,125,0.002818276642151916,0.005330596504318808,0.0033403453722086517,0.005468119281574437,0.003395286341731513,0.013476794474241507
roberta_twitter_sentiment,7500,126,0.002818276642151916,0.0019604473821538976,0.002642889337927243,0.005275102088109795,0.0032901711341467646,0.01296686077952252
roberta_twitter_sentiment,7500,127,0.002818276642151916,0.0021234653408553714,0.0026144834054185207,0.005319479605385184,0.003129386330367016,0.012743364299935195
roberta_twitter_sentiment,7500,128,0.002818276642151916,0.0020876366207172817,0.001965268501518122,0.00492619773781846,0.0027138137018624152,0.011832615689135077
roberta_twitter_sentiment,7500,129,0.002818276642151916,0.0015892797971054078,0.0018564987558372002,0.0038225082166278646,0.0023380967481318434,0.012108116536912579
roberta_twitter_sentiment,7500,130,0.002818276642151916,0.0028953623369413267,0.0022458191322508618,0.0047030581569969,0.002627185508347198,0.012634578060980246
roberta_twitter_sentiment,7500,131,0.002818276642151916,0.0020253344474867865,0.001727345088610036,0.003690458234880557,0.0024565339917320913,0.010151920711962902
roberta_twitter_sentiment,7500,132,0.002818276642151916,0.002103132217031467,0.002522707472427779,0.004131175469263532,0.0028504589515138817,0.01107005508409279
roberta_twitter_sentiment,7500,133,0.002818276642151916,0.002233542613953629,0.002371603018656462,0.004573852019891324,0.002977378390252758,0.012252701333503426
roberta_twitter_sentiment,7500,134,0.002818276642151916,0.0026007641868376536,0.0021913557337613562,0.004612753639047808,0.0028139990407346246,0.012469185169001674
roberta_twitter_sentiment,7500,135,0.002818276642151916,0.002427994282744127,0.0030814407030263905,0.005617581117977593,0.0035203243687942066,0.013646488570844054
roberta_twitter_sentiment,7500,136,0.002818276642151916,0.0036340004347982413,0.002787095748252011,0.00501759873167524,0.003067828935405583,0.012079145984555608
roberta_twitter_sentiment,7500,137,0.002818276642151916,0.0026677807075061095,0.0027703252191218037,0.00507122179783986,0.0034518053965380334,0.012815045485915819
roberta_twitter_sentiment,7500,138,0.002818276642151916,0.0030776958947722616,0.002783079229961123,0.00524191117914245,0.003297880486111958,0.01353364206022765
roberta_twitter_sentiment,7500,139,0.002818276642151916,0.0024251892144389648,0.002028480013053382,0.004421440175587061,0.002748089307531597,0.01172210362119299
roberta_twitter_sentiment,7500,140,0.002818276642151916,0.002312958705917897,0.0021822981781820278,0.004085439526529208,0.002518487177987893,0.011544735073148847
roberta_twitter_sentiment,7500,141,0.002818276642151916,0.0014146801837001813,0.0028801816687702535,0.00457116340675155,0.0032690043826290286,0.011558100108422242
roberta_twitter_sentiment,7500,142,0.002818276642151916,0.0028843830350073645,0.002730332164474129,0.004823448485507244,0.002904061046602597,0.01223082925223155
roberta_twitter_sentiment,7500,143,0.002818276642151916,0.0011496593604533355,0.002285616273639283,0.004412068860367327,0.0026219331146898218,0.011973581465237382
roberta_twitter_sentiment,7500,144,0.002818276642151916,0.006390372906962998,0.00273436292961174,0.00542886594993214,0.003530283104947191,0.012992754995949264
roberta_twitter_sentiment,7500,145,0.002818276642151916,0.002084117708636402,0.0021160879965591477,0.004354736099034005,0.00259845517028282,0.011161298000821428
roberta_twitter_sentiment,7500,146,0.002818276642151916,0.0012655717811195413,0.002715887093660334,0.005067560500588916,0.003269748693379344,0.012492744421584732
roberta_twitter_sentiment,7500,147,0.002818276642151916,0.0023022767195131333,0.0025621120120160367,0.005260371041571888,0.0036063141823238576,0.012136824930599071
roberta_twitter_sentiment,7500,148,0.002818276642151916,0.0038119837653513393,0.002946015495417769,0.005848856684961459,0.003437847740523128,0.013289024398909955
roberta_twitter_sentiment,7500,149,0.002818276642151916,0.004612267025769836,0.0024263942569313877,0.004901423790808567,0.002843931069578641,0.01200779785313149
roberta_twitter_sentiment,7500,150,0.002818276642151916,0.000963217410586968,0.0020682836222106387,0.004075890692196585,0.002737354338079173,0.011195254612320883
roberta_twitter_sentiment,7500,151,0.002818276642151916,0.001968314216570167,0.002841950496799524,0.00541387482640197,0.003322863985112018,0.012420697326066552
roberta_twitter_sentiment,7500,152,0.002818276642151916,0.001656652871222687,0.002010113501318085,0.004114592185245308,0.0027657221615137962,0.011222245864749267
roberta_twitter_sentiment,7500,153,0.002818276642151916,0.0024000381559358334,0.0026701433855923014,0.005121006185191843,0.003110179297870603,0.013063270547075975
roberta_twitter_sentiment,7500,154,0.002818276642151916,0.0007588138868873964,0.0023815767967699675,0.004394511457997972,0.0030105856400567473,0.012137137113828458
roberta_twitter_sentiment,7500,155,0.002818276642151916,0.0010314780511876036,0.0017267290123359038,0.003916999339416734,0.0020801335380383115,0.010795031211423538
roberta_twitter_sentiment,7500,156,0.002818276642151916,0.0014826387922819678,0.0025599533012580556,0.004499970783907869,0.0029873883694536197,0.012080499387395896
roberta_twitter_sentiment,7500,157,0.002818276642151916,0.0026944539838339677,0.002799035336685847,0.0049339197845082415,0.0036796090985852362,0.011860556506108772
roberta_twitter_sentiment,7500,158,0.002818276642151916,0.0011364105999035464,0.0027168789871430898,0.005144796806881797,0.003381504934443501,0.012340939120784817
roberta_twitter_sentiment,7500,159,0.002818276642151916,0.003127834972561127,0.0034400042077640317,0.00558510292762275,0.003805531606084428,0.0133734685702673
roberta_twitter_sentiment,7500,160,0.002818276642151916,-0.00016997482230835488,0.002194384572625112,0.004574566284314722,0.002781203995351166,0.011664862728838073
roberta_twitter_sentiment,7500,161,0.002818276642151916,0.002455040999629865,0.0027021783899704903,0.0042114109294109706,0.002921361659199297,0.012335100153014176
roberta_twitter_sentiment,7500,162,0.002818276642151916,0.004228714096288447,0.0025458046686655258,0.004846028692025149,0.003259199377128105,0.012955993473487895
roberta_twitter_sentiment,7500,163,0.002818276642151916,0.0002451262145219349,0.0027222647811334126,0.005019829186850966,0.003560239720302506,0.011683642971365699
roberta_twitter_sentiment,7500,164,0.002818276642151916,0.004509410251115688,0.0029659650460866762,0.006513509610575366,0.0038171392601188616,0.014946049258732006
roberta_twitter_sentiment,7500,165,0.002818276642151916,0.0021704915031601794,0.002764857692002527,0.0048266342470176795,0.0032155207337318664,0.012961779816926606
roberta_twitter_sentiment,7500,166,0.002818276642151916,0.0030404164129881226,0.0025402932540745152,0.005129781450717349,0.0031231996144210528,0.0125965971833078
roberta_twitter_sentiment,7500,167,0.002818276642151916,0.0035939849504202422,0.0027709793383163903,0.0049587140391361625,0.003151412218385905,0.013014825053302759
roberta_twitter_sentiment,7500,168,0.002818276642151916,0.0052908924441827584,0.002494279288050193,0.005142435547978977,0.0031833169969584345,0.013335509289183617
roberta_twitter_sentiment,7500,169,0.002818276642151916,-0.0011604598926424701,0.0021571162608516295,0.003997141080188311,0.002738235751222486,0.011682088319443614
roberta_twitter_sentiment,7500,170,0.002818276642151916,0.0034557804598232206,0.002546823988979842,0.004847592170434435,0.0033588871156736808,0.012953465791189804
roberta_twitter_sentiment,7500,171,0.002818276642151916,0.0023175342524617776,0.0022009679306326867,0.0042955728186151836,0.002692046817943988,0.012381639969753114
roberta_twitter_sentiment,7500,172,0.002818276642151916,0.001618379342072737,0.0029280561462357068,0.005442021103873304,0.003545634310663597,0.012145208250345362
roberta_twitter_sentiment,7500,173,0.002818276642151916,0.0013167298976544575,0.0022855178896410413,0.0046328794178354645,0.0027524420468323144,0.012736124924007976
roberta_twitter_sentiment,7500,174,0.002818276642151916,0.0030670351486680146,0.001995615595528033,0.0040234914999021125,0.0025928694367423144,0.011344631413100494
roberta_twitter_sentiment,7500,175,0.002818276642151916,0.0013371191087469228,0.002033831605106458,0.0044058513076051225,0.002510085900402433,0.011978918365000497
roberta_twitter_sentiment,7500,176,0.002818276642151916,0.0031573173800964276,0.00313204315060229,0.005303584060339018,0.00365321843539897,0.013742741332514541
roberta_twitter_sentiment,7500,177,0.002818276642151916,0.0017674346283345728,0.002415678410289941,0.0050043957367390925,0.0030764283157655573,0.012244502611529866
roberta_twitter_sentiment,7500,178,0.002818276642151916,0.0017399473319191423,0.0021302712658728376,0.0041829771685192715,0.0026831706955755216,0.012059129666146735
roberta_twitter_sentiment,7500,179,0.002818276642151916,0.00441663101600605,0.002966989899596368,0.004725404202282866,0.003390540734369461,0.01301297482331322
roberta_twitter_sentiment,7500,180,0.002818276642151916,0.00045806305290210005,0.002378462838652741,0.00436285647320813,0.0027702465962654507,0.011515392862260311
roberta_twitter_sentiment,7500,181,0.002818276642151916,0.0024170019502372064,0.0022759514303207044,0.005551529086959142,0.00325387529116273,0.012671638949187035
roberta_twitter_sentiment,7500,182,0.002818276642151916,0.0036603755015736923,0.002693217866739735,0.005448495839564059,0.0032278786137734487,0.012145002561657039
roberta_twitter_sentiment,7500,183,0.002818276642151916,0.00607241268085083,0.0029677250191988695,0.00556496244070638,0.003830880023768812,0.012777378594552061
roberta_twitter_sentiment,7500,184,0.002818276642151916,0.00453491884558676,0.002903388950028551,0.006087016277760396,0.003652958490397558,0.013781725476024638
roberta_twitter_sentiment,7500,185,0.002818276642151916,0.004264683844503373,0.0030745988192719407,0.005413676711145255,0.0033572632242849106,0.012805204212387842
roberta_twitter_sentiment,7500,186,0.002818276642151916,0.002888640688919952,0.0028637517977749835,0.00491418050410365,0.003378690576084615,0.012627912625831836
roberta_twitter_sentiment,7500,187,0.002818276642151916,0.0022422618899972523,0.0019194458328975097,0.004371887743638523,0.002607914001935762,0.011144861055826481
roberta_twitter_sentiment,7500,188,0.002818276642151916,0.0008923487386352208,0.002250859195508072,0.004339651639605945,0.002529328366370088,0.011425619752474029
roberta_twitter_sentiment,7500,189,0.002818276642151916,0.0028460716316785666,0.002807638931960747,0.005433278428520086,0.0035229149913456235,0.012188988145776652
roberta_twitter_sentiment,7500,190,0.002818276642151916,0.00016821199248901326,0.0016197213099200306,0.004040647667408162,0.002182057972285645,0.010822604991344364
roberta_twitter_sentiment,7500,191,0.002818276642151916,0.003444653733747484,0.0025888728035584766,0.0044319205984205984,0.003346570436298577,0.012295170755566007
roberta_twitter_sentiment,7500,192,0.002818276642151916,0.003937458334989772,0.0024373601801003174,0.005038874370843999,0.002907102213320474,0.012841473686111089
roberta_twitter_sentiment,7500,193,0.002818276642151916,0.0037610774310647514,0.0027336577269817678,0.00480193447649024,0.0034674703633210064,0.012773058073713291
roberta_twitter_sentiment,7500,194,0.002818276642151916,0.0042558154303380495,0.0030485347913489073,0.005256483411131828,0.0035486732784113123,0.014379233466799334
roberta_twitter_sentiment,7500,195,0.002818276642151916,0.0013670521735921757,0.0031009184271692312,0.004915023729059164,0.003554159295245462,0.013079856885767873
roberta_twitter_sentiment,7500,196,0.002818276642151916,0.002757082147421893,0.002986146244081357,0.004830250964696134,0.0035439686422498225,0.012546510283407768
roberta_twitter_sentiment,7500,197,0.002818276642151916,0.0038087357879240656,0.002903859905505757,0.00597134478203032,0.003897214391028375,0.012395260327692245
roberta_twitter_sentiment,7500,198,0.002818276642151916,0.003445689704075244,0.0034606460623608955,0.0056623820313826505,0.0035948680602445734,0.014043734081918093
roberta_twitter_sentiment,7500,199,0.002818276642151916,0.003560978198816705,0.002822384571816023,0.004748910408565521,0.0031230093113675575,0.011504232720607695
roberta_twitter_sentiment,10000,0,0.002818276642151916,0.0039714921077346615,0.001987653534407787,0.00418042942762817,0.002446435567687865,0.011767909382833399
roberta_twitter_sentiment,10000,1,0.002818276642151916,0.002518642438863687,0.0020853133000975684,0.00413022775727174,0.0029076470771510245,0.01116815319147276
roberta_twitter_sentiment,10000,2,0.002818276642151916,0.005350592382499422,0.003244443466393748,0.005443611621846385,0.003831551308072471,0.012575770533895787
roberta_twitter_sentiment,10000,3,0.002818276642151916,0.0027861259634936555,0.0027945076026626,0.00514699720317157,0.0034002902373130796,0.012694308726137098
roberta_twitter_sentiment,10000,4,0.002818276642151916,0.0039951925247554785,0.003019492626111364,0.005238665770663756,0.0035868065235551585,0.013153663035944473
roberta_twitter_sentiment,10000,5,0.002818276642151916,0.0019009105681499275,0.002596699274399205,0.004821674692330171,0.0030311944426138636,0.012262788276654503
roberta_twitter_sentiment,10000,6,0.002818276642151916,0.002361604809060907,0.0027649442309729453,0.005138263859301718,0.003373541288963183,0.012183878283444102
roberta_twitter_sentiment,10000,7,0.002818276642151916,0.004088245407741012,0.0024654399553221684,0.005001572640252447,0.003032825379798657,0.012282516928601765
roberta_twitter_sentiment,10000,8,0.002818276642151916,0.002289340478862231,0.00294098557299809,0.004894325404485994,0.0034297514599360853,0.01337479027368856
roberta_twitter_sentiment,10000,9,0.002818276642151916,0.0021563095364839284,0.0018716489210906374,0.0039481545435784875,0.002267087627686011,0.011657515498427851
roberta_twitter_sentiment,10000,10,0.002818276642151916,0.0028745950404284962,0.0032585508135032117,0.00610754076190277,0.003825800158780812,0.01326619701952778
roberta_twitter_sentiment,10000,11,0.002818276642151916,0.004157849926397965,0.0029763625661013973,0.005330558484823604,0.0034708552426099253,0.013746333592446546
roberta_twitter_sentiment,10000,12,0.002818276642151916,0.002771538101727334,0.002606979319263104,0.005356166833635486,0.0032599231802978262,0.013371104091577582
roberta_twitter_sentiment,10000,13,0.002818276642151916,0.0027116114070202804,0.0021674243997434964,0.004578356993846531,0.002859530335408706,0.01244053277567565
roberta_twitter_sentiment,10000,14,0.002818276642151916,0.0005209977733832233,0.002760100444493521,0.004931867001970877,0.0034006300860194454,0.012478233981847617
roberta_twitter_sentiment,10000,15,0.002818276642151916,0.0032173367768630412,0.0023456837461575883,0.0044841156831638895,0.0029031371179311116,0.012190211987002302
roberta_twitter_sentiment,10000,16,0.002818276642151916,0.0030744170046381387,0.0024448142355478256,0.004175194764412414,0.003024406779947382,0.012225961397888188
roberta_twitter_sentiment,10000,17,0.002818276642151916,0.005017898270899404,0.002488151205342671,0.005007272705150712,0.0031295177096679313,0.012801773484311081
roberta_twitter_sentiment,10000,18,0.002818276642151916,0.0057338583931241345,0.0028984007013085292,0.005278595429575185,0.0033308027899618506,0.014679823900154005
roberta_twitter_sentiment,10000,19,0.002818276642151916,0.004067769468478443,0.002482372599861732,0.0047264456287532996,0.0030911702893499805,0.01284249231935715
roberta_twitter_sentiment,10000,20,0.002818276642151916,0.0038699982400076764,0.0027822842517953067,0.004979440591760775,0.0032623691618900363,0.013229472384288147
roberta_twitter_sentiment,10000,21,0.002818276642151916,0.005712395265340713,0.0031286195151585447,0.0054757500196758995,0.0036475448690517537,0.013913708684484037
roberta_twitter_sentiment,10000,22,0.002818276642151916,0.0005041894466155848,0.002077832779032966,0.004226469982256253,0.0026575159268811244,0.010641660373019994
roberta_twitter_sentiment,10000,23,0.002818276642151916,0.004155293655545011,0.002361729528214854,0.004987889631812299,0.002992485908192575,0.012566130018139436
roberta_twitter_sentiment,10000,24,0.002818276642151916,0.004683714194967175,0.001973719577070995,0.004556906590427208,0.002596551222530958,0.013028950974135787
roberta_twitter_sentiment,10000,25,0.002818276642151916,0.005566356850221662,0.003056911296533688,0.00525055092846304,0.003606923623565952,0.013447699927675805
roberta_twitter_sentiment,10000,26,0.002818276642151916,0.0016999161190789237,0.0026152247507230295,0.0043631214134726435,0.00293192836536548,0.012764378578922085
roberta_twitter_sentiment,10000,27,0.002818276642151916,0.0022084938239204746,0.0022314620306302015,0.004506975337028487,0.002568706964180838,0.011671770699887096
roberta_twitter_sentiment,10000,28,0.002818276642151916,0.0021483436414167093,0.002533463108703865,0.004741769119480956,0.0031660513077349456,0.013246201520637622
roberta_twitter_sentiment,10000,29,0.002818276642151916,0.002125751730850183,0.0026230386275611192,0.005121572730829888,0.0033239985354824326,0.012570357135525387
roberta_twitter_sentiment,10000,30,0.002818276642151916,0.002827441947899343,0.002966286391242162,0.004705336825824818,0.0034359075054044464,0.011723173425635157
roberta_twitter_sentiment,10000,31,0.002818276642151916,0.004938680346894871,0.0030599854280628615,0.0053397664136089935,0.0037006499015102778,0.013218400401117833
roberta_twitter_sentiment,10000,32,0.002818276642151916,0.0050042710904168375,0.0027878988172460608,0.0050608654212366015,0.00332902748361616,0.013136911131787074
roberta_twitter_sentiment,10000,33,0.002818276642151916,0.0023583758089673807,0.0020081570664610016,0.0038098095132610026,0.002580357231890614,0.01222574600297231
roberta_twitter_sentiment,10000,34,0.002818276642151916,0.003393387232773359,0.002285089542386738,0.004367674477032121,0.0029052570100300728,0.011943460920844855
roberta_twitter_sentiment,10000,35,0.002818276642151916,0.00214746727536587,0.0023679095184991126,0.004664778089187162,0.00307136901464763,0.011343718843378979
roberta_twitter_sentiment,10000,36,0.002818276642151916,0.00256278158002018,0.0029207736183822267,0.005857640153191764,0.0037415790067018544,0.013292446935642159
roberta_twitter_sentiment,10000,37,0.002818276642151916,0.0018634744328748247,0.003373111288892532,0.005411490580649121,0.003983094795769141,0.012635530110151439
roberta_twitter_sentiment,10000,38,0.002818276642151916,0.0018038863469041272,0.00218214387883081,0.004752726157387737,0.002759216398508887,0.012580802036292997
roberta_twitter_sentiment,10000,39,0.002818276642151916,0.0019424178176656913,0.0025572152154830123,0.004734667039451144,0.0033131681017351334,0.012904189871430088
roberta_twitter_sentiment,10000,40,0.002818276642151916,0.002179643007193976,0.0026957384898135617,0.005091854027951188,0.003219538788827988,0.013628772066701671
roberta_twitter_sentiment,10000,41,0.002818276642151916,0.003200807655404205,0.0028242645067560607,0.005090127842202253,0.0036447965335775915,0.013123642052213275
roberta_twitter_sentiment,10000,42,0.002818276642151916,0.002733766140369624,0.002989178255944461,0.005106405799077755,0.0034538659428774983,0.012761140548058752
roberta_twitter_sentiment,10000,43,0.002818276642151916,0.0023395502497868237,0.0028490064165172663,0.005164654399561178,0.0033149675291731778,0.012478756370393269
roberta_twitter_sentiment,10000,44,0.002818276642151916,0.0017769549607345879,0.002049185589155788,0.004661423114840097,0.0027469266634208723,0.012665322207043762
roberta_twitter_sentiment,10000,45,0.002818276642151916,0.0024030151539899953,0.0021933499431599514,0.004332985328592168,0.0027213976836761677,0.011491011445191586
roberta_twitter_sentiment,10000,46,0.002818276642151916,0.0038084969754095107,0.0027263611968779814,0.0049181448870577295,0.003355845998508239,0.01381510970717568
roberta_twitter_sentiment,10000,47,0.002818276642151916,0.0030156612345649658,0.002339693132982272,0.004446749951625607,0.002552829274437499,0.011751369666232305
roberta_twitter_sentiment,10000,48,0.002818276642151916,0.0036510776184346533,0.00319029119219315,0.005456585006679791,0.0036053351416214805,0.01340083890067958
roberta_twitter_sentiment,10000,49,0.002818276642151916,0.002605965824918666,0.002115588931754304,0.004829237441641161,0.0028024217494180275,0.012348019952086488
roberta_twitter_sentiment,10000,50,0.002818276642151916,0.0013455641107172648,0.0030136132181807825,0.004789885622518933,0.0034868716479883534,0.011361477997217727
roberta_twitter_sentiment,10000,51,0.002818276642151916,0.0048271797336085715,0.0037546238870361094,0.006072156679278977,0.004200956961230808,0.013782648348057773
roberta_twitter_sentiment,10000,52,0.002818276642151916,0.0014598554588135051,0.0020056515091563904,0.0035937396262859045,0.0023115807172059857,0.011396190038969634
roberta_twitter_sentiment,10000,53,0.002818276642151916,0.006240522977778448,0.0032099645937447175,0.005699231845497585,0.0037709076356852353,0.013552332543033086
roberta_twitter_sentiment,10000,54,0.002818276642151916,0.002219313493596169,0.001948339998048739,0.003773137458694558,0.0024093711738062155,0.011499469725348453
roberta_twitter_sentiment,10000,55,0.002818276642151916,0.003556075806855543,0.0027917571301950732,0.004893354303980402,0.003179949979495889,0.012360508132384084
roberta_twitter_sentiment,10000,56,0.002818276642151916,0.0037432350849881985,0.0029995161093723526,0.005047654119258709,0.003658288966439655,0.013074484911743801
roberta_twitter_sentiment,10000,57,0.002818276642151916,0.004189962383504201,0.002745135190675059,0.005645998137544772,0.0034057602353192704,0.013894482051316817
roberta_twitter_sentiment,10000,58,0.002818276642151916,0.0040954441436654625,0.0029544325503806897,0.005083537809375774,0.003499554243384883,0.012797173455966876
roberta_twitter_sentiment,10000,59,0.002818276642151916,0.0010880757193775898,0.002087339587282286,0.004181597836665423,0.0026740249093693946,0.01176645465030415
roberta_twitter_sentiment,10000,60,0.002818276642151916,0.0019555310505096624,0.0018865234323624238,0.004337951259955127,0.0023037624834831554,0.011567548445558339
roberta_twitter_sentiment,10000,61,0.002818276642151916,0.002127845513093477,0.0022248160883440696,0.0041797851223393835,0.002624043584820428,0.012216871189910855
roberta_twitter_sentiment,10000,62,0.002818276642151916,0.0020938254264013757,0.0030672866634944475,0.00557160407938368,0.003377427709720799,0.012245681374567276
roberta_twitter_sentiment,10000,63,0.002818276642151916,0.002684521839760599,0.0021594850608853233,0.004196616525921994,0.002866935168415174,0.01209719081007743
roberta_twitter_sentiment,10000,64,0.002818276642151916,0.004351292464946714,0.0034351169734286057,0.005466524024382501,0.0036305918090155874,0.013546075852395244
roberta_twitter_sentiment,10000,65,0.002818276642151916,0.002176973536910587,0.002906101347939035,0.0055640567046088465,0.003496551876758853,0.01360001246947971
roberta_twitter_sentiment,10000,66,0.002818276642151916,0.004458841022156332,0.002570313484752799,0.004785061335744093,0.0030856405660747072,0.012931452168898518
roberta_twitter_sentiment,10000,67,0.002818276642151916,0.0017693773412878948,0.00264208032271329,0.004783703333573406,0.0031516035469837255,0.013235513041933595
roberta_twitter_sentiment,10000,68,0.002818276642151916,0.002888991484569294,0.0026278196246643515,0.004396685676263645,0.0030170627015627853,0.012368027078295018
roberta_twitter_sentiment,10000,69,0.002818276642151916,0.005783975145517533,0.002923783408116189,0.005176302818959662,0.0034578733490218546,0.014072347771038088
roberta_twitter_sentiment,10000,70,0.002818276642151916,0.003462749562386022,0.0030600045531471074,0.0051088175702464714,0.0037539542869961967,0.013197276255129523
roberta_twitter_sentiment,10000,71,0.002818276642151916,0.005584189084528631,0.0024646745828931765,0.004508451905221472,0.00318109566352291,0.01311547207410799
roberta_twitter_sentiment,10000,72,0.002818276642151916,0.0011370191301001203,0.0026149148501875977,0.00492111842026346,0.0034066673972912445,0.013033022344993721
roberta_twitter_sentiment,10000,73,0.002818276642151916,0.0031190440243046877,0.0028167284447355857,0.005120180576451838,0.0035236470889232203,0.012682622796785304
roberta_twitter_sentiment,10000,74,0.002818276642151916,0.002334105348555595,0.0021244494218627245,0.004022988352083209,0.0023778714590088784,0.01215815643653753
roberta_twitter_sentiment,10000,75,0.002818276642151916,0.0031367361063898065,0.002596109357392324,0.004820681434158175,0.0030030528514248876,0.012235608393556882
roberta_twitter_sentiment,10000,76,0.002818276642151916,0.0025981169612254483,0.0028689461712257587,0.004706159010897974,0.0032594318294793955,0.013176964083084308
roberta_twitter_sentiment,10000,77,0.002818276642151916,0.0023216697998521634,0.0025579893293652236,0.004809506524042035,0.0029768223521026405,0.011484768765711032
roberta_twitter_sentiment,10000,78,0.002818276642151916,0.002358534276927968,0.003024490721996768,0.004446549297397916,0.003273611148807314,0.011596692489753466
roberta_twitter_sentiment,10000,79,0.002818276642151916,0.0007359583916213259,0.0022296710998610148,0.004020184551530689,0.0025280317712921404,0.011298447417780869
roberta_twitter_sentiment,10000,80,0.002818276642151916,0.005624159327433651,0.0031202168702134476,0.005426492894961659,0.003667979862510414,0.01333894996091233
roberta_twitter_sentiment,10000,81,0.002818276642151916,0.0038551247773389733,0.0030972471431470385,0.005572446597327455,0.003427898119832293,0.014887164271138472
roberta_twitter_sentiment,10000,82,0.002818276642151916,0.0010268312351069515,0.0019479261282450068,0.004175551663274429,0.002518363922317006,0.011681968366296933
roberta_twitter_sentiment,10000,83,0.002818276642151916,0.002930259478308309,0.002488768661121806,0.004640461176038281,0.002898126604652469,0.013270277661302942
roberta_twitter_sentiment,10000,84,0.002818276642151916,0.0016917812911613496,0.0019931405113766012,0.0041085473574819995,0.0023289180364245384,0.011406786831771253
roberta_twitter_sentiment,10000,85,0.002818276642151916,0.0032441392306602978,0.001933495637476587,0.00416828664222767,0.0023068612194472806,0.012073094633180206
roberta_twitter_sentiment,10000,86,0.002818276642151916,0.0025143981448636724,0.003016585326430061,0.00550279311296132,0.0036828933069086036,0.012522108696308593
roberta_twitter_sentiment,10000,87,0.002818276642151916,0.0027794267707417684,0.002033622285685596,0.0044186015961840555,0.002417839590262934,0.012371401573979778
roberta_twitter_sentiment,10000,88,0.002818276642151916,0.00076390198703834,0.002217982674225374,0.004369374965927215,0.002640454666119666,0.011297377321428808
roberta_twitter_sentiment,10000,89,0.002818276642151916,0.0036352108357157577,0.0032336517291064095,0.005195621113046861,0.0035598892974239814,0.012630247247199205
roberta_twitter_sentiment,10000,90,0.002818276642151916,0.002446009704237533,0.0016031347427974585,0.003428396630471249,0.0018691342975189534,0.011395259868322703
roberta_twitter_sentiment,10000,91,0.002818276642151916,0.0027000749761313613,0.0023594671287229664,0.004160569983324573,0.002716794069828139,0.01171197139394849
roberta_twitter_sentiment,10000,92,0.002818276642151916,0.0027194180612207467,0.002528461465706607,0.005250561669793624,0.003033410980099759,0.01279168780042199
roberta_twitter_sentiment,10000,93,0.002818276642151916,0.001150972323225181,0.002989874316460448,0.005030076397179776,0.003796314163664777,0.013026098823405692
roberta_twitter_sentiment,10000,94,0.002818276642151916,0.003834478467708806,0.0025020610914764925,0.004520637756066012,0.0030715052273712433,0.013113304635817738
roberta_twitter_sentiment,10000,95,0.002818276642151916,0.0020547053168767085,0.0024403933543065714,0.004062420653960635,0.002894041740577771,0.011574550721580612
roberta_twitter_sentiment,10000,96,0.002818276642151916,0.003472623329635438,0.002244876057884416,0.005020686217007023,0.002914863505418572,0.013080166027629113
roberta_twitter_sentiment,10000,97,0.002818276642151916,0.0018162626310857452,0.0025093037177212852,0.004491985294213013,0.0030767540333995432,0.012585099744231132
roberta_twitter_sentiment,10000,98,0.002818276642151916,0.003191892975399842,0.002759082888834064,0.004619457481740119,0.0027929517699485998,0.011651204162408373
roberta_twitter_sentiment,10000,99,0.002818276642151916,0.003793709490881928,0.0022181233273948033,0.004042555135678552,0.0025483772151646484,0.011587345703769217
roberta_twitter_sentiment,10000,100,0.002818276642151916,0.0012773321476456973,0.002130768175644836,0.0043579192973499095,0.002451231929629872,0.01170931584680497
roberta_twitter_sentiment,10000,101,0.002818276642151916,0.003113690289280738,0.0023515678816034367,0.004627846305902848,0.0028593986653066466,0.012773635764081989
roberta_twitter_sentiment,10000,102,0.002818276642151916,0.0030977907310995798,0.003036261316160619,0.005386928699252132,0.0032415237246383823,0.012985469804011784
roberta_twitter_sentiment,10000,103,0.002818276642151916,0.003939431124943835,0.0029668569627397472,0.004940624891896374,0.0035512931516139975,0.012930227234498607
roberta_twitter_sentiment,10000,104,0.002818276642151916,0.002712961951587455,0.00265810514162608,0.004908250216361853,0.0031428689098922198,0.012665862430039325
roberta_twitter_sentiment,10000,105,0.002818276642151916,0.003786994648825544,0.003468502437966289,0.005675999176416321,0.003817869616754924,0.013741181359889503
roberta_twitter_sentiment,10000,106,0.002818276642151916,0.0030533849273711327,0.0021380193533481404,0.004868857406748697,0.002764794921626382,0.012855287473061496
roberta_twitter_sentiment,10000,107,0.002818276642151916,0.0027999737245444096,0.002514663523901282,0.0044018995751659165,0.003217677015455995,0.01126268836423391
roberta_twitter_sentiment,10000,108,0.002818276642151916,0.002108661965751089,0.001627391404918028,0.0038169701331516293,0.0020807239188978814,0.01217564024681604
roberta_twitter_sentiment,10000,109,0.002818276642151916,0.0053180500058644,0.002108266025502762,0.0046837293101530085,0.0027677700918785765,0.012491301947993173
roberta_twitter_sentiment,10000,110,0.002818276642151916,0.005567551743912475,0.002948436947350823,0.005541485461688424,0.0034744877115665544,0.013991880063496548
roberta_twitter_sentiment,10000,111,0.002818276642151916,0.0030263033863029724,0.0024175217110423753,0.004497545177289717,0.0030736860258372095,0.012451648606215929
roberta_twitter_sentiment,10000,112,0.002818276642151916,0.001712950898544748,0.0022179116350969576,0.003980552540804034,0.0027116860527647123,0.011908052092190287
roberta_twitter_sentiment,10000,113,0.002818276642151916,0.0018304675434957056,0.0025156284481740758,0.004484552034259366,0.002860236810242326,0.011427293445638293
roberta_twitter_sentiment,10000,114,0.002818276642151916,0.0035121688632130024,0.002948407282636826,0.004856869944182704,0.0034785429699772216,0.01220284395744678
roberta_twitter_sentiment,10000,115,0.002818276642151916,0.002612340549086185,0.003293790010768207,0.005480781171101708,0.0037684823576024386,0.013074876402245137
roberta_twitter_sentiment,10000,116,0.002818276642151916,0.0024637578756691175,0.0033776263305227653,0.005504542820617846,0.0037875681347159726,0.014142828280402187
roberta_twitter_sentiment,10000,117,0.002818276642151916,0.003983776327798023,0.002928116006165789,0.004995382122508193,0.0034043940281854213,0.012900450185568626
roberta_twitter_sentiment,10000,118,0.002818276642151916,0.0032096665006090936,0.0024648782918406617,0.004238725161492085,0.0027088251648781313,0.012559590279117835
roberta_twitter_sentiment,10000,119,0.002818276642151916,0.00515271662752528,0.002719763021815265,0.004844588711908269,0.0033426403048773135,0.013209735272468725
roberta_twitter_sentiment,10000,120,0.002818276642151916,0.0015245742266015072,0.0021941240410341617,0.004182971423269233,0.0026255457369940183,0.012006568535379514
roberta_twitter_sentiment,10000,121,0.002818276642151916,0.002104599480377607,0.0023925802122090377,0.004105258157183207,0.0028733990072710943,0.011809252013072794
roberta_twitter_sentiment,10000,122,0.002818276642151916,0.003034814919864038,0.0024005089393842926,0.0045726361710287065,0.003065577770711492,0.012700117773632353
roberta_twitter_sentiment,10000,123,0.002818276642151916,0.0012651178225710975,0.0025670234210707584,0.005092379785894237,0.0034159653544458706,0.012839031950618354
roberta_twitter_sentiment,10000,124,0.002818276642151916,0.0028741432120313517,0.002885474504705786,0.005166729267203173,0.0034340858104890005,0.013454875300626867
roberta_twitter_sentiment,10000,125,0.002818276642151916,0.00019952420519949574,0.0027607471801223407,0.005295655405240977,0.003285936321884657,0.011269887931283182
roberta_twitter_sentiment,10000,126,0.002818276642151916,0.0031549389573558573,0.00265046545465053,0.004527564848298755,0.003188896605384452,0.012928696146141255
roberta_twitter_sentiment,10000,127,0.002818276642151916,0.0028483267931630613,0.002675829791755356,0.0046323753170104355,0.0031817548770175235,0.01322571693912999
roberta_twitter_sentiment,10000,128,0.002818276642151916,0.003360382678803669,0.002077770000508791,0.004716832849407208,0.002710549918780087,0.012864134140071181
roberta_twitter_sentiment,10000,129,0.002818276642151916,0.0014271274254553392,0.0021732516894855144,0.004293094592012454,0.002582018819356284,0.011822141461094459
roberta_twitter_sentiment,10000,130,0.002818276642151916,0.003307689084021553,0.0020140004603807766,0.004159276876032765,0.0025060312450801573,0.012395806277254
roberta_twitter_sentiment,10000,131,0.002818276642151916,0.0024285932226264053,0.002639472690515148,0.00463698921625071,0.003066583461963911,0.01183508712500513
roberta_twitter_sentiment,10000,132,0.002818276642151916,0.002062070253040926,0.002285533013710354,0.004599723636718494,0.0031052012618096596,0.013604678669903968
roberta_twitter_sentiment,10000,133,0.002818276642151916,0.0037453261129757032,0.0024657047915501236,0.004396769300326614,0.002996536634355112,0.012593714805516324
roberta_twitter_sentiment,10000,134,0.002818276642151916,0.002044320229168781,0.0030682995606357826,0.005574849441406232,0.003533243496449784,0.013496890011333565
roberta_twitter_sentiment,10000,135,0.002818276642151916,0.0035196878334698956,0.0031172196896736854,0.005635940606709224,0.003713866273358186,0.014210049525245134
roberta_twitter_sentiment,10000,136,0.002818276642151916,0.0023246073835911083,0.002390124094096528,0.004444496280006576,0.002680010933930357,0.012122078782173192
roberta_twitter_sentiment,10000,137,0.002818276642151916,0.002226275440585841,0.0025623842559015075,0.0044847350521005375,0.0029331160093714545,0.012324068875325462
roberta_twitter_sentiment,10000,138,0.002818276642151916,0.0024838121999972034,0.0020980339563718008,0.004377579578472769,0.002537785045354421,0.012010650697393802
roberta_twitter_sentiment,10000,139,0.002818276642151916,0.00330256677917602,0.002794000247431135,0.004973726415073799,0.0030057061908956464,0.012172160474845496
roberta_twitter_sentiment,10000,140,0.002818276642151916,0.0008757747896445741,0.002398597704913958,0.004134461566519847,0.002676643853868703,0.01187828582286118
roberta_twitter_sentiment,10000,141,0.002818276642151916,0.0036371155357680677,0.00246364924774275,0.0046910043470765675,0.0028737548242708283,0.012456814553164814
roberta_twitter_sentiment,10000,142,0.002818276642151916,0.0030217200485502644,0.002214516304994519,0.004319212169072979,0.0028051810523576177,0.012201282054494104
roberta_twitter_sentiment,10000,143,0.002818276642151916,0.002607459779757584,0.0021251961455584856,0.004250044455642481,0.002866801170765023,0.012858096307138443
roberta_twitter_sentiment,10000,144,0.002818276642151916,0.0016212700945847968,0.0020003120779020184,0.0043125512470834106,0.0024926372510716437,0.012017135778005948
roberta_twitter_sentiment,10000,145,0.002818276642151916,0.0008890137526738462,0.002472764249701389,0.004782978272711561,0.0031391373802636636,0.011898871302262786
roberta_twitter_sentiment,10000,146,0.002818276642151916,0.002885108648896613,0.0028279893776240583,0.004671264912980661,0.0032265819362358515,0.012103623173033826
roberta_twitter_sentiment,10000,147,0.002818276642151916,0.0008025860869305795,0.002111654941690619,0.004082300633146298,0.0026770373181143237,0.010584071237184727
roberta_twitter_sentiment,10000,148,0.002818276642151916,0.00354962448103823,0.0025242969713751276,0.004278049958513082,0.0027605000655534554,0.012510661729257124
roberta_twitter_sentiment,10000,149,0.002818276642151916,0.0030382137238592804,0.002486893922818881,0.0050911284823842995,0.003324985951073741,0.01305196739823635
roberta_twitter_sentiment,10000,150,0.002818276642151916,0.003282269733308014,0.0028230254866196637,0.005188040809110127,0.0031954406411465,0.013402955910133128
roberta_twitter_sentiment,10000,151,0.002818276642151916,0.0038528674973677965,0.00345361873731494,0.0062828247894416,0.0043529876989037665,0.014518802395305789
roberta_twitter_sentiment,10000,152,0.002818276642151916,0.004808845589560023,0.0027858654237808175,0.004799589485733709,0.0031751609434917173,0.012978288046258425
roberta_twitter_sentiment,10000,153,0.002818276642151916,0.003942177710728294,0.0030699065198233747,0.0049396566407244775,0.003325823586491876,0.012769900100920058
roberta_twitter_sentiment,10000,154,0.002818276642151916,0.004504644218726699,0.0027315475541096978,0.0050471614540712065,0.003384417183983166,0.01304119800983524
roberta_twitter_sentiment,10000,155,0.002818276642151916,0.0020712259846854863,0.0029098010504240578,0.005132035194632109,0.003480934743451005,0.012252376733832124
roberta_twitter_sentiment,10000,156,0.002818276642151916,0.0026423856000769527,0.002265830720416372,0.004189188310629512,0.002581148193186493,0.01242719719884582
roberta_twitter_sentiment,10000,157,0.002818276642151916,0.002363342971317983,0.002785374750407879,0.004849429737243253,0.0032376845476711183,0.01320338493601101
roberta_twitter_sentiment,10000,158,0.002818276642151916,0.001089037697751874,0.0021655624129118816,0.0037633842772147067,0.0024887562802373203,0.011422223400619647
roberta_twitter_sentiment,10000,159,0.002818276642151916,0.0017157301685641673,0.0018756522675200814,0.0034515211921509648,0.002224344559955393,0.010701600893719847
roberta_twitter_sentiment,10000,160,0.002818276642151916,0.0019148662971381885,0.0021234727099187535,0.004393428043990292,0.00272957382176638,0.011952671839671377
roberta_twitter_sentiment,10000,161,0.002818276642151916,0.006624311127001527,0.0029832941956469987,0.005413970509311568,0.0035636201330424295,0.014531457436803827
roberta_twitter_sentiment,10000,162,0.002818276642151916,0.0038116715615697998,0.002883206284573813,0.005420282817050179,0.0038764085085803302,0.01477099746309183
roberta_twitter_sentiment,10000,163,0.002818276642151916,0.0015782848056931002,0.002279923928282526,0.00452373905359973,0.0027384280437056777,0.0115295843224877
roberta_twitter_sentiment,10000,164,0.002818276642151916,0.0013707150544898029,0.0023428766458791776,0.004396185815212706,0.002825798661668098,0.01192252945568366
roberta_twitter_sentiment,10000,165,0.002818276642151916,0.000518339759287514,0.0025399008485861305,0.004942711420952425,0.003268844512703732,0.012809365194483594
roberta_twitter_sentiment,10000,166,0.002818276642151916,0.0019262527437582666,0.0027933272354698172,0.0048368316831901206,0.003113848309726761,0.012482995604777721
roberta_twitter_sentiment,10000,167,0.002818276642151916,0.0027626736445229933,0.001976541481121356,0.003996258381900987,0.002495934551287683,0.011457274814518725
roberta_twitter_sentiment,10000,168,0.002818276642151916,0.003449236429435126,0.0023425224256132687,0.004228640693722399,0.0025296467285307335,0.012952906024265319
roberta_twitter_sentiment,10000,169,0.002818276642151916,0.003717139799023375,0.0027348862731828784,0.004837305916795243,0.002997356897796722,0.013456589506905009
roberta_twitter_sentiment,10000,170,0.002818276642151916,0.0034781465733952415,0.003123229756724283,0.005071560231502625,0.003480587685797983,0.013722308230944651
roberta_twitter_sentiment,10000,171,0.002818276642151916,0.0009391542556865046,0.002304920567530546,0.004663566431210732,0.0026631832556849103,0.012319880869602192
roberta_twitter_sentiment,10000,172,0.002818276642151916,0.0012198315507767432,0.0025750287217245287,0.004583506500663322,0.002890437498558243,0.011957637457609313
roberta_twitter_sentiment,10000,173,0.002818276642151916,0.0036572489724300754,0.0028045157691870648,0.004632852607963551,0.0033181728913002384,0.013214048939860109
roberta_twitter_sentiment,10000,174,0.002818276642151916,0.0033383693475796576,0.002417437043102201,0.004352886721926925,0.002913822053717301,0.012080042013126482
roberta_twitter_sentiment,10000,175,0.002818276642151916,0.0025909857259154415,0.0027047279386700185,0.005033625806296799,0.003357643604938258,0.01272596640270258
roberta_twitter_sentiment,10000,176,0.002818276642151916,0.0038123277604763914,0.002805475140406531,0.005531536454008275,0.0032112055852396015,0.012801548235674884
roberta_twitter_sentiment,10000,177,0.002818276642151916,-7.617196593852512e-05,0.0026097273618334174,0.004477441995428223,0.0029507061157759383,0.011112638432237525
roberta_twitter_sentiment,10000,178,0.002818276642151916,0.002230446969336552,0.002864833038132629,0.00508403727720067,0.0034132123569624124,0.012853217282867596
roberta_twitter_sentiment,10000,179,0.002818276642151916,0.00255518926315054,0.0023427995767353587,0.004299316592146813,0.002767325975639857,0.011945693889014957
roberta_twitter_sentiment,10000,180,0.002818276642151916,0.0009744720896525317,0.0024510114506641053,0.004866304828412499,0.0027736868654256465,0.01241712005877265
roberta_twitter_sentiment,10000,181,0.002818276642151916,0.0034612982869629823,0.002460645379515395,0.00487552931112422,0.003082132831752862,0.013355305897490082
roberta_twitter_sentiment,10000,182,0.002818276642151916,1.2018528641157397e-05,0.002011742125620857,0.004387095924262624,0.002498301152435925,0.011953841875913215
roberta_twitter_sentiment,10000,183,0.002818276642151916,0.002831830650306844,0.0032034287448601552,0.004913536734113248,0.003447483371185962,0.012510604312839539
roberta_twitter_sentiment,10000,184,0.002818276642151916,0.0037842257823215006,0.0026096025066515856,0.00501819620167563,0.003389929603765187,0.012500753618097955
roberta_twitter_sentiment,10000,185,0.002818276642151916,0.0039077589938085215,0.002585853973435225,0.005050236158428574,0.0032503377737388003,0.012897669192838811
roberta_twitter_sentiment,10000,186,0.002818276642151916,0.0028382434552572896,0.002552659654855118,0.004402363034645743,0.0028737581155426524,0.012527611367879119
roberta_twitter_sentiment,10000,187,0.002818276642151916,0.005258372230330549,0.0026718086683278747,0.004845073907487208,0.0030709025939429538,0.013037261369101405
roberta_twitter_sentiment,10000,188,0.002818276642151916,0.0029211256854829726,0.0029964912871394485,0.00487608358612638,0.0036157938871172936,0.013503764533889974
roberta_twitter_sentiment,10000,189,0.002818276642151916,0.0015240454856955531,0.0022182088005201226,0.0049137812181936115,0.00269640337544105,0.011876865454666699
roberta_twitter_sentiment,10000,190,0.002818276642151916,0.001879675277411582,0.0027872453685542312,0.005058784527152815,0.003513099817954787,0.013322733815560995
roberta_twitter_sentiment,10000,191,0.002818276642151916,0.0005983065274139823,0.003837882720023068,0.00621090719233109,0.004322374501432691,0.013517163800915076
roberta_twitter_sentiment,10000,192,0.002818276642151916,0.002195393167189192,0.001778798079514914,0.004216116147512377,0.002299475409952087,0.01211698931491915
roberta_twitter_sentiment,10000,193,0.002818276642151916,0.00276343660709485,0.0035237672408401327,0.005882606307512044,0.00411943760952152,0.013345763350252154
roberta_twitter_sentiment,10000,194,0.002818276642151916,0.0027542818848050868,0.0021182703613151542,0.004200940847915795,0.002608990842531083,0.01266337389284842
roberta_twitter_sentiment,10000,195,0.002818276642151916,0.00452849341034266,0.00301066880983892,0.005315652080327857,0.0037682866823286537,0.01396107601946056
roberta_twitter_sentiment,10000,196,0.002818276642151916,0.0009148944891851084,0.0022784857905841643,0.00435972167829699,0.0028240232298820172,0.011539151431606982
roberta_twitter_sentiment,10000,197,0.002818276642151916,0.004593056728511395,0.0033477432797373455,0.005864995849649469,0.003860346121343901,0.013350230897699284
roberta_twitter_sentiment,10000,198,0.002818276642151916,0.0038752953685131587,0.00335399703498523,0.005892451422099097,0.00373773187666614,0.014214680965217419
roberta_twitter_sentiment,10000,199,0.002818276642151916,0.0007012946194255822,0.002776640440409006,0.004734745789684747,0.003160659449382996,0.012139950261711226
