model,n,rep,reference,rank_ece,hist_10,hist_sqrt,hist_cube_root,hist_n_over_20
bert_multilingual_stars,100,0,0.008488260981761555,0.004915310108245312,0.013752012274878735,0.013752012274878735,0.00378689942255063,0.0050038836283044985
bert_multilingual_stars,100,1,0.008488260981761555,0.00929421671999736,0.011155085094031073,0.011155085094031073,0.005961342884208573,0.006253410604701551
bert_multilingual_stars,100,2,0.008488260981761555,0.008820670530182873,0.019580681610416425,0.019580681610416425,0.0082133766388009,0.013607313905159048
bert_multilingual_stars,100,3,0.008488260981761555,0.03645389831498008,0.03794354054563149,0.03794354054563149,0.02548778732016116,0.026807853075691383
bert_multilingual_stars,100,4,0.008488260981761555,-0.0008623926981038016,0.012913372731025873,0.012913372731025873,0.002206386903778019,0.010382278300194439
bert_multilingual_stars,100,5,0.008488260981761555,0.010468243610976187,0.02202367597805049,0.02202367597805049,0.01483871168377639,0.01444160435885652
bert_multilingual_stars,100,6,0.008488260981761555,0.033357494823232435,0.021757289311444473,0.021757289311444473,0.009188834983473691,0.011003132240017144
bert_multilingual_stars,100,7,0.008488260981761555,0.003097722832258495,0.012156498317508336,0.012156498317508336,0.005787330103534686,0.009412185724585576
bert_multilingual_stars,100,8,0.008488260981761555,0.011842823060624801,0.021857822336481134,0.021857822336481134,0.004880870871863502,0.007109025683907793
bert_multilingual_stars,100,9,0.008488260981761555,0.01718919894024805,0.01906833821402451,0.01906833821402451,0.01530995535270852,0.010409205811393828
bert_multilingual_stars,100,10,0.008488260981761555,0.002610184614009481,0.016155347413421537,0.016155347413421537,0.011649741295604877,0.008514020018034394
bert_multilingual_stars,100,11,0.008488260981761555,-0.0017764242135018566,0.011927420145226667,0.011927420145226667,0.0055967923649216655,0.010794464643771292
bert_multilingual_stars,100,12,0.008488260981761555,-0.002834889787075587,0.01580181109392103,0.01580181109392103,0.013409447705297315,0.012445722595097582
bert_multilingual_stars,100,13,0.008488260981761555,0.006836188756237827,0.015182450670477505,0.015182450670477505,0.0018684846268920536,0.009042333944353697
bert_multilingual_stars,100,14,0.008488260981761555,-0.010139401425709023,0.015412131014793775,0.015412131014793775,0.0024156099902717006,0.0026424002562462213
bert_multilingual_stars,100,15,0.008488260981761555,-0.005324289546287588,0.011224836518729409,0.011224836518729409,0.0031916005565942335,0.007039738285051253
bert_multilingual_stars,100,16,0.008488260981761555,0.007146190858893222,0.016955668293956897,0.016955668293956897,0.013156246944315749,0.014531873294724034
bert_multilingual_stars,100,17,0.008488260981761555,0.03180881952293729,0.014332619018232465,0.014332619018232465,0.008587804596804556,0.013350268284650463
bert_multilingual_stars,100,18,0.008488260981761555,0.004946754205382495,0.03023892063788313,0.03023892063788313,0.0022121107826607177,0.010473014216306547
bert_multilingual_stars,100,19,0.008488260981761555,0.02438628748046736,0.026783904011935825,0.026783904011935825,0.02057722446385385,0.02460647205579319
bert_multilingual_stars,100,20,0.008488260981761555,0.004341935298521997,0.020448261102087376,0.020448261102087376,0.011616168323413906,0.011055556824744215
bert_multilingual_stars,100,21,0.008488260981761555,0.019799219126157976,0.02335513795708706,0.02335513795708706,0.005839985501649752,0.013375130726591931
bert_multilingual_stars,100,22,0.008488260981761555,0.0091556241667234,0.02257250427109443,0.02257250427109443,0.013528766769411199,0.01772109512454364
bert_multilingual_stars,100,23,0.008488260981761555,0.004859729183205989,0.01772250707523725,0.01772250707523725,0.006548605917770824,0.01487753030335236
bert_multilingual_stars,100,24,0.008488260981761555,0.01195699855418885,0.018099347776381947,0.018099347776381947,0.012168439676253417,0.01471932545998666
bert_multilingual_stars,100,25,0.008488260981761555,0.00934527567180651,0.008337926677308776,0.008337926677308776,0.007044197031407766,0.006347690209326271
bert_multilingual_stars,100,26,0.008488260981761555,-0.000864295073711935,0.012075755773819186,0.012075755773819186,0.009040946868378792,0.008127408188152713
bert_multilingual_stars,100,27,0.008488260981761555,0.010658076090665096,0.020518440310696214,0.020518440310696214,0.013524395535946074,0.006679331573422583
bert_multilingual_stars,100,28,0.008488260981761555,0.005269562613729746,0.01528283492323194,0.01528283492323194,0.007659214435181268,0.013546539130750723
bert_multilingual_stars,100,29,0.008488260981761555,-0.0028990468416426234,0.026613731502929717,0.026613731502929717,0.010361388429544843,0.005689299911976726
bert_multilingual_stars,100,30,0.008488260981761555,0.017057513355755668,0.012747960438722679,0.012747960438722679,0.0072740158749537345,0.00702749388491967
bert_multilingual_stars,100,31,0.008488260981761555,0.01103231435313608,0.014933696541714473,0.014933696541714473,0.002245392516708198,0.012581001740446286
bert_multilingual_stars,100,32,0.008488260981761555,0.00028072181534902484,0.016677610728037993,0.016677610728037993,0.008034002409507662,0.007866810593780922
bert_multilingual_stars,100,33,0.008488260981761555,0.0013579636787429373,0.01723907271412536,0.01723907271412536,0.009565570240811543,0.011420306615600107
bert_multilingual_stars,100,34,0.008488260981761555,0.002323443416287487,0.01934734950409214,0.01934734950409214,0.002628604659145136,0.01579634351796323
bert_multilingual_stars,100,35,0.008488260981761555,-0.0053131694226870385,0.008109215826542917,0.008109215826542917,0.003919113739530987,0.005096134265342617
bert_multilingual_stars,100,36,0.008488260981761555,0.007565289832496793,0.025398395465566034,0.025398395465566034,0.01215146968490316,0.012776531650710682
bert_multilingual_stars,100,37,0.008488260981761555,-0.00023075523178549135,0.012394218720958677,0.012394218720958677,0.001162060304604758,0.009725348136435273
bert_multilingual_stars,100,38,0.008488260981761555,-0.0015735259249460088,0.014781386551472962,0.014781386551472962,0.004490650407436143,0.011268104864490753
bert_multilingual_stars,100,39,0.008488260981761555,-0.007069869707059145,0.009500202341658185,0.009500202341658185,0.0012193813579289194,0.008340720517006435
bert_multilingual_stars,100,40,0.008488260981761555,0.025417206630541974,0.02449672601228964,0.02449672601228964,0.017258823672241637,0.017545831121718668
bert_multilingual_stars,100,41,0.008488260981761555,1.7559435493357253e-05,0.011467681694802723,0.011467681694802723,0.007251898709446839,0.00931164853248291
bert_multilingual_stars,100,42,0.008488260981761555,0.008049744259042516,0.015506839654407741,0.015506839654407741,0.014693874550077653,0.013790209358255591
bert_multilingual_stars,100,43,0.008488260981761555,0.01349783676677318,0.02333486942765572,0.02333486942765572,0.014468438217257157,0.021494486090726433
bert_multilingual_stars,100,44,0.008488260981761555,0.010112429292430036,0.012957835618707197,0.012957835618707197,0.0103457064861779,0.010493561387055182
bert_multilingual_stars,100,45,0.008488260981761555,-0.0063101781634327106,0.01494794500160428,0.01494794500160428,0.002006824495766955,0.004126752817284437
bert_multilingual_stars,100,46,0.008488260981761555,0.008552004350796455,0.01889722926021803,0.01889722926021803,0.014515468707905314,0.012210013719057635
bert_multilingual_stars,100,47,0.008488260981761555,0.004022994668438625,0.02029681140939457,0.02029681140939457,0.009209011249267216,0.00889943313119199
bert_multilingual_stars,100,48,0.008488260981761555,0.007549737376622341,0.01699025035153385,0.01699025035153385,0.008992605656846184,0.014024494432401525
bert_multilingual_stars,100,49,0.008488260981761555,0.01857563187033459,0.015245258232208115,0.015245258232208115,0.010529740469053127,0.010959811395879239
bert_multilingual_stars,100,50,0.008488260981761555,0.0038645926586734474,0.010865839851141734,0.010865839851141734,0.010666481887742616,0.009559312842487067
bert_multilingual_stars,100,51,0.008488260981761555,0.0027170874883784423,0.014358479853792884,0.014358479853792884,0.005551582185806332,0.012858681262511591
bert_multilingual_stars,100,52,0.008488260981761555,-0.005615011855833621,0.011492810078416973,0.011492810078416973,0.007847034071667995,0.007471176383028512
bert_multilingual_stars,100,53,0.008488260981761555,0.013497264620148148,0.02231148412749447,0.02231148412749447,0.011317383606184875,0.01472477601513133
bert_multilingual_stars,100,54,0.008488260981761555,0.016621568945551203,0.03540281999463224,0.03540281999463224,0.014441702133531513,0.01368582769399684
bert_multilingual_stars,100,55,0.008488260981761555,0.01414804921583602,0.034999108383436756,0.034999108383436756,0.0059229405268782795,0.006609380852744836
bert_multilingual_stars,100,56,0.008488260981761555,0.010463651533165991,0.015009498362394283,0.015009498362394283,0.002413910316405373,0.005298700820310754
bert_multilingual_stars,100,57,0.008488260981761555,0.009706067048673597,0.02721993566725803,0.02721993566725803,0.015521772377816209,0.016014279986208975
bert_multilingual_stars,100,58,0.008488260981761555,0.008882150169549812,0.008723953845152557,0.008723953845152557,0.005113946493492695,0.006990697387777968
bert_multilingual_stars,100,59,0.008488260981761555,0.02194797236169131,0.02536199598829702,0.02536199598829702,0.01070249881934486,0.022784131889681872
bert_multilingual_stars,100,60,0.008488260981761555,0.006679602821153253,0.015985273875166215,0.015985273875166215,0.007780544442979504,0.012202435431282124
bert_multilingual_stars,100,61,0.008488260981761555,0.0159201415528206,0.02218640695402008,0.02218640695402008,0.012927101459747884,0.01316421798193272
bert_multilingual_stars,100,62,0.008488260981761555,0.022197186676396266,0.016743115816885774,0.016743115816885774,0.006976981202094555,0.007924434684414082
bert_multilingual_stars,100,63,0.008488260981761555,0.01579425320788317,0.02465886084009055,0.02465886084009055,0.01676141418289825,0.015321150592728053
bert_multilingual_stars,100,64,0.008488260981761555,0.01365310234083533,0.019720403760481432,0.019720403760481432,0.004027757945197794,0.006121396430140312
bert_multilingual_stars,100,65,0.008488260981761555,0.01791678718482735,0.021603615016679716,0.021603615016679716,0.018502340164838333,0.013700926150837647
bert_multilingual_stars,100,66,0.008488260981761555,-0.003913034840040246,0.010803318875252533,0.010803318875252533,0.0044459398922184765,0.00847386309263364
bert_multilingual_stars,100,67,0.008488260981761555,0.008197781001465657,0.021360142238804197,0.021360142238804197,0.006177136502755559,0.011458187187411654
bert_multilingual_stars,100,68,0.008488260981761555,0.028608579886829393,0.027536909154134277,0.027536909154134277,0.013921840238903721,0.01730535934117444
bert_multilingual_stars,100,69,0.008488260981761555,0.011101364210199933,0.013994190763542122,0.013994190763542122,0.008630027907316627,0.011821005626763087
bert_multilingual_stars,100,70,0.008488260981761555,0.017513615873195106,0.027447600756216686,0.027447600756216686,0.015836261356648392,0.02323985634344912
bert_multilingual_stars,100,71,0.008488260981761555,0.0033913242502286805,0.021135109194859104,0.021135109194859104,0.012533208215421593,0.01202033426630379
bert_multilingual_stars,100,72,0.008488260981761555,0.010926107147779605,0.0203712482168842,0.0203712482168842,0.016571779180104083,0.017905053857735456
bert_multilingual_stars,100,73,0.008488260981761555,0.00850603080586703,0.021176714719075056,0.021176714719075056,0.016347739190409997,0.009858135099593913
bert_multilingual_stars,100,74,0.008488260981761555,0.012142006340836502,0.020811824113106996,0.020811824113106996,0.008959351116345245,0.01612432946929758
bert_multilingual_stars,100,75,0.008488260981761555,-0.0004954914358271556,0.009883271582967366,0.009883271582967366,0.0076385749399651495,0.007085853564527664
bert_multilingual_stars,100,76,0.008488260981761555,0.01583108798087967,0.027662870334375183,0.027662870334375183,0.00978889759566615,0.01572315787732341
bert_multilingual_stars,100,77,0.008488260981761555,0.00834897018503868,0.011621192661622906,0.011621192661622906,0.0028443873932246042,0.007090923987067217
bert_multilingual_stars,100,78,0.008488260981761555,0.0077307893513240385,0.01966439747489945,0.01966439747489945,0.011149249904083476,0.011215026090565374
bert_multilingual_stars,100,79,0.008488260981761555,0.010026150869265789,0.01782182611897859,0.01782182611897859,0.0031653439142120127,0.009515519943140406
bert_multilingual_stars,100,80,0.008488260981761555,0.01254631041366226,0.016772531521831203,0.016772531521831203,0.014417162634277376,0.015233700963649741
bert_multilingual_stars,100,81,0.008488260981761555,0.019018458397429893,0.021229211972017225,0.021229211972017225,0.007434881364046011,0.009846947537249002
bert_multilingual_stars,100,82,0.008488260981761555,0.04217002940983208,0.044994920017385885,0.044994920017385885,0.03323060570262795,0.02893368632084107
bert_multilingual_stars,100,83,0.008488260981761555,-0.009987206882948622,0.008489604620363739,0.008489604620363739,0.0026024436368000366,0.006947081490402333
bert_multilingual_stars,100,84,0.008488260981761555,0.012154290430132768,0.02874240472133352,0.02874240472133352,0.019679725168667374,0.020672007388025687
bert_multilingual_stars,100,85,0.008488260981761555,0.00902416752249713,0.021690831192886992,0.021690831192886992,0.017150801401506606,0.01757199105182226
bert_multilingual_stars,100,86,0.008488260981761555,0.0003671518990384293,0.008333481410253658,0.008333481410253658,0.0008237775050485804,0.006562811519856383
bert_multilingual_stars,100,87,0.008488260981761555,0.003927039294267546,0.021213451726066593,0.021213451726066593,0.003212072685909341,0.015229436831751555
bert_multilingual_stars,100,88,0.008488260981761555,0.020069402822954635,0.024940529129054527,0.024940529129054527,0.011128188837375411,0.013188821509562574
bert_multilingual_stars,100,89,0.008488260981761555,0.007720621746414782,0.015444796638266116,0.015444796638266116,0.00832533852466438,0.01381255081157409
bert_multilingual_stars,100,90,0.008488260981761555,-0.0027253908238023777,0.01617072027745356,0.01617072027745356,0.005580219196589926,0.009069189153709363
bert_multilingual_stars,100,91,0.008488260981761555,0.024958418286778413,0.028742782162951216,0.028742782162951216,0.021766641410465172,0.027784757822335443
bert_multilingual_stars,100,92,0.008488260981761555,-0.007046816114508336,0.015733652275790717,0.015733652275790717,0.011602270120411899,0.013863114254383056
bert_multilingual_stars,100,93,0.008488260981761555,0.004401337623223196,0.018662594929194178,0.018662594929194178,0.010371987966818999,0.01382460843692544
bert_multilingual_stars,100,94,0.008488260981761555,0.006420972459530347,0.019537462124200395,0.019537462124200395,0.008464430502649839,0.01116650017698623
bert_multilingual_stars,100,95,0.008488260981761555,0.009000675099852591,0.009664004010303932,0.009664004010303932,0.006386770138068986,0.008981230877903304
bert_multilingual_stars,100,96,0.008488260981761555,0.014112020286931872,0.01652584785719756,0.01652584785719756,0.020143888383022092,0.010608196632311198
bert_multilingual_stars,100,97,0.008488260981761555,0.0035474691312920893,0.017116178807528623,0.017116178807528623,0.00917585050177936,0.013308139838921132
bert_multilingual_stars,100,98,0.008488260981761555,0.020146281831336564,0.028221904134141645,0.028221904134141645,0.013358633688555157,0.019339262568535624
bert_multilingual_stars,100,99,0.008488260981761555,0.009703538409782502,0.015236497813797168,0.015236497813797168,0.006040201534069509,0.011935023833522015
bert_multilingual_stars,100,100,0.008488260981761555,0.019119140579301065,0.020388031369009522,0.020388031369009522,0.004089241530785921,0.007061261818873778
bert_multilingual_stars,100,101,0.008488260981761555,0.021937573940523078,0.03182081770981524,0.03182081770981524,0.02442723820636408,0.025521798636978708
bert_multilingual_stars,100,102,0.008488260981761555,0.008484274232787052,0.018502396619721462,0.018502396619721462,0.008923014873912795,0.00964005382207189
bert_multilingual_stars,100,103,0.008488260981761555,-0.0012038205926066703,0.015587609949357576,0.015587609949357576,0.0032883362375638945,0.008314436287121554
bert_multilingual_stars,100,104,0.008488260981761555,0.0117933724098002,0.018459981633350393,0.018459981633350393,0.008229512825213094,0.017280473948503218
bert_multilingual_stars,100,105,0.008488260981761555,-0.00037200888023137147,0.007842975762067887,0.007842975762067887,0.004466405973685356,0.004767337733375168
bert_multilingual_stars,100,106,0.008488260981761555,0.0071007134161963385,0.012522503365548143,0.012522503365548143,0.00880622077932398,0.010480423844127893
bert_multilingual_stars,100,107,0.008488260981761555,0.009301000018101696,0.023233657918943985,0.023233657918943985,0.010476124179620913,0.012868090529977973
bert_multilingual_stars,100,108,0.008488260981761555,-0.0009069138968279416,0.016117454180824473,0.016117454180824473,0.005827296009385126,0.008545685531171654
bert_multilingual_stars,100,109,0.008488260981761555,-0.013644591099323332,0.005762861968839052,0.005762861968839052,0.002136438200108842,0.0028355749596682416
bert_multilingual_stars,100,110,0.008488260981761555,-0.006388065696603872,0.018231835398150646,0.018231835398150646,0.0017984625126528451,0.004670683494049556
bert_multilingual_stars,100,111,0.008488260981761555,0.004133768278907296,0.016636110416553912,0.016636110416553912,0.013493780742575482,0.012579680927922237
bert_multilingual_stars,100,112,0.008488260981761555,0.005412902602609762,0.021903824593099842,0.021903824593099842,0.007177383801795905,0.013562949834311635
bert_multilingual_stars,100,113,0.008488260981761555,0.014620689873950557,0.022257257988322697,0.022257257988322697,0.013419775868828317,0.014422417323268799
bert_multilingual_stars,100,114,0.008488260981761555,0.007595555553623784,0.013870666677630433,0.013870666677630433,0.0037690256859076224,0.007293705988414346
bert_multilingual_stars,100,115,0.008488260981761555,0.00010959257863517175,0.022791907601154036,0.022791907601154036,0.008163298656376883,0.012153011163103073
bert_multilingual_stars,100,116,0.008488260981761555,0.014760487823189165,0.015386237083527586,0.015386237083527586,0.013747007386429887,0.011132864869871695
bert_multilingual_stars,100,117,0.008488260981761555,0.01782810112350119,0.026940225167536955,0.026940225167536955,0.0031819486171969706,0.009827789838348868
bert_multilingual_stars,100,118,0.008488260981761555,0.005014854332378452,0.021907348417961513,0.021907348417961513,0.006450262750185395,0.02146468936843436
bert_multilingual_stars,100,119,0.008488260981761555,0.004574188687128271,0.01567136326447647,0.01567136326447647,0.013525341545110557,0.012083427381283842
bert_multilingual_stars,100,120,0.008488260981761555,0.0015397302623191057,0.02475523568491278,0.02475523568491278,0.011838135017489895,0.019319386457148202
bert_multilingual_stars,100,121,0.008488260981761555,-0.0013395608985815987,0.010991230498279355,0.010991230498279355,0.0069474675773290775,0.007838188177893925
bert_multilingual_stars,100,122,0.008488260981761555,-1.6575580443661803e-05,0.01649063983880993,0.01649063983880993,0.008190603884642924,0.010398947439823659
bert_multilingual_stars,100,123,0.008488260981761555,0.002676709008679361,0.019856412718890132,0.019856412718890132,0.002613480074714885,0.015495453745507443
bert_multilingual_stars,100,124,0.008488260981761555,-0.010014345911337612,0.004258492672670984,0.004258492672670984,0.003809943121502501,0.001718990723284279
bert_multilingual_stars,100,125,0.008488260981761555,0.005199005445536864,0.03264495069547434,0.03264495069547434,0.013046442155035103,0.013920954577100481
bert_multilingual_stars,100,126,0.008488260981761555,0.0036318354778020674,0.02036215388820991,0.02036215388820991,0.010910636668153898,0.008602353275438838
bert_multilingual_stars,100,127,0.008488260981761555,-0.0031072194821288495,0.018818826308462384,0.018818826308462384,0.0029139173335876326,0.0027173353069706156
bert_multilingual_stars,100,128,0.008488260981761555,0.020653761817882924,0.02655760749767751,0.02655760749767751,0.015054875001381115,0.019911926716364818
bert_multilingual_stars,100,129,0.008488260981761555,0.006848946200744862,0.022045282273917697,0.022045282273917697,0.010690969178780136,0.01858863083822851
bert_multilingual_stars,100,130,0.008488260981761555,0.004517578845814616,0.024491960819677087,0.024491960819677087,0.006062064227014755,0.014259272992264435
bert_multilingual_stars,100,131,0.008488260981761555,0.009235250010440557,0.01351706499099269,0.01351706499099269,0.010440213114565427,0.009943348930835934
bert_multilingual_stars,100,132,0.008488260981761555,0.0045282189296251465,0.013255288113331048,0.013255288113331048,0.00427514694786033,0.009338953650434577
bert_multilingual_stars,100,133,0.008488260981761555,0.007548224860139579,0.02001800297982597,0.02001800297982597,0.016763751970993952,0.01438573129303957
bert_multilingual_stars,100,134,0.008488260981761555,-0.0051469430735276425,0.014727388836652137,0.014727388836652137,0.006142889824645375,0.008480622938821042
bert_multilingual_stars,100,135,0.008488260981761555,-0.013257664293657372,0.014785410429915904,0.014785410429915904,0.0025793382306501726,0.0011243589640209431
bert_multilingual_stars,100,136,0.008488260981761555,0.0020978046619587643,0.018112757255361284,0.018112757255361284,0.003388617363643988,0.008051608302522233
bert_multilingual_stars,100,137,0.008488260981761555,0.004032656199864402,0.020857365538968355,0.020857365538968355,0.01385814061495609,0.011455596249041041
bert_multilingual_stars,100,138,0.008488260981761555,0.008072615509247224,0.018586955270826603,0.018586955270826603,0.009916574235458754,0.008227204539506875
bert_multilingual_stars,100,139,0.008488260981761555,0.011739681933768625,0.017397468378463454,0.017397468378463454,0.00816489703938539,0.00914171663364028
bert_multilingual_stars,100,140,0.008488260981761555,0.010893953341741935,0.021052086020287276,0.021052086020287276,0.018170994149150518,0.017273541418519653
bert_multilingual_stars,100,141,0.008488260981761555,0.005058404319918954,0.016367328004656366,0.016367328004656366,0.007496740143901852,0.011446717461119442
bert_multilingual_stars,100,142,0.008488260981761555,0.02489564294804347,0.021601498388907788,0.021601498388907788,0.014225613750479498,0.014973931437140885
bert_multilingual_stars,100,143,0.008488260981761555,-0.0005348558816231885,0.01726089010726141,0.01726089010726141,0.010995742417771164,0.00905574741874208
bert_multilingual_stars,100,144,0.008488260981761555,0.017928773914586364,0.020010443782367722,0.020010443782367722,0.009061676807367046,0.015762327633993604
bert_multilingual_stars,100,145,0.008488260981761555,0.007033357848166428,0.007280600729273262,0.007280600729273262,0.004655880109016429,0.005510720895363947
bert_multilingual_stars,100,146,0.008488260981761555,0.0017559873226152167,0.0240902283577529,0.0240902283577529,0.006720009685673623,0.007376045843391161
bert_multilingual_stars,100,147,0.008488260981761555,0.012717179662487626,0.01761940028871224,0.01761940028871224,0.014730201732064149,0.014575959462479825
bert_multilingual_stars,100,148,0.008488260981761555,0.017064707335218744,0.030509578350225545,0.030509578350225545,0.011705106039781818,0.006072741271022674
bert_multilingual_stars,100,149,0.008488260981761555,-0.0031003273223314735,0.0051718674807091055,0.0051718674807091055,0.003474236957682749,0.0038791231357644842
bert_multilingual_stars,100,150,0.008488260981761555,0.004826102430370742,0.01042099353801272,0.01042099353801272,0.0045663918299342614,0.004827217953977031
bert_multilingual_stars,100,151,0.008488260981761555,0.020627116936347053,0.03735511420437614,0.03735511420437614,0.016992409139904314,0.01617385637567431
bert_multilingual_stars,100,152,0.008488260981761555,0.006748033677681695,0.016465081826311113,0.016465081826311113,0.007605306043027121,0.009338591696262081
bert_multilingual_stars,100,153,0.008488260981761555,0.017997113487642297,0.01944811078282607,0.01944811078282607,0.009461057266040693,0.005622277065942437
bert_multilingual_stars,100,154,0.008488260981761555,0.02116145301556454,0.023700549883376377,0.023700549883376377,0.015002245238471653,0.018206747105820972
bert_multilingual_stars,100,155,0.008488260981761555,0.0005404096503513797,0.00783900305360984,0.00783900305360984,0.003204764522455828,0.004389534868670126
bert_multilingual_stars,100,156,0.008488260981761555,-0.0006450115296589254,0.008006867879603603,0.008006867879603603,0.004794221612991536,0.006582228679842335
bert_multilingual_stars,100,157,0.008488260981761555,0.010403060925868925,0.022257770049731902,0.022257770049731902,0.012774194224682709,0.02033246179528781
bert_multilingual_stars,100,158,0.008488260981761555,-0.004858747956967702,0.018464464452068348,0.018464464452068348,0.010826569127329358,0.013256743655504206
bert_multilingual_stars,100,159,0.008488260981761555,0.033093550063786,0.0273336217842499,0.0273336217842499,0.02322386918843823,0.024148089304010037
bert_multilingual_stars,100,160,0.008488260981761555,0.0254995735072303,0.03403869163005232,0.03403869163005232,0.029862508526417482,0.02777946229156576
bert_multilingual_stars,100,161,0.008488260981761555,0.0017252211552316289,0.014749479104373499,0.014749479104373499,0.013337714211982134,0.012234460949569302
bert_multilingual_stars,100,162,0.008488260981761555,0.013762528032380112,0.01927920277872048,0.01927920277872048,0.017164484924820384,0.012971794316477742
bert_multilingual_stars,100,163,0.008488260981761555,-0.004561178527783875,0.01520402209584186,0.01520402209584186,0.006397514170998653,0.008688140846314555
bert_multilingual_stars,100,164,0.008488260981761555,0.00046722259484210715,0.013820216644720393,0.013820216644720393,0.006505757675121303,0.012456449194886272
bert_multilingual_stars,100,165,0.008488260981761555,0.031197799295096237,0.03580681325498591,0.03580681325498591,0.027313119278587348,0.03413946293352936
bert_multilingual_stars,100,166,0.008488260981761555,0.017905860417689937,0.01864166687716252,0.01864166687716252,0.013034170081167406,0.015702475963117895
bert_multilingual_stars,100,167,0.008488260981761555,-0.005013265977094283,0.010677141805294183,0.010677141805294183,0.008511681501285286,0.007867484151438581
bert_multilingual_stars,100,168,0.008488260981761555,0.006177686678739175,0.01664295679985142,0.01664295679985142,0.008502481074347798,0.007740848907648413
bert_multilingual_stars,100,169,0.008488260981761555,0.01253237735545726,0.025414798303477596,0.025414798303477596,0.013938619685232469,0.020838404173890424
bert_multilingual_stars,100,170,0.008488260981761555,-0.013015235272247395,0.008675850462302142,0.008675850462302142,0.002331227496183993,0.003687908734194574
bert_multilingual_stars,100,171,0.008488260981761555,0.009301765039345907,0.02014699820538156,0.02014699820538156,0.00214227220313511,0.01001381434739406
bert_multilingual_stars,100,172,0.008488260981761555,-0.014372009047781544,0.021460471934630698,0.021460471934630698,0.0009308530005476144,0.0010104846837364037
bert_multilingual_stars,100,173,0.008488260981761555,0.014726997979587457,0.014922092020065099,0.014922092020065099,0.011598904164601331,0.012750787696003713
bert_multilingual_stars,100,174,0.008488260981761555,0.020292416649380803,0.02008987332529472,0.02008987332529472,0.01117737567070503,0.01674687001686032
bert_multilingual_stars,100,175,0.008488260981761555,0.021046040556756365,0.03428470844004727,0.03428470844004727,0.007018676290439698,0.009662146851771093
bert_multilingual_stars,100,176,0.008488260981761555,0.029205044835075925,0.032206227274766755,0.032206227274766755,0.011973333976782734,0.022712216504322456
bert_multilingual_stars,100,177,0.008488260981761555,0.007098627081906137,0.015986420415611668,0.015986420415611668,0.007706293452281555,0.013493682349423025
bert_multilingual_stars,100,178,0.008488260981761555,0.009731651690298134,0.020122315461005708,0.020122315461005708,0.008139705441619568,0.016265558977086536
bert_multilingual_stars,100,179,0.008488260981761555,-0.003332670212149453,0.013027389047657472,0.013027389047657472,0.0016954646934142117,0.0015117253275501008
bert_multilingual_stars,100,180,0.008488260981761555,0.0003369111394675803,0.00934223640995444,0.00934223640995444,0.005527212188281186,0.007589530873244903
bert_multilingual_stars,100,181,0.008488260981761555,-0.0025189058594893366,0.012281188214689312,0.012281188214689312,0.006297761896148707,0.010385042995197002
bert_multilingual_stars,100,182,0.008488260981761555,0.006573341976248581,0.007786939231606945,0.007786939231606945,0.003876493031037198,0.00681838884506597
bert_multilingual_stars,100,183,0.008488260981761555,0.022451150137038193,0.028840363215562586,0.028840363215562586,0.026872355127556938,0.027064584441457484
bert_multilingual_stars,100,184,0.008488260981761555,0.017803816972558315,0.030676898356035095,0.030676898356035095,0.02169177185985906,0.014244836215835475
bert_multilingual_stars,100,185,0.008488260981761555,0.030003931270068892,0.0361082242891466,0.0361082242891466,0.01843159765207596,0.017599908318523743
bert_multilingual_stars,100,186,0.008488260981761555,0.012645005338205539,0.01544053421453472,0.01544053421453472,0.01487662754664762,0.014782895265299828
bert_multilingual_stars,100,187,0.008488260981761555,0.009561618417219163,0.031738892886590576,0.031738892886590576,0.026458569469240346,0.026627622270110732
bert_multilingual_stars,100,188,0.008488260981761555,0.002712167207572128,0.01687902904062528,0.01687902904062528,0.011937282983470309,0.009256225533335289
bert_multilingual_stars,100,189,0.008488260981761555,-0.006509636444171811,0.006785291538561488,0.006785291538561488,0.00487518508625541,0.005993261936214118
bert_multilingual_stars,100,190,0.008488260981761555,0.002111250837857669,0.010400797647868396,0.010400797647868396,0.009053203263920671,0.008305632688038099
bert_multilingual_stars,100,191,0.008488260981761555,0.009038604502093373,0.018419592449643137,0.018419592449643137,0.011335291277249634,0.016920962095695827
bert_multilingual_stars,100,192,0.008488260981761555,-0.010343769808031023,0.013045192841889392,0.013045192841889392,0.0038574026661845197,0.0005085855490232223
bert_multilingual_stars,100,193,0.008488260981761555,0.007212150367510575,0.017945014472979526,0.017945014472979526,0.00795006020715889,0.011969105889633064
bert_multilingual_stars,100,194,0.008488260981761555,0.007916092970739025,0.01770471546511768,0.01770471546511768,0.012149991787371141,0.011471870571072098
bert_multilingual_stars,100,195,0.008488260981761555,0.012366639177452296,0.024506675816474588,0.024506675816474588,0.015070688702915823,0.01983964485473213
bert_multilingual_stars,100,196,0.008488260981761555,-0.012712300844700852,0.0159911819560666,0.0159911819560666,0.004217630269675801,0.005845821474633948
bert_multilingual_stars,100,197,0.008488260981761555,0.0023126019898788634,0.02232531116535736,0.02232531116535736,0.00978346572191344,0.01607861281371954
bert_multilingual_stars,100,198,0.008488260981761555,0.018354599665375008,0.020170713884304376,0.020170713884304376,0.010544971116483629,0.013218101908355458
bert_multilingual_stars,100,199,0.008488260981761555,-0.004178149849686505,0.015151358471653236,0.015151358471653236,0.005814958845428954,0.00672573081743492
bert_multilingual_stars,250,0,0.008488260981761555,0.009876902472801551,0.014994201766200189,0.018592568803581767,0.012112760709160116,0.0151531066515573
bert_multilingual_stars,250,1,0.008488260981761555,0.018739638914605235,0.011414311774852087,0.012931719740936855,0.009128882697191027,0.015510457022888523
bert_multilingual_stars,250,2,0.008488260981761555,0.00783475636970242,0.007096106262099547,0.016755107721701724,0.007026001321949384,0.012675834681079317
bert_multilingual_stars,250,3,0.008488260981761555,0.005111184710127393,0.008006722529742423,0.009939475275785087,0.007083527757932413,0.008820508375760691
bert_multilingual_stars,250,4,0.008488260981761555,0.002742032011128294,0.007373089551077536,0.011968045773878817,0.005760383045696781,0.011284856582054926
bert_multilingual_stars,250,5,0.008488260981761555,0.01676037485445546,0.02018765275641599,0.01952288796867637,0.017250651709382805,0.019759480566572955
bert_multilingual_stars,250,6,0.008488260981761555,0.006445246778800971,0.009251955136037266,0.01260388384361562,0.009509977198670687,0.011365643286008326
bert_multilingual_stars,250,7,0.008488260981761555,0.017842749790483246,0.020234826281257612,0.021534830107755403,0.0186832255765572,0.020571986973886396
bert_multilingual_stars,250,8,0.008488260981761555,0.007529374853196265,0.01650981357529492,0.017336583955449132,0.009685647034212265,0.013458987842024685
bert_multilingual_stars,250,9,0.008488260981761555,0.003407251177942173,0.011787404793673673,0.014264976293025934,0.011127010666491908,0.016011436817001158
bert_multilingual_stars,250,10,0.008488260981761555,0.007997044663383784,0.008898589604109853,0.010752813414399338,0.007541974586754745,0.011229044141252904
bert_multilingual_stars,250,11,0.008488260981761555,0.008383451211084463,0.009992014614304384,0.013702930913402014,0.008763674717331783,0.009446541478239678
bert_multilingual_stars,250,12,0.008488260981761555,0.0022112724207663447,0.012360563199621989,0.01258030868819577,0.008299165167213053,0.010579915212863056
bert_multilingual_stars,250,13,0.008488260981761555,0.009692204246701926,0.01328314817599147,0.016587297012881457,0.010628602136392143,0.015219639777792674
bert_multilingual_stars,250,14,0.008488260981761555,0.009250738088097458,0.015036089617865296,0.017730121072319402,0.005051391696326505,0.014293968671262139
bert_multilingual_stars,250,15,0.008488260981761555,0.011033729495304427,0.014749930422691435,0.018282549387315883,0.015808379215574677,0.01720598819162576
bert_multilingual_stars,250,16,0.008488260981761555,0.006259753934204276,0.015072807433370628,0.01730310552015135,0.015241658276622893,0.02043279516431916
bert_multilingual_stars,250,17,0.008488260981761555,0.00887281642105915,0.011203808788221064,0.017880379111254383,0.011194908186040955,0.01607414616419437
bert_multilingual_stars,250,18,0.008488260981761555,0.00940129580660787,0.015210054767087642,0.017966356002074538,0.015379464294414268,0.01824848358726079
bert_multilingual_stars,250,19,0.008488260981761555,0.01847691018400478,0.024221527983249457,0.026489084446750674,0.014416420669808803,0.02433911190405162
bert_multilingual_stars,250,20,0.008488260981761555,0.008642895602357224,0.01701340538601569,0.018212137468955874,0.013345210285079567,0.015216596907789698
bert_multilingual_stars,250,21,0.008488260981761555,0.003832384435465091,0.014560104744073984,0.017260838209007475,0.011803805221339142,0.01665350177273155
bert_multilingual_stars,250,22,0.008488260981761555,-0.0059457991100930595,0.008799173265409717,0.010570783086404504,0.005870525409645623,0.0075669913509361095
bert_multilingual_stars,250,23,0.008488260981761555,0.00888878327492688,0.010497885543157006,0.01542031095521363,0.009905461609797892,0.011927696817525457
bert_multilingual_stars,250,24,0.008488260981761555,0.0033453609169273985,0.016459797960069415,0.016574622484141373,0.007856740531445755,0.017616123119478234
bert_multilingual_stars,250,25,0.008488260981761555,0.013174026593871497,0.022094042491835927,0.02609736640787743,0.021186097589741718,0.022485019421730475
bert_multilingual_stars,250,26,0.008488260981761555,0.011612568308097978,0.015251427991338402,0.022406326659828463,0.013453676550343283,0.021002154168894376
bert_multilingual_stars,250,27,0.008488260981761555,0.004309382458323006,0.009370033776098158,0.012266622932092805,0.008516022108696569,0.009615723007246418
bert_multilingual_stars,250,28,0.008488260981761555,0.012950063953101955,0.012551669467594936,0.013420706336496231,0.009672231747079894,0.011922213772465268
bert_multilingual_stars,250,29,0.008488260981761555,0.006306786795221785,0.012040566403051527,0.01560365938549335,0.011628919354151777,0.012325235862703952
bert_multilingual_stars,250,30,0.008488260981761555,0.025968099536760558,0.026315982308857278,0.033189124468340596,0.026756003513355848,0.028421083159656378
bert_multilingual_stars,250,31,0.008488260981761555,0.007793343580430087,0.012691338189528594,0.016901555368101045,0.010935310100918498,0.012920331073429221
bert_multilingual_stars,250,32,0.008488260981761555,0.011247772390380604,0.017311729609510544,0.018941103372040486,0.014304826333379405,0.016142526115293376
bert_multilingual_stars,250,33,0.008488260981761555,0.012702220830790976,0.015819820564018455,0.022810326684382803,0.012628176015549658,0.01857697265010591
bert_multilingual_stars,250,34,0.008488260981761555,0.009762206771640362,0.011618199287731144,0.018486456666915552,0.007521192434502048,0.01020043445493128
bert_multilingual_stars,250,35,0.008488260981761555,0.006426824848303552,0.016632318826385786,0.01937928812720173,0.012929703841738647,0.02158297231648907
bert_multilingual_stars,250,36,0.008488260981761555,0.01634540266414039,0.013533725576846279,0.015644968322327226,0.015220995596061687,0.017956499890331122
bert_multilingual_stars,250,37,0.008488260981761555,-0.0005341883323169161,0.00462191759279954,0.008951305034397986,0.003939050571405264,0.007755727486823447
bert_multilingual_stars,250,38,0.008488260981761555,0.003448000795170222,0.008682299438832256,0.009773609889831862,0.00662115348417296,0.009366039448499919
bert_multilingual_stars,250,39,0.008488260981761555,0.008302285050493729,0.01352061309634947,0.0157719496879402,0.0109450370964781,0.015788406319815665
bert_multilingual_stars,250,40,0.008488260981761555,0.008964007627244796,0.016527944888321468,0.023274906455150606,0.014882856563904626,0.021142953111833278
bert_multilingual_stars,250,41,0.008488260981761555,0.014867287811204598,0.01756839192775297,0.02057086270241912,0.013477556744392301,0.016376578872812887
bert_multilingual_stars,250,42,0.008488260981761555,0.012781667631749278,0.018446423841863124,0.018926180945541868,0.018704137002408132,0.02015113066682708
bert_multilingual_stars,250,43,0.008488260981761555,0.017819006570942347,0.023257170112328106,0.02745652295147913,0.019265125001451545,0.023763819046839506
bert_multilingual_stars,250,44,0.008488260981761555,0.02163359913028196,0.024491563057328938,0.028159955686426173,0.020561263773150786,0.024313094759125322
bert_multilingual_stars,250,45,0.008488260981761555,0.0066256509399202634,0.008011121588812127,0.009687495383487487,0.005911793042144695,0.007607547234289841
bert_multilingual_stars,250,46,0.008488260981761555,0.006338126252133902,0.011624233827112232,0.016226990552868442,0.011931818396020423,0.015887016623233198
bert_multilingual_stars,250,47,0.008488260981761555,-0.002372818531404153,0.005372779923875177,0.009952120754388493,0.0049946254353311495,0.008936868919873364
bert_multilingual_stars,250,48,0.008488260981761555,0.00923732746236343,0.007266548320555093,0.01136946032582203,0.004942086767905688,0.00887446331862989
bert_multilingual_stars,250,49,0.008488260981761555,0.017012336922944404,0.015717518942824468,0.021616176336323227,0.014623952897257797,0.022447429433624513
bert_multilingual_stars,250,50,0.008488260981761555,0.010456587922025874,0.015463504800404156,0.01798260903239291,0.014201660481946259,0.01648490975265777
bert_multilingual_stars,250,51,0.008488260981761555,0.011900792460727587,0.015598592299428225,0.018437948461808785,0.012695388109355166,0.015979954893194124
bert_multilingual_stars,250,52,0.008488260981761555,-0.005400462186005483,0.003909011946249855,0.00821692109547574,0.0032852350674132374,0.0070017498844634615
bert_multilingual_stars,250,53,0.008488260981761555,0.011104457620952914,0.01382188856304598,0.016531348818870188,0.011530529004207583,0.014169050047693458
bert_multilingual_stars,250,54,0.008488260981761555,0.0040074418638481445,0.006533367156283235,0.00999764509733692,0.004539716887959733,0.008005919143518283
bert_multilingual_stars,250,55,0.008488260981761555,0.003755376455420615,0.007169877582299028,0.012612731955742806,0.0053751250775749835,0.0073562374372027695
bert_multilingual_stars,250,56,0.008488260981761555,0.002945510643919899,0.007837910943784493,0.012868305588616721,0.004595673868567038,0.009339542764428251
bert_multilingual_stars,250,57,0.008488260981761555,0.00710965936016314,0.006559826169972773,0.01231186840697892,0.002998582616527669,0.007225900689722976
bert_multilingual_stars,250,58,0.008488260981761555,0.01385168430413737,0.01247769066652293,0.014888036629338101,0.009968782773783035,0.01838787162785405
bert_multilingual_stars,250,59,0.008488260981761555,0.01442291501914093,0.016183602889271422,0.01717571411277391,0.013257737517110022,0.018579153228126824
bert_multilingual_stars,250,60,0.008488260981761555,0.018835663859676968,0.017688255633317166,0.019255990272123536,0.017605453699241727,0.019195563530880245
bert_multilingual_stars,250,61,0.008488260981761555,0.012223860047803946,0.013422922437498437,0.016769880141648173,0.012568154092839555,0.016389434583100007
bert_multilingual_stars,250,62,0.008488260981761555,0.005183624203618743,0.008348277294469991,0.013858278226911786,0.007228370042062843,0.009096751619980985
bert_multilingual_stars,250,63,0.008488260981761555,0.006940956855620165,0.015642291404539842,0.016196925502395456,0.014531386784178481,0.015625577457527327
bert_multilingual_stars,250,64,0.008488260981761555,0.0030715865505253916,0.008179979152277823,0.008963856401643142,0.005675106970274197,0.00709730743079073
bert_multilingual_stars,250,65,0.008488260981761555,0.013137705467638804,0.01840494818229979,0.019364869692104412,0.0160211023277611,0.0183958371403815
bert_multilingual_stars,250,66,0.008488260981761555,0.015113892475171205,0.01875260710304061,0.022695757918516492,0.01672256821712102,0.01991839853577946
bert_multilingual_stars,250,67,0.008488260981761555,0.0071883511291193185,0.010311355574620122,0.015866121145333485,0.008091734566010016,0.014910513459164242
bert_multilingual_stars,250,68,0.008488260981761555,0.025324333755938056,0.021803546306613002,0.02331806099510202,0.02249011624972673,0.0232697634000465
bert_multilingual_stars,250,69,0.008488260981761555,0.0033343246956554005,0.013091067448120905,0.018419809327018827,0.011208773524196192,0.015810169941223872
bert_multilingual_stars,250,70,0.008488260981761555,-0.0005197733489892368,0.01005880459707976,0.011477383029010543,0.0056545071376175125,0.011886296688613547
bert_multilingual_stars,250,71,0.008488260981761555,0.021372339281266802,0.022891204722400738,0.025159940518926713,0.014122354239587983,0.022908328837801112
bert_multilingual_stars,250,72,0.008488260981761555,0.005167867510850055,0.009281420287909858,0.011173039933090328,0.0046052195580513515,0.01022484120506716
bert_multilingual_stars,250,73,0.008488260981761555,0.01400919082690144,0.017400956312069712,0.022024499352386904,0.01721851874369494,0.019477920220808975
bert_multilingual_stars,250,74,0.008488260981761555,0.015788091151208033,0.011723131791724713,0.01657759105897949,0.010803021045510463,0.01515694007113288
bert_multilingual_stars,250,75,0.008488260981761555,0.00505159996112464,0.011649453115884717,0.013524163637696757,0.00842815963201055,0.012046271444407034
bert_multilingual_stars,250,76,0.008488260981761555,0.010296263418717843,0.016134683473922364,0.020621847259285304,0.013668632105045648,0.016081448985862255
bert_multilingual_stars,250,77,0.008488260981761555,0.012560553719263012,0.013353897259576556,0.019538371844698248,0.008838503034149322,0.018186341754735682
bert_multilingual_stars,250,78,0.008488260981761555,0.0033827154264057784,0.011982807817494931,0.014788583713709641,0.009693291989527206,0.013211033577651188
bert_multilingual_stars,250,79,0.008488260981761555,0.01723108412858901,0.022715442828159255,0.03127993182389311,0.01500603163048349,0.02536169348552954
bert_multilingual_stars,250,80,0.008488260981761555,0.0087456654104415,0.013446114139215738,0.013550947011607152,0.00910727654333362,0.015309556595525567
bert_multilingual_stars,250,81,0.008488260981761555,0.008145317498673452,0.008132221925714674,0.015078506703514261,0.006587077253041798,0.011163757682979097
bert_multilingual_stars,250,82,0.008488260981761555,0.009596868053425875,0.017784731637549327,0.01949180808121792,0.014183737673018185,0.015574379755791526
bert_multilingual_stars,250,83,0.008488260981761555,0.02228830099394385,0.019947303822171362,0.02862771018086393,0.016409886265112358,0.02149628060232724
bert_multilingual_stars,250,84,0.008488260981761555,0.0075517122936232745,0.00782497900262882,0.010689362421930818,0.006439570985694458,0.009351364220968491
bert_multilingual_stars,250,85,0.008488260981761555,-0.002089355455187209,0.0058045556322280905,0.006881558123695924,0.0036519364653237844,0.007349052885347549
bert_multilingual_stars,250,86,0.008488260981761555,0.015482370860560014,0.01847248721585048,0.02020850276783995,0.012215292046696434,0.01544267978171771
bert_multilingual_stars,250,87,0.008488260981761555,0.0018585926318299868,0.01020317252170889,0.013518392605587529,0.007798227788875891,0.010449682887893535
bert_multilingual_stars,250,88,0.008488260981761555,0.004035957021076092,0.005898863539550881,0.013316956139067646,0.009620734932650648,0.012299066192782525
bert_multilingual_stars,250,89,0.008488260981761555,0.009939308724439844,0.016218981412056712,0.020710343450500282,0.014691969388972033,0.018195352675558923
bert_multilingual_stars,250,90,0.008488260981761555,0.005120114066937744,0.013154580269692477,0.019384303508186686,0.010220136440049012,0.013462812281957956
bert_multilingual_stars,250,91,0.008488260981761555,0.001158746324992732,0.009975214313191785,0.012103554411509385,0.008179270121893468,0.011571410073442959
bert_multilingual_stars,250,92,0.008488260981761555,0.014058466091125358,0.009246270519575602,0.018123773278998268,0.007368304473072768,0.011934419272603917
bert_multilingual_stars,250,93,0.008488260981761555,0.008612115907883192,0.012719240297518128,0.014768389352870495,0.008524005612321446,0.010046126382857009
bert_multilingual_stars,250,94,0.008488260981761555,0.012059169132915184,0.015386121434944614,0.0184692774244487,0.011742011565579732,0.01786971683458066
bert_multilingual_stars,250,95,0.008488260981761555,0.008790872316290638,0.014000193857748802,0.014593328110398294,0.012147522961971548,0.016886344436091775
bert_multilingual_stars,250,96,0.008488260981761555,-0.001836145604118556,0.006183235403011946,0.011146021950335538,0.005353778259468479,0.008798415631500762
bert_multilingual_stars,250,97,0.008488260981761555,0.007624467849653916,0.014219242838153874,0.01708509947527841,0.011120160627739422,0.013786726273845548
bert_multilingual_stars,250,98,0.008488260981761555,0.008023499422012524,0.0162376027533819,0.016490008393202724,0.009386989387818498,0.01673236759542272
bert_multilingual_stars,250,99,0.008488260981761555,0.0033500848988110765,0.008551341968023683,0.009365582985971893,0.00751771259029513,0.013918434885801882
bert_multilingual_stars,250,100,0.008488260981761555,0.02343110580125709,0.02513813855940331,0.025464634973914903,0.023500025293593255,0.025919810218345874
bert_multilingual_stars,250,101,0.008488260981761555,0.007057438189762902,0.016436408629123933,0.01750306038091333,0.01156259286649484,0.015643901103772086
bert_multilingual_stars,250,102,0.008488260981761555,0.010282178091346197,0.01825761447868073,0.014157772876181867,0.005647239881482269,0.011344281723237598
bert_multilingual_stars,250,103,0.008488260981761555,0.016405536907065154,0.021184044853881045,0.02543597493616462,0.020287729915534118,0.022605581555783842
bert_multilingual_stars,250,104,0.008488260981761555,0.0027852697443258813,0.014195459121644891,0.017235291897238242,0.013419175003270514,0.015427232259183276
bert_multilingual_stars,250,105,0.008488260981761555,0.008246302695415292,0.009735049412506448,0.010549320650016451,0.012178897398977886,0.016124113558760887
bert_multilingual_stars,250,106,0.008488260981761555,0.015201923239905714,0.017182838946616767,0.019092841245250926,0.011447749224267183,0.01808312857353622
bert_multilingual_stars,250,107,0.008488260981761555,0.0017627262108202207,0.0081091126385683,0.010694995289153646,0.006509572080026369,0.00805727128484094
bert_multilingual_stars,250,108,0.008488260981761555,0.005819685768343688,0.013942734311980573,0.016663309590997752,0.008776918153267156,0.012484975238486434
bert_multilingual_stars,250,109,0.008488260981761555,0.007304591628024246,0.010619781761795349,0.00725072997127717,0.006963283371973793,0.009856782215652898
bert_multilingual_stars,250,110,0.008488260981761555,0.004141894604137208,0.013854095080503604,0.016664458388498872,0.012477465635244468,0.015167860783043514
bert_multilingual_stars,250,111,0.008488260981761555,0.009480307139848019,0.010496279606560674,0.0127320614893785,0.010228557743242401,0.01250361875037067
bert_multilingual_stars,250,112,0.008488260981761555,0.0019174722079879417,0.011442959550561568,0.01919452435829093,0.008731979337554815,0.012091974446838287
bert_multilingual_stars,250,113,0.008488260981761555,0.010519865627785476,0.010606964939982085,0.014022171422994521,0.011364775442055884,0.013718466364560625
bert_multilingual_stars,250,114,0.008488260981761555,0.012040950995043712,0.015413028176703028,0.018227812856862823,0.01126536506391421,0.012600343876253963
bert_multilingual_stars,250,115,0.008488260981761555,0.00136862105238718,0.01000128571661583,0.010189455326598255,0.007886253638853511,0.009981938533956392
bert_multilingual_stars,250,116,0.008488260981761555,0.00360743227714292,0.014677860588599847,0.016634865873031358,0.010873208732542548,0.01317329369802763
bert_multilingual_stars,250,117,0.008488260981761555,0.006536128847107151,0.011383575910479452,0.015382616710362063,0.005743066493675038,0.015501809050620215
bert_multilingual_stars,250,118,0.008488260981761555,0.006484328765954976,0.011961722980254597,0.015056191263399632,0.010806226739819983,0.01265817351504044
bert_multilingual_stars,250,119,0.008488260981761555,0.019082054625480842,0.019499321949341324,0.020369418981659608,0.016944854804415065,0.02093895519321582
bert_multilingual_stars,250,120,0.008488260981761555,-0.0012264561007342073,0.00862431221128556,0.010213645509426108,0.0066455658217947425,0.009123082196492275
bert_multilingual_stars,250,121,0.008488260981761555,0.015413487039138371,0.017754926359490893,0.021650417704280063,0.015564486894666272,0.021396323802853376
bert_multilingual_stars,250,122,0.008488260981761555,-0.004647149135793447,0.005806996331842285,0.009017673511860658,0.00509901427669558,0.009488081130509434
bert_multilingual_stars,250,123,0.008488260981761555,0.00674455465903689,0.014524637190157577,0.014437809386153064,0.010381106901564921,0.01683237821412506
bert_multilingual_stars,250,124,0.008488260981761555,0.0009878056859727478,0.009041102547457058,0.010762865361284967,0.006334443568735718,0.008351254603610987
bert_multilingual_stars,250,125,0.008488260981761555,0.010571894310741122,0.012496917789395665,0.014555996506188478,0.013510835511989092,0.015231287886532835
bert_multilingual_stars,250,126,0.008488260981761555,0.01128220432488065,0.012153042415511989,0.01418287987234676,0.010051274107765469,0.01288135388140669
bert_multilingual_stars,250,127,0.008488260981761555,0.007717866365550114,0.015172943810219728,0.02266174121548942,0.012120881281381338,0.017709394094578494
bert_multilingual_stars,250,128,0.008488260981761555,0.007348758039834581,0.010986361838678018,0.017913426945658284,0.009258341091522123,0.013179781655820717
bert_multilingual_stars,250,129,0.008488260981761555,0.019171654232702465,0.01953808479744948,0.019672783201042644,0.016225535851937523,0.019531944838625706
bert_multilingual_stars,250,130,0.008488260981761555,0.009219787953730341,0.014180143584016359,0.01615875234713782,0.008195521228601364,0.013432760262297562
bert_multilingual_stars,250,131,0.008488260981761555,0.015048294488099714,0.015996728512768583,0.02181895242840622,0.014731265342019675,0.01901028846546224
bert_multilingual_stars,250,132,0.008488260981761555,0.006054674107788276,0.011592890298480088,0.015693803029349654,0.010001663590153096,0.013811773771497164
bert_multilingual_stars,250,133,0.008488260981761555,0.008378553782159594,0.009030243251056325,0.01362793943961102,0.00385916138442245,0.012189806371166598
bert_multilingual_stars,250,134,0.008488260981761555,0.013621890991881118,0.020258617295195337,0.0215781850385599,0.01661051867228834,0.019779415473542124
bert_multilingual_stars,250,135,0.008488260981761555,0.0018384085108349257,0.011981495524734459,0.014337988168323802,0.0064447237375546244,0.01643133031461873
bert_multilingual_stars,250,136,0.008488260981761555,-0.0012291491360663246,0.005617408209962279,0.007632993292813381,0.005853927239185798,0.007670022430709745
bert_multilingual_stars,250,137,0.008488260981761555,0.006754016598340642,0.007222639012286199,0.00867239775875283,0.004751231955026044,0.00846482721785268
bert_multilingual_stars,250,138,0.008488260981761555,0.010440316471686036,0.016054881920459053,0.017331347163965487,0.014636324203552768,0.016302103905930964
bert_multilingual_stars,250,139,0.008488260981761555,0.011859186492626763,0.012209350918255812,0.018778748298826684,0.009031006778475037,0.01432031153961234
bert_multilingual_stars,250,140,0.008488260981761555,0.012767724390832525,0.014200672958492325,0.016854396890014684,0.008426813707025515,0.012128278157996443
bert_multilingual_stars,250,141,0.008488260981761555,-0.0023897395131393683,0.007061469721628087,0.01053342236361611,0.006704902091183587,0.008915878895800164
bert_multilingual_stars,250,142,0.008488260981761555,0.015674849145483685,0.015290509334118957,0.021228343265238356,0.015320431665130044,0.016863044255651407
bert_multilingual_stars,250,143,0.008488260981761555,0.006384691837989822,0.015073280932544822,0.019107744947622796,0.009745657090915332,0.016768547346154634
bert_multilingual_stars,250,144,0.008488260981761555,0.005269312939457931,0.01097305003936188,0.011919254223748855,0.009313643581917877,0.012323733692402849
bert_multilingual_stars,250,145,0.008488260981761555,-0.0029858218626779287,0.006633022994284004,0.00799139148692088,0.005175318484629124,0.0069501686161660995
bert_multilingual_stars,250,146,0.008488260981761555,0.002698421009620387,0.017029976794414425,0.017353232140500493,0.011871058358547435,0.01627619878636111
bert_multilingual_stars,250,147,0.008488260981761555,0.016819855416621045,0.022516910784013567,0.023049592268893276,0.01951812744702814,0.02278917576219933
bert_multilingual_stars,250,148,0.008488260981761555,0.016347736999403614,0.012444404133582571,0.0189585175284326,0.007802278487081672,0.013977723387928975
bert_multilingual_stars,250,149,0.008488260981761555,0.001495808203509164,0.010912957371337153,0.0215437956715522,0.009658540309191176,0.013338474170542035
bert_multilingual_stars,250,150,0.008488260981761555,0.010806116026243538,0.018696940705646148,0.021918331191695894,0.017466182534565496,0.019153751276018243
bert_multilingual_stars,250,151,0.008488260981761555,0.012438742240366951,0.012626277273568288,0.013924223283895832,0.00993120255342346,0.012479278477367352
bert_multilingual_stars,250,152,0.008488260981761555,-0.001806074924982206,0.011348376890775719,0.011645999419755028,0.005689243296799417,0.009414194594896369
bert_multilingual_stars,250,153,0.008488260981761555,0.005204588394126094,0.013664752372625526,0.016929039756348737,0.006957528511995546,0.010962209122710542
bert_multilingual_stars,250,154,0.008488260981761555,-0.005004729605381779,0.007524803968711135,0.012003515003898237,0.005670644679877943,0.007747840421134634
bert_multilingual_stars,250,155,0.008488260981761555,0.009772687057548551,0.008153254850625293,0.00914019711833411,0.00508175329653443,0.011273483615060616
bert_multilingual_stars,250,156,0.008488260981761555,0.0058991422954502775,0.010673971897662424,0.014009165511317328,0.008432008599090117,0.014174211782794453
bert_multilingual_stars,250,157,0.008488260981761555,0.012816325799149902,0.017517096335252585,0.021461961323003396,0.016761645153189696,0.019072145818737018
bert_multilingual_stars,250,158,0.008488260981761555,0.013131363190595708,0.012468589743508323,0.01529074039643976,0.009583762180423092,0.015643088300528487
bert_multilingual_stars,250,159,0.008488260981761555,0.0016897673222496979,0.008956617410491793,0.012342085629366988,0.005887570708685623,0.009657150973705234
bert_multilingual_stars,250,160,0.008488260981761555,0.015006836628030889,0.015324421059729948,0.016884189393038613,0.01286894122526857,0.013917620011587655
bert_multilingual_stars,250,161,0.008488260981761555,0.0068732535527295975,0.011988992218816026,0.015097540926296444,0.015086469857371648,0.017124603616329406
bert_multilingual_stars,250,162,0.008488260981761555,0.009223061695966678,0.015304409675671855,0.016373219707457694,0.007270082567073255,0.01849746985783246
bert_multilingual_stars,250,163,0.008488260981761555,0.015603766409666325,0.0230522763779009,0.021373111589415645,0.016340157235540952,0.020826250420718416
bert_multilingual_stars,250,164,0.008488260981761555,0.013384060028552474,0.020681352587624116,0.021368558161148667,0.01193259662393776,0.01595903244375921
bert_multilingual_stars,250,165,0.008488260981761555,0.011194684685809635,0.013397927355916184,0.015471701328633156,0.011164272222351564,0.013233791204266182
bert_multilingual_stars,250,166,0.008488260981761555,0.00962762725371986,0.012464569629556032,0.01692886546343351,0.013311426720416493,0.015849341423135266
bert_multilingual_stars,250,167,0.008488260981761555,0.010119730431894042,0.012809627618882486,0.019726406930829696,0.008687134057027372,0.01495749973145062
bert_multilingual_stars,250,168,0.008488260981761555,0.010746956133333183,0.01462839279194717,0.014892722195261238,0.011674993400621017,0.013562849252317852
bert_multilingual_stars,250,169,0.008488260981761555,0.001692886524194177,0.00879735648893767,0.009241189202749509,0.008373711947508418,0.009206625922198968
bert_multilingual_stars,250,170,0.008488260981761555,-0.0004269396898322947,0.015138784913743727,0.018865697925533335,0.013971006767031259,0.015030466305842313
bert_multilingual_stars,250,171,0.008488260981761555,0.0017736358558665501,0.006873998324477512,0.010226217430707384,0.006214283775098898,0.00853875474195847
bert_multilingual_stars,250,172,0.008488260981761555,0.002136600137846403,0.008892502323381499,0.009560292457335744,0.0054641143487469245,0.007778491064596529
bert_multilingual_stars,250,173,0.008488260981761555,0.008930501381024365,0.017743383012475453,0.019412309283628058,0.016466766322119096,0.019218316241734288
bert_multilingual_stars,250,174,0.008488260981761555,0.026883275345031283,0.024957791189488016,0.027172130350869732,0.02144322377488369,0.024138630710057743
bert_multilingual_stars,250,175,0.008488260981761555,0.02868428535859716,0.026041883518650073,0.02660421321931252,0.013419433561713285,0.027709049725909776
bert_multilingual_stars,250,176,0.008488260981761555,0.018838399285552872,0.01648199141723837,0.02096941050497239,0.012694870021252308,0.01941348734610287
bert_multilingual_stars,250,177,0.008488260981761555,0.014290893972706482,0.016572047191545536,0.01894470924166398,0.015331981067256232,0.017858432861935208
bert_multilingual_stars,250,178,0.008488260981761555,0.006351640679317017,0.010768162833246596,0.009924287269662635,0.008285133262605548,0.009716103420404156
bert_multilingual_stars,250,179,0.008488260981761555,0.0132573316368998,0.011641632591670276,0.013421091987706146,0.006459123438834678,0.015327915303405586
bert_multilingual_stars,250,180,0.008488260981761555,-0.00010495893391726074,0.003483669462394365,0.005063126677788043,0.0020111188694935324,0.006463330069243248
bert_multilingual_stars,250,181,0.008488260981761555,0.01839992795115295,0.021787128328072447,0.026285664400580947,0.013845615036428605,0.024106470385965324
bert_multilingual_stars,250,182,0.008488260981761555,-0.0011332678619191286,0.005282988040109657,0.009533613802383082,0.0027307802977371612,0.005618571362190732
bert_multilingual_stars,250,183,0.008488260981761555,0.006023189762207523,0.002699848724862012,0.010803343346684527,0.002253153130104686,0.01020941231438085
bert_multilingual_stars,250,184,0.008488260981761555,0.006778988180606072,0.0065520159538819,0.012631198372998496,0.008772363804695558,0.010218570071346758
bert_multilingual_stars,250,185,0.008488260981761555,0.0070662618128840265,0.009849508117875699,0.0088017085771479,0.004830949888238133,0.010443908747411473
bert_multilingual_stars,250,186,0.008488260981761555,-0.0014730015766692222,0.010593208787327685,0.01154587669111377,0.00904527202351854,0.010830547404386845
bert_multilingual_stars,250,187,0.008488260981761555,0.004330295884033856,0.006099209474211537,0.007090103704103638,0.003708934165880821,0.008851018505764984
bert_multilingual_stars,250,188,0.008488260981761555,0.0036118024471258822,0.005266789660608179,0.009460306909721074,0.004912330059902502,0.006963387455814401
bert_multilingual_stars,250,189,0.008488260981761555,0.010447837487360464,0.011994508783385982,0.01274596300724503,0.012717262939575239,0.013771959760182383
bert_multilingual_stars,250,190,0.008488260981761555,0.008744073653953442,0.013978020795599146,0.017351276677831578,0.012535458753110216,0.013233656282386888
bert_multilingual_stars,250,191,0.008488260981761555,0.015434519454478582,0.018438230674827635,0.020346615260875844,0.01562622928203328,0.019987505028772046
bert_multilingual_stars,250,192,0.008488260981761555,0.019451334713573725,0.02576744673881771,0.028508220976331933,0.019836655386074598,0.023289991259155526
bert_multilingual_stars,250,193,0.008488260981761555,0.014332564256787264,0.017724669009914137,0.019907618716955556,0.013091787976306194,0.015232445120417932
bert_multilingual_stars,250,194,0.008488260981761555,0.009023971259735548,0.010424053845092256,0.014913550072530776,0.006274740929749989,0.011443031125749835
bert_multilingual_stars,250,195,0.008488260981761555,0.010370723794190882,0.007987278656011189,0.011107392054719051,0.005977538029074913,0.010978910363212732
bert_multilingual_stars,250,196,0.008488260981761555,0.016558766938312194,0.012919602093569994,0.017291792588625128,0.007189987212421969,0.010015711198098425
bert_multilingual_stars,250,197,0.008488260981761555,0.009030674934765618,0.01640889294189157,0.01793014296869779,0.006467559850823835,0.016536609832867307
bert_multilingual_stars,250,198,0.008488260981761555,0.011605064203462405,0.015776834619761558,0.02087396931632587,0.01633374310733535,0.01775286746455175
bert_multilingual_stars,250,199,0.008488260981761555,0.02037517739584639,0.01647324516758363,0.020261923299617055,0.01426082466807642,0.01755535487138184
bert_multilingual_stars,500,0,0.008488260981761555,0.006602436407220678,0.007554326898935695,0.012327290062095285,0.007123516579083729,0.011591709188547253
bert_multilingual_stars,500,1,0.008488260981761555,0.0056280363142701545,0.0066296373460752135,0.009896447316774951,0.0059343973719992674,0.009757620131202623
bert_multilingual_stars,500,2,0.008488260981761555,0.008806515846880417,0.007910141489477473,0.013591560344418614,0.007192878603690831,0.013620014771305719
bert_multilingual_stars,500,3,0.008488260981761555,0.01118253698834388,0.012795792851748167,0.017182924472773826,0.014042367128045942,0.016919188550912796
bert_multilingual_stars,500,4,0.008488260981761555,0.011972390763330681,0.009390691808150355,0.01438434385923956,0.008709128370995006,0.014801534800839167
bert_multilingual_stars,500,5,0.008488260981761555,0.011111468031448699,0.007252127892565268,0.01070616966426746,0.005342739783614674,0.011053724716283781
bert_multilingual_stars,500,6,0.008488260981761555,0.010331617309680597,0.009356774122690573,0.014166713303286248,0.008771815595045402,0.012838204480327976
bert_multilingual_stars,500,7,0.008488260981761555,0.006304224548363044,0.009695617783437305,0.011913377249366692,0.009076979309506588,0.012706318987670846
bert_multilingual_stars,500,8,0.008488260981761555,0.0073979778025013735,0.014035240063181343,0.014911610283002048,0.01339772990309134,0.018091958731449365
bert_multilingual_stars,500,9,0.008488260981761555,0.011719315542295456,0.01167373923530558,0.016980005937642245,0.010443558192170938,0.01619044562648308
bert_multilingual_stars,500,10,0.008488260981761555,0.010068033038573133,0.01005695652382105,0.012695153295770267,0.010019052852645524,0.01273211078902579
bert_multilingual_stars,500,11,0.008488260981761555,0.009112361959314497,0.009491137437821071,0.01462541604546919,0.009548818476293216,0.018026144360560173
bert_multilingual_stars,500,12,0.008488260981761555,0.0010721757466366862,0.005186368196308201,0.008225887389505077,0.004147517461013775,0.01157764780776805
bert_multilingual_stars,500,13,0.008488260981761555,0.014255723691655032,0.01621309775471123,0.017260769526545792,0.012795649473917448,0.01712812513867204
bert_multilingual_stars,500,14,0.008488260981761555,0.005996890861482451,0.008423866671029857,0.014008825661556687,0.006687316331572168,0.01365221600563973
bert_multilingual_stars,500,15,0.008488260981761555,0.012255982814494153,0.010923461173438296,0.013077789930185378,0.009679859738091042,0.01308250100418349
bert_multilingual_stars,500,16,0.008488260981761555,0.00833602732041963,0.010895991693775552,0.016095184066620475,0.007837867528661339,0.01302681805604251
bert_multilingual_stars,500,17,0.008488260981761555,0.01025684471371467,0.012949408074089492,0.012997335533247497,0.01061557875884051,0.016715507152963324
bert_multilingual_stars,500,18,0.008488260981761555,0.008710544579277623,0.007234139789095188,0.011515883629092626,0.007573153953047251,0.014421089621259944
bert_multilingual_stars,500,19,0.008488260981761555,-0.001187398913202599,0.007779700859622194,0.010418026367411399,0.008056297852514332,0.00987235106553714
bert_multilingual_stars,500,20,0.008488260981761555,0.011552121333352365,0.012384920814888399,0.014990074918265895,0.008297201816899224,0.016122233347358645
bert_multilingual_stars,500,21,0.008488260981761555,0.0067543267789219935,0.007547442822027189,0.012151564489293365,0.005682608524483786,0.010691922688060285
bert_multilingual_stars,500,22,0.008488260981761555,0.016203811289080546,0.0131844219406535,0.016394769808500576,0.013019302952691564,0.019171664610217683
bert_multilingual_stars,500,23,0.008488260981761555,0.013913292760776153,0.014752259252832179,0.021568725773985057,0.015090186621557464,0.02313842814155024
bert_multilingual_stars,500,24,0.008488260981761555,0.013354689506597683,0.013035524165921651,0.01920441374949516,0.013600017808973932,0.016621140814118036
bert_multilingual_stars,500,25,0.008488260981761555,0.008147118520864279,0.009751154428237655,0.01362164485049804,0.008378034145772754,0.0122675985950767
bert_multilingual_stars,500,26,0.008488260981761555,0.008757618867344332,0.011838059117881296,0.015935868718581388,0.010910146715980742,0.016453268154142407
bert_multilingual_stars,500,27,0.008488260981761555,0.00670045498821649,0.010599828120441818,0.013173530496093983,0.00958446170216914,0.013101263552704015
bert_multilingual_stars,500,28,0.008488260981761555,0.010349036343245147,0.01271212928070391,0.018032297785746942,0.014122159775660932,0.017886726685849563
bert_multilingual_stars,500,29,0.008488260981761555,0.006145200952211223,0.00916229161670341,0.013283609787832463,0.007596977813208191,0.013691369469628682
bert_multilingual_stars,500,30,0.008488260981761555,0.005380048837057917,0.008110471254659087,0.011639970978860952,0.006359148851015835,0.01500422835460255
bert_multilingual_stars,500,31,0.008488260981761555,0.007213812067354743,0.010949697583548109,0.013709999688821825,0.008464656479704872,0.013058909357637656
bert_multilingual_stars,500,32,0.008488260981761555,0.004708937580575009,0.007210809584457947,0.010255710891039813,0.005825895330759941,0.00990339352203002
bert_multilingual_stars,500,33,0.008488260981761555,0.0067783729090901464,0.012499722984394276,0.015278291710765597,0.012644863639138682,0.017721509234011928
bert_multilingual_stars,500,34,0.008488260981761555,0.013934160610069133,0.012508139087869557,0.016975348809557114,0.011434336331149838,0.017206951644213535
bert_multilingual_stars,500,35,0.008488260981761555,0.0016880805132723066,0.007309315378600879,0.009757274522479003,0.006332785980304281,0.010565852043969553
bert_multilingual_stars,500,36,0.008488260981761555,0.004997818512164786,0.010380350867811897,0.014923680394697915,0.010733387557611097,0.016045937873807047
bert_multilingual_stars,500,37,0.008488260981761555,0.00625642604902543,0.008320776281069123,0.011840808532954872,0.006843625459625888,0.013657961229456752
bert_multilingual_stars,500,38,0.008488260981761555,-0.00025442567933468217,0.005031779841827169,0.007611773885297448,0.005663755737387208,0.008789733566155665
bert_multilingual_stars,500,39,0.008488260981761555,0.004738127779656189,0.008113078831111072,0.011404247112721385,0.007072969055165094,0.012664009792820246
bert_multilingual_stars,500,40,0.008488260981761555,0.012545820950147234,0.013199599557498635,0.016350044529495497,0.013304122628889093,0.0160045740701425
bert_multilingual_stars,500,41,0.008488260981761555,0.0005037218315134905,0.007475399288684562,0.00912121350468568,0.006460249539363522,0.009313583990964417
bert_multilingual_stars,500,42,0.008488260981761555,0.006137190950313069,0.011671219801097374,0.012720607385366062,0.011071376636200263,0.01363318658125829
bert_multilingual_stars,500,43,0.008488260981761555,0.00697551955540881,0.011644838083755257,0.014718005442782569,0.010741451031150286,0.014754981524418892
bert_multilingual_stars,500,44,0.008488260981761555,0.008527590086022547,0.014709324922496488,0.0166009566615924,0.015537826047011729,0.016762853732467407
bert_multilingual_stars,500,45,0.008488260981761555,0.007366879260909268,0.009524159184615674,0.011178412436191174,0.007785770326514225,0.01027937525707609
bert_multilingual_stars,500,46,0.008488260981761555,0.007291262736210642,0.010139025613504098,0.014579962237676493,0.009835872188951074,0.016460903851823833
bert_multilingual_stars,500,47,0.008488260981761555,0.012593098301899518,0.008881349703142027,0.014093004259825943,0.009093920138967888,0.015375971935995216
bert_multilingual_stars,500,48,0.008488260981761555,0.008309618606704728,0.010886559702978988,0.014414260051099016,0.009649543609292236,0.014627565452451217
bert_multilingual_stars,500,49,0.008488260981761555,0.007825334723860034,0.01152641196158439,0.012615370469667844,0.00922293345659687,0.015315819674723629
bert_multilingual_stars,500,50,0.008488260981761555,0.014993574304161946,0.013758354103189176,0.01728306679849364,0.012886749167045691,0.018798084934012978
bert_multilingual_stars,500,51,0.008488260981761555,0.014850764936218374,0.011409964961423309,0.014546871419421598,0.010949074677781986,0.01600870303159731
bert_multilingual_stars,500,52,0.008488260981761555,0.0058678395826075366,0.007971753272632689,0.00978978783126979,0.0058790984984289935,0.013686964592179919
bert_multilingual_stars,500,53,0.008488260981761555,0.005501045686464116,0.006040609840033693,0.008312274132768445,0.0044410460784163625,0.012419268510157334
bert_multilingual_stars,500,54,0.008488260981761555,0.012845363246490436,0.008827804603312344,0.016152942252397513,0.008964813505331886,0.014922741029490785
bert_multilingual_stars,500,55,0.008488260981761555,0.0030154944422015164,0.007101659794675851,0.012382339912438126,0.006854379079564084,0.010944241009311266
bert_multilingual_stars,500,56,0.008488260981761555,0.013020689609844325,0.009638311409073083,0.014201464076052599,0.006441028588402872,0.015415335195252455
bert_multilingual_stars,500,57,0.008488260981761555,0.006699360958819669,0.0111235607953532,0.014825440154576505,0.012015244247571968,0.017543253277109892
bert_multilingual_stars,500,58,0.008488260981761555,0.0062786129717608665,0.011122422416901348,0.015738204446416368,0.010019169247538103,0.01603685950786879
bert_multilingual_stars,500,59,0.008488260981761555,0.007596850291147064,0.009387925942420655,0.012309988847621262,0.008527297458589739,0.01296116817676001
bert_multilingual_stars,500,60,0.008488260981761555,0.013398167643162439,0.013620547381283895,0.01940096380206723,0.012531562270383108,0.0167971177841112
bert_multilingual_stars,500,61,0.008488260981761555,0.009544595983646244,0.012741624127671684,0.016287314744671953,0.00962097132212015,0.015882205185101517
bert_multilingual_stars,500,62,0.008488260981761555,0.008809021996262151,0.013581358295261973,0.016991170818310766,0.011028725915457751,0.01735719666320624
bert_multilingual_stars,500,63,0.008488260981761555,0.010737464693535053,0.011908707134594918,0.015153348526825176,0.0116657642723812,0.01422643287284476
bert_multilingual_stars,500,64,0.008488260981761555,0.008375007830546647,0.008990629652602916,0.012723221572538917,0.009294262410810028,0.015078538437532003
bert_multilingual_stars,500,65,0.008488260981761555,0.0019730462075774535,0.004936930771090995,0.01004198054609177,0.006141335787455521,0.009983316480278727
bert_multilingual_stars,500,66,0.008488260981761555,0.011831950582019558,0.016805703678153067,0.020323950514632864,0.014585236357095271,0.021413794086128868
bert_multilingual_stars,500,67,0.008488260981761555,0.004921920573556194,0.011001201336109682,0.012106359378525883,0.009922597613677718,0.012401443689887225
bert_multilingual_stars,500,68,0.008488260981761555,0.011206236726767446,0.009220028486194043,0.015085666298425828,0.008909577183010345,0.01272999690538846
bert_multilingual_stars,500,69,0.008488260981761555,0.0077968924586297225,0.01323313432082689,0.01605681503490809,0.01351915752495359,0.016301967717778816
bert_multilingual_stars,500,70,0.008488260981761555,0.01123438265907975,0.012102715858978262,0.016419249702954535,0.010890175502766523,0.014877714986066342
bert_multilingual_stars,500,71,0.008488260981761555,0.002693119103295948,0.007733305754798507,0.012117839550079402,0.0065272133279484475,0.013904034394873924
bert_multilingual_stars,500,72,0.008488260981761555,0.015591341429060934,0.01677046063101328,0.020847081504449166,0.015656197066895063,0.019525007236897263
bert_multilingual_stars,500,73,0.008488260981761555,0.009309624869089225,0.013848749895436115,0.015019688053104045,0.012561237797901805,0.017859856246593746
bert_multilingual_stars,500,74,0.008488260981761555,0.013790162521831614,0.01529889741276794,0.018797605471692524,0.011970061559125542,0.019685073477227016
bert_multilingual_stars,500,75,0.008488260981761555,0.005914965387374772,0.010579371234900546,0.012272528142258085,0.010002017673196186,0.012047507020038963
bert_multilingual_stars,500,76,0.008488260981761555,0.013141110146900562,0.015115003199428333,0.023758271079976922,0.01503695104119901,0.01992085837542555
bert_multilingual_stars,500,77,0.008488260981761555,0.008127322774441857,0.008466579243717565,0.012816549596102199,0.007379615385918933,0.014203387076971337
bert_multilingual_stars,500,78,0.008488260981761555,0.005892025089290675,0.007314023397847738,0.009637571605909242,0.00519572617517115,0.012586486814257542
bert_multilingual_stars,500,79,0.008488260981761555,0.006990647803194337,0.008966847164240363,0.01198301575334982,0.007941138483541815,0.013499818445015776
bert_multilingual_stars,500,80,0.008488260981761555,0.003165007518209044,0.010261264387222298,0.01270705941000881,0.009227272933082956,0.013383000708855548
bert_multilingual_stars,500,81,0.008488260981761555,0.011412531436218658,0.008463962958433427,0.014274403176011698,0.007501920429364865,0.010396683124650743
bert_multilingual_stars,500,82,0.008488260981761555,0.011119984414976336,0.01066277954718384,0.0125556171256936,0.010148996781024504,0.01445915764275388
bert_multilingual_stars,500,83,0.008488260981761555,0.014301341543761864,0.014622255701022218,0.017340768962332446,0.013826135379810724,0.019467164848175872
bert_multilingual_stars,500,84,0.008488260981761555,0.003334157715566556,0.008998025105997677,0.011593174221557666,0.008867380230188997,0.013620599172903923
bert_multilingual_stars,500,85,0.008488260981761555,0.010275635614615674,0.01099586231258812,0.01115460881331718,0.010418849156882907,0.011842469708980695
bert_multilingual_stars,500,86,0.008488260981761555,0.013952890042359183,0.011569272737312009,0.021097753682282717,0.012150569326352582,0.016409443143378787
bert_multilingual_stars,500,87,0.008488260981761555,0.0076706031144730975,0.013003645893693907,0.015538303386980742,0.013171063723957883,0.01677425429671224
bert_multilingual_stars,500,88,0.008488260981761555,0.01301107665296117,0.011679740007618861,0.01930611877460441,0.01072608274896113,0.017787243168245565
bert_multilingual_stars,500,89,0.008488260981761555,0.006175376176707725,0.005932800599625956,0.00962058301856896,0.005755014985650565,0.01146912007179208
bert_multilingual_stars,500,90,0.008488260981761555,0.010750912193727131,0.013132187922972046,0.014554624089350966,0.007743215808924005,0.014759400575642345
bert_multilingual_stars,500,91,0.008488260981761555,0.018054354797932673,0.01579335083738827,0.022577684738508155,0.010743186733259497,0.0217346800134104
bert_multilingual_stars,500,92,0.008488260981761555,0.012791011967809641,0.015769193301864014,0.01832153393339227,0.01420881639840475,0.021101219625176602
bert_multilingual_stars,500,93,0.008488260981761555,0.008955756304703045,0.012251448915724238,0.01558136739568726,0.012316863998336163,0.015940128154253056
bert_multilingual_stars,500,94,0.008488260981761555,0.0158144668000356,0.0180671594483297,0.02189556156567415,0.016732184410669943,0.02237515360044412
bert_multilingual_stars,500,95,0.008488260981761555,0.004991214496209507,0.01037422797256776,0.013057664411616274,0.006030755764503714,0.013428953513575098
bert_multilingual_stars,500,96,0.008488260981761555,0.008722980405211671,0.011490678158103068,0.016501158084481677,0.009645197053225469,0.013801059638978892
bert_multilingual_stars,500,97,0.008488260981761555,0.007158343625617605,0.008951300001147569,0.01377527870518934,0.009165412115426902,0.015523672355986494
bert_multilingual_stars,500,98,0.008488260981761555,0.019732806369290333,0.015706208453866905,0.01912618194641664,0.015568999147691184,0.02172097528856427
bert_multilingual_stars,500,99,0.008488260981761555,0.0005187763722424519,0.00639289521880203,0.007886901869750326,0.006111810203183439,0.00955153281965718
bert_multilingual_stars,500,100,0.008488260981761555,0.007387809664731033,0.014336024840396708,0.017411983013198337,0.014559209190478862,0.016588687051002863
bert_multilingual_stars,500,101,0.008488260981761555,0.006001388882688113,0.012337396439393114,0.017335152825423587,0.009002800527280006,0.015308877920866295
bert_multilingual_stars,500,102,0.008488260981761555,0.0030355256741199385,0.008290207198968546,0.009988589119682227,0.005224059869701138,0.0099226908526882
bert_multilingual_stars,500,103,0.008488260981761555,0.015111483267219407,0.013640735271640822,0.02076417546156212,0.013184143177596752,0.019267631499859248
bert_multilingual_stars,500,104,0.008488260981761555,0.009824547146742434,0.013878385291347299,0.0160318278767507,0.009974887935395008,0.014352111774992227
bert_multilingual_stars,500,105,0.008488260981761555,0.0075821639126919076,0.009514749811792957,0.013199595215317422,0.008614335545350026,0.01758341917206878
bert_multilingual_stars,500,106,0.008488260981761555,0.0006253883061943609,0.006273529934866435,0.007633733568597726,0.0052023209466312125,0.008647595264641986
bert_multilingual_stars,500,107,0.008488260981761555,0.008281312709410737,0.008946128027592827,0.01626741928144066,0.009907663130295506,0.01722024431042154
bert_multilingual_stars,500,108,0.008488260981761555,0.012759664448934399,0.012023110045762668,0.017944113986144025,0.00991402073465158,0.016695816336997793
bert_multilingual_stars,500,109,0.008488260981761555,0.015330682498288074,0.01716062472241445,0.019328082507575586,0.01772601202103984,0.020424711801000472
bert_multilingual_stars,500,110,0.008488260981761555,0.014087977145662126,0.013344679126148382,0.01617919384562678,0.012910395701962835,0.017166669927967254
bert_multilingual_stars,500,111,0.008488260981761555,0.008150144213326388,0.012196350342573123,0.013328518822305013,0.011033936648409282,0.014626740520865622
bert_multilingual_stars,500,112,0.008488260981761555,-0.0002794876334455597,0.004525360533738489,0.012381855014125944,0.004414014982228997,0.01039359309624628
bert_multilingual_stars,500,113,0.008488260981761555,0.005151874995718385,0.010896491830420208,0.0121271180066055,0.008907805759038866,0.012834380157713056
bert_multilingual_stars,500,114,0.008488260981761555,0.010567808996776354,0.013400248639942276,0.015081290346786102,0.012100002855813039,0.016203322705588444
bert_multilingual_stars,500,115,0.008488260981761555,0.014630032118009126,0.007985056882006198,0.015600911466964478,0.00748551665032918,0.014153280700273723
bert_multilingual_stars,500,116,0.008488260981761555,0.003959938748068698,0.009895182020705664,0.01219516207997836,0.00902776266301841,0.01270365115750725
bert_multilingual_stars,500,117,0.008488260981761555,0.01376343464754967,0.012207310006991497,0.018071863770906898,0.009511579930024557,0.017927520881769438
bert_multilingual_stars,500,118,0.008488260981761555,0.012650348672615889,0.01325212013083726,0.015902509418196834,0.012504172902793846,0.018418738479413624
bert_multilingual_stars,500,119,0.008488260981761555,0.00852329672056716,0.00858971218188922,0.012358481743423128,0.006485382442834863,0.01337136527321664
bert_multilingual_stars,500,120,0.008488260981761555,0.006514921675623196,0.005673674286784678,0.010953634755351658,0.005292794237051095,0.008958370337045133
bert_multilingual_stars,500,121,0.008488260981761555,0.009871458816208328,0.009929667830380929,0.014369809277854686,0.00985212410199844,0.015812757344629207
bert_multilingual_stars,500,122,0.008488260981761555,0.007510688719101294,0.00843299971683533,0.011013041528317767,0.008281018589994927,0.011118471385256875
bert_multilingual_stars,500,123,0.008488260981761555,0.00852945547535874,0.00962589466344601,0.012400600478393193,0.0076600901301281206,0.01562611121812832
bert_multilingual_stars,500,124,0.008488260981761555,0.008992305088767735,0.0074413559989185305,0.014067037761512809,0.006746610346040783,0.014312103703468101
bert_multilingual_stars,500,125,0.008488260981761555,0.008072540184869664,0.012006902546660961,0.014774025327525564,0.010613385950231232,0.017400775915441764
bert_multilingual_stars,500,126,0.008488260981761555,0.011769798673849172,0.009498579319875104,0.014976670058599975,0.0092672864137062,0.013207523299987792
bert_multilingual_stars,500,127,0.008488260981761555,0.012262042933904123,0.013730949113254304,0.017532439421310844,0.013239788261793568,0.017268533203739486
bert_multilingual_stars,500,128,0.008488260981761555,0.01508773530477037,0.01622888103318721,0.019525958887859213,0.013910694584638337,0.018707092767531117
bert_multilingual_stars,500,129,0.008488260981761555,0.0077658954184104696,0.008303179587580825,0.01224849266540711,0.007523279852505947,0.015297817893190584
bert_multilingual_stars,500,130,0.008488260981761555,0.0074877354697343666,0.009563403380035175,0.011697834608956749,0.006159215580711156,0.012358454685754297
bert_multilingual_stars,500,131,0.008488260981761555,0.009569516699982357,0.009577397629257321,0.015447933208761996,0.006752673813506953,0.015688562248687275
bert_multilingual_stars,500,132,0.008488260981761555,0.015420259910579718,0.013479845166487254,0.015219547060972286,0.01319763643850771,0.016901690034941456
bert_multilingual_stars,500,133,0.008488260981761555,0.0105240630396782,0.010763190075474886,0.01309676656446234,0.009375841483259642,0.014739933609212098
bert_multilingual_stars,500,134,0.008488260981761555,0.0059775141602922905,0.009998611827233347,0.011290915320673589,0.006667553705639138,0.015104107144376407
bert_multilingual_stars,500,135,0.008488260981761555,0.0171103567121191,0.017359532410492404,0.01854051952886992,0.014178918511439159,0.021206213366934554
bert_multilingual_stars,500,136,0.008488260981761555,0.0029978751548250457,0.008701042909249702,0.0147035405048202,0.008333133652339317,0.014818183404407
bert_multilingual_stars,500,137,0.008488260981761555,0.008615775119332243,0.013814044186165409,0.013927987405494854,0.010651742082942723,0.015958324933904488
bert_multilingual_stars,500,138,0.008488260981761555,0.0057083688578587035,0.0064297408917562355,0.012244210017984994,0.00559539341356486,0.013249792464809724
bert_multilingual_stars,500,139,0.008488260981761555,0.005318385460537222,0.004546622484812769,0.008204359933917245,0.0046471569686019525,0.008538665667894617
bert_multilingual_stars,500,140,0.008488260981761555,0.004310918310478265,0.009621384811262419,0.013156883673919793,0.009288181138916265,0.014857137810440166
bert_multilingual_stars,500,141,0.008488260981761555,0.010231922293580963,0.009127306177932278,0.01223214606380282,0.008061095304256707,0.013958472907893198
bert_multilingual_stars,500,142,0.008488260981761555,0.006294534181917854,0.008249523381925762,0.015566019938453248,0.006638822315094505,0.014833552706591771
bert_multilingual_stars,500,143,0.008488260981761555,0.004904685722608799,0.006651859231773591,0.011416541497750196,0.006152614643612499,0.009880439977808343
bert_multilingual_stars,500,144,0.008488260981761555,0.009906293652118153,0.013452867349085391,0.01690853599709848,0.012928360762662744,0.019085454043273806
bert_multilingual_stars,500,145,0.008488260981761555,0.005475937075633084,0.012916362477936885,0.016223356879465134,0.011858030259132395,0.016133511868017262
bert_multilingual_stars,500,146,0.008488260981761555,0.013861633357341297,0.013065106130532042,0.018311742350415956,0.011573227257912131,0.02309728298529049
bert_multilingual_stars,500,147,0.008488260981761555,0.005072777396735042,0.009267031720835801,0.014473641720623312,0.00833815026089475,0.015837682707487664
bert_multilingual_stars,500,148,0.008488260981761555,0.01169311276374493,0.00870425207592556,0.013602037872901592,0.007255112678566927,0.014674627528161002
bert_multilingual_stars,500,149,0.008488260981761555,0.013267262872062884,0.0121512895757188,0.016478818678520316,0.012405892900443784,0.015604995353586558
bert_multilingual_stars,500,150,0.008488260981761555,0.00010879365331965207,0.00812902143856334,0.00972838199643204,0.006669657010538321,0.010211430725155443
bert_multilingual_stars,500,151,0.008488260981761555,0.003996470739274554,0.005658795347195673,0.01185902813776753,0.006489493579348852,0.010021941874085116
bert_multilingual_stars,500,152,0.008488260981761555,0.0028469996289852578,0.005227205004652992,0.007414532524553477,0.004581091429581959,0.00857389969292678
bert_multilingual_stars,500,153,0.008488260981761555,0.0057856504534943695,0.010176639646859957,0.012421149800709557,0.010191733650782334,0.014052384490059501
bert_multilingual_stars,500,154,0.008488260981761555,0.012602542652093488,0.01491137608372716,0.021726629321303655,0.013850624918912613,0.019962058706171636
bert_multilingual_stars,500,155,0.008488260981761555,0.00850534726971388,0.01174668618926157,0.013423432919418053,0.010669097018540298,0.014509244141508166
bert_multilingual_stars,500,156,0.008488260981761555,0.011141017925311676,0.017867949294930813,0.020990468996115376,0.018253995022224197,0.021632931933462822
bert_multilingual_stars,500,157,0.008488260981761555,0.000742700110159922,0.005058223099915285,0.008862541247705578,0.004660744975710724,0.0091317356259682
bert_multilingual_stars,500,158,0.008488260981761555,0.0184432028416344,0.016940544027180784,0.018063119653033394,0.015086796546676166,0.02031932120380407
bert_multilingual_stars,500,159,0.008488260981761555,0.006576917160004008,0.010135578197256297,0.013869535842418968,0.010198345400270235,0.014408583154736698
bert_multilingual_stars,500,160,0.008488260981761555,0.01001773528857052,0.011302543509352028,0.012976703019273492,0.009134400718978912,0.012401163708377046
bert_multilingual_stars,500,161,0.008488260981761555,0.007936511489977484,0.012251323696379912,0.013669531954763616,0.010523993933587725,0.01680176524136435
bert_multilingual_stars,500,162,0.008488260981761555,0.001747707458631797,0.005630280915817043,0.011099146164563752,0.006377629752680591,0.012741220018436472
bert_multilingual_stars,500,163,0.008488260981761555,-0.0003430663026804762,0.005789814216918131,0.007994933277803817,0.0055776662812511545,0.009194314713570953
bert_multilingual_stars,500,164,0.008488260981761555,0.01205600345999823,0.016419191941952595,0.017396030793989794,0.014621043825071046,0.018322783976769917
bert_multilingual_stars,500,165,0.008488260981761555,0.01928258446596287,0.011857095459949901,0.016609764375234943,0.011522362287962966,0.015246533530803408
bert_multilingual_stars,500,166,0.008488260981761555,0.010665659851697347,0.014296285323063138,0.01537440568954047,0.010864839589618085,0.016962230462382443
bert_multilingual_stars,500,167,0.008488260981761555,0.0036118054087270817,0.011049266153688212,0.012997889752424349,0.00961057498684729,0.014820157591088363
bert_multilingual_stars,500,168,0.008488260981761555,0.00654270361853981,0.006917053660996738,0.0095286844254284,0.005766865579788699,0.012554064024632081
bert_multilingual_stars,500,169,0.008488260981761555,0.016760153018873385,0.010050133908544544,0.01357098972896929,0.006477027149488757,0.014599877936931127
bert_multilingual_stars,500,170,0.008488260981761555,0.02707952405148032,0.018525362292321552,0.023250794066340185,0.017463267039384202,0.022335586834039953
bert_multilingual_stars,500,171,0.008488260981761555,0.011588060065008805,0.014938551511843515,0.018089401610286913,0.01369187968439837,0.01785122271546401
bert_multilingual_stars,500,172,0.008488260981761555,0.001886682634565458,0.008328380111955462,0.012431058551563349,0.009609684422823454,0.011592168192688112
bert_multilingual_stars,500,173,0.008488260981761555,0.011550095866221084,0.010139038965561408,0.015633958500397577,0.010068118940491045,0.015144327592394204
bert_multilingual_stars,500,174,0.008488260981761555,0.008627817548315988,0.010588196017937415,0.01383857835916763,0.010431781054690217,0.014876220984893732
bert_multilingual_stars,500,175,0.008488260981761555,0.017663284387655544,0.01576118266289164,0.024193018474672517,0.014347036976279372,0.02393136066765314
bert_multilingual_stars,500,176,0.008488260981761555,0.009176127961962868,0.007436308518341516,0.013979506257829661,0.0054907419116896235,0.01431418956034334
bert_multilingual_stars,500,177,0.008488260981761555,0.01029894263410997,0.011334175824392508,0.013907393844247558,0.01295791914786179,0.01458021727983539
bert_multilingual_stars,500,178,0.008488260981761555,0.002141995580885952,0.0058901632547986,0.008484917791286753,0.0054036642990728636,0.008808670952480845
bert_multilingual_stars,500,179,0.008488260981761555,0.008047649624579146,0.008803552795694178,0.013364537721185395,0.007058126238011306,0.014109721653244239
bert_multilingual_stars,500,180,0.008488260981761555,0.011267015501460925,0.011872572958209295,0.013314674531668451,0.01003768940623017,0.015521913901312247
bert_multilingual_stars,500,181,0.008488260981761555,0.012413775342755819,0.01477720685545273,0.016318088166668746,0.0134760621700439,0.017627854694256838
bert_multilingual_stars,500,182,0.008488260981761555,0.013259341536480698,0.012971705912475963,0.015546328408770994,0.012772590991035945,0.017016909033301896
bert_multilingual_stars,500,183,0.008488260981761555,0.0059054125657681455,0.011517998053721388,0.016181663671942202,0.011858919663310253,0.016054528867001584
bert_multilingual_stars,500,184,0.008488260981761555,0.004954070856657251,0.010058557846256656,0.010849008254715315,0.007922473330518908,0.015358200914302107
bert_multilingual_stars,500,185,0.008488260981761555,0.005175582037337982,0.010041022454367495,0.01187701448507371,0.007363265161594749,0.014048676252565825
bert_multilingual_stars,500,186,0.008488260981761555,0.011918298605977543,0.014193303146303885,0.018081681613184596,0.009983186341382667,0.0177832183599843
bert_multilingual_stars,500,187,0.008488260981761555,0.007666315593177761,0.010332529646475337,0.012372446983574809,0.007655789147234408,0.012503490018632775
bert_multilingual_stars,500,188,0.008488260981761555,0.0002697202639841185,0.007240076827274009,0.010940511507147036,0.007704525969202916,0.011216353501972894
bert_multilingual_stars,500,189,0.008488260981761555,0.01456952856013742,0.012803527447573744,0.020673239210459396,0.011304323900105776,0.0202251882425132
bert_multilingual_stars,500,190,0.008488260981761555,0.00684076291886604,0.009716733735041106,0.014784302943252012,0.008853785325972594,0.014578782724717722
bert_multilingual_stars,500,191,0.008488260981761555,0.013525700565093519,0.011981939960024744,0.015421066190567658,0.010483080893857098,0.018053100290266147
bert_multilingual_stars,500,192,0.008488260981761555,0.007163634363258121,0.007862914889842051,0.00911304925575761,0.005389383536095357,0.010643647295610898
bert_multilingual_stars,500,193,0.008488260981761555,0.0029005066131352546,0.007007982648016684,0.011096475423889897,0.00560022846804011,0.011455401960091345
bert_multilingual_stars,500,194,0.008488260981761555,0.0052328491224474,0.009378700742149557,0.011971145458644639,0.008075075513442803,0.012445004999010122
bert_multilingual_stars,500,195,0.008488260981761555,0.009017381281725962,0.012908477199226828,0.014794778535092586,0.011699209858809935,0.015936984478754166
bert_multilingual_stars,500,196,0.008488260981761555,0.014178583052593048,0.01334687555164993,0.016069512931205832,0.013221010661271286,0.01634699700177727
bert_multilingual_stars,500,197,0.008488260981761555,0.009606222043590759,0.008148845858360582,0.015389067283971297,0.00566246462252372,0.013498815111180486
bert_multilingual_stars,500,198,0.008488260981761555,0.01250854075072782,0.011468889546354175,0.015890486626160497,0.009371605889038407,0.016906988553513688
bert_multilingual_stars,500,199,0.008488260981761555,0.001949149068865189,0.01142813778471727,0.013410426208897755,0.01045330375598277,0.014059940184146691
bert_multilingual_stars,750,0,0.008488260981761555,0.008780474268460745,0.007820316278699342,0.011049137710544334,0.00568153276690476,0.010864108154731395
bert_multilingual_stars,750,1,0.008488260981761555,0.009471662662666955,0.009142692887490367,0.012013955966051836,0.008538870081220052,0.01312323645071483
bert_multilingual_stars,750,2,0.008488260981761555,0.01589835154711587,0.012817598434997333,0.019606711135052943,0.013540184185861885,0.017923280242709182
bert_multilingual_stars,750,3,0.008488260981761555,0.01047775502092235,0.005907314341556989,0.009861277524551213,0.005166305693443958,0.013710704922855385
bert_multilingual_stars,750,4,0.008488260981761555,0.005385684820645111,0.006887730158131798,0.010506155039562457,0.006178322778442597,0.01070810662786727
bert_multilingual_stars,750,5,0.008488260981761555,0.007639291436415692,0.011227628894986874,0.013374608018142156,0.010747579648128513,0.01384369591799057
bert_multilingual_stars,750,6,0.008488260981761555,0.009872003192284347,0.011346638090533495,0.012690817597826502,0.011128268875398672,0.014472057764334391
bert_multilingual_stars,750,7,0.008488260981761555,0.007247161491432155,0.0070687118177774335,0.010429722653773805,0.00760532952135033,0.011370208574642231
bert_multilingual_stars,750,8,0.008488260981761555,0.0029688013495547216,0.004923141969753175,0.010133907492194626,0.006115622289587291,0.010392327107257645
bert_multilingual_stars,750,9,0.008488260981761555,0.014004679763416447,0.010892915087047986,0.016553609852436597,0.009129124824339516,0.017843235159016122
bert_multilingual_stars,750,10,0.008488260981761555,0.008722169821767236,0.008601480074802853,0.012155878005101262,0.008078191529201485,0.013312311892432168
bert_multilingual_stars,750,11,0.008488260981761555,0.008462151323956042,0.010405996585488535,0.01411430703692253,0.009912769896592533,0.014884541573313802
bert_multilingual_stars,750,12,0.008488260981761555,0.007879452121508238,0.009847310176094439,0.012132733118298744,0.009676568979435194,0.01328959404802462
bert_multilingual_stars,750,13,0.008488260981761555,0.0074004604231999276,0.008832603293182958,0.011267562737574933,0.00894930328098431,0.011671405661287389
bert_multilingual_stars,750,14,0.008488260981761555,0.010693335363601657,0.010036002567267064,0.01258745867301365,0.011162825311934391,0.014562500172491825
bert_multilingual_stars,750,15,0.008488260981761555,0.012591893447750213,0.014400771148885038,0.01838451777973213,0.012308207826608969,0.01864377242726468
bert_multilingual_stars,750,16,0.008488260981761555,0.010414122271292795,0.01398817637345308,0.017416994287562017,0.013455780299394945,0.017108244067182154
bert_multilingual_stars,750,17,0.008488260981761555,0.022083084283267416,0.019520044458854538,0.023216001682548285,0.01877860362164599,0.025238699072188113
bert_multilingual_stars,750,18,0.008488260981761555,0.004297939016204551,0.009425770583287169,0.012250221528244697,0.009416463304359819,0.013791300899040801
bert_multilingual_stars,750,19,0.008488260981761555,0.006883594874234411,0.00788818453728607,0.009230952336626538,0.007260982986859984,0.011994735551724362
bert_multilingual_stars,750,20,0.008488260981761555,0.0074106752450964425,0.009103465909972441,0.013396895222191757,0.008836719602646556,0.013900013351655553
bert_multilingual_stars,750,21,0.008488260981761555,0.004633903074425891,0.009641670208461591,0.012151321323565976,0.008810316908608496,0.01335436754136309
bert_multilingual_stars,750,22,0.008488260981761555,0.00486565747600608,0.007198896762587799,0.011469195931650952,0.007559096825095681,0.013187378634437977
bert_multilingual_stars,750,23,0.008488260981761555,0.009995129109034837,0.011627758955041232,0.01667947641408873,0.012905064716446372,0.015326684278879623
bert_multilingual_stars,750,24,0.008488260981761555,0.011467786063788635,0.010632187644596081,0.01458494628387943,0.011415393694909227,0.01523032336289886
bert_multilingual_stars,750,25,0.008488260981761555,0.004334849185637362,0.005718802943072815,0.008361368001920522,0.004335169106073881,0.011060257458529944
bert_multilingual_stars,750,26,0.008488260981761555,0.0033670979502715493,0.0051645982271393606,0.009122642530631055,0.0042568873197557314,0.01095732597366723
bert_multilingual_stars,750,27,0.008488260981761555,0.013301887716702808,0.016694300199114293,0.020228913687370925,0.01469662626245983,0.021395586751674408
bert_multilingual_stars,750,28,0.008488260981761555,0.009947947355982527,0.01161062849160694,0.016327867300073753,0.010869834576316528,0.017511988461878136
bert_multilingual_stars,750,29,0.008488260981761555,0.010135965641181858,0.01250058656537439,0.016072058563006763,0.011702512785480968,0.014811855756446462
bert_multilingual_stars,750,30,0.008488260981761555,0.0033937156781745593,0.008376120070134552,0.013625435263796162,0.009408076230715868,0.012930447394123053
bert_multilingual_stars,750,31,0.008488260981761555,0.007461578909468075,0.009128025160990282,0.011432848239744966,0.007659597465804944,0.012149783319465646
bert_multilingual_stars,750,32,0.008488260981761555,0.012636599837929124,0.011539129251833724,0.014853373696027038,0.010800836043704078,0.015710341150336996
bert_multilingual_stars,750,33,0.008488260981761555,0.004236939591637785,0.005493911595938659,0.010312984902019193,0.005524473510796432,0.010694047127727584
bert_multilingual_stars,750,34,0.008488260981761555,0.008974154255478982,0.01011780385817546,0.01348706523696806,0.009768337789064257,0.012624424088430652
bert_multilingual_stars,750,35,0.008488260981761555,0.01780477700092353,0.01916191975342394,0.022294032710012634,0.018867660329762007,0.023924941099322573
bert_multilingual_stars,750,36,0.008488260981761555,0.005947375403776285,0.010016801869923878,0.013070860765510811,0.008664199836137624,0.015076566223872002
bert_multilingual_stars,750,37,0.008488260981761555,0.0124417797670882,0.010919385988505979,0.014047198596013584,0.011483904714693889,0.014172660923404936
bert_multilingual_stars,750,38,0.008488260981761555,0.010341268974084158,0.011348669922812507,0.014603047083291952,0.011298188145550343,0.014691614504485731
bert_multilingual_stars,750,39,0.008488260981761555,0.00698175388017984,0.007952558786568467,0.010319042929645193,0.008473984159319435,0.012358672792359218
bert_multilingual_stars,750,40,0.008488260981761555,0.007394358778708861,0.007498483813491015,0.012937652000888117,0.007206735624189091,0.013650242946625287
bert_multilingual_stars,750,41,0.008488260981761555,0.012461797040443343,0.014156910546526357,0.015542481578438303,0.013298591869629282,0.01797234789054492
bert_multilingual_stars,750,42,0.008488260981761555,0.004528722468689434,0.008519440466745394,0.012613720518966887,0.006745979144795967,0.012333379935031684
bert_multilingual_stars,750,43,0.008488260981761555,0.011302448995125301,0.009895314016860132,0.013573218291838924,0.008633610978097013,0.014565234453752234
bert_multilingual_stars,750,44,0.008488260981761555,0.0095633901400267,0.010721163654205678,0.013780403881048647,0.010376499672294901,0.01503437896867244
bert_multilingual_stars,750,45,0.008488260981761555,0.00834070371631576,0.007744526301755049,0.011528931401901048,0.007903315951769482,0.014096366784988896
bert_multilingual_stars,750,46,0.008488260981761555,0.014929010193522956,0.013893880230282232,0.017046653272706273,0.013149583555075745,0.019126261204340595
bert_multilingual_stars,750,47,0.008488260981761555,0.00993963878872979,0.009199634529695539,0.012260559704506964,0.009175440257359129,0.01618253127983349
bert_multilingual_stars,750,48,0.008488260981761555,0.010996548124074143,0.012191727115248175,0.01742944062268843,0.012503575338928858,0.019885468785519163
bert_multilingual_stars,750,49,0.008488260981761555,0.00837642145009277,0.009195348811524348,0.011860687072705062,0.009691254383939515,0.013853393413765394
bert_multilingual_stars,750,50,0.008488260981761555,0.009138505930723373,0.012402228805729009,0.016914622841471397,0.012779938815562348,0.017088221413870033
bert_multilingual_stars,750,51,0.008488260981761555,0.009638347447963734,0.008829387624506899,0.011120952881522934,0.007882557384503353,0.01334263548552696
bert_multilingual_stars,750,52,0.008488260981761555,0.0028135412016593426,0.007634303313702454,0.009964699400617633,0.007788799598457675,0.012784868656759095
bert_multilingual_stars,750,53,0.008488260981761555,0.00875560454371967,0.01257017397755428,0.01568464215260667,0.011197053353737227,0.01771067787869392
bert_multilingual_stars,750,54,0.008488260981761555,0.011752067824629734,0.01330584592433588,0.01677801116882446,0.012258967747926414,0.015910728372464253
bert_multilingual_stars,750,55,0.008488260981761555,0.011085598153988244,0.011800383801691492,0.013860562999861064,0.011086353280511933,0.01502354370325477
bert_multilingual_stars,750,56,0.008488260981761555,0.005108581566398027,0.0092571554317497,0.013521267028904374,0.007955746828902646,0.013890448600871075
bert_multilingual_stars,750,57,0.008488260981761555,0.009354355377477664,0.008925442410973546,0.012616851046796591,0.00850805215310293,0.01418413057040549
bert_multilingual_stars,750,58,0.008488260981761555,0.007939346961416575,0.016181509994090668,0.017996043959983145,0.015055023869479668,0.02058591648389392
bert_multilingual_stars,750,59,0.008488260981761555,0.002501934420739124,0.007006507951666489,0.009955179782575558,0.007563386281716799,0.010937609601223865
bert_multilingual_stars,750,60,0.008488260981761555,0.011047135787630396,0.013042675937694604,0.01596589322102481,0.013250496367750123,0.01747494119479779
bert_multilingual_stars,750,61,0.008488260981761555,0.00924674661036497,0.010970211493777889,0.014037845993031092,0.011271485073736901,0.014557738595291376
bert_multilingual_stars,750,62,0.008488260981761555,0.0037687766000287903,0.010136377690334939,0.01150906646310797,0.00891327756210199,0.01578831048564448
bert_multilingual_stars,750,63,0.008488260981761555,0.007201492349121033,0.00948264540378124,0.011889963334288718,0.009266500868392332,0.013342663957079665
bert_multilingual_stars,750,64,0.008488260981761555,0.013494556618267827,0.0119130892026641,0.016417354783131898,0.011253914974129213,0.01740718761487916
bert_multilingual_stars,750,65,0.008488260981761555,0.0026167825508624305,0.008286033806229333,0.010925602239860688,0.008499590806726291,0.014177645607928658
bert_multilingual_stars,750,66,0.008488260981761555,0.005846086922356658,0.007661378820016031,0.009653911206553857,0.007524532042465934,0.012198501063415289
bert_multilingual_stars,750,67,0.008488260981761555,0.007260037962642675,0.011448843347418285,0.01483712114326294,0.01186686944670703,0.01591144435193598
bert_multilingual_stars,750,68,0.008488260981761555,0.008413674413446088,0.009426054174018603,0.012834740180455429,0.009750214389951252,0.015178488762733332
bert_multilingual_stars,750,69,0.008488260981761555,0.005536557036901178,0.01023281678264488,0.012899980032894696,0.010451410594051184,0.015991218282788513
bert_multilingual_stars,750,70,0.008488260981761555,0.008644330685079232,0.009385812746221023,0.011132837474965481,0.00887952285514302,0.013553931552116321
bert_multilingual_stars,750,71,0.008488260981761555,0.014479243965174258,0.011243786761422323,0.013804834915040292,0.012298862013988058,0.01813205042155837
bert_multilingual_stars,750,72,0.008488260981761555,0.005736526632435376,0.008586006469262988,0.011312306651408987,0.007957892998709406,0.0117386915273657
bert_multilingual_stars,750,73,0.008488260981761555,0.004200425632283996,0.00832570638993472,0.010894998909496537,0.008050326522148026,0.013619199742234772
bert_multilingual_stars,750,74,0.008488260981761555,0.011881012806966334,0.013204054482038562,0.015806907579878234,0.013113508519076406,0.017233531064083655
bert_multilingual_stars,750,75,0.008488260981761555,0.012778063696938053,0.012281486677342473,0.01337981938798712,0.011681825949642375,0.013961925988635236
bert_multilingual_stars,750,76,0.008488260981761555,0.005906013967839482,0.011216940008446306,0.013931190966209095,0.009638857748558246,0.015266000548190582
bert_multilingual_stars,750,77,0.008488260981761555,0.009135026078234541,0.009621468982685974,0.01071640415274147,0.008098906948353779,0.013535568338375195
bert_multilingual_stars,750,78,0.008488260981761555,0.007032080883650269,0.009247230582905847,0.010595670012346648,0.008737017988437776,0.011914741306990393
bert_multilingual_stars,750,79,0.008488260981761555,0.004763016098150804,0.008931798099170439,0.011146458890387801,0.008739457089095858,0.012270686109186397
bert_multilingual_stars,750,80,0.008488260981761555,0.009065486788850307,0.011070778139440855,0.01593282949943142,0.011829157186635426,0.015879029040737448
bert_multilingual_stars,750,81,0.008488260981761555,0.02028596340985659,0.013781390595952153,0.017953015151208045,0.0129973000637782,0.02093578555307228
bert_multilingual_stars,750,82,0.008488260981761555,0.014669809362167337,0.009126948848612218,0.016233271885913742,0.00893592361609796,0.02000835453524503
bert_multilingual_stars,750,83,0.008488260981761555,0.01105897162971447,0.014019161083451108,0.020805573392157474,0.013737842416371356,0.020024559065563493
bert_multilingual_stars,750,84,0.008488260981761555,0.00891107007927896,0.009654302153342667,0.01345631697553597,0.00915195862878234,0.014424713888686816
bert_multilingual_stars,750,85,0.008488260981761555,0.003161284076573365,0.0055568686753226584,0.008752340245167424,0.0053124825771516905,0.011940485479141928
bert_multilingual_stars,750,86,0.008488260981761555,0.006566398914018848,0.008658845958027102,0.011821861635423678,0.007237594825579765,0.011760371724607947
bert_multilingual_stars,750,87,0.008488260981761555,0.011765400522946654,0.00822306888707196,0.01182787126811326,0.008291628909936314,0.014102518792001396
bert_multilingual_stars,750,88,0.008488260981761555,0.006606556945111555,0.011143974997195882,0.012527916358889194,0.011250438430893378,0.0142479488817574
bert_multilingual_stars,750,89,0.008488260981761555,0.0058563420773702565,0.006616983689811666,0.010187801252973316,0.0066232819356369915,0.012564212645646203
bert_multilingual_stars,750,90,0.008488260981761555,0.006854691968887093,0.009679024636205935,0.012522724941509928,0.008817419002867635,0.013181705433239821
bert_multilingual_stars,750,91,0.008488260981761555,0.004537011188477887,0.00776603666552542,0.01188337671513145,0.0071132975351190855,0.013166347552238175
bert_multilingual_stars,750,92,0.008488260981761555,0.015042875732673065,0.013666113769312194,0.015563864574949262,0.012194313525810166,0.01888118071054485
bert_multilingual_stars,750,93,0.008488260981761555,0.006476720909177712,0.009233126445649099,0.01135089941472279,0.008653479877185758,0.012743832535348212
bert_multilingual_stars,750,94,0.008488260981761555,0.006735984484323971,0.010216316239833352,0.01555042668353324,0.011483321662978723,0.01458951963894258
bert_multilingual_stars,750,95,0.008488260981761555,0.004930852742122191,0.007056828760969043,0.009614290083977878,0.0068771476854249235,0.011772619122662023
bert_multilingual_stars,750,96,0.008488260981761555,0.018582352137662368,0.017327031818334518,0.02035790316198896,0.017118344340432728,0.02122501543790382
bert_multilingual_stars,750,97,0.008488260981761555,0.008709515948894131,0.007390665923956817,0.012451249230814455,0.007435105619229397,0.01512525416657316
bert_multilingual_stars,750,98,0.008488260981761555,0.006556735373022498,0.009036756065939814,0.012701359300108218,0.009719503151524795,0.012388135589895396
bert_multilingual_stars,750,99,0.008488260981761555,0.012808341472368041,0.00998003325931186,0.01160890974642559,0.007378883426671447,0.013448922912965715
bert_multilingual_stars,750,100,0.008488260981761555,0.013950403766876989,0.013215395456792716,0.015967488616328,0.012460104358093175,0.01861711216905658
bert_multilingual_stars,750,101,0.008488260981761555,0.006487933501290654,0.01101880300234102,0.01320388323901606,0.009948385201126371,0.016339009512718886
bert_multilingual_stars,750,102,0.008488260981761555,0.008486234252173003,0.01206192405677657,0.01454708246475602,0.01238739287613524,0.015709462375825097
bert_multilingual_stars,750,103,0.008488260981761555,0.005427585052040921,0.011116732577082145,0.016624727404469207,0.012898238485295956,0.016602616454889706
bert_multilingual_stars,750,104,0.008488260981761555,0.007341272697413759,0.009366277618334046,0.013280637749542506,0.008273228920617427,0.01493774940929248
bert_multilingual_stars,750,105,0.008488260981761555,0.009466099747754508,0.0092276012047066,0.011971831077947819,0.008239497132485712,0.012975170918603776
bert_multilingual_stars,750,106,0.008488260981761555,0.008857557748463795,0.009908756719759663,0.013265022389466686,0.009911285653901612,0.014753127637698024
bert_multilingual_stars,750,107,0.008488260981761555,0.0038686503989724917,0.006576067860921744,0.009109227169352599,0.006718220273863345,0.01156888567730017
bert_multilingual_stars,750,108,0.008488260981761555,0.006411766030031019,0.008274885013094197,0.01108538287772418,0.007478623246788397,0.01358762281156286
bert_multilingual_stars,750,109,0.008488260981761555,0.01480409259018541,0.012860098168292622,0.01702181927604466,0.012430186211536891,0.01856935537096361
bert_multilingual_stars,750,110,0.008488260981761555,0.006732082886759469,0.009498830838181952,0.01103036696634017,0.008496476983449281,0.012897010866365747
bert_multilingual_stars,750,111,0.008488260981761555,0.007020495517532383,0.009951355094195593,0.011935517940716671,0.009115065460948323,0.01295585151942122
bert_multilingual_stars,750,112,0.008488260981761555,0.011507259466142613,0.010299850812312727,0.013769354174982842,0.010437701990887893,0.015507524418483404
bert_multilingual_stars,750,113,0.008488260981761555,0.00663018080312187,0.01123159079163974,0.013536744692235324,0.008809867535575425,0.01296019928170586
bert_multilingual_stars,750,114,0.008488260981761555,0.010591369811796567,0.011928366055963873,0.016147171716715075,0.012007831218858957,0.017225179028561122
bert_multilingual_stars,750,115,0.008488260981761555,0.005494731524872748,0.014785722473871447,0.017813588248248326,0.012445613122625848,0.017190949034175843
bert_multilingual_stars,750,116,0.008488260981761555,0.006772219289575356,0.006168285074259285,0.009465840912683002,0.005929561872418263,0.01307858372134948
bert_multilingual_stars,750,117,0.008488260981761555,0.014420690945868276,0.012408121209361703,0.017314668694408248,0.009923779829980843,0.017680290301408698
bert_multilingual_stars,750,118,0.008488260981761555,0.005616076912958262,0.008068570898738109,0.011270432489911749,0.008340508590566582,0.01313822417028628
bert_multilingual_stars,750,119,0.008488260981761555,0.004433566829213,0.009871947097101317,0.011709413309293345,0.008735709287810665,0.012466952725103566
bert_multilingual_stars,750,120,0.008488260981761555,0.008132222902412976,0.006910256197873945,0.010696472260275973,0.007417076015309738,0.012396503804284306
bert_multilingual_stars,750,121,0.008488260981761555,0.0035215540299669357,0.010357915047622988,0.013533784854188742,0.01165398382929267,0.014919406723963854
bert_multilingual_stars,750,122,0.008488260981761555,0.0030026358883300758,0.006557358030401639,0.011736533494889293,0.006684779199295249,0.012429930940226722
bert_multilingual_stars,750,123,0.008488260981761555,0.00934516359395029,0.008877826699342835,0.010666254440780919,0.00819146424110516,0.016229586631527976
bert_multilingual_stars,750,124,0.008488260981761555,-0.002701302679630031,0.004326141421086038,0.006368005395618013,0.004322151487760297,0.00787176022843588
bert_multilingual_stars,750,125,0.008488260981761555,0.014884875553941348,0.008319828019971408,0.014419738297392013,0.00862284966281435,0.018609535986100413
bert_multilingual_stars,750,126,0.008488260981761555,0.00817132860605556,0.008365282062756359,0.012427533215928176,0.009615906435372109,0.015201476230875713
bert_multilingual_stars,750,127,0.008488260981761555,0.01392753225423571,0.013721155687474633,0.018457885156588253,0.013919952330467633,0.02140398127187111
bert_multilingual_stars,750,128,0.008488260981761555,0.006971757441952626,0.01048363891278771,0.01449327971948829,0.009751938787024564,0.015029327686114823
bert_multilingual_stars,750,129,0.008488260981761555,0.013958645975956838,0.01427341484953039,0.017314504460172013,0.013532495161730228,0.020798391366011647
bert_multilingual_stars,750,130,0.008488260981761555,0.003847067891593941,0.008316434259322584,0.009732059178984197,0.006400523052082413,0.013541610551997624
bert_multilingual_stars,750,131,0.008488260981761555,0.004164324627909539,0.006433153289608325,0.008992166722382282,0.005071017463716016,0.011685994834426353
bert_multilingual_stars,750,132,0.008488260981761555,0.004750529822520528,0.008495019426078382,0.010338737083465463,0.008545498433105068,0.012257571234795091
bert_multilingual_stars,750,133,0.008488260981761555,0.007280279914876903,0.006106994566902464,0.009913351222914922,0.006129992518708492,0.011785964484037648
bert_multilingual_stars,750,134,0.008488260981761555,0.009038180696088312,0.006887406459801821,0.009224998601311686,0.006037600909790459,0.012149515339637667
bert_multilingual_stars,750,135,0.008488260981761555,0.003718869230117185,0.007944246339944823,0.010853569498453938,0.009014896466738136,0.012336522806877161
bert_multilingual_stars,750,136,0.008488260981761555,0.016056093580111234,0.018358723718036724,0.021301812133263216,0.018886702461165753,0.02267343681479656
bert_multilingual_stars,750,137,0.008488260981761555,0.004501401998711559,0.00885689186502414,0.01216171815686753,0.009219899468669537,0.012985794319302016
bert_multilingual_stars,750,138,0.008488260981761555,0.0074284033924664076,0.011403627864481292,0.012978630007691018,0.009617457403225447,0.015184314721629302
bert_multilingual_stars,750,139,0.008488260981761555,0.004107223907486728,0.009363601841108989,0.012739286714529735,0.009472304640907276,0.013052297464023787
bert_multilingual_stars,750,140,0.008488260981761555,0.008278064520216778,0.008451378102824229,0.012813730466827742,0.007135895039095804,0.014139091899280998
bert_multilingual_stars,750,141,0.008488260981761555,0.008762301838337946,0.011670220033953443,0.015153436460323157,0.01160043753708591,0.014582633227867564
bert_multilingual_stars,750,142,0.008488260981761555,0.008019864258072778,0.010032339590528974,0.012774933738862506,0.010141046719020712,0.01462134055787808
bert_multilingual_stars,750,143,0.008488260981761555,0.009399033342786063,0.009694958783502305,0.014634367094607787,0.00920882846653686,0.015555034432402262
bert_multilingual_stars,750,144,0.008488260981761555,0.010750922331694748,0.01136298816121406,0.013884830280090242,0.011391182406666572,0.015255711252633534
bert_multilingual_stars,750,145,0.008488260981761555,0.004144533997638629,0.0069276313065087785,0.009861791033532233,0.005803471438325292,0.012485626386406948
bert_multilingual_stars,750,146,0.008488260981761555,0.018343819879251013,0.014935700224699163,0.02001428245334955,0.014352090867438227,0.020132031063432518
bert_multilingual_stars,750,147,0.008488260981761555,-0.0007776899035176156,0.00746119989560407,0.00895393258274053,0.006996585729593503,0.010459696894940121
bert_multilingual_stars,750,148,0.008488260981761555,0.010120650926755993,0.009292242016809843,0.013303377802879185,0.008638755528302504,0.014433817824893077
bert_multilingual_stars,750,149,0.008488260981761555,0.005069151085366004,0.01090613084996178,0.014977536564848492,0.010747703263782164,0.01644606187492338
bert_multilingual_stars,750,150,0.008488260981761555,0.009594615347990295,0.009171180092014867,0.01315777609928801,0.009358113666772251,0.012840824062783697
bert_multilingual_stars,750,151,0.008488260981761555,0.00577349566191375,0.008111358829628218,0.010920468828931159,0.008066171063914367,0.012786678728109317
bert_multilingual_stars,750,152,0.008488260981761555,0.006547031736937555,0.008849322189319315,0.010985048917767633,0.009372272119155879,0.012972015636381555
bert_multilingual_stars,750,153,0.008488260981761555,0.010963256519605707,0.011090460307684348,0.018334344226258993,0.01160316431625604,0.018447717733445383
bert_multilingual_stars,750,154,0.008488260981761555,0.010791182490732269,0.010309840861824337,0.013456651046726506,0.010800573596690075,0.01637777542544035
bert_multilingual_stars,750,155,0.008488260981761555,0.008096659878874573,0.00658542311111182,0.012802710080257027,0.0071280281648572206,0.012282946043389621
bert_multilingual_stars,750,156,0.008488260981761555,0.016557337876471092,0.014930372552216317,0.019394029531362832,0.014921233278275154,0.018733734571230544
bert_multilingual_stars,750,157,0.008488260981761555,0.006748089085992127,0.008729112482742723,0.010577357791402526,0.00783196248773511,0.012151770600951843
bert_multilingual_stars,750,158,0.008488260981761555,0.010233451658912717,0.008441168887493638,0.010587048169937554,0.008494573771119745,0.011979298978728747
bert_multilingual_stars,750,159,0.008488260981761555,0.010763280883582216,0.005244825670366012,0.009722154579147883,0.0063821007226142435,0.013942787600176063
bert_multilingual_stars,750,160,0.008488260981761555,0.009831220642734763,0.010204074256437696,0.014286527348726435,0.009722012967275928,0.017375619979742716
bert_multilingual_stars,750,161,0.008488260981761555,0.007810612367698393,0.00811932815809977,0.011681463943703467,0.00896466641865854,0.012093417862004619
bert_multilingual_stars,750,162,0.008488260981761555,0.010631572458142401,0.011115793741252959,0.013134967685933394,0.010323970491255264,0.015860987677924935
bert_multilingual_stars,750,163,0.008488260981761555,0.00496152852271549,0.007523277445842133,0.008569740367191986,0.007099788561779819,0.013340203039614524
bert_multilingual_stars,750,164,0.008488260981761555,0.003668081882364755,0.007841769245052381,0.011543824134413535,0.007652046859979197,0.012535961131306917
bert_multilingual_stars,750,165,0.008488260981761555,0.007875968381470358,0.012231703591234589,0.014971816915291983,0.011964162640757704,0.01823378052977008
bert_multilingual_stars,750,166,0.008488260981761555,0.004545991203122218,0.00921354308665156,0.011188774038034536,0.00913979030192337,0.012534095509099312
bert_multilingual_stars,750,167,0.008488260981761555,0.0073962731873454856,0.009529297982698632,0.0131571820893391,0.010000356328272036,0.01672751292809273
bert_multilingual_stars,750,168,0.008488260981761555,0.011181510800655131,0.015331427409619887,0.01812411146039367,0.015608172921249696,0.01999970949877717
bert_multilingual_stars,750,169,0.008488260981761555,0.011092644276113643,0.014886070750174004,0.017753362579123577,0.01426476738588198,0.020191908566845794
bert_multilingual_stars,750,170,0.008488260981761555,0.008411724088551507,0.011470596981503487,0.015609614561628881,0.010013522501163432,0.01750768563345482
bert_multilingual_stars,750,171,0.008488260981761555,0.006471259591579098,0.008028099783359418,0.012802553285399343,0.007593438215133687,0.014426146156604648
bert_multilingual_stars,750,172,0.008488260981761555,0.008741784537234608,0.010048373853750235,0.013744073800013532,0.009891319800914117,0.014379929596676349
bert_multilingual_stars,750,173,0.008488260981761555,0.007590801761828047,0.01069200305372674,0.013640044497023062,0.010944682123438142,0.014200579863418432
bert_multilingual_stars,750,174,0.008488260981761555,0.00681422920121966,0.013551732423046066,0.016480598190215714,0.013719700939093207,0.016568846198380515
bert_multilingual_stars,750,175,0.008488260981761555,0.006895768923802095,0.010963679003268058,0.013951633300726577,0.011593828794192547,0.015306383448093343
bert_multilingual_stars,750,176,0.008488260981761555,0.0039520473183947595,0.008721863120260754,0.01168790569544577,0.008681721258966307,0.012194603066558505
bert_multilingual_stars,750,177,0.008488260981761555,0.008506716040457319,0.012788614047224192,0.014432977377877158,0.011866940122065921,0.016307349294113524
bert_multilingual_stars,750,178,0.008488260981761555,0.005002511264753551,0.007915993141741176,0.011336370431464597,0.00782539173906627,0.01313976004649355
bert_multilingual_stars,750,179,0.008488260981761555,0.0040426624852032775,0.011094723232321049,0.013433091124581716,0.009507199397380334,0.014213865002874533
bert_multilingual_stars,750,180,0.008488260981761555,0.00824791006783272,0.014942593441695393,0.015277367539279921,0.013274273836205268,0.015567151415675055
bert_multilingual_stars,750,181,0.008488260981761555,0.004191250450686426,0.0070317709440046346,0.011699930644649246,0.006070209317056555,0.011242934469075785
bert_multilingual_stars,750,182,0.008488260981761555,0.015725160627926105,0.014060900585928033,0.01935328397585842,0.016188104281725853,0.02182689019062682
bert_multilingual_stars,750,183,0.008488260981761555,0.005143331044476277,0.007270320483786037,0.009981082681971046,0.006985661415147086,0.013532734526612517
bert_multilingual_stars,750,184,0.008488260981761555,0.008271517497500831,0.008297648481877726,0.011184832613799137,0.008401325001500056,0.013572328955000275
bert_multilingual_stars,750,185,0.008488260981761555,0.0076632322728734685,0.006604308771071697,0.011465843267244247,0.005936634325739036,0.015497056664324535
bert_multilingual_stars,750,186,0.008488260981761555,0.007687394293056205,0.009056924800028258,0.012341273968686593,0.00758142279900765,0.013321138260920684
bert_multilingual_stars,750,187,0.008488260981761555,0.006287758172395929,0.007214405241515331,0.01026177900974544,0.007330383753602594,0.012896513883164878
bert_multilingual_stars,750,188,0.008488260981761555,0.0052399485754541985,0.009741021757576096,0.011836471084856677,0.007661504697531127,0.014144170860472123
bert_multilingual_stars,750,189,0.008488260981761555,0.012217033642190215,0.01466628786768838,0.017102092405967176,0.013936389452769272,0.019401942348258313
bert_multilingual_stars,750,190,0.008488260981761555,0.004115601295161101,0.0075858426411821,0.010333068789506988,0.007469387216346654,0.012647348858623755
bert_multilingual_stars,750,191,0.008488260981761555,-6.252495709767558e-05,0.006416886339643868,0.008389883029081172,0.00613106820279309,0.01086120120632518
bert_multilingual_stars,750,192,0.008488260981761555,0.006597806274306263,0.008324444841818188,0.011953609060915988,0.008714310213005493,0.014211453817196141
bert_multilingual_stars,750,193,0.008488260981761555,0.010322048494520822,0.012678094076760418,0.01698698150666479,0.012962545267812322,0.01677261502285849
bert_multilingual_stars,750,194,0.008488260981761555,0.0006592528837113017,0.0071948923851010435,0.011142250497284586,0.006491555883912297,0.010980221873475658
bert_multilingual_stars,750,195,0.008488260981761555,0.007576501319875347,0.009260614441933789,0.012059688569196036,0.00828226188762555,0.012954401480941163
bert_multilingual_stars,750,196,0.008488260981761555,0.008334317177092055,0.013228682217198855,0.014331887279494809,0.012276057596574654,0.016725669563314473
bert_multilingual_stars,750,197,0.008488260981761555,0.00021131941356011062,0.007316272773161717,0.008083391293797402,0.0064442573413765625,0.009906073913738067
bert_multilingual_stars,750,198,0.008488260981761555,0.0070258700952202865,0.010056584183660395,0.01118410275440143,0.009488919769790447,0.015014378287505261
bert_multilingual_stars,750,199,0.008488260981761555,0.00820406386174017,0.00691720698247075,0.009652878396373623,0.007200856323432738,0.01196838132900033
bert_multilingual_stars,1000,0,0.008488260981761555,0.007072337263063632,0.011390253349590606,0.012918853179581198,0.011194211279287783,0.01766599585632103
bert_multilingual_stars,1000,1,0.008488260981761555,0.01697830953150589,0.01592779069384442,0.018635662089071376,0.01532757828855379,0.02080069906613306
bert_multilingual_stars,1000,2,0.008488260981761555,0.009294756889501633,0.01195562214178324,0.013485380340179742,0.010072296293126006,0.01684993153099746
bert_multilingual_stars,1000,3,0.008488260981761555,0.009670403825966291,0.01209743645389205,0.014247286735805866,0.011851940558022833,0.01704016346273887
bert_multilingual_stars,1000,4,0.008488260981761555,0.0075938246007667244,0.009693960734922628,0.013297476255414853,0.010238427157965375,0.015455909131586612
bert_multilingual_stars,1000,5,0.008488260981761555,0.007998288885575558,0.009011034095869168,0.01069041529620693,0.008678774296790958,0.013117161014061096
bert_multilingual_stars,1000,6,0.008488260981761555,0.009497723325896587,0.012678189844525678,0.017156520206093383,0.0096133032150101,0.01813158923969985
bert_multilingual_stars,1000,7,0.008488260981761555,0.004197884683270738,0.005536499436463121,0.008461989042391855,0.00528256122285277,0.010594028725242377
bert_multilingual_stars,1000,8,0.008488260981761555,0.008589042195139894,0.008750508017347319,0.012278092597442263,0.008900708712602096,0.015435804398570481
bert_multilingual_stars,1000,9,0.008488260981761555,0.009113768639568342,0.011045713587644078,0.013673124012463967,0.010864013288261216,0.015519196076038336
bert_multilingual_stars,1000,10,0.008488260981761555,0.000877561058137538,0.00699750783463337,0.009968981788768613,0.007054232881962034,0.011624190507433095
bert_multilingual_stars,1000,11,0.008488260981761555,0.008900787919910499,0.008534289567291275,0.011689119396182826,0.009394016411640175,0.015545064113431036
bert_multilingual_stars,1000,12,0.008488260981761555,0.003123046141636854,0.006899616962829581,0.009664472864637308,0.007065153636092166,0.010692844455571221
bert_multilingual_stars,1000,13,0.008488260981761555,0.009480962162850303,0.01035385099548778,0.012860285559195677,0.009658093425356363,0.01493572338076824
bert_multilingual_stars,1000,14,0.008488260981761555,0.0008139060899057268,0.0064319562036298655,0.008325043500843924,0.006225010916944199,0.01066574368101867
bert_multilingual_stars,1000,15,0.008488260981761555,0.010697646521013411,0.011913084429214746,0.014273475220133797,0.01157741320921088,0.01688526902520245
bert_multilingual_stars,1000,16,0.008488260981761555,0.01229237863865555,0.009401971032796391,0.012697894286881135,0.010168307360350268,0.01641038332703766
bert_multilingual_stars,1000,17,0.008488260981761555,0.00858837200191781,0.007686090575382724,0.01011211518892675,0.0069354839857355575,0.013438847619443863
bert_multilingual_stars,1000,18,0.008488260981761555,0.007893291947475086,0.006824135518253689,0.009600747609392534,0.0063664209401459075,0.012329665080218174
bert_multilingual_stars,1000,19,0.008488260981761555,0.009764061718889912,0.01557322454078442,0.018041085818329302,0.016230067146315127,0.018457549605141493
bert_multilingual_stars,1000,20,0.008488260981761555,0.00748955160139932,0.010846185235884966,0.01300427825164231,0.009569192196127601,0.014767395227090313
bert_multilingual_stars,1000,21,0.008488260981761555,0.003211191350761747,0.007623075093493841,0.009651675961598138,0.007068323046609681,0.011266689336570556
bert_multilingual_stars,1000,22,0.008488260981761555,0.0115227710803895,0.00826257111935656,0.01307369858435008,0.008318820237638122,0.016560012285573817
bert_multilingual_stars,1000,23,0.008488260981761555,0.006736863868444887,0.008053204575168433,0.010831760238952144,0.007552681983395921,0.011741143451240312
bert_multilingual_stars,1000,24,0.008488260981761555,0.012052395765631175,0.008334133141891886,0.013945512332015325,0.00809274786163689,0.015966168004705107
bert_multilingual_stars,1000,25,0.008488260981761555,0.012645886506226072,0.010250612851408278,0.0148330947372575,0.010054890122525247,0.017188088386867004
bert_multilingual_stars,1000,26,0.008488260981761555,0.009282993451874779,0.009059332584753072,0.014808710057075174,0.008721284525985775,0.015930104245232498
bert_multilingual_stars,1000,27,0.008488260981761555,0.0076006197023969265,0.012603115305686325,0.01615274195669115,0.012121588773418363,0.01590451478068177
bert_multilingual_stars,1000,28,0.008488260981761555,0.007021618137251,0.00719260295256812,0.010302113478767274,0.00696361142516908,0.01274226921009259
bert_multilingual_stars,1000,29,0.008488260981761555,0.013367304622642866,0.00816557981100879,0.01206141162859338,0.00827874199304263,0.014261616612436577
bert_multilingual_stars,1000,30,0.008488260981761555,0.010241028146433385,0.009249477219256232,0.012498946359729667,0.009985366791253022,0.014425747223731503
bert_multilingual_stars,1000,31,0.008488260981761555,0.009386009931669536,0.011000334343793354,0.014063825915640416,0.01090180447262898,0.016504114836413834
bert_multilingual_stars,1000,32,0.008488260981761555,0.009377977358593569,0.007508473289809396,0.01097899805859884,0.007746334652780248,0.014852453218366054
bert_multilingual_stars,1000,33,0.008488260981761555,0.008863214138421255,0.004560052786541095,0.007497839955756708,0.005069380183713461,0.009771306178979262
bert_multilingual_stars,1000,34,0.008488260981761555,0.0050879116737804165,0.004875793596858849,0.00855976868398575,0.005429263320360794,0.009793095298489023
bert_multilingual_stars,1000,35,0.008488260981761555,0.01398390983443079,0.013913959079624411,0.018842424951237117,0.013469730086784247,0.019654333409336366
bert_multilingual_stars,1000,36,0.008488260981761555,0.008243949085456984,0.007628548672734405,0.010284373977899174,0.007330168157638418,0.013007919336245238
bert_multilingual_stars,1000,37,0.008488260981761555,0.011555065437585447,0.011298556156998638,0.014053177162910267,0.01103422754214688,0.01588033409117269
bert_multilingual_stars,1000,38,0.008488260981761555,0.01262036883215761,0.012323573032470557,0.014746457839196567,0.01154985325919543,0.017722047688347405
bert_multilingual_stars,1000,39,0.008488260981761555,0.007009693473601531,0.008878442186158608,0.01179747898440851,0.00846666473411572,0.01446070613964445
bert_multilingual_stars,1000,40,0.008488260981761555,0.014172456284206051,0.011025474202389347,0.016720224603394666,0.011121653451584602,0.018786765119576235
bert_multilingual_stars,1000,41,0.008488260981761555,0.008448676507849185,0.0073829907692175584,0.01230597776348264,0.008183815677523663,0.011635094236329515
bert_multilingual_stars,1000,42,0.008488260981761555,0.007758332286821727,0.006819444183455627,0.011957554015427183,0.006236993194097126,0.013730616271902897
bert_multilingual_stars,1000,43,0.008488260981761555,0.011488992512806818,0.011982619627071273,0.014478476232294181,0.01269113605024602,0.016436412834823853
bert_multilingual_stars,1000,44,0.008488260981761555,0.009223571711447191,0.009012379215171142,0.013431726150742673,0.008359024378571238,0.01618442636395258
bert_multilingual_stars,1000,45,0.008488260981761555,0.004293813783891959,0.006210930937104331,0.01004699543279037,0.0067345855337698785,0.010933898309577068
bert_multilingual_stars,1000,46,0.008488260981761555,0.010981020228080141,0.00956309081291657,0.011305417270114523,0.0088494378029408,0.013974260122194337
bert_multilingual_stars,1000,47,0.008488260981761555,0.006030995184002137,0.006582505999745031,0.011235177319148741,0.007191450079516535,0.011995066046280279
bert_multilingual_stars,1000,48,0.008488260981761555,0.010577052237745051,0.010319634458497482,0.014610137344796052,0.012370189729056097,0.01768332855784302
bert_multilingual_stars,1000,49,0.008488260981761555,0.010407768192539073,0.007671207410638099,0.011439907141545531,0.007403969841500442,0.01338113382900906
bert_multilingual_stars,1000,50,0.008488260981761555,0.011500482196770299,0.012987144644845303,0.016035335062618887,0.01287373442605253,0.017286030232996668
bert_multilingual_stars,1000,51,0.008488260981761555,0.00969521947741126,0.009701418974110598,0.012996040742007222,0.009420376736450293,0.016386642645472
bert_multilingual_stars,1000,52,0.008488260981761555,0.009117231691685497,0.01161715594744106,0.01455084048118624,0.01105429197216928,0.017581900353621574
bert_multilingual_stars,1000,53,0.008488260981761555,0.011262887431915048,0.010360250985376651,0.012268705705956826,0.009635538907754752,0.015578898007285355
bert_multilingual_stars,1000,54,0.008488260981761555,0.011595826920645699,0.01119755469860306,0.015681036957015143,0.010966475980762318,0.01713537100739687
bert_multilingual_stars,1000,55,0.008488260981761555,0.005440911249641966,0.010238701031981707,0.015341207946794548,0.009739706218779086,0.017107788396147287
bert_multilingual_stars,1000,56,0.008488260981761555,0.012370392131288906,0.010415854069168706,0.013388191607602365,0.009962722483835462,0.016764541174958635
bert_multilingual_stars,1000,57,0.008488260981761555,0.007207050557924304,0.009762744762365461,0.011927619490443735,0.00907045367600553,0.016118219177324675
bert_multilingual_stars,1000,58,0.008488260981761555,0.010885042656934464,0.008650281582903914,0.013257163996281218,0.00867113440795926,0.015646654751634435
bert_multilingual_stars,1000,59,0.008488260981761555,0.006591496345946471,0.005628114582307123,0.010396580618143261,0.006148583583999619,0.012043784517592877
bert_multilingual_stars,1000,60,0.008488260981761555,0.004117772302034776,0.00546238851166323,0.0077262559177146105,0.004704823972608494,0.00878149627070566
bert_multilingual_stars,1000,61,0.008488260981761555,0.0006937908461556731,0.005477479331128338,0.007543925498606512,0.0053446081266779015,0.010808217311239314
bert_multilingual_stars,1000,62,0.008488260981761555,0.00902887213965962,0.008635393318784145,0.013841097002588744,0.008605441501745087,0.013751390264545006
bert_multilingual_stars,1000,63,0.008488260981761555,0.0060676220739037095,0.005705721666115942,0.009058914914815745,0.005296172733155838,0.011025859921378292
bert_multilingual_stars,1000,64,0.008488260981761555,0.010425298068894369,0.011259675330687438,0.012720789119147913,0.010183592597857824,0.015103867211072448
bert_multilingual_stars,1000,65,0.008488260981761555,0.005655323352468906,0.006023764029520396,0.009264075637221992,0.005585053476344328,0.011515151808137482
bert_multilingual_stars,1000,66,0.008488260981761555,0.004935899892675398,0.005577376190126037,0.009191890415493512,0.006068336224820668,0.011261143557919247
bert_multilingual_stars,1000,67,0.008488260981761555,0.0071865796768547435,0.012191481714597248,0.012670032860078687,0.012487251163325604,0.018936835223630634
bert_multilingual_stars,1000,68,0.008488260981761555,0.00520809451624528,0.010419174487962058,0.014246383641002136,0.0104396495139015,0.016048047365968002
bert_multilingual_stars,1000,69,0.008488260981761555,0.011505287878993232,0.009819613701237635,0.012376325144895782,0.010841025691355971,0.01574806184449285
bert_multilingual_stars,1000,70,0.008488260981761555,0.007027399160174136,0.005052338340424903,0.007139160375645945,0.005018028614135407,0.009250104333776843
bert_multilingual_stars,1000,71,0.008488260981761555,0.012931554853840201,0.01033468113650052,0.013659068556011669,0.010854964200564117,0.017905031300281534
bert_multilingual_stars,1000,72,0.008488260981761555,-0.0006583438682968432,0.005033266132002815,0.008367805437569919,0.004497120221972871,0.009844559771662195
bert_multilingual_stars,1000,73,0.008488260981761555,0.008568753392485499,0.00860104570635524,0.01218520003450593,0.008755424255798384,0.014442419155658155
bert_multilingual_stars,1000,74,0.008488260981761555,0.004383921697761643,0.006461778868936783,0.010204524867645183,0.005686560230761217,0.0133167273151331
bert_multilingual_stars,1000,75,0.008488260981761555,0.0108009496323793,0.011574289184067863,0.01549193787516949,0.010432089220516163,0.017908526144143105
bert_multilingual_stars,1000,76,0.008488260981761555,0.007024798288386697,0.00910276594017129,0.011518678596474983,0.007876809217034571,0.014566949144856213
bert_multilingual_stars,1000,77,0.008488260981761555,0.00912949641797194,0.008900414327116444,0.011519574217431406,0.00856050704350746,0.014270578286952607
bert_multilingual_stars,1000,78,0.008488260981761555,0.009309033811381645,0.008138148345547939,0.011844686747335288,0.007503108615918392,0.01364348564389776
bert_multilingual_stars,1000,79,0.008488260981761555,0.006855400757584344,0.008981961605134195,0.014698645647968387,0.009742172951339929,0.01670980167076161
bert_multilingual_stars,1000,80,0.008488260981761555,0.0069556024431390055,0.00958868750286632,0.013161060831149592,0.009077430802513279,0.0158121096567845
bert_multilingual_stars,1000,81,0.008488260981761555,0.007289324811740706,0.005643429485799973,0.008453826617188555,0.0054135144816342086,0.010397948979543969
bert_multilingual_stars,1000,82,0.008488260981761555,0.006381913901338222,0.005890086072427771,0.00885152969142053,0.004765406324305975,0.012438255240503487
bert_multilingual_stars,1000,83,0.008488260981761555,0.007345447243156066,0.009289134506224673,0.011694006949419463,0.009454341272631608,0.014042000856828586
bert_multilingual_stars,1000,84,0.008488260981761555,0.0043548061324046455,0.005468779541540513,0.009578493028714982,0.004170775795447867,0.014641385384248105
bert_multilingual_stars,1000,85,0.008488260981761555,0.004193367191913839,0.004755183126707886,0.008565547444919044,0.00469978343338805,0.011972878380614874
bert_multilingual_stars,1000,86,0.008488260981761555,0.009775273207389122,0.009374332627639368,0.014402903861723803,0.009708238362454486,0.014268038906785794
bert_multilingual_stars,1000,87,0.008488260981761555,0.007275388816765754,0.008505120554379438,0.011503890064547356,0.008809724997069624,0.01280660991303052
bert_multilingual_stars,1000,88,0.008488260981761555,0.008734814601655533,0.00900086836721491,0.012929873245080777,0.009257787398353222,0.01495939861653579
bert_multilingual_stars,1000,89,0.008488260981761555,0.014014288705892433,0.009103207683746806,0.012857240459723867,0.009514648917716391,0.016384757728239916
bert_multilingual_stars,1000,90,0.008488260981761555,0.009077815656615687,0.012504472391924374,0.014804905889779509,0.01273551631809507,0.01606804334149064
bert_multilingual_stars,1000,91,0.008488260981761555,0.005874156234643815,0.008815314831083292,0.012845460008119975,0.008717168030433608,0.013643274225143049
bert_multilingual_stars,1000,92,0.008488260981761555,0.010669332928904126,0.01265962100946362,0.014606586347407628,0.010981904533327277,0.018233955246731125
bert_multilingual_stars,1000,93,0.008488260981761555,0.009551269713508887,0.007067153653640791,0.012193435879675535,0.005597337885801569,0.015873064113464532
bert_multilingual_stars,1000,94,0.008488260981761555,0.0078076695571522884,0.010324662300484006,0.01310362204915462,0.008681368285371265,0.014901741461555436
bert_multilingual_stars,1000,95,0.008488260981761555,0.00901174344529029,0.008787032041761336,0.01291456011147708,0.008587185932272309,0.015581167599576248
bert_multilingual_stars,1000,96,0.008488260981761555,0.011076009342909268,0.00898235795674049,0.014536203996934385,0.010082996869719203,0.014793277573839372
bert_multilingual_stars,1000,97,0.008488260981761555,0.012644048421984851,0.01173691032371178,0.014318333704743912,0.011230486612695897,0.017355025849413435
bert_multilingual_stars,1000,98,0.008488260981761555,0.004648471711680511,0.00854708702154283,0.011178399249832549,0.008700511205946134,0.01381074511535408
bert_multilingual_stars,1000,99,0.008488260981761555,0.005473271591170586,0.008527588511123438,0.010667683242277489,0.008981248466312021,0.012375674491328474
bert_multilingual_stars,1000,100,0.008488260981761555,0.009890102567961431,0.012316421224331464,0.014765802557370318,0.012417462667782955,0.017733017700469998
bert_multilingual_stars,1000,101,0.008488260981761555,0.01227711015104509,0.008911176388539792,0.014931734550991067,0.008532229725442519,0.015932080996905327
bert_multilingual_stars,1000,102,0.008488260981761555,0.010722701800069312,0.008433289786435712,0.010534138205671813,0.008791660347464798,0.0161941294157298
bert_multilingual_stars,1000,103,0.008488260981761555,0.005315212180404559,0.006602150848086445,0.00874593038407355,0.006481666285795597,0.011260520303911885
bert_multilingual_stars,1000,104,0.008488260981761555,0.01055223352313655,0.011374871596838731,0.013566604575526825,0.010683163823411479,0.01738142160381
bert_multilingual_stars,1000,105,0.008488260981761555,0.007293140745651835,0.00874713489662424,0.013953978645605365,0.008879613056658008,0.015635084122893876
bert_multilingual_stars,1000,106,0.008488260981761555,0.00981619383913344,0.008978959963210754,0.012724401852928774,0.009017868942658212,0.014500066585138166
bert_multilingual_stars,1000,107,0.008488260981761555,0.015910890891119713,0.011960224409446302,0.015162751150541583,0.011960873936520405,0.01719458766024741
bert_multilingual_stars,1000,108,0.008488260981761555,0.006916048885168186,0.008632437717513913,0.011946746604792259,0.00857297695207134,0.012747368604793485
bert_multilingual_stars,1000,109,0.008488260981761555,0.009095125924970674,0.01010635861048766,0.012222604356535839,0.010442548132222904,0.01381363484367454
bert_multilingual_stars,1000,110,0.008488260981761555,0.009143076363879508,0.007769760817948779,0.010031930394803292,0.007488982038874365,0.012292263763155892
bert_multilingual_stars,1000,111,0.008488260981761555,0.007635763101551276,0.011399931241155216,0.01510021335132491,0.011554362558610257,0.018773491261486985
bert_multilingual_stars,1000,112,0.008488260981761555,0.01003581245100487,0.009205616710531246,0.013830603435554851,0.010035449546175492,0.014942122873080546
bert_multilingual_stars,1000,113,0.008488260981761555,0.007713530079463419,0.006582866553867911,0.010405784753459085,0.006675842988228111,0.01439171908460188
bert_multilingual_stars,1000,114,0.008488260981761555,0.006531803129939322,0.01174507607212102,0.014322876373426711,0.01016709192073669,0.015638630041224233
bert_multilingual_stars,1000,115,0.008488260981761555,0.004532486603320927,0.009110453203879838,0.0106312792762214,0.008914392369602573,0.012971814617470698
bert_multilingual_stars,1000,116,0.008488260981761555,0.004310797134457096,0.009211618937864006,0.01127348987050935,0.008421985920958528,0.012505022887906513
bert_multilingual_stars,1000,117,0.008488260981761555,0.005077572570368767,0.0050903492709729855,0.0075029738013644145,0.004863918485568977,0.011631429922968277
bert_multilingual_stars,1000,118,0.008488260981761555,0.005161716146116681,0.0068878648801605925,0.008513480529247148,0.00681205214606599,0.010501957583684033
bert_multilingual_stars,1000,119,0.008488260981761555,0.008808196535087532,0.011555272692637586,0.014875083787584427,0.011680795641442834,0.018109628776892442
bert_multilingual_stars,1000,120,0.008488260981761555,0.015607290827021678,0.013942255169449864,0.01964398101426136,0.012899902528128943,0.02282504978609297
bert_multilingual_stars,1000,121,0.008488260981761555,0.0068296276137567846,0.006683893801512471,0.010861037987725336,0.0074659325954010885,0.013059310036798173
bert_multilingual_stars,1000,122,0.008488260981761555,0.007287522858344037,0.006590102528555588,0.009865050427317196,0.0065482652793481975,0.012991837378918613
bert_multilingual_stars,1000,123,0.008488260981761555,0.0017251444945842777,0.006202233604474728,0.00827186133899142,0.00617174295120233,0.010340452823698621
bert_multilingual_stars,1000,124,0.008488260981761555,0.005694803945852303,0.009008217774197943,0.011364647220178119,0.008771569710250008,0.013345239274225016
bert_multilingual_stars,1000,125,0.008488260981761555,0.0049014614169216155,0.007976443234342743,0.01065179274308626,0.00866510645480542,0.01427514906644091
bert_multilingual_stars,1000,126,0.008488260981761555,0.00593809714675389,0.01039411940381088,0.013119360425211873,0.007532027315750556,0.01540666449804799
bert_multilingual_stars,1000,127,0.008488260981761555,0.0048170572916549585,0.008216029679666571,0.010779323589917225,0.006501772466327799,0.01320250879111832
bert_multilingual_stars,1000,128,0.008488260981761555,0.011451816596025805,0.010655535056161902,0.013033790453614318,0.01037004226998945,0.015803340129337658
bert_multilingual_stars,1000,129,0.008488260981761555,0.005681720947261515,0.008170001621666435,0.011701565203080841,0.007670449352247973,0.014030095405353271
bert_multilingual_stars,1000,130,0.008488260981761555,0.011054764502205883,0.010101591027281902,0.01245481925999214,0.010305012394847445,0.017287975688784596
bert_multilingual_stars,1000,131,0.008488260981761555,0.007872940895949846,0.007084634392222226,0.009086104007936644,0.0073243397770900885,0.010674306130389872
bert_multilingual_stars,1000,132,0.008488260981761555,0.007072506057021907,0.006086862862561599,0.012003406713388941,0.005406179165883063,0.01350181377154149
bert_multilingual_stars,1000,133,0.008488260981761555,0.011612824903590852,0.009051587614383298,0.012072418981943112,0.009945593403415824,0.01607494380655063
bert_multilingual_stars,1000,134,0.008488260981761555,0.012314967891669177,0.011621113463914597,0.013768179943291306,0.010420568994749408,0.015667952711284294
bert_multilingual_stars,1000,135,0.008488260981761555,0.010611640689749114,0.00977576097528911,0.014851848168374353,0.009863058027255282,0.017017575073064818
bert_multilingual_stars,1000,136,0.008488260981761555,0.006406031021180427,0.009557988696711088,0.011778784922098036,0.009436705872746077,0.013676917193936669
bert_multilingual_stars,1000,137,0.008488260981761555,0.0065523848193447315,0.010858228702985853,0.013548733615028114,0.010378028373325703,0.015606236025578434
bert_multilingual_stars,1000,138,0.008488260981761555,0.006139573487865497,0.008062918882655248,0.012077341715278717,0.00804423737509896,0.011970908913164841
bert_multilingual_stars,1000,139,0.008488260981761555,0.007238110668200938,0.010128379730511762,0.01328735372185197,0.010188154925136002,0.016672694273180758
bert_multilingual_stars,1000,140,0.008488260981761555,0.004923958545858497,0.007925138114884486,0.009997007224589325,0.00650539238592277,0.012254546950811738
bert_multilingual_stars,1000,141,0.008488260981761555,0.010930014477194765,0.007143111963688767,0.014214471079680076,0.007817089556707261,0.014363205099530294
bert_multilingual_stars,1000,142,0.008488260981761555,0.010169281958032223,0.012576226908022094,0.014813335056691095,0.01213744637570312,0.016694336620832292
bert_multilingual_stars,1000,143,0.008488260981761555,0.01155098118088046,0.012323434546669999,0.015708390687290193,0.011779435496545412,0.018434976244315622
bert_multilingual_stars,1000,144,0.008488260981761555,0.013990797439905018,0.011840006276921116,0.016547597801337976,0.011911573029612788,0.019422028168297044
bert_multilingual_stars,1000,145,0.008488260981761555,0.012141266675163052,0.008787543316283283,0.012238604135934196,0.007936780905352814,0.014304806581597551
bert_multilingual_stars,1000,146,0.008488260981761555,0.006276921520616271,0.00678247163889075,0.010843222924202733,0.0075161953542611055,0.014601513594204583
bert_multilingual_stars,1000,147,0.008488260981761555,0.01510020785417024,0.008986401947320729,0.0129412521778713,0.009462783050947348,0.016072514214465677
bert_multilingual_stars,1000,148,0.008488260981761555,0.0026091705255008625,0.0056877457718862,0.007842519098734763,0.006211710609253483,0.010995545113519375
bert_multilingual_stars,1000,149,0.008488260981761555,0.004984292549123885,0.006912395053919096,0.009274549372330531,0.00678256769019026,0.01296381392906793
bert_multilingual_stars,1000,150,0.008488260981761555,0.013520457293705964,0.012932104375787963,0.017506459035080066,0.013521332183821353,0.018367915664243457
bert_multilingual_stars,1000,151,0.008488260981761555,0.01040049680506905,0.009267783444515496,0.012459638165691515,0.00940640982970622,0.017171452253204152
bert_multilingual_stars,1000,152,0.008488260981761555,0.01119569102187672,0.010152630827271664,0.013734233351759457,0.009020251104155396,0.013636801262513338
bert_multilingual_stars,1000,153,0.008488260981761555,0.0066819933300697396,0.011115381964263643,0.012573350775515742,0.010915913179398336,0.01473052013356108
bert_multilingual_stars,1000,154,0.008488260981761555,0.0072444828191780995,0.009021949366057293,0.010873074690099589,0.00922663344557997,0.011620031352733822
bert_multilingual_stars,1000,155,0.008488260981761555,0.007236870166097899,0.008500975232752868,0.013506971619703007,0.008099679915844411,0.014888619195876864
bert_multilingual_stars,1000,156,0.008488260981761555,0.008484305305020591,0.008382284093005518,0.010863275296459056,0.00778520026111649,0.014909623575315606
bert_multilingual_stars,1000,157,0.008488260981761555,0.011003685503880171,0.008258972658704152,0.01172885093199386,0.008633348165142954,0.01585567010850845
bert_multilingual_stars,1000,158,0.008488260981761555,0.01755947439462011,0.017482360929106693,0.020651007894403578,0.018065030297817485,0.023746403075208432
bert_multilingual_stars,1000,159,0.008488260981761555,0.0053120352364158605,0.009515876810056586,0.012933476308092445,0.00843671241152009,0.015640565228197765
bert_multilingual_stars,1000,160,0.008488260981761555,0.007375395045755017,0.009980510270288973,0.01330595035808142,0.008434469978380002,0.014332297768757976
bert_multilingual_stars,1000,161,0.008488260981761555,0.012462695572389269,0.014363470967009016,0.016710448961694026,0.014184836690203713,0.019711136359733192
bert_multilingual_stars,1000,162,0.008488260981761555,0.007349051154653829,0.008246860362034676,0.011984053842030355,0.008067961945401214,0.01395946423775836
bert_multilingual_stars,1000,163,0.008488260981761555,0.006336151592479003,0.007265199475480513,0.011516973184108924,0.008148807420470479,0.01525680499698064
bert_multilingual_stars,1000,164,0.008488260981761555,0.004184323388844181,0.003968505610279081,0.007266655823630914,0.004085791073341955,0.010241513491534153
bert_multilingual_stars,1000,165,0.008488260981761555,0.014804482882561358,0.01640922498825858,0.017967531307764715,0.015944355638154183,0.01942941712983883
bert_multilingual_stars,1000,166,0.008488260981761555,0.002169608036862607,0.007759274678042065,0.00988139868509128,0.00728774472187271,0.012172053441994426
bert_multilingual_stars,1000,167,0.008488260981761555,0.004940807889795966,0.00549379655299709,0.009607199198393139,0.005646122175478207,0.01243683025564813
bert_multilingual_stars,1000,168,0.008488260981761555,0.0009867362715735345,0.00533016272876972,0.009801533119771279,0.005647444028042531,0.011364901174920693
bert_multilingual_stars,1000,169,0.008488260981761555,0.01008482052924165,0.011570779112314127,0.013995511226974589,0.011783730170296658,0.01637587362043968
bert_multilingual_stars,1000,170,0.008488260981761555,0.0047610347618500274,0.005623837426372002,0.009030406098809481,0.005703596222308693,0.01311723269342841
bert_multilingual_stars,1000,171,0.008488260981761555,0.005124438076651039,0.0069112549191102145,0.008579708329219969,0.004945203906289991,0.011582231059931537
bert_multilingual_stars,1000,172,0.008488260981761555,0.008465062650147836,0.007918389156356906,0.009710337559220943,0.008491546456281914,0.01377982658978542
bert_multilingual_stars,1000,173,0.008488260981761555,0.004542384925241757,0.00822776824571771,0.010310045188723263,0.008252289446335492,0.011786968438073293
bert_multilingual_stars,1000,174,0.008488260981761555,0.006464601713955987,0.008458580226153471,0.010375081200757677,0.007811406582423917,0.011593836133396637
bert_multilingual_stars,1000,175,0.008488260981761555,0.01649420011294689,0.013981920509958062,0.016977220814087958,0.014860100982681928,0.018965418695094802
bert_multilingual_stars,1000,176,0.008488260981761555,0.015914593516913312,0.016361966562753832,0.01813250114848642,0.016067345295063443,0.02028236380376177
bert_multilingual_stars,1000,177,0.008488260981761555,0.011049033523582988,0.007303040489125221,0.010907908925550694,0.007747225131770802,0.014564924646556336
bert_multilingual_stars,1000,178,0.008488260981761555,0.010739872658398365,0.009320813758537976,0.013147613460034046,0.009344136104816858,0.01584088943669103
bert_multilingual_stars,1000,179,0.008488260981761555,0.008890662262675889,0.011556770434299266,0.013788943761645913,0.010477323127222457,0.01681652123118491
bert_multilingual_stars,1000,180,0.008488260981761555,0.010500401799983936,0.010900155710526757,0.014743840926847284,0.01109564600143532,0.01717290082511841
bert_multilingual_stars,1000,181,0.008488260981761555,0.011397070144940293,0.011512106374531948,0.014166186159080375,0.010814993829501133,0.02011516587463279
bert_multilingual_stars,1000,182,0.008488260981761555,0.010794382084714194,0.012757857612680288,0.014973280936097115,0.011882800954729631,0.01798834359875243
bert_multilingual_stars,1000,183,0.008488260981761555,0.01050820162884253,0.012407064987144369,0.01482623915304886,0.011565483018184764,0.017254200801576584
bert_multilingual_stars,1000,184,0.008488260981761555,0.004907190432319183,0.007139062322117727,0.009430020869308383,0.005939620845755264,0.013725208075378545
bert_multilingual_stars,1000,185,0.008488260981761555,0.007411896517761601,0.0066311163921875214,0.012393137021667415,0.007050680774872653,0.01444597408728479
bert_multilingual_stars,1000,186,0.008488260981761555,0.006918782222335214,0.01038984639993375,0.013594018634986422,0.01067517699497985,0.0141482659872321
bert_multilingual_stars,1000,187,0.008488260981761555,0.002392105729230143,0.006565768915155801,0.007384833373620682,0.005394677323015118,0.011013394666505286
bert_multilingual_stars,1000,188,0.008488260981761555,0.01116540704775547,0.009891595105667663,0.013250896318195045,0.010719701635608364,0.01670477829724155
bert_multilingual_stars,1000,189,0.008488260981761555,0.005528130227387324,0.006256723004905326,0.010925164279746493,0.00619019857075066,0.011992854941758255
bert_multilingual_stars,1000,190,0.008488260981761555,0.00808138413824414,0.012015417549689825,0.016336214751674984,0.012105901370720826,0.018892215947448148
bert_multilingual_stars,1000,191,0.008488260981761555,0.005549035221574502,0.007453683957636862,0.011156038929312006,0.007569176386118233,0.012705566691070704
bert_multilingual_stars,1000,192,0.008488260981761555,0.009170671842308523,0.008334192044821229,0.010634925012543334,0.008620434151177284,0.013693588266228681
bert_multilingual_stars,1000,193,0.008488260981761555,0.0006037881930248996,0.006029691647328935,0.008260505783391233,0.005568656196024985,0.0112773617517404
bert_multilingual_stars,1000,194,0.008488260981761555,0.0055496304655935245,0.009977278245898814,0.014067269409366973,0.010470732230154657,0.01617853650052593
bert_multilingual_stars,1000,195,0.008488260981761555,0.008604587125030035,0.00815404255519379,0.011325391993040942,0.007963648224221197,0.015510589411897537
bert_multilingual_stars,1000,196,0.008488260981761555,0.010561516818246781,0.009064684213702084,0.012144915923882735,0.00881065477670765,0.016012008132078183
bert_multilingual_stars,1000,197,0.008488260981761555,0.007407681970285714,0.007079080159407768,0.009695251558676407,0.007324354982265822,0.011995954531830137
bert_multilingual_stars,1000,198,0.008488260981761555,0.008939018085758412,0.010303286611169367,0.012037333700402473,0.009080053186841734,0.015254946500582678
bert_multilingual_stars,1000,199,0.008488260981761555,0.008851064130455265,0.010871821850225949,0.013550814946918873,0.010644639823396083,0.017179676547176618
bert_multilingual_stars,2500,0,0.008488260981761555,0.011404931780548664,0.01103249554798539,0.014859214478490852,0.011396893735826173,0.017348942800174887
bert_multilingual_stars,2500,1,0.008488260981761555,0.009114989682427627,0.007402848414108645,0.009399133163329099,0.007476973225352605,0.013808861021603348
bert_multilingual_stars,2500,2,0.008488260981761555,0.011228290782098384,0.01060573665706549,0.013170816093061609,0.011249562899244715,0.01744019107794219
bert_multilingual_stars,2500,3,0.008488260981761555,0.010604288693371627,0.010502624680682778,0.01288765763053326,0.010519005809994169,0.01606834000800539
bert_multilingual_stars,2500,4,0.008488260981761555,0.004555453447704673,0.006608099643534932,0.009154005582235416,0.006998471364463495,0.013260675901229754
bert_multilingual_stars,2500,5,0.008488260981761555,0.011226586750553783,0.008600854905315479,0.011320031302285566,0.008599829027826146,0.01571181482877383
bert_multilingual_stars,2500,6,0.008488260981761555,0.006406147828063375,0.007182462904575829,0.009317597596112713,0.007375353320813101,0.012933797603642334
bert_multilingual_stars,2500,7,0.008488260981761555,0.012280753638459088,0.008981460367893851,0.013009486494272976,0.00962605805945262,0.01709586728525091
bert_multilingual_stars,2500,8,0.008488260981761555,0.007399743397323937,0.00845528149246245,0.010700191329977753,0.008793984091958695,0.013839811139487313
bert_multilingual_stars,2500,9,0.008488260981761555,0.007608511613706615,0.00855404212779402,0.010322966020596026,0.00916477466056227,0.015333823790100109
bert_multilingual_stars,2500,10,0.008488260981761555,0.0058663469702089415,0.0076188252658037844,0.009907354738659507,0.00829570057137241,0.01364959013431101
bert_multilingual_stars,2500,11,0.008488260981761555,0.006729678197018641,0.009407644094857955,0.011773950015333368,0.009894962754048019,0.01565275800486902
bert_multilingual_stars,2500,12,0.008488260981761555,0.010391399881699055,0.009505926498753654,0.012934023654489025,0.009580087622069789,0.015973577817555613
bert_multilingual_stars,2500,13,0.008488260981761555,0.008932231114441691,0.007872074900745816,0.010104682535643459,0.008488509981323923,0.014616317613523264
bert_multilingual_stars,2500,14,0.008488260981761555,0.00512815496323364,0.006440956380332376,0.009457766276279339,0.006628524096083562,0.01245584772735347
bert_multilingual_stars,2500,15,0.008488260981761555,0.010476514512073891,0.010547988581257954,0.012657967102417018,0.010703633632326402,0.016160665352269094
bert_multilingual_stars,2500,16,0.008488260981761555,0.008754191554882964,0.008260538625223947,0.011153783075055676,0.00889341904640611,0.014198419843994906
bert_multilingual_stars,2500,17,0.008488260981761555,0.008250479838316754,0.009341520862051414,0.01186795018647793,0.009229321103974446,0.01570868678317231
bert_multilingual_stars,2500,18,0.008488260981761555,0.011205760119049609,0.010232408964770387,0.0129020321016124,0.01051279386034858,0.01591555923704447
bert_multilingual_stars,2500,19,0.008488260981761555,0.007342984434706713,0.00911802625435265,0.010851874574443412,0.009905745720098683,0.015255605298746937
bert_multilingual_stars,2500,20,0.008488260981761555,0.008117855587187023,0.007622106077573357,0.010817674932213524,0.008517448237264143,0.013919822657999664
bert_multilingual_stars,2500,21,0.008488260981761555,0.0070713181667453285,0.008480774395710624,0.009810884051811358,0.008555543023047625,0.01525121338153657
bert_multilingual_stars,2500,22,0.008488260981761555,0.006036634823249224,0.0063505041870688455,0.008044417254988213,0.006662638382843095,0.012910757838214392
bert_multilingual_stars,2500,23,0.008488260981761555,0.004137253979154907,0.0068230182213507035,0.009104225805710346,0.006900826954203238,0.013113968523306587
bert_multilingual_stars,2500,24,0.008488260981761555,0.0030961229267746164,0.0064470731754531965,0.007720979058931355,0.006485958833462852,0.011649542939851343
bert_multilingual_stars,2500,25,0.008488260981761555,0.014887859195834284,0.011852625666389503,0.013882349088458711,0.011997631926827785,0.017311528361684068
bert_multilingual_stars,2500,26,0.008488260981761555,0.01092830484911917,0.010481708389026085,0.013265949221217243,0.010851512156759143,0.017415960536347575
bert_multilingual_stars,2500,27,0.008488260981761555,0.008326863219155595,0.00926975453650286,0.012228008306905238,0.009646107555790326,0.015241831160582744
bert_multilingual_stars,2500,28,0.008488260981761555,0.012590762747466736,0.01044387637323992,0.012550130404757852,0.010788320001380507,0.01747361621457671
bert_multilingual_stars,2500,29,0.008488260981761555,0.008902266116728823,0.007685826871671552,0.011043895532524401,0.00842383023645493,0.014717326025934296
bert_multilingual_stars,2500,30,0.008488260981761555,0.00945391284516772,0.00868955655264242,0.011012929932843174,0.009248759077308964,0.015015927527628281
bert_multilingual_stars,2500,31,0.008488260981761555,0.010408919829558173,0.009953759111928692,0.012710461310732899,0.010546717576573484,0.01609351168912564
bert_multilingual_stars,2500,32,0.008488260981761555,0.008036752926145389,0.007918447927122233,0.011077001420628724,0.00854456762317142,0.014532608992587289
bert_multilingual_stars,2500,33,0.008488260981761555,0.00543560130063966,0.006738063016178552,0.008614590112635111,0.007018404458333449,0.013015184857504226
bert_multilingual_stars,2500,34,0.008488260981761555,0.008840398662032074,0.009614026404451205,0.012129086805227143,0.010014723674414862,0.015395385751897894
bert_multilingual_stars,2500,35,0.008488260981761555,0.008032863768755618,0.009895821662669285,0.011743035034887305,0.010336693295954248,0.015994542945436157
bert_multilingual_stars,2500,36,0.008488260981761555,0.01425284602512492,0.01415917445570223,0.016169914772271265,0.014297842994200201,0.01911616054823121
bert_multilingual_stars,2500,37,0.008488260981761555,0.006937240635485335,0.006851385304594493,0.009644750026300311,0.007206109939250306,0.013333794265350946
bert_multilingual_stars,2500,38,0.008488260981761555,0.004604734839808452,0.007097519911557728,0.009410228586920866,0.007268842907907947,0.013598145667012602
bert_multilingual_stars,2500,39,0.008488260981761555,0.012690329012002273,0.01192326829015967,0.013761283575742352,0.012224998521582934,0.017792336117050646
bert_multilingual_stars,2500,40,0.008488260981761555,0.009076603746926601,0.008058939786287201,0.010252751943888232,0.008370612088504533,0.014440087031788125
bert_multilingual_stars,2500,41,0.008488260981761555,0.008476335859666196,0.006617038331517797,0.009566478394337422,0.0072729665489473065,0.013381391270194902
bert_multilingual_stars,2500,42,0.008488260981761555,0.011305564423222805,0.011149560819670007,0.01301195766754232,0.0115295220051416,0.017347068995885204
bert_multilingual_stars,2500,43,0.008488260981761555,0.006008776964293564,0.006772555177506894,0.009951014039688885,0.008024635748732575,0.014184361172490402
bert_multilingual_stars,2500,44,0.008488260981761555,0.007904885977634162,0.010196669243581402,0.012008438259091267,0.011035520380515794,0.015929049321404574
bert_multilingual_stars,2500,45,0.008488260981761555,0.007348314919663346,0.007395612007132045,0.010205667931616267,0.007884729899131018,0.015200163067447528
bert_multilingual_stars,2500,46,0.008488260981761555,0.008646431970059362,0.008317241024627199,0.010430694655318241,0.00847283445374837,0.014476285322926117
bert_multilingual_stars,2500,47,0.008488260981761555,0.007384953706811043,0.007600499198362219,0.010966438677991483,0.008294401327136951,0.015396442098517876
bert_multilingual_stars,2500,48,0.008488260981761555,0.009249975104666373,0.010336870126061161,0.012476647976897383,0.010569229788714338,0.016647866291938238
bert_multilingual_stars,2500,49,0.008488260981761555,0.008805022707009679,0.00981978304441932,0.012126823648495289,0.010124350374810805,0.015093847642794376
bert_multilingual_stars,2500,50,0.008488260981761555,0.010336871399922017,0.010074681380964132,0.013375142501171037,0.010806089126873416,0.017519844117801994
bert_multilingual_stars,2500,51,0.008488260981761555,0.009186451264435772,0.008734136016015862,0.011094001020764044,0.009009430457369075,0.0150171921737032
bert_multilingual_stars,2500,52,0.008488260981761555,0.010396954470262619,0.008049309478499665,0.0111936106054796,0.008166481448605099,0.016315333711681528
bert_multilingual_stars,2500,53,0.008488260981761555,0.0093215270701262,0.008963863862514718,0.010970744064326313,0.009733459625003271,0.01562683290401619
bert_multilingual_stars,2500,54,0.008488260981761555,0.005751622385685776,0.007252690937496049,0.009588608292364189,0.008096379583490248,0.01306181499790687
bert_multilingual_stars,2500,55,0.008488260981761555,0.009799716535528084,0.008900928773884015,0.010489777362794302,0.009398962377936335,0.014170175501890071
bert_multilingual_stars,2500,56,0.008488260981761555,0.007373264602744858,0.006958421143164497,0.009100905976523781,0.00689053646212275,0.012916959287325436
bert_multilingual_stars,2500,57,0.008488260981761555,0.009501896616029737,0.010655754321066838,0.013359008549525422,0.01107138107207783,0.01722661855900076
bert_multilingual_stars,2500,58,0.008488260981761555,0.008596838683255314,0.009128384678165187,0.011113389550059785,0.009603857681819504,0.014864530469582169
bert_multilingual_stars,2500,59,0.008488260981761555,0.009047777264645729,0.008454407060434429,0.01146692977624393,0.008785735411852158,0.015814447426180846
bert_multilingual_stars,2500,60,0.008488260981761555,0.010793859852499083,0.00784997521304355,0.010363125889073937,0.008617230181234963,0.014186924964456603
bert_multilingual_stars,2500,61,0.008488260981761555,0.00969206105321243,0.009420595504177297,0.011293686284749692,0.009734171039323605,0.01621729243201303
bert_multilingual_stars,2500,62,0.008488260981761555,0.010880088565461491,0.008181498270684756,0.011235894337454358,0.008126585205301916,0.01489046752177564
bert_multilingual_stars,2500,63,0.008488260981761555,0.007534476039032525,0.007940494631816807,0.009382531627262979,0.008366924481068587,0.01358182228997338
bert_multilingual_stars,2500,64,0.008488260981761555,0.01000084483246612,0.00852065971841176,0.010503411605602574,0.008396193489123691,0.013783106434295705
bert_multilingual_stars,2500,65,0.008488260981761555,0.010662913028838532,0.01056073683402628,0.014682439310094107,0.011484986506698013,0.016914852590528932
bert_multilingual_stars,2500,66,0.008488260981761555,0.008364359996496177,0.009062227187774172,0.011452746337410483,0.009315534420522829,0.014455277965307945
bert_multilingual_stars,2500,67,0.008488260981761555,0.00554647243273012,0.007584480492653115,0.010036405034608493,0.007840918569693054,0.014543689513002184
bert_multilingual_stars,2500,68,0.008488260981761555,0.00829268105994113,0.008103537183829619,0.010331338925713505,0.008006558098699277,0.014536920849457069
bert_multilingual_stars,2500,69,0.008488260981761555,0.006169071102767276,0.0069804186998611946,0.008891828837327812,0.007434783452077334,0.012446442289084297
bert_multilingual_stars,2500,70,0.008488260981761555,0.008816863239541083,0.009662702301567986,0.011942998677468866,0.009905196460277214,0.014660170799993795
bert_multilingual_stars,2500,71,0.008488260981761555,0.00840837217474829,0.008899184152813917,0.011057124750699303,0.009017224495690777,0.01568926715539862
bert_multilingual_stars,2500,72,0.008488260981761555,0.007890030744092075,0.006968818909616456,0.010159646270446574,0.007350747029168332,0.01383570640727722
bert_multilingual_stars,2500,73,0.008488260981761555,0.007935216771407586,0.008751572984617793,0.011186249735919128,0.009670802546096433,0.014901082020435634
bert_multilingual_stars,2500,74,0.008488260981761555,0.0070075812454167274,0.008264255279956249,0.011069293944219294,0.008963005820409159,0.014942758752256882
bert_multilingual_stars,2500,75,0.008488260981761555,0.008379816190231457,0.007443576026082327,0.00978006397505535,0.008262150948315712,0.013194381264929124
bert_multilingual_stars,2500,76,0.008488260981761555,0.007450056716443567,0.008887255302223826,0.010790962977889769,0.00926005158053683,0.015288277532226885
bert_multilingual_stars,2500,77,0.008488260981761555,0.01265157229850828,0.009077678173506739,0.01182465399685147,0.009406700436953363,0.018182898852248133
bert_multilingual_stars,2500,78,0.008488260981761555,0.015001157474079475,0.013881248421963402,0.016040753867372633,0.014254199299664932,0.01958983325827769
bert_multilingual_stars,2500,79,0.008488260981761555,0.012323461172309265,0.011254477509811968,0.013180128590721525,0.011231450303736545,0.016294643535653415
bert_multilingual_stars,2500,80,0.008488260981761555,0.012105626369501925,0.010873259800680525,0.013628563432348743,0.011182789335007335,0.016495967317880625
bert_multilingual_stars,2500,81,0.008488260981761555,0.00946030853806867,0.00829925935413701,0.010724631724020226,0.009017592032065579,0.013612132689699661
bert_multilingual_stars,2500,82,0.008488260981761555,0.00647716745915883,0.008488582773528871,0.010413165748120555,0.00826485298571745,0.013682960144435869
bert_multilingual_stars,2500,83,0.008488260981761555,0.0073424434898547684,0.007934385011624835,0.009800632437021556,0.008386934237006415,0.014796043286768345
bert_multilingual_stars,2500,84,0.008488260981761555,0.008986511641800678,0.009041662276799877,0.011094823126082445,0.009567686670660673,0.015765316411801174
bert_multilingual_stars,2500,85,0.008488260981761555,0.0104560015812403,0.009479664125433815,0.01148826939666025,0.009465525823644062,0.015923144023537106
bert_multilingual_stars,2500,86,0.008488260981761555,0.008364977152135376,0.009610462679673226,0.012140689036768569,0.01033395561934122,0.016182762663506475
bert_multilingual_stars,2500,87,0.008488260981761555,0.009520083200295707,0.006738172378339295,0.010025618570165363,0.007295464276288901,0.01375659907109969
bert_multilingual_stars,2500,88,0.008488260981761555,0.006657627967850331,0.008016792749999,0.010516464169950371,0.008444028359692001,0.015102957822108928
bert_multilingual_stars,2500,89,0.008488260981761555,0.011489088455593238,0.010904353721129006,0.013465455142660069,0.011764880770043751,0.016218495960180684
bert_multilingual_stars,2500,90,0.008488260981761555,0.010554406430106281,0.011283899867996466,0.013254223378398485,0.011692182503142225,0.016933109012625125
bert_multilingual_stars,2500,91,0.008488260981761555,0.008578723343924038,0.008659017012549225,0.010847470424794153,0.009349022216628568,0.016327486415550325
bert_multilingual_stars,2500,92,0.008488260981761555,0.013977324176814509,0.011046180108361916,0.014480626395617313,0.011793496213072699,0.019533214252118753
bert_multilingual_stars,2500,93,0.008488260981761555,0.009023925407652329,0.008798995196429647,0.01178495426484841,0.009611226727787567,0.016239540328956036
bert_multilingual_stars,2500,94,0.008488260981761555,0.009293272544111416,0.0073380908231864645,0.010021745582561099,0.007604102356218371,0.013391509204531353
bert_multilingual_stars,2500,95,0.008488260981761555,0.010573200836416566,0.009208944048345017,0.010780253523270946,0.009207132436421753,0.015381794280214849
bert_multilingual_stars,2500,96,0.008488260981761555,0.005158442874419961,0.008605072877214077,0.010290286415744542,0.008386947929852659,0.013418522742466202
bert_multilingual_stars,2500,97,0.008488260981761555,0.006873851664380689,0.007105258480698872,0.01010967962779943,0.007691914928904983,0.014772067368182372
bert_multilingual_stars,2500,98,0.008488260981761555,0.007520668721465617,0.008808782018412637,0.011151341841593145,0.009101336454699975,0.015415113425214426
bert_multilingual_stars,2500,99,0.008488260981761555,0.008184232030724832,0.009200878232226834,0.011252724420051433,0.009205387002676643,0.014574385431883186
bert_multilingual_stars,2500,100,0.008488260981761555,0.01107173929131031,0.008517770059143233,0.011852843342423626,0.009163388320428388,0.016294881051004816
bert_multilingual_stars,2500,101,0.008488260981761555,0.008653573261670017,0.008715765302680117,0.011501700072003412,0.009617816050761974,0.015480302402993132
bert_multilingual_stars,2500,102,0.008488260981761555,0.009086829777846844,0.008497471757577242,0.01120919490169907,0.009530763205420695,0.015140345847229245
bert_multilingual_stars,2500,103,0.008488260981761555,0.011406825971412774,0.010251629340792786,0.012901595808030488,0.010452184424339307,0.01592359575663129
bert_multilingual_stars,2500,104,0.008488260981761555,0.011365907193145912,0.010673638023297589,0.013490723426661641,0.011908145591414265,0.01712755989288171
bert_multilingual_stars,2500,105,0.008488260981761555,0.011688599805595258,0.009991305990925495,0.013051907347683122,0.010577814983614679,0.016816108615697562
bert_multilingual_stars,2500,106,0.008488260981761555,0.005427338519413156,0.008471112533612263,0.010817749409997147,0.008600257069590476,0.014636152491492813
bert_multilingual_stars,2500,107,0.008488260981761555,0.009035773969221571,0.008873864695563224,0.011099984079171845,0.009847255660064499,0.01558899710283976
bert_multilingual_stars,2500,108,0.008488260981761555,0.012051588177312767,0.009284713766300927,0.01242144674003997,0.009859630947928468,0.015439218192594105
bert_multilingual_stars,2500,109,0.008488260981761555,0.007487712467703682,0.008883440420937522,0.011524042173797846,0.008923174527902901,0.014289029413822598
bert_multilingual_stars,2500,110,0.008488260981761555,0.00796319259928722,0.007781918006521011,0.011101069347013943,0.008131436528968748,0.013774303085225217
bert_multilingual_stars,2500,111,0.008488260981761555,0.011735939413569122,0.010501158154306698,0.013661171217209738,0.011298343315422376,0.017113410226438995
bert_multilingual_stars,2500,112,0.008488260981761555,0.007580479616541962,0.009060648167059312,0.010833153433258415,0.009321065450179267,0.014444470386304132
bert_multilingual_stars,2500,113,0.008488260981761555,0.00904452227036052,0.007793110399753379,0.00956150449463088,0.008065485103998977,0.012797126066084238
bert_multilingual_stars,2500,114,0.008488260981761555,0.007992433291855205,0.00842510521030442,0.010896717164769022,0.008881406108819082,0.015106153979135567
bert_multilingual_stars,2500,115,0.008488260981761555,0.008029278483501325,0.009750799358088778,0.011966515086547582,0.009625503604474728,0.014662242024724523
bert_multilingual_stars,2500,116,0.008488260981761555,0.006966441814067305,0.007979676233040661,0.010355248836116208,0.008513810383492249,0.014085474153554049
bert_multilingual_stars,2500,117,0.008488260981761555,0.010701464115221507,0.010135122357120942,0.012816867997527119,0.010341789218210357,0.017879108080965142
bert_multilingual_stars,2500,118,0.008488260981761555,0.00727233537197608,0.007646475442184825,0.010194673699942397,0.008077309433037713,0.01293066651274346
bert_multilingual_stars,2500,119,0.008488260981761555,0.012690807459439568,0.011513459506647722,0.013433806647878573,0.01208092712818416,0.016859652833861004
bert_multilingual_stars,2500,120,0.008488260981761555,0.010619109593981995,0.009810078449121393,0.012930585573347234,0.011193672852114228,0.017966445039830335
bert_multilingual_stars,2500,121,0.008488260981761555,0.007064366927899371,0.008579119200975689,0.01041666459893904,0.008484770900299426,0.014139387784564451
bert_multilingual_stars,2500,122,0.008488260981761555,0.009587512468103137,0.00894256733656014,0.012134097846284641,0.009380505539270289,0.01531563052654076
bert_multilingual_stars,2500,123,0.008488260981761555,0.006756865809881112,0.007167517918179018,0.01007606168969457,0.007821759787544945,0.013622165464728424
bert_multilingual_stars,2500,124,0.008488260981761555,0.006554271454955853,0.005797115936544157,0.007948882964018618,0.006204097418321786,0.012536056397493918
bert_multilingual_stars,2500,125,0.008488260981761555,0.009648105686123377,0.0074253874811154846,0.01053014358449872,0.007525683864397764,0.014800145245152553
bert_multilingual_stars,2500,126,0.008488260981761555,0.005796180312479435,0.00799897303199678,0.01042622496273601,0.007930989882389433,0.014563210098322779
bert_multilingual_stars,2500,127,0.008488260981761555,0.009642795287772505,0.010625798219692123,0.01412735315973957,0.011406408441514367,0.017674446174844295
bert_multilingual_stars,2500,128,0.008488260981761555,0.006835318143126788,0.009188571912761088,0.011389042822375005,0.009974072687399629,0.015058483535853708
bert_multilingual_stars,2500,129,0.008488260981761555,0.00797332359281134,0.007481814502079215,0.010388220933533816,0.008144807103401482,0.01549427360028797
bert_multilingual_stars,2500,130,0.008488260981761555,0.00999239878886533,0.008336647909280404,0.010994531746004852,0.008824023216985928,0.01522421768200001
bert_multilingual_stars,2500,131,0.008488260981761555,0.00894318686659692,0.009688947706231629,0.012605080204359442,0.010552587283421493,0.01586240158558535
bert_multilingual_stars,2500,132,0.008488260981761555,0.006923541781452975,0.0077231937018863,0.00991229854661802,0.008494533520164405,0.013803517534877957
bert_multilingual_stars,2500,133,0.008488260981761555,0.005650677945143416,0.0078858453229382,0.009609790530380129,0.008098932887075166,0.013703274401416334
bert_multilingual_stars,2500,134,0.008488260981761555,0.00897727170543643,0.009664723468500565,0.012117915318328657,0.010411611927168881,0.015563408594793268
bert_multilingual_stars,2500,135,0.008488260981761555,0.009069237749628456,0.008053437721300445,0.010175718822520498,0.008511814428794045,0.013804329527776223
bert_multilingual_stars,2500,136,0.008488260981761555,0.011755282047777862,0.010444606619285259,0.01264720239648855,0.011098068002088093,0.018029265877850257
bert_multilingual_stars,2500,137,0.008488260981761555,0.010421499311678328,0.00941775531914928,0.012638090189588422,0.009582672358260911,0.018063287562979174
bert_multilingual_stars,2500,138,0.008488260981761555,0.005790991734561758,0.007000464805668781,0.00902767116867778,0.007202834630258141,0.012465330150721838
bert_multilingual_stars,2500,139,0.008488260981761555,0.011654069081346198,0.009064840297943081,0.012583205182793902,0.009634401207183283,0.017415069859038266
bert_multilingual_stars,2500,140,0.008488260981761555,0.0066190411537243535,0.00710027272170547,0.010647851702407151,0.007762626511863781,0.013611544262856948
bert_multilingual_stars,2500,141,0.008488260981761555,0.009621198232976826,0.00868208060366353,0.01168503562514065,0.00913784589605999,0.015693827168515993
bert_multilingual_stars,2500,142,0.008488260981761555,0.012091679263254702,0.010703401716999378,0.013724036000734869,0.011072474329569398,0.01715881501617054
bert_multilingual_stars,2500,143,0.008488260981761555,0.009114505995108471,0.009050666331118073,0.011389870097698063,0.009795136198975134,0.015187136263316336
bert_multilingual_stars,2500,144,0.008488260981761555,0.010110411903232266,0.009729360936992195,0.012658674472205334,0.010011219887073578,0.016081766524117722
bert_multilingual_stars,2500,145,0.008488260981761555,0.007836985317517581,0.008121961020233574,0.011328690653200796,0.008442512570746493,0.014244083030145628
bert_multilingual_stars,2500,146,0.008488260981761555,0.005432334284072178,0.00856235114193888,0.010636898333893759,0.008873837405565976,0.014255246239928491
bert_multilingual_stars,2500,147,0.008488260981761555,0.00762710372522196,0.008529857249981104,0.01113905075297394,0.00899498561614696,0.013190711761008484
bert_multilingual_stars,2500,148,0.008488260981761555,0.009244924311885904,0.008997996685596385,0.011794455927122735,0.009706379619677304,0.0173038141257324
bert_multilingual_stars,2500,149,0.008488260981761555,0.012249899941654745,0.009993051874027716,0.013502393622346162,0.010323460526192837,0.017507533628134963
bert_multilingual_stars,2500,150,0.008488260981761555,0.009721459323690564,0.007312738359203198,0.01042128963062289,0.008040137979356678,0.014016866777309811
bert_multilingual_stars,2500,151,0.008488260981761555,0.007358412938528126,0.007048384339751682,0.00934808848748635,0.0074668794487873676,0.014278421969858839
bert_multilingual_stars,2500,152,0.008488260981761555,0.011201771171702977,0.010812674851134626,0.012093821091682716,0.010972528223646782,0.016021865287271387
bert_multilingual_stars,2500,153,0.008488260981761555,0.011871360846668833,0.012502730126196734,0.014593690727598752,0.012765538633167107,0.017551484043556446
bert_multilingual_stars,2500,154,0.008488260981761555,0.0077547127149276765,0.00711548699364074,0.00898336098689403,0.006971461806151928,0.013771589672110552
bert_multilingual_stars,2500,155,0.008488260981761555,0.006714206778794238,0.009073138241013344,0.011356186201041311,0.009607272764924518,0.014725687447748739
bert_multilingual_stars,2500,156,0.008488260981761555,0.006456148499351907,0.006181265932533361,0.009073057332266887,0.0066690317357982485,0.014500725413542978
bert_multilingual_stars,2500,157,0.008488260981761555,0.00832697909232836,0.008868996834579429,0.010932486084818055,0.008952427402343418,0.015551222841359534
bert_multilingual_stars,2500,158,0.008488260981761555,0.008546604953934157,0.008250795415681751,0.010730967325950743,0.00839719790331075,0.015629541343129136
bert_multilingual_stars,2500,159,0.008488260981761555,0.010448208146272345,0.01043695134837377,0.012101133092049524,0.010321739316598218,0.01577294494254274
bert_multilingual_stars,2500,160,0.008488260981761555,0.005148207878964638,0.00773337435538649,0.009815677102662606,0.008035430182491537,0.013093092332439606
bert_multilingual_stars,2500,161,0.008488260981761555,0.010461254618852557,0.008793517133884671,0.011296211482889796,0.0088048851628197,0.015051419109621496
bert_multilingual_stars,2500,162,0.008488260981761555,0.011519583892575881,0.009949821200410151,0.011725755332132522,0.009920806984298706,0.016691487474715834
bert_multilingual_stars,2500,163,0.008488260981761555,0.01000017434250774,0.009257267480096707,0.011992531214128509,0.010149850306291867,0.015506825356973591
bert_multilingual_stars,2500,164,0.008488260981761555,0.008603046848997379,0.00811124023521687,0.01103898238684279,0.008097335987740404,0.016148389241093717
bert_multilingual_stars,2500,165,0.008488260981761555,0.007337772856648755,0.00879448869973799,0.010673830408574284,0.009369631044893032,0.015990323229459247
bert_multilingual_stars,2500,166,0.008488260981761555,0.0075794373255044616,0.006547635394118306,0.009427532592372589,0.007685234712312289,0.012173266359878466
bert_multilingual_stars,2500,167,0.008488260981761555,0.012132405776793108,0.012233635760764937,0.01469386774960589,0.013011023313902925,0.017919604885565314
bert_multilingual_stars,2500,168,0.008488260981761555,0.008799800751711492,0.01165394384382151,0.014912706100335165,0.012088200105817393,0.01805941614058743
bert_multilingual_stars,2500,169,0.008488260981761555,0.008807446403207702,0.008290680635248448,0.01085382236303212,0.008810147545600304,0.014381403452037214
bert_multilingual_stars,2500,170,0.008488260981761555,0.010656393040682203,0.00945633585996118,0.013635908383500909,0.009699433177237487,0.016339600031052014
bert_multilingual_stars,2500,171,0.008488260981761555,0.005858225298411848,0.006375914241004195,0.0076724549144247985,0.0064405716102775125,0.012489703875266503
bert_multilingual_stars,2500,172,0.008488260981761555,0.006748080110556683,0.00823280595220151,0.010286313854813166,0.008882301420170281,0.015152799546866278
bert_multilingual_stars,2500,173,0.008488260981761555,0.009326672395118668,0.009097628193581286,0.011255270127273042,0.00927700216418,0.014229586483423533
bert_multilingual_stars,2500,174,0.008488260981761555,0.007090592717228507,0.008391803999345991,0.010267312209251039,0.008812351596544987,0.013138177106813708
bert_multilingual_stars,2500,175,0.008488260981761555,0.0066217228901400485,0.007723913567094544,0.010663954605586225,0.008366397322088203,0.013718878237438234
bert_multilingual_stars,2500,176,0.008488260981761555,0.011230765371717289,0.011122736311583493,0.01362423817973178,0.011334915487685851,0.017291862297901917
bert_multilingual_stars,2500,177,0.008488260981761555,0.0069613565842748006,0.0057164392033620445,0.01006390077948098,0.006343679857520842,0.014300952924791208
bert_multilingual_stars,2500,178,0.008488260981761555,0.011616954585955788,0.010672293151178184,0.01316514419616489,0.011038128767023649,0.017936312875471712
bert_multilingual_stars,2500,179,0.008488260981761555,0.008688270544289393,0.007514697940040118,0.010255519401780532,0.007446170679186367,0.013343308499272136
bert_multilingual_stars,2500,180,0.008488260981761555,0.00946706263131434,0.010706395303043754,0.012561931542387024,0.01047255825877576,0.01630654222203773
bert_multilingual_stars,2500,181,0.008488260981761555,0.005241747456352911,0.00604316661588984,0.008709857404220566,0.006773425646439498,0.0120942009076623
bert_multilingual_stars,2500,182,0.008488260981761555,0.008139311006845631,0.008366039998966984,0.011717324873845013,0.008976392928776701,0.015649454242273285
bert_multilingual_stars,2500,183,0.008488260981761555,0.009647231742400475,0.009882454643668872,0.012408624362031627,0.010328163623485305,0.016477483574063343
bert_multilingual_stars,2500,184,0.008488260981761555,0.00846817754074521,0.011110342210154401,0.013104919694309379,0.01147995134178193,0.016578206889694656
bert_multilingual_stars,2500,185,0.008488260981761555,0.0103426669296732,0.009438407013849917,0.01263395169702157,0.01009465220859917,0.016031567814508624
bert_multilingual_stars,2500,186,0.008488260981761555,0.01002559850347148,0.00873785335431809,0.01133958515785422,0.009025230156417745,0.016260367239486505
bert_multilingual_stars,2500,187,0.008488260981761555,0.009993693801715404,0.009938220895688007,0.011781702614987634,0.010129485290838748,0.015938168586975682
bert_multilingual_stars,2500,188,0.008488260981761555,0.008156895297753755,0.008549012057124892,0.010499657558961754,0.008641697458510927,0.014936335173893046
bert_multilingual_stars,2500,189,0.008488260981761555,0.006466212111706891,0.007641577108663163,0.009869137000196057,0.00768535419324599,0.014591622685582577
bert_multilingual_stars,2500,190,0.008488260981761555,0.011331707584183007,0.008608334080896566,0.011245884541442989,0.008949348841650351,0.01632202047707242
bert_multilingual_stars,2500,191,0.008488260981761555,0.010089340492487336,0.009207052700823058,0.011147420719948602,0.009100026457560844,0.01591932312192718
bert_multilingual_stars,2500,192,0.008488260981761555,0.01293955192720966,0.010814521970478844,0.01398020790172301,0.011641536542342802,0.019135608582308165
bert_multilingual_stars,2500,193,0.008488260981761555,0.008032635378945071,0.008681517035670813,0.011368727915227899,0.009176311390488388,0.015784894298438937
bert_multilingual_stars,2500,194,0.008488260981761555,0.0092599919930819,0.009668632325464008,0.013129989953802197,0.009295120655253938,0.015763263839645054
bert_multilingual_stars,2500,195,0.008488260981761555,0.0045161182077259054,0.007438244271174835,0.009736045115857024,0.007849335035460273,0.013600309030773585
bert_multilingual_stars,2500,196,0.008488260981761555,0.007763917858524564,0.00873143831714143,0.01164830129261916,0.009387229071454724,0.014867948033000572
bert_multilingual_stars,2500,197,0.008488260981761555,0.005036542472330913,0.0074554656010632735,0.00974542248716386,0.007922027038783483,0.01396331375883921
bert_multilingual_stars,2500,198,0.008488260981761555,0.008626602269815348,0.009032132864205313,0.011242927878461711,0.009259711486578977,0.015116000477736159
bert_multilingual_stars,2500,199,0.008488260981761555,0.007307590849376092,0.007839083344428248,0.010735756373051296,0.007735149069752109,0.014273683005375347
bert_multilingual_stars,5000,0,0.008488260981761555,0.010468889082714584,0.008872997303254714,0.010964534834475315,0.00928473530172206,0.016355462109794425
bert_multilingual_stars,5000,1,0.008488260981761555,0.009637082256597033,0.008043443533800345,0.009666580803854796,0.008410817475802496,0.014947028282643021
bert_multilingual_stars,5000,2,0.008488260981761555,0.008682314600674123,0.009935709429375024,0.012009694134040296,0.01018379626440323,0.016215762633523884
bert_multilingual_stars,5000,3,0.008488260981761555,0.0094896483710029,0.00902383584029051,0.01129757430034824,0.009170985260555207,0.016039915672045504
bert_multilingual_stars,5000,4,0.008488260981761555,0.009188881884411925,0.009051825279792886,0.011329413275967289,0.009783021447808129,0.016672450117532336
bert_multilingual_stars,5000,5,0.008488260981761555,0.0071408916636311335,0.007171522322415583,0.008859661253478642,0.007713867185871079,0.013831005687242015
bert_multilingual_stars,5000,6,0.008488260981761555,0.009252341561608788,0.008153866087329258,0.01085958263816951,0.00873469924608246,0.015505067169970134
bert_multilingual_stars,5000,7,0.008488260981761555,0.009871240380540231,0.00981645714556594,0.011644187012820238,0.01054898697487068,0.015911705981404144
bert_multilingual_stars,5000,8,0.008488260981761555,0.0069126195116652415,0.007743136658452314,0.00962405025963006,0.008257288202510772,0.014212539689914682
bert_multilingual_stars,5000,9,0.008488260981761555,0.009571357474888714,0.00969744080319909,0.011603316836662464,0.010132359302379892,0.015734070290891838
bert_multilingual_stars,5000,10,0.008488260981761555,0.008338959177201921,0.00789071243820023,0.009793707892967846,0.008384849181484738,0.01503672476145702
bert_multilingual_stars,5000,11,0.008488260981761555,0.01093839422601726,0.009710544901196208,0.012169915420249817,0.010010394271821994,0.01780986341741915
bert_multilingual_stars,5000,12,0.008488260981761555,0.007112500171732265,0.008880251654978528,0.010627260531768327,0.009338536059918525,0.014946824094437957
bert_multilingual_stars,5000,13,0.008488260981761555,0.010033687143872101,0.008388003749025279,0.011207221946501518,0.009071182350638755,0.01638068525740632
bert_multilingual_stars,5000,14,0.008488260981761555,0.009189625255939771,0.00883673427777665,0.010974136267030397,0.009476338798875834,0.015605253056228171
bert_multilingual_stars,5000,15,0.008488260981761555,0.011806033039013467,0.008761950121265315,0.011415637950127592,0.008993337400669842,0.016717904041167485
bert_multilingual_stars,5000,16,0.008488260981761555,0.00887153945044416,0.00902155834884002,0.011339582996707901,0.009350930105573892,0.016277607226091943
bert_multilingual_stars,5000,17,0.008488260981761555,0.007973206762539167,0.008138485806383594,0.010819018670537568,0.008606239787607895,0.01538889536576437
bert_multilingual_stars,5000,18,0.008488260981761555,0.00861624787903192,0.008509007840048115,0.010498644395732896,0.009165636132268234,0.014242377424215422
bert_multilingual_stars,5000,19,0.008488260981761555,0.009006889688429654,0.007188913243121733,0.009874291295720622,0.007509391281736823,0.013822666106367886
bert_multilingual_stars,5000,20,0.008488260981761555,0.00820663126562814,0.007542669841641837,0.009881494336483358,0.008092854058818958,0.015000637553504307
bert_multilingual_stars,5000,21,0.008488260981761555,0.008780869977495592,0.007512256339575529,0.009660689163493578,0.00823297723490253,0.014493754108376411
bert_multilingual_stars,5000,22,0.008488260981761555,0.004913721144862145,0.007443519394549234,0.008982465538338242,0.00765335864419113,0.013292306230498806
bert_multilingual_stars,5000,23,0.008488260981761555,0.008912517091802654,0.009610568128905539,0.011521651231230138,0.009869371499871533,0.015114738963953397
bert_multilingual_stars,5000,24,0.008488260981761555,0.010260642209296912,0.008527348804648173,0.009534591679943138,0.008843312602538901,0.015411447692178724
bert_multilingual_stars,5000,25,0.008488260981761555,0.008929242733562217,0.007957669267600687,0.009660085715388051,0.008310394827598466,0.014337791458221142
bert_multilingual_stars,5000,26,0.008488260981761555,0.008472672769005344,0.009231071335085944,0.011040122490734295,0.009508626935015193,0.01554214757123005
bert_multilingual_stars,5000,27,0.008488260981761555,0.008575431071510986,0.007940568638752844,0.009890061902778262,0.008286909784344466,0.015272201244429693
bert_multilingual_stars,5000,28,0.008488260981761555,0.011178641055863754,0.009700781012039974,0.012230718377585133,0.010193066045564074,0.017869882365084255
bert_multilingual_stars,5000,29,0.008488260981761555,0.010117157534723689,0.009130191999024316,0.011361808451873297,0.009283622265340553,0.015954978374188643
bert_multilingual_stars,5000,30,0.008488260981761555,0.00968054522191813,0.01065462157134054,0.01258368496685599,0.011203217442056511,0.017377879877290867
bert_multilingual_stars,5000,31,0.008488260981761555,0.009248318360720603,0.007190328928341745,0.009429187969158951,0.007481739066975611,0.014965486207656961
bert_multilingual_stars,5000,32,0.008488260981761555,0.00825871025797778,0.008415186324256922,0.009875875118590347,0.008925915043275733,0.014509778212125178
bert_multilingual_stars,5000,33,0.008488260981761555,0.011258921762086318,0.009343189615740688,0.011001547346677854,0.009722948165650929,0.015886353505372597
bert_multilingual_stars,5000,34,0.008488260981761555,0.007757533391562647,0.00851829793404037,0.010006957055456832,0.009013918842432564,0.015310001183875559
bert_multilingual_stars,5000,35,0.008488260981761555,0.011506835055871781,0.010225735054174566,0.012308328832089124,0.010806026772478387,0.017988040682868654
bert_multilingual_stars,5000,36,0.008488260981761555,0.010024784385567566,0.008587195397756953,0.010471769567049104,0.009171817007004259,0.015791372370221685
bert_multilingual_stars,5000,37,0.008488260981761555,0.007527286047871009,0.008235023778021384,0.009717429507782968,0.0086028203113752,0.014906456207890776
bert_multilingual_stars,5000,38,0.008488260981761555,0.007918460337773114,0.008488920073105987,0.010127485222726558,0.008988152552772482,0.015538101844857693
bert_multilingual_stars,5000,39,0.008488260981761555,0.0044917454495468235,0.0072008510515209,0.00914849065136814,0.0075144685632332845,0.013477194378445453
bert_multilingual_stars,5000,40,0.008488260981761555,0.007138510983569724,0.007115250194396425,0.008876400393706265,0.007459676078554315,0.014243200803680968
bert_multilingual_stars,5000,41,0.008488260981761555,0.0073021405478275354,0.007240035668722494,0.009500396229589486,0.008077668624022694,0.013739889793820011
bert_multilingual_stars,5000,42,0.008488260981761555,0.00762828259546702,0.00897013517090155,0.011241743231921966,0.00953972766515697,0.015266694409340222
bert_multilingual_stars,5000,43,0.008488260981761555,0.008539996245833093,0.0077365361506339355,0.010064287980047848,0.00845235748283208,0.01445826525486954
bert_multilingual_stars,5000,44,0.008488260981761555,0.006640542065621247,0.0076931620287094115,0.009534478255208801,0.008083372870148629,0.013930809352234662
bert_multilingual_stars,5000,45,0.008488260981761555,0.009670228599077258,0.008857113178516129,0.010158376611060851,0.008970696428982215,0.014262745787374263
bert_multilingual_stars,5000,46,0.008488260981761555,0.007644845489193466,0.006851791565456632,0.008827121113638215,0.007344016151754529,0.014616548379040637
bert_multilingual_stars,5000,47,0.008488260981761555,0.008829303775153029,0.009632486430680771,0.011161581887397137,0.009979254373513715,0.016142052432478765
bert_multilingual_stars,5000,48,0.008488260981761555,0.008290190408125496,0.009485500846978957,0.01165366206311024,0.00994899005310783,0.015727137390506296
bert_multilingual_stars,5000,49,0.008488260981761555,0.007279231841030545,0.008315356271777364,0.010978591406265961,0.008618113029522066,0.015206010096924377
bert_multilingual_stars,5000,50,0.008488260981761555,0.009796143359526995,0.008927695702657305,0.01112752048655396,0.009554190694353521,0.015815261442310186
bert_multilingual_stars,5000,51,0.008488260981761555,0.006388954829409477,0.007907276260259456,0.009719233914300037,0.008001176946014554,0.013314396691306905
bert_multilingual_stars,5000,52,0.008488260981761555,0.011160954638127331,0.009329333395798499,0.011123058600606958,0.009577173617639156,0.0167453402203666
bert_multilingual_stars,5000,53,0.008488260981761555,0.010482295821760874,0.009923908344771247,0.01206767740578163,0.01027445493676176,0.01752018733159394
bert_multilingual_stars,5000,54,0.008488260981761555,0.006847441972045415,0.008439184469255144,0.009884523533215662,0.008777081786329707,0.0146173479831184
bert_multilingual_stars,5000,55,0.008488260981761555,0.007896246189794755,0.008574708458071104,0.01045346839303649,0.009076627021241079,0.015180651923726682
bert_multilingual_stars,5000,56,0.008488260981761555,0.007387284236045772,0.00858250079367298,0.010641693572154762,0.009021619183929389,0.01467656259372733
bert_multilingual_stars,5000,57,0.008488260981761555,0.009022460978672925,0.00869999148612481,0.010899829577476702,0.009095221443341772,0.01604931619376419
bert_multilingual_stars,5000,58,0.008488260981761555,0.011515130973052111,0.012070755853499874,0.013685423510539418,0.012378542659735129,0.017602250252471408
bert_multilingual_stars,5000,59,0.008488260981761555,0.008790808076787423,0.009376931714218495,0.010979765289693712,0.009862553483985554,0.015507026383734326
bert_multilingual_stars,5000,60,0.008488260981761555,0.010469602848424879,0.009252466772016566,0.0112230873279545,0.009595205870571666,0.014771809129615562
bert_multilingual_stars,5000,61,0.008488260981761555,0.010322518635303882,0.009794423402307547,0.011417844541545073,0.009931689560867213,0.015834876310012878
bert_multilingual_stars,5000,62,0.008488260981761555,0.0070697966397927645,0.008324200358258815,0.009950268876834114,0.008587139947227873,0.014094451127127676
bert_multilingual_stars,5000,63,0.008488260981761555,0.006360646383314312,0.008032927922273975,0.009691065408680734,0.00837160948361575,0.014021387310604523
bert_multilingual_stars,5000,64,0.008488260981761555,0.008654093784234292,0.009978214628139484,0.01138260037682197,0.010365580158414857,0.015461475266851238
bert_multilingual_stars,5000,65,0.008488260981761555,0.009054451473467492,0.00943133540939472,0.011740652047889938,0.009829149850149913,0.016013733328879717
bert_multilingual_stars,5000,66,0.008488260981761555,0.011256168970990485,0.010910678732518143,0.012559369279369756,0.011422486128951333,0.016988873843684367
bert_multilingual_stars,5000,67,0.008488260981761555,0.010682334337203536,0.008706156950170577,0.01085292036702811,0.00902855506971655,0.016451963406180475
bert_multilingual_stars,5000,68,0.008488260981761555,0.008934888270172133,0.009372537045460306,0.011119939500957502,0.009784744358744676,0.014629051584183365
bert_multilingual_stars,5000,69,0.008488260981761555,0.008350125909989362,0.008462255359324784,0.01043192234332493,0.00920433143801847,0.014223698778503687
bert_multilingual_stars,5000,70,0.008488260981761555,0.009184821699493842,0.009549945501029269,0.011401773564663464,0.009962598410343302,0.016041371810445928
bert_multilingual_stars,5000,71,0.008488260981761555,0.007952806857362929,0.007746446580059561,0.010494027158218504,0.008157527108707645,0.015428338909980481
bert_multilingual_stars,5000,72,0.008488260981761555,0.006200880470656722,0.007121811042096029,0.008849927318900217,0.007507592352520311,0.01331186124718873
bert_multilingual_stars,5000,73,0.008488260981761555,0.0072648613453797865,0.008673168597211163,0.010355102931973505,0.009149080437526096,0.015769132364109668
bert_multilingual_stars,5000,74,0.008488260981761555,0.008803281513059622,0.007704742034003225,0.009828441450948317,0.007902205581390544,0.015201551655304332
bert_multilingual_stars,5000,75,0.008488260981761555,0.009988842090389704,0.008098748724792902,0.010262658184880556,0.008573925050640635,0.015034793441595098
bert_multilingual_stars,5000,76,0.008488260981761555,0.008936186485672282,0.0066454509417543045,0.008775713253931986,0.007142099808464488,0.013648835924459033
bert_multilingual_stars,5000,77,0.008488260981761555,0.009030083336986922,0.008422428843699105,0.010569785259767773,0.008858896733070531,0.015441055722878636
bert_multilingual_stars,5000,78,0.008488260981761555,0.009077336940743282,0.007755553706927615,0.010338203610035518,0.008505087161668364,0.014760261684555229
bert_multilingual_stars,5000,79,0.008488260981761555,0.009427206225359959,0.00894520954701118,0.011160245352508315,0.009502639756821436,0.015349533135344809
bert_multilingual_stars,5000,80,0.008488260981761555,0.007349620657167389,0.0089144885194825,0.010628070436282803,0.00940486330174129,0.014281914606828301
bert_multilingual_stars,5000,81,0.008488260981761555,0.009536700599353909,0.007734916203755584,0.010168981913050474,0.00833965389227386,0.01543046488213768
bert_multilingual_stars,5000,82,0.008488260981761555,0.008005689927551617,0.009409547484138046,0.011721145479793266,0.010219805571004787,0.015482928201464512
bert_multilingual_stars,5000,83,0.008488260981761555,0.01016319213600011,0.008801923209063586,0.010923685533639217,0.008841574932936526,0.01607437192647587
bert_multilingual_stars,5000,84,0.008488260981761555,0.00681152801151674,0.007688670933217934,0.009465018231329465,0.007979366712930612,0.014088908343962687
bert_multilingual_stars,5000,85,0.008488260981761555,0.00631253618523455,0.0072534229574996775,0.008820087204301478,0.00776835758282649,0.01307530791522215
bert_multilingual_stars,5000,86,0.008488260981761555,0.007364865893666894,0.008871950005270045,0.010849384271339333,0.009375569802068514,0.015654034412429886
bert_multilingual_stars,5000,87,0.008488260981761555,0.008521873474427764,0.007674477547979537,0.008981826249940927,0.00817760519526143,0.014203075334741414
bert_multilingual_stars,5000,88,0.008488260981761555,0.009114899694441661,0.008888811134494901,0.010738656549153635,0.009203775424045161,0.015752748141655146
bert_multilingual_stars,5000,89,0.008488260981761555,0.011691974484194638,0.009426765223854813,0.011651247092966152,0.009834339409068325,0.017166160448738997
bert_multilingual_stars,5000,90,0.008488260981761555,0.006518653592821714,0.006887244440582611,0.009242178357349903,0.007380678898540208,0.014407815018149916
bert_multilingual_stars,5000,91,0.008488260981761555,0.006302448417328175,0.0085792208528328,0.010259826868143607,0.008725022969133021,0.014386647057138944
bert_multilingual_stars,5000,92,0.008488260981761555,0.01217580438056457,0.00996730880755384,0.012207612085245987,0.010444055748348781,0.01664901232770664
bert_multilingual_stars,5000,93,0.008488260981761555,0.007125590839152777,0.008687141997819095,0.010703662581289132,0.008908157654688907,0.014478914727846496
bert_multilingual_stars,5000,94,0.008488260981761555,0.009030961616090101,0.008763876269238023,0.009879438122279687,0.009006166238897263,0.015685854346321804
bert_multilingual_stars,5000,95,0.008488260981761555,0.009122305771789423,0.009239752727932168,0.011632674212285306,0.010035839859340838,0.015594670228384733
bert_multilingual_stars,5000,96,0.008488260981761555,0.00698734411349089,0.007602897044583857,0.00941761380863256,0.007841705405941618,0.01415792553453751
bert_multilingual_stars,5000,97,0.008488260981761555,0.008315577444634896,0.007803601702196058,0.010060347362704935,0.008479454815714967,0.014670697571134747
bert_multilingual_stars,5000,98,0.008488260981761555,0.012005013212243369,0.009631312055425128,0.011959174948914393,0.00986342013533432,0.017598407218108732
bert_multilingual_stars,5000,99,0.008488260981761555,0.00902186540525456,0.008294299094711308,0.010472027029397361,0.008895763354315498,0.015346944546145849
bert_multilingual_stars,5000,100,0.008488260981761555,0.008869338047289182,0.009299656476659835,0.011656335599811989,0.010117934841893769,0.015775352187573706
bert_multilingual_stars,5000,101,0.008488260981761555,0.008726406679281217,0.010146846235854814,0.0119159346934562,0.010424898488891216,0.016317779625169157
bert_multilingual_stars,5000,102,0.008488260981761555,0.006946219107708691,0.008613690848510238,0.010311133175587694,0.00914799417483194,0.014690405789951098
bert_multilingual_stars,5000,103,0.008488260981761555,0.010454454385598697,0.007818410823363294,0.009946472310191702,0.008314847658745303,0.01582732661686665
bert_multilingual_stars,5000,104,0.008488260981761555,0.009308232668753743,0.008626087485231379,0.01056123981351989,0.009176968817403949,0.01520273855066451
bert_multilingual_stars,5000,105,0.008488260981761555,0.008694006397962556,0.009026699938337105,0.010553002712510827,0.009020473682212565,0.015370427253498152
bert_multilingual_stars,5000,106,0.008488260981761555,0.007094645874266512,0.007774395606819738,0.009502515555332833,0.008004240451729223,0.013624573694689635
bert_multilingual_stars,5000,107,0.008488260981761555,0.009388571715794028,0.00935346887848667,0.011320796067130589,0.009766917766527989,0.01515342638894185
bert_multilingual_stars,5000,108,0.008488260981761555,0.01197641366024752,0.009934021697241393,0.012227431077987069,0.010206784230474759,0.017230114133151102
bert_multilingual_stars,5000,109,0.008488260981761555,0.008777667891582486,0.008386277126417442,0.009769849012638023,0.008629392621161188,0.016226370524576202
bert_multilingual_stars,5000,110,0.008488260981761555,0.007096051278395379,0.008703878551034579,0.010194064743669294,0.00900369555028531,0.01432096440407153
bert_multilingual_stars,5000,111,0.008488260981761555,0.007987476464760526,0.00853289614112926,0.009903794405186439,0.008926178691082887,0.014635437910005107
bert_multilingual_stars,5000,112,0.008488260981761555,0.009588259911897547,0.01002544885658489,0.01225110464804643,0.010646696587943556,0.015717448733490746
bert_multilingual_stars,5000,113,0.008488260981761555,0.010078877803989209,0.009216213122890974,0.010918190176832182,0.00942439575910619,0.015758532388477516
bert_multilingual_stars,5000,114,0.008488260981761555,0.009224592691040492,0.007436071951486079,0.009107532762347579,0.008010397411038601,0.014152130659357297
bert_multilingual_stars,5000,115,0.008488260981761555,0.006739189604656676,0.007360872416173,0.009697819565528993,0.007870847234337272,0.01380000909908762
bert_multilingual_stars,5000,116,0.008488260981761555,0.008548817117370464,0.007644139113436905,0.009434648983273442,0.008007119220720534,0.013767240455031972
bert_multilingual_stars,5000,117,0.008488260981761555,0.007760377993389742,0.007560565071217571,0.010082593961711976,0.007959128547866168,0.015104181555567366
bert_multilingual_stars,5000,118,0.008488260981761555,0.006721565984448037,0.00782088617412124,0.010083649292971822,0.008197488873627933,0.014240707443306041
bert_multilingual_stars,5000,119,0.008488260981761555,0.008715613259806963,0.00895201966699436,0.010965234531292471,0.009279331049243214,0.015333711644699877
bert_multilingual_stars,5000,120,0.008488260981761555,0.008600551935465123,0.008812272630207797,0.01059862481624833,0.009352735521918386,0.014238512664093319
bert_multilingual_stars,5000,121,0.008488260981761555,0.00868773094430563,0.007573040566188944,0.009483793535756166,0.007783516018820761,0.014160977025701236
bert_multilingual_stars,5000,122,0.008488260981761555,0.010962679517536248,0.009453304504259089,0.01125763690883531,0.009931918922458134,0.015720247175963875
bert_multilingual_stars,5000,123,0.008488260981761555,0.009131638176944875,0.008152287619181036,0.010292063596503387,0.008804693535670424,0.015047626404499173
bert_multilingual_stars,5000,124,0.008488260981761555,0.007879111681074807,0.0070660848700003585,0.008968208363152487,0.007295297408534038,0.014335895257438575
bert_multilingual_stars,5000,125,0.008488260981761555,0.008523876941067127,0.008964593307657262,0.010654350931452053,0.009543556283620254,0.01567887376708643
bert_multilingual_stars,5000,126,0.008488260981761555,0.006075448853299224,0.006737522287825753,0.008288965949268194,0.006924470437907744,0.013376727767945582
bert_multilingual_stars,5000,127,0.008488260981761555,0.007951916604313035,0.008835977041524263,0.010462001938703079,0.009244489454416279,0.0147987750928865
bert_multilingual_stars,5000,128,0.008488260981761555,0.00650772421543083,0.00761702597149362,0.0098738415962019,0.008325933735714663,0.015553277708929746
bert_multilingual_stars,5000,129,0.008488260981761555,0.007959118803517356,0.008033566352122296,0.009941764407945955,0.00889611181721974,0.014298154794753286
bert_multilingual_stars,5000,130,0.008488260981761555,0.013620110500464196,0.010725488893924195,0.012816286783912657,0.011417264253735127,0.01852201069746272
bert_multilingual_stars,5000,131,0.008488260981761555,0.008768766110397444,0.008716559889385052,0.010840462803121925,0.009493620089579687,0.015164336675297128
bert_multilingual_stars,5000,132,0.008488260981761555,0.007239202662514486,0.007103645015425242,0.009391385269402959,0.007468501609664184,0.013933139577325195
bert_multilingual_stars,5000,133,0.008488260981761555,0.010060008376499167,0.00853959693827595,0.009783499407675353,0.008810234829418031,0.013972758808643907
bert_multilingual_stars,5000,134,0.008488260981761555,0.007162476187789818,0.007922777310477656,0.009815813130861875,0.008124963465695736,0.01475887174490981
bert_multilingual_stars,5000,135,0.008488260981761555,0.007268338632892497,0.0077828509050988336,0.009816548323492087,0.008501714601238532,0.014043188611656423
bert_multilingual_stars,5000,136,0.008488260981761555,0.009974233046986893,0.009972792727354437,0.011897032812096585,0.010498384409435254,0.016618888024478716
bert_multilingual_stars,5000,137,0.008488260981761555,0.008666327910214398,0.007940205182288084,0.009527093475118462,0.008090964482352544,0.014110552524458315
bert_multilingual_stars,5000,138,0.008488260981761555,0.008235533343499126,0.0077179152812176235,0.009405173405297795,0.007881389236366177,0.013444794919653814
bert_multilingual_stars,5000,139,0.008488260981761555,0.006319838788614353,0.006785061747604625,0.00903278001570781,0.007297513071759626,0.013470129474768142
bert_multilingual_stars,5000,140,0.008488260981761555,0.00935529705560572,0.009433962717705031,0.011141369983863605,0.009812830744100548,0.014932304688501602
bert_multilingual_stars,5000,141,0.008488260981761555,0.009555903269376014,0.009933253059537482,0.012078662272509758,0.010094131293625094,0.016296762182583264
bert_multilingual_stars,5000,142,0.008488260981761555,0.009231508054513449,0.009434934667347855,0.010873818398511653,0.009710791938157106,0.015315016590148528
bert_multilingual_stars,5000,143,0.008488260981761555,0.008990828691281195,0.009347000362409324,0.010586073969051275,0.009540667949966608,0.015447883595720486
bert_multilingual_stars,5000,144,0.008488260981761555,0.007758780592727005,0.00819228906558581,0.01009878740443246,0.008543810316012283,0.014919490687220998
bert_multilingual_stars,5000,145,0.008488260981761555,0.00887677942693568,0.007396251010810289,0.009515072096346217,0.007896459216862611,0.014691034782915875
bert_multilingual_stars,5000,146,0.008488260981761555,0.01072467846830793,0.00928396043131769,0.011348323972594105,0.009645128074496722,0.015674455618682952
bert_multilingual_stars,5000,147,0.008488260981761555,0.008420104492777613,0.007982567405908346,0.010316530240195496,0.008650053056983962,0.01500670894717387
bert_multilingual_stars,5000,148,0.008488260981761555,0.009535657133979034,0.00870776793277542,0.010827114936798377,0.00927993471433493,0.01556646405748746
bert_multilingual_stars,5000,149,0.008488260981761555,0.008511127710978962,0.007480859797226841,0.009390748792024926,0.007893133329957709,0.01488345455655051
bert_multilingual_stars,5000,150,0.008488260981761555,0.008150144817298411,0.008624386333096718,0.010266744878795073,0.008954441873867068,0.0145514216512713
bert_multilingual_stars,5000,151,0.008488260981761555,0.009262322232438728,0.009064268453617894,0.011600259658807545,0.009888139753111647,0.01684980448501062
bert_multilingual_stars,5000,152,0.008488260981761555,0.008129375079797446,0.007477676365207807,0.009301334229435887,0.0076286181386444685,0.014514262469712247
bert_multilingual_stars,5000,153,0.008488260981761555,0.009309000680934005,0.008680429910186097,0.01109733846676053,0.009480020281585205,0.01605122232649997
bert_multilingual_stars,5000,154,0.008488260981761555,0.011451638508528005,0.010369037823083533,0.011884322518809274,0.010647418251882954,0.01639546761254279
bert_multilingual_stars,5000,155,0.008488260981761555,0.00826814143268968,0.008413902397180822,0.010109141642728624,0.008976048460695059,0.014937185975415256
bert_multilingual_stars,5000,156,0.008488260981761555,0.0069449383043450955,0.007504473583431998,0.009504183039412485,0.007788196420038908,0.01347915731088423
bert_multilingual_stars,5000,157,0.008488260981761555,0.010670319714683992,0.008764123078422632,0.010657154513512835,0.009246745810634375,0.01536100984779883
bert_multilingual_stars,5000,158,0.008488260981761555,0.007909360423468537,0.0070496649053848615,0.008747631741672396,0.0073964253858766985,0.013821983616995616
bert_multilingual_stars,5000,159,0.008488260981761555,0.006066201408196872,0.0075271634704172094,0.00918059820875188,0.007901482617346418,0.013588100484605885
bert_multilingual_stars,5000,160,0.008488260981761555,0.009088199622764243,0.009397753074978308,0.010705671143203897,0.010093237396844723,0.015814859642728194
bert_multilingual_stars,5000,161,0.008488260981761555,0.008625069788639401,0.009408184218133463,0.011452395993778359,0.010206022942387384,0.015788907147648117
bert_multilingual_stars,5000,162,0.008488260981761555,0.00811853316032034,0.007642350823894837,0.009860965173891359,0.008319655468889351,0.014235550864645683
bert_multilingual_stars,5000,163,0.008488260981761555,0.009585184148901934,0.008703487387365417,0.010372864468695748,0.009023660561021864,0.01597517988613701
bert_multilingual_stars,5000,164,0.008488260981761555,0.007014951075259762,0.008900195253719783,0.010486131399976593,0.009344234260696593,0.014847801087644222
bert_multilingual_stars,5000,165,0.008488260981761555,0.009754851949554881,0.009201847350741841,0.011336288675873064,0.009691037463898126,0.015708840756091018
bert_multilingual_stars,5000,166,0.008488260981761555,0.006504930703948462,0.007717592409084706,0.009913364667435715,0.008343514820349528,0.013978728621920454
bert_multilingual_stars,5000,167,0.008488260981761555,0.010339724256417725,0.009971351190266778,0.011629018187316075,0.010163423806198248,0.016841096413605195
bert_multilingual_stars,5000,168,0.008488260981761555,0.007801819061203328,0.008344092072119615,0.01046243628039687,0.00853795162369579,0.014851981279617862
bert_multilingual_stars,5000,169,0.008488260981761555,0.007797531649448392,0.008679815720816332,0.010295517532978445,0.008997602878270408,0.015156834882417354
bert_multilingual_stars,5000,170,0.008488260981761555,0.006830047273375253,0.006392324454137319,0.00813717970912086,0.0069747996067880055,0.013361717096774127
bert_multilingual_stars,5000,171,0.008488260981761555,0.008625502614328697,0.008279491737731274,0.009807793996310198,0.008607152449010997,0.01396778684273776
bert_multilingual_stars,5000,172,0.008488260981761555,0.011563082122313795,0.010622307778073842,0.012903033099702614,0.011308774475040485,0.01740710950554459
bert_multilingual_stars,5000,173,0.008488260981761555,0.007210939591779128,0.008228098519685135,0.01009595287776817,0.008627499478390735,0.014859725473322575
bert_multilingual_stars,5000,174,0.008488260981761555,0.008390101959548908,0.009553969544578015,0.010994762046222769,0.00976156808064844,0.015075842569274675
bert_multilingual_stars,5000,175,0.008488260981761555,0.008671698598893099,0.008709745511957176,0.010325090331207081,0.00886317683242593,0.015515746952629587
bert_multilingual_stars,5000,176,0.008488260981761555,0.008462985185339231,0.008570784395214127,0.010290089861107424,0.008973696517498115,0.014609914529782218
bert_multilingual_stars,5000,177,0.008488260981761555,0.009018103915530394,0.009748946405061352,0.011530283898286352,0.010396151133314742,0.0160875427672801
bert_multilingual_stars,5000,178,0.008488260981761555,0.01064139997523039,0.010060293474112181,0.012543142888680575,0.0104549761125634,0.016617049145059033
bert_multilingual_stars,5000,179,0.008488260981761555,0.008521864161814502,0.00810725469493034,0.009465771689021714,0.008268047017023099,0.014559828847826578
bert_multilingual_stars,5000,180,0.008488260981761555,0.007460883145471404,0.008402850012245765,0.01023380558888062,0.008673664623683748,0.014766815643397027
bert_multilingual_stars,5000,181,0.008488260981761555,0.008451268534295798,0.009085660175472058,0.011236990362096019,0.009520218369674921,0.014881328878522363
bert_multilingual_stars,5000,182,0.008488260981761555,0.006059844013568,0.007300038229947727,0.00924713685998194,0.007404626382365125,0.013914830822370747
bert_multilingual_stars,5000,183,0.008488260981761555,0.009735222151095393,0.00863491407985398,0.010243458424279761,0.009151374724818091,0.015080775732394119
bert_multilingual_stars,5000,184,0.008488260981761555,0.0084042574105823,0.009006925462987928,0.01135354011170919,0.00927952462817909,0.015325442435753423
bert_multilingual_stars,5000,185,0.008488260981761555,0.006008692717343986,0.009011282031541137,0.010974385682499465,0.009423746094361777,0.015394576171227529
bert_multilingual_stars,5000,186,0.008488260981761555,0.007054834266280813,0.007003367794513501,0.00874511623964592,0.007397304869960723,0.014279784975691531
bert_multilingual_stars,5000,187,0.008488260981761555,0.009461491089549629,0.00791170843255357,0.010101347914241589,0.008563936666011625,0.014618190528327189
bert_multilingual_stars,5000,188,0.008488260981761555,0.009721463476791582,0.009240421221006774,0.011092823645106135,0.009534870827809258,0.014345415980482574
bert_multilingual_stars,5000,189,0.008488260981761555,0.008322110422640487,0.008416595238597195,0.010444527768556129,0.009023855919906417,0.014791227523322981
bert_multilingual_stars,5000,190,0.008488260981761555,0.007589709087496559,0.007038852459534277,0.00871066958054604,0.00734218522466972,0.013641443320810175
bert_multilingual_stars,5000,191,0.008488260981761555,0.009069086432623684,0.00815679143342064,0.009617809124649148,0.00861235632080181,0.014863703242240504
bert_multilingual_stars,5000,192,0.008488260981761555,0.010016885632285612,0.007767583052968909,0.010525041585166744,0.008438279469625413,0.015081628873503398
bert_multilingual_stars,5000,193,0.008488260981761555,0.00994784125358249,0.008571391492323667,0.010529638378408382,0.00910085956734985,0.015377184790347961
bert_multilingual_stars,5000,194,0.008488260981761555,0.007401155953152937,0.008772181322359586,0.010155688834366763,0.008886367834081801,0.014359138986673176
bert_multilingual_stars,5000,195,0.008488260981761555,0.009757026619684977,0.009348060501628992,0.011699513841787199,0.010035778283516868,0.01642304224435521
bert_multilingual_stars,5000,196,0.008488260981761555,0.008471788982882115,0.00680698941115057,0.008857089114523415,0.0072255028397187684,0.014301912858347974
bert_multilingual_stars,5000,197,0.008488260981761555,0.007324407072312087,0.007534638276347307,0.009872422851615449,0.008026771435968395,0.014008922005361604
bert_multilingual_stars,5000,198,0.008488260981761555,0.0053743429789436786,0.00709572942262585,0.00848327728735667,0.007197970105774167,0.013190223121786606
bert_multilingual_stars,5000,199,0.008488260981761555,0.009837259728679607,0.00958388610343935,0.011691355178598883,0.010084793070074647,0.01666026638943778
bert_multilingual_stars,7500,0,0.008488260981761555,0.008259564706201724,0.010067519058063915,0.011353936037393394,0.0103576827399733,0.015495598339721143
bert_multilingual_stars,7500,1,0.008488260981761555,0.009052924350021266,0.008965884753605801,0.010216567220436032,0.009349501443076114,0.014976967502875884
bert_multilingual_stars,7500,2,0.008488260981761555,0.010439961967814895,0.008958663470251,0.01074383131150563,0.009702878746246292,0.01607673158507695
bert_multilingual_stars,7500,3,0.008488260981761555,0.009336822395038314,0.008230607034827869,0.009864019993201046,0.00862359932721504,0.014821360050904054
bert_multilingual_stars,7500,4,0.008488260981761555,0.009396154569683016,0.010272394023004795,0.012111013230368065,0.01084384966487282,0.01704094944997203
bert_multilingual_stars,7500,5,0.008488260981761555,0.008185273718471915,0.007942352168279479,0.01000059808048905,0.008470588027781174,0.014683799407275986
bert_multilingual_stars,7500,6,0.008488260981761555,0.009635817272791525,0.00893676058971566,0.011219392983734148,0.009418385334424788,0.01604189857790431
bert_multilingual_stars,7500,7,0.008488260981761555,0.009221615712410041,0.00843838694597637,0.01043585880379126,0.008950576637794217,0.016372271084254247
bert_multilingual_stars,7500,8,0.008488260981761555,0.009125298977254219,0.008483778743583636,0.010220070207192572,0.008922860414372841,0.015734455625090432
bert_multilingual_stars,7500,9,0.008488260981761555,0.007852943824159,0.008079598992587641,0.009506032931854355,0.0084134415070554,0.014208814396282136
bert_multilingual_stars,7500,10,0.008488260981761555,0.008116484713678374,0.008258888562140788,0.01076762806134243,0.008774386087009124,0.0149885773021636
bert_multilingual_stars,7500,11,0.008488260981761555,0.008477010817479706,0.008401810034407207,0.010032108487143369,0.008762008555123352,0.014869271657477198
bert_multilingual_stars,7500,12,0.008488260981761555,0.00956537458652263,0.008710009239968593,0.010168535419214019,0.009013383251255959,0.016061889573184655
bert_multilingual_stars,7500,13,0.008488260981761555,0.0073523375558348335,0.008797064822564519,0.010044324748423757,0.009205519765949497,0.015566773575395668
bert_multilingual_stars,7500,14,0.008488260981761555,0.009589567746850172,0.008443788926409419,0.009963865528639596,0.008927337102581036,0.015177167178159852
bert_multilingual_stars,7500,15,0.008488260981761555,0.00788481761475573,0.0081228972019289,0.010053355447983615,0.008527360399987636,0.0154903214513142
bert_multilingual_stars,7500,16,0.008488260981761555,0.010256139397556239,0.007976307730268124,0.009685958080378011,0.008535874972520919,0.015410701242139923
bert_multilingual_stars,7500,17,0.008488260981761555,0.007881884462655248,0.008256800953565856,0.009839167148229964,0.008658461855960089,0.0157054781721216
bert_multilingual_stars,7500,18,0.008488260981761555,0.00829737894076915,0.008502890159130482,0.010238634017576107,0.00910450717989,0.014973414294539413
bert_multilingual_stars,7500,19,0.008488260981761555,0.008464821757614744,0.008977922988175504,0.010355863364577738,0.00934436799612925,0.014903970530495926
bert_multilingual_stars,7500,20,0.008488260981761555,0.009415688987451813,0.008963472516733564,0.010283021803413055,0.00917248834198212,0.014600426434311278
bert_multilingual_stars,7500,21,0.008488260981761555,0.008817564624073756,0.008928347437317748,0.010309039071759063,0.00933054651020045,0.015705069365930344
bert_multilingual_stars,7500,22,0.008488260981761555,0.009587963078791562,0.009979289318697722,0.012184136992586336,0.010677505520558453,0.017180209871658
bert_multilingual_stars,7500,23,0.008488260981761555,0.009099193024937812,0.008308777081330843,0.009942710065397183,0.008685573593580501,0.014536251283720015
bert_multilingual_stars,7500,24,0.008488260981761555,0.008871239886681977,0.008451019587304319,0.0100695763015668,0.008935447055517185,0.016170264364069136
bert_multilingual_stars,7500,25,0.008488260981761555,0.008030342296381275,0.007767318628867839,0.009688256585346146,0.0082784405242145,0.014641110915005189
bert_multilingual_stars,7500,26,0.008488260981761555,0.00859684346396081,0.008218838766690455,0.010053149585630323,0.008831340453658415,0.015309233085493246
bert_multilingual_stars,7500,27,0.008488260981761555,0.0066570866417258795,0.00791082993942662,0.009735657730649737,0.008404303226562949,0.014314822138383733
bert_multilingual_stars,7500,28,0.008488260981761555,0.009935146666086038,0.009496460714792552,0.011175184896093043,0.010042113530437954,0.01770386736682883
bert_multilingual_stars,7500,29,0.008488260981761555,0.009285789552086013,0.009417162715251885,0.011157165121440184,0.009801867834558949,0.015844656459789604
bert_multilingual_stars,7500,30,0.008488260981761555,0.012176762908482273,0.010597387200659848,0.012260219373163874,0.011075939484219328,0.017348469978200276
bert_multilingual_stars,7500,31,0.008488260981761555,0.004902377000507992,0.006282014863779125,0.007743668376389451,0.006932784834323652,0.013732542829281371
bert_multilingual_stars,7500,32,0.008488260981761555,0.00892114928961005,0.00882811265326954,0.01024300307979802,0.00919477339658616,0.015601067570786019
bert_multilingual_stars,7500,33,0.008488260981761555,0.008361585355447076,0.008850592448401065,0.010288327381605322,0.009173476204912932,0.015204025742856122
bert_multilingual_stars,7500,34,0.008488260981761555,0.01309476202799167,0.011348900134011025,0.01268244945010688,0.01150467091172604,0.018401018008537134
bert_multilingual_stars,7500,35,0.008488260981761555,0.007494951983399975,0.008735301694370602,0.010718101555275897,0.00923770382568798,0.015188037437545486
bert_multilingual_stars,7500,36,0.008488260981761555,0.009350703126113998,0.009149562630351374,0.010642614562576595,0.009620933450187382,0.01580527032446611
bert_multilingual_stars,7500,37,0.008488260981761555,0.009685625575243596,0.008290802326831869,0.010040172469493125,0.008601592240099223,0.015369100631203636
bert_multilingual_stars,7500,38,0.008488260981761555,0.006851495456067883,0.00790733738497459,0.009856952952984492,0.008364119388453942,0.01473109465639294
bert_multilingual_stars,7500,39,0.008488260981761555,0.007514335628946357,0.007383397248682389,0.008733000457083836,0.007747726782099957,0.013931757546660225
bert_multilingual_stars,7500,40,0.008488260981761555,0.008004413014930723,0.007519479759307362,0.009748834616090982,0.008251325997204503,0.014119033080144295
bert_multilingual_stars,7500,41,0.008488260981761555,0.006818375629502152,0.0072145874595350105,0.0085812159712922,0.00738534011704535,0.014374555087365183
bert_multilingual_stars,7500,42,0.008488260981761555,0.009862706229330798,0.008568763509797048,0.010642509915208494,0.009107015263584454,0.015620662256358902
bert_multilingual_stars,7500,43,0.008488260981761555,0.006887178149075522,0.007603158490511333,0.009288366916231467,0.008004457340978589,0.014033442610773866
bert_multilingual_stars,7500,44,0.008488260981761555,0.008067696292926195,0.008451821409914496,0.01008359476238153,0.008823378489011274,0.014295702863767572
bert_multilingual_stars,7500,45,0.008488260981761555,0.007773676176399037,0.007612093753043127,0.00946130846566487,0.007991699467787964,0.0141431662132748
bert_multilingual_stars,7500,46,0.008488260981761555,0.009688695517043324,0.00978456237900898,0.011527398684106975,0.010446526109800645,0.016324018283603844
bert_multilingual_stars,7500,47,0.008488260981761555,0.010976043564175829,0.008947697763953866,0.010630476874398985,0.009278692380580515,0.015061926622867854
bert_multilingual_stars,7500,48,0.008488260981761555,0.008928871445200565,0.007474678944248558,0.008806630443733473,0.007745908602527255,0.013656961791608
bert_multilingual_stars,7500,49,0.008488260981761555,0.009662470910730464,0.008942108556472322,0.010262663312762956,0.00938300335445286,0.014699386839169595
bert_multilingual_stars,7500,50,0.008488260981761555,0.00881455501757629,0.008784199280356599,0.010849040419846391,0.009454583259624285,0.016172815455113575
bert_multilingual_stars,7500,51,0.008488260981761555,0.00970556944110822,0.009408732000263998,0.011229372860686218,0.010048655487993783,0.016304532517807273
bert_multilingual_stars,7500,52,0.008488260981761555,0.008283238922609,0.007564925153918134,0.00906352170410706,0.00782834132678492,0.01409347120755146
bert_multilingual_stars,7500,53,0.008488260981761555,0.009766972434597915,0.00866311082166505,0.010345342091368196,0.009089523704098355,0.014889339119372754
bert_multilingual_stars,7500,54,0.008488260981761555,0.007741700492560867,0.00888480670531382,0.010075938295760502,0.009143066771637377,0.014421909480894468
bert_multilingual_stars,7500,55,0.008488260981761555,0.009559846833689545,0.009448248677844929,0.010992571764502454,0.009820648266764388,0.015949140239963237
bert_multilingual_stars,7500,56,0.008488260981761555,0.008250134520647014,0.009401616733145777,0.011201255138305404,0.009866467056597737,0.015522780905291234
bert_multilingual_stars,7500,57,0.008488260981761555,0.008836739915345693,0.008788400928710948,0.010648468003628241,0.009244729938353843,0.015240797370837831
bert_multilingual_stars,7500,58,0.008488260981761555,0.01106244225940452,0.009531608202307742,0.011091370734224316,0.009855364185594575,0.01663292577173797
bert_multilingual_stars,7500,59,0.008488260981761555,0.00783942115854987,0.0077101490742658785,0.009059666441204733,0.00796409640566467,0.014123799843166746
bert_multilingual_stars,7500,60,0.008488260981761555,0.008465670872165992,0.009604465629984566,0.01128652385130445,0.010046646222143527,0.015568649649276884
bert_multilingual_stars,7500,61,0.008488260981761555,0.007901464551246722,0.008756710150718567,0.0100727997537793,0.008929818339535581,0.01480068440052947
bert_multilingual_stars,7500,62,0.008488260981761555,0.00897312245538197,0.00857615367520336,0.009591988537437379,0.008784086107328656,0.015609643219399729
bert_multilingual_stars,7500,63,0.008488260981761555,0.00820930782600097,0.008007189815111008,0.009756506325643134,0.0084416331957571,0.015029017032387565
bert_multilingual_stars,7500,64,0.008488260981761555,0.008819731019105596,0.009430367194446246,0.011052737750265433,0.00988660205533112,0.01587810187179581
bert_multilingual_stars,7500,65,0.008488260981761555,0.008492857451777686,0.008323000348076582,0.009789881608894562,0.008814493578871948,0.015227103990212596
bert_multilingual_stars,7500,66,0.008488260981761555,0.007339500745210041,0.008671505949263945,0.010138929323554823,0.00921183161988712,0.015237546983873277
bert_multilingual_stars,7500,67,0.008488260981761555,0.008269801691622348,0.00812264796058141,0.010029972594177615,0.008593342089765655,0.01560657508291707
bert_multilingual_stars,7500,68,0.008488260981761555,0.004923016301265853,0.006519931421111771,0.007823792958313387,0.006881388815295646,0.012945711628776297
bert_multilingual_stars,7500,69,0.008488260981761555,0.008965228826282276,0.008638108530199032,0.010121582103858214,0.00909492846563347,0.015662890459659497
bert_multilingual_stars,7500,70,0.008488260981761555,0.0073631696617202915,0.00789878990877611,0.009427458089426875,0.008519682664380086,0.014340971433591263
bert_multilingual_stars,7500,71,0.008488260981761555,0.008683490311597986,0.008116676288147717,0.009584490817948946,0.00847361995886216,0.01490503705499045
bert_multilingual_stars,7500,72,0.008488260981761555,0.009137685148615366,0.007769442147788232,0.009791153767572591,0.008363900504446768,0.015349341530340585
bert_multilingual_stars,7500,73,0.008488260981761555,0.011182031068600811,0.009078778250959492,0.010383510591583626,0.00938885365449235,0.01627440580760685
bert_multilingual_stars,7500,74,0.008488260981761555,0.007781960155623002,0.00764925333594403,0.009075510815666028,0.008089768107105655,0.014615801278108033
bert_multilingual_stars,7500,75,0.008488260981761555,0.008174662972255001,0.00757395607833844,0.008966376800616502,0.00797359672562309,0.013683197328150352
bert_multilingual_stars,7500,76,0.008488260981761555,0.007465557373633712,0.00751544499900159,0.009257233982811634,0.008176045533492778,0.014658853867269344
bert_multilingual_stars,7500,77,0.008488260981761555,0.008185019903677641,0.007638283418165426,0.009237319250946332,0.008117753840675937,0.013901054405253053
bert_multilingual_stars,7500,78,0.008488260981761555,0.00845342653849437,0.008695868034062283,0.010401778103371824,0.009167451354212226,0.015787615533472278
bert_multilingual_stars,7500,79,0.008488260981761555,0.008086147229366417,0.008462219599641873,0.010062475590912664,0.00900122472347324,0.01460388723873688
bert_multilingual_stars,7500,80,0.008488260981761555,0.00828992493873231,0.00800199281694444,0.009611120388170356,0.008247810280866387,0.015080576283686838
bert_multilingual_stars,7500,81,0.008488260981761555,0.007351615883274588,0.008319213496827097,0.01015821964741936,0.008867443862027985,0.015031077685721038
bert_multilingual_stars,7500,82,0.008488260981761555,0.008249080159489447,0.009213827854375196,0.01057263902974323,0.009650239891066175,0.015486922573409138
bert_multilingual_stars,7500,83,0.008488260981761555,0.009185507899317186,0.009181689857161949,0.010917164017450926,0.009683552042070163,0.015556434091151924
bert_multilingual_stars,7500,84,0.008488260981761555,0.009150958364619214,0.009121336132144671,0.011223728290855495,0.009819675029931555,0.016191831517986487
bert_multilingual_stars,7500,85,0.008488260981761555,0.007102698271904162,0.008034723914951114,0.009453874473260055,0.00856375953620876,0.014813564244108767
bert_multilingual_stars,7500,86,0.008488260981761555,0.007866734042686724,0.007944644076124717,0.009730604102756847,0.008294967141733552,0.015022910262310939
bert_multilingual_stars,7500,87,0.008488260981761555,0.009674206490951305,0.008710878559511224,0.010340163710972596,0.009103641883304134,0.01583830005070051
bert_multilingual_stars,7500,88,0.008488260981761555,0.009584198365110822,0.007872337517730563,0.010099093592984623,0.008353019128289037,0.015282371077079507
bert_multilingual_stars,7500,89,0.008488260981761555,0.009620931947092527,0.009287725249603609,0.011273704030513032,0.00974930240257862,0.015294253800522952
bert_multilingual_stars,7500,90,0.008488260981761555,0.007132375476292409,0.0073963366840178145,0.008795452032530326,0.00773336094659455,0.013427755029878044
bert_multilingual_stars,7500,91,0.008488260981761555,0.008311934007061844,0.007666454327319645,0.009530598885074381,0.008102401595159578,0.01436581892117165
bert_multilingual_stars,7500,92,0.008488260981761555,0.009573714836941324,0.009592645917235873,0.01094051896777014,0.009799806754627188,0.016025192470857166
bert_multilingual_stars,7500,93,0.008488260981761555,0.009462960000630693,0.008884963792820565,0.010989193128343674,0.009252206363837164,0.016745795666984836
bert_multilingual_stars,7500,94,0.008488260981761555,0.007504266159977545,0.007138292826043506,0.008940487164074019,0.007478771823471939,0.013888239299888108
bert_multilingual_stars,7500,95,0.008488260981761555,0.008791981580071119,0.009190792970276855,0.010977528373529503,0.00972819655835631,0.015984637901082597
bert_multilingual_stars,7500,96,0.008488260981761555,0.008393199033103652,0.009075556480379174,0.01100665525487485,0.009565425454872802,0.01599099332132881
bert_multilingual_stars,7500,97,0.008488260981761555,0.00954259740202432,0.007450209293073974,0.009197481105315054,0.007893379341005721,0.014725919403718245
bert_multilingual_stars,7500,98,0.008488260981761555,0.008991502692580566,0.010252187392905284,0.011556653854465138,0.010810157407148557,0.016341134919576603
bert_multilingual_stars,7500,99,0.008488260981761555,0.009613875993379895,0.009434762800295805,0.010931652974669016,0.009798380268726172,0.015248690615807432
bert_multilingual_stars,7500,100,0.008488260981761555,0.010021434551685814,0.009919819519512749,0.011634460300595215,0.01028749732106839,0.01604576464152203
bert_multilingual_stars,7500,101,0.008488260981761555,0.008521161369280139,0.00838861786030178,0.010547189168313606,0.008828578746993275,0.014874319512679755
bert_multilingual_stars,7500,102,0.008488260981761555,0.007313231113894038,0.008740295820281711,0.010323837880656852,0.00915112379263222,0.014632988005739051
bert_multilingual_stars,7500,103,0.008488260981761555,0.010454706775134026,0.009692432687444807,0.011282963568603175,0.010122648525079733,0.017053947688199903
bert_multilingual_stars,7500,104,0.008488260981761555,0.008923491817595023,0.008997123795195813,0.010682192548433422,0.009559664293696861,0.015494246870027003
bert_multilingual_stars,7500,105,0.008488260981761555,0.010759501497177046,0.009124297281245905,0.010736155389264706,0.009450419342634221,0.016067294381226026
bert_multilingual_stars,7500,106,0.008488260981761555,0.009003263148974596,0.008193527084483437,0.010251103470850956,0.008633524326509726,0.01493847506319182
bert_multilingual_stars,7500,107,0.008488260981761555,0.009588679790295825,0.008394108113511803,0.010377495003986404,0.008849288456975532,0.014875496366255176
bert_multilingual_stars,7500,108,0.008488260981761555,0.0068292782974394,0.008686338825066812,0.01030998848193903,0.009024899340389518,0.016355046264876976
bert_multilingual_stars,7500,109,0.008488260981761555,0.008998266315361136,0.00816963271655213,0.010015704035998904,0.00860151866503569,0.015458757464809809
bert_multilingual_stars,7500,110,0.008488260981761555,0.009527195762684631,0.009325449544470284,0.010807005803246998,0.00971744231734367,0.016171246592306947
bert_multilingual_stars,7500,111,0.008488260981761555,0.007068243439554017,0.006961852708058125,0.008676046178197347,0.00725155470260804,0.013914440438700418
bert_multilingual_stars,7500,112,0.008488260981761555,0.009034198821811076,0.00878403629203554,0.01091040499263284,0.009437785728066707,0.015751032793229206
bert_multilingual_stars,7500,113,0.008488260981761555,0.00842163922116199,0.008116223917249114,0.009543812091851133,0.008436148653526945,0.014066453931918736
bert_multilingual_stars,7500,114,0.008488260981761555,0.010715198583235407,0.009634411595341445,0.01131015961075458,0.010324977260427822,0.01657699641232511
bert_multilingual_stars,7500,115,0.008488260981761555,0.010640193235451019,0.009277280747380571,0.010845760703070806,0.009616956478829576,0.01672092619194209
bert_multilingual_stars,7500,116,0.008488260981761555,0.006536388038311463,0.0076699690147246395,0.009124726829921393,0.008088853172582297,0.014056419408043853
bert_multilingual_stars,7500,117,0.008488260981761555,0.00867379022371343,0.00793567978711991,0.009669458858691025,0.008560190926077502,0.014919723164821545
bert_multilingual_stars,7500,118,0.008488260981761555,0.01079563059287572,0.008700465524609497,0.010687353180007757,0.009011148437493328,0.0163808558069412
bert_multilingual_stars,7500,119,0.008488260981761555,0.006113429809120272,0.007509801292728876,0.009332540364209147,0.007950197639095418,0.01423020593354234
bert_multilingual_stars,7500,120,0.008488260981761555,0.00841932509385802,0.008044416621859016,0.009302538374695173,0.008349966112791565,0.014593789456591611
bert_multilingual_stars,7500,121,0.008488260981761555,0.009081116537552933,0.008679907223079259,0.010219372812478136,0.008914393311996865,0.01541122394625182
bert_multilingual_stars,7500,122,0.008488260981761555,0.008009709751919631,0.008385386091875906,0.010047161851576501,0.008925395084547113,0.014345325613758462
bert_multilingual_stars,7500,123,0.008488260981761555,0.009954258175661326,0.009237560979858535,0.010971035463259005,0.009664024838604684,0.016133323726968962
bert_multilingual_stars,7500,124,0.008488260981761555,0.009296802407619691,0.007611534269040994,0.009577799242889443,0.008188415159966204,0.014226977689174466
bert_multilingual_stars,7500,125,0.008488260981761555,0.007402320246698357,0.008133288755948681,0.009344145944901218,0.00843105795254128,0.014219481881953495
bert_multilingual_stars,7500,126,0.008488260981761555,0.007368117344991397,0.007588132518334687,0.00914071336534294,0.00799772418418948,0.014092036279247745
bert_multilingual_stars,7500,127,0.008488260981761555,0.00815052366626864,0.007853628067881683,0.009775099872128126,0.008200797611531509,0.014607405740659395
bert_multilingual_stars,7500,128,0.008488260981761555,0.007987098882406321,0.007103702180239574,0.00931044557709158,0.007690704601337369,0.014095089310120767
bert_multilingual_stars,7500,129,0.008488260981761555,0.007129636761280485,0.008032868819309959,0.009536205750030639,0.008475161694898837,0.01417288261410496
bert_multilingual_stars,7500,130,0.008488260981761555,0.008288971077407621,0.007428811639300977,0.00909410098860593,0.008212657766515623,0.01471104565384898
bert_multilingual_stars,7500,131,0.008488260981761555,0.008743232047471966,0.008617944339164412,0.00986297799517672,0.00891604497684771,0.014898112339071753
bert_multilingual_stars,7500,132,0.008488260981761555,0.0073498508443078205,0.008419256614588925,0.00986986011169294,0.008809384444128193,0.014326575779147584
bert_multilingual_stars,7500,133,0.008488260981761555,0.010367633494041073,0.009186944329176659,0.011211931611337404,0.009891104188377976,0.016324915300307514
bert_multilingual_stars,7500,134,0.008488260981761555,0.009231005869215611,0.008969433121368855,0.010669450380353744,0.009348801043045162,0.01570618630847029
bert_multilingual_stars,7500,135,0.008488260981761555,0.008401408353654568,0.007854364839661392,0.009397253407484084,0.008147097264433113,0.01472901387194276
bert_multilingual_stars,7500,136,0.008488260981761555,0.009411807144531385,0.008386245876572464,0.010107981492651817,0.008729627051419036,0.014521182014032864
bert_multilingual_stars,7500,137,0.008488260981761555,0.00994621970299542,0.00899497568114411,0.010487651019768262,0.009469917361104929,0.01561568328292446
bert_multilingual_stars,7500,138,0.008488260981761555,0.009304761273583224,0.008944737918626097,0.01043718471179202,0.009296806477285906,0.015034648994631616
bert_multilingual_stars,7500,139,0.008488260981761555,0.008941815138633135,0.008901933804602566,0.010312841701174195,0.009132688096175706,0.01555466157313797
bert_multilingual_stars,7500,140,0.008488260981761555,0.00762033593444764,0.008420842599517513,0.010066867687404125,0.00880509779179956,0.01570590955242741
bert_multilingual_stars,7500,141,0.008488260981761555,0.009112381748914981,0.008943988103975325,0.010383973493012136,0.009282460477525588,0.015410694100577098
bert_multilingual_stars,7500,142,0.008488260981761555,0.00870511916261446,0.008105173259448196,0.01010519827720877,0.008734220865933227,0.014842193163385912
bert_multilingual_stars,7500,143,0.008488260981761555,0.007993885407506418,0.0093247467390567,0.011155177429030319,0.009867347959740867,0.015781145343074926
bert_multilingual_stars,7500,144,0.008488260981761555,0.010729940412109139,0.008987853021262399,0.011445659898867321,0.009633329722277657,0.016957263904360514
bert_multilingual_stars,7500,145,0.008488260981761555,0.008743113753856028,0.008910969960729827,0.010226069892494019,0.009228738804329822,0.015979038394245915
bert_multilingual_stars,7500,146,0.008488260981761555,0.00886292239613847,0.008398522058282617,0.010051031941386464,0.00874135994020118,0.01503721253708723
bert_multilingual_stars,7500,147,0.008488260981761555,0.008553103587711863,0.008670516021442571,0.01016546200170943,0.009089498266628604,0.015599064472823403
bert_multilingual_stars,7500,148,0.008488260981761555,0.010310544580906876,0.008153220174461918,0.009638205674243713,0.00873358231503477,0.015854159021293085
bert_multilingual_stars,7500,149,0.008488260981761555,0.007586468183212578,0.007985929545384894,0.009927451551530117,0.008649554423625016,0.014236507129478382
bert_multilingual_stars,7500,150,0.008488260981761555,0.009072620861395597,0.008216418628337982,0.009814992026919381,0.008498057173909192,0.015490786788452983
bert_multilingual_stars,7500,151,0.008488260981761555,0.005172241435466545,0.008009938247305852,0.009221464952777467,0.008270856965137527,0.01389964664548371
bert_multilingual_stars,7500,152,0.008488260981761555,0.006396124550191732,0.007167898392873353,0.008805036035221446,0.007771900276829523,0.013160301469714128
bert_multilingual_stars,7500,153,0.008488260981761555,0.008270419328142608,0.009019015875326764,0.010323014466620409,0.009347657485353489,0.01539416819658754
bert_multilingual_stars,7500,154,0.008488260981761555,0.008153248626543399,0.007782051407390646,0.009637243076473135,0.008308266047920452,0.015336259851112508
bert_multilingual_stars,7500,155,0.008488260981761555,0.008364547858346429,0.008121087744297284,0.009565474523399379,0.008360019543826088,0.014804924291200993
bert_multilingual_stars,7500,156,0.008488260981761555,0.008034500980380565,0.008981947944241604,0.010261790619485114,0.00923955653777986,0.014510622835202614
bert_multilingual_stars,7500,157,0.008488260981761555,0.00907198454122321,0.007599309134640702,0.009186524555739857,0.00810075046651451,0.014292338048479937
bert_multilingual_stars,7500,158,0.008488260981761555,0.006377804152771864,0.006567794055093743,0.008845865712483445,0.0071284555398705846,0.013207316788139726
bert_multilingual_stars,7500,159,0.008488260981761555,0.007471031930744922,0.008687748622760831,0.010150167245304572,0.009056191400747109,0.015237008725653806
bert_multilingual_stars,7500,160,0.008488260981761555,0.010586626659535645,0.009057502181272109,0.011235145847284921,0.009463752399729025,0.016334476468024703
bert_multilingual_stars,7500,161,0.008488260981761555,0.010172887550994434,0.009586722697090712,0.011302455858399065,0.009969112218427612,0.016147191565692057
bert_multilingual_stars,7500,162,0.008488260981761555,0.009416470367820597,0.009352118755007022,0.011067877973100342,0.009800747334138995,0.016476215298455728
bert_multilingual_stars,7500,163,0.008488260981761555,0.008396365850643095,0.007884395952052696,0.00982802143248842,0.008586682536367823,0.015340241379425908
bert_multilingual_stars,7500,164,0.008488260981761555,0.007847460037294102,0.007665765021894249,0.009305174531530952,0.00797690748246487,0.014058498065216194
bert_multilingual_stars,7500,165,0.008488260981761555,0.008494883153812333,0.008266321970213052,0.009804780665106096,0.008677495187950858,0.015337481378344465
bert_multilingual_stars,7500,166,0.008488260981761555,0.008965925498111519,0.008759646061139808,0.010406916424357367,0.009060833290841099,0.01599360662947451
bert_multilingual_stars,7500,167,0.008488260981761555,0.009325697048887659,0.009524212031070524,0.010828273212854046,0.009898897258316993,0.016188328268368263
bert_multilingual_stars,7500,168,0.008488260981761555,0.01015592576540854,0.008452899431534055,0.010833059492343367,0.008936774794904475,0.015609159137954224
bert_multilingual_stars,7500,169,0.008488260981761555,0.007151896143216485,0.007211540422065614,0.008563581234721746,0.007590192765104522,0.01359012847986291
bert_multilingual_stars,7500,170,0.008488260981761555,0.006831877883298261,0.008054623455628903,0.009697356916522442,0.008520948733934951,0.014332049698360636
bert_multilingual_stars,7500,171,0.008488260981761555,0.00824357877472106,0.007973629195979425,0.00957721208151804,0.00840856103504082,0.015015385032172996
bert_multilingual_stars,7500,172,0.008488260981761555,0.00856609392110031,0.009180023020653707,0.011290131084060046,0.00976166243914367,0.015754585370271725
bert_multilingual_stars,7500,173,0.008488260981761555,0.009643240820927169,0.010238007484190495,0.012256401810053148,0.0109519583898006,0.017183011708805953
bert_multilingual_stars,7500,174,0.008488260981761555,0.006083545591620975,0.0073297911929080485,0.008950428465603306,0.007728119780880471,0.013972933588811711
bert_multilingual_stars,7500,175,0.008488260981761555,0.010994774006061935,0.00880909576016595,0.010990011919263075,0.009440406998066002,0.0164532982421556
bert_multilingual_stars,7500,176,0.008488260981761555,0.010703143461586394,0.008498480582145104,0.010122665497455849,0.008989615653198302,0.016155408497016324
bert_multilingual_stars,7500,177,0.008488260981761555,0.009053200868311526,0.007967231403134944,0.009247507121749633,0.008371463376788972,0.015016689735744921
bert_multilingual_stars,7500,178,0.008488260981761555,0.008504356547567295,0.00845652672774408,0.010544583800566056,0.009001610377819214,0.015332372816546404
bert_multilingual_stars,7500,179,0.008488260981761555,0.007992878693922496,0.008201153313798669,0.009597655455843386,0.0086733108252185,0.014505191020905256
bert_multilingual_stars,7500,180,0.008488260981761555,0.00821646881404241,0.009284723108617204,0.011102133274186837,0.009556630477721402,0.015584844726625757
bert_multilingual_stars,7500,181,0.008488260981761555,0.009400123897615577,0.007749544590107819,0.009075965090904862,0.008096975609951691,0.015385224983610786
bert_multilingual_stars,7500,182,0.008488260981761555,0.007650349758669407,0.008152669498616188,0.009906781141625012,0.008615277249943137,0.014785662588222876
bert_multilingual_stars,7500,183,0.008488260981761555,0.009140945454184299,0.008971472991603873,0.010357485880257838,0.009298940081751085,0.015473036322836798
bert_multilingual_stars,7500,184,0.008488260981761555,0.010275235405871523,0.009322052223491932,0.010766877761913731,0.009624506035610379,0.01650735458057357
bert_multilingual_stars,7500,185,0.008488260981761555,0.010050426295685876,0.00862384194999519,0.01046899760750956,0.009046281365168003,0.015863461968083845
bert_multilingual_stars,7500,186,0.008488260981761555,0.008459324678699035,0.008047498181666798,0.009974353957771978,0.008500076817459337,0.01474521932710734
bert_multilingual_stars,7500,187,0.008488260981761555,0.008613237993525242,0.008948296338623957,0.01060740013578362,0.009303279464414036,0.015447193370610518
bert_multilingual_stars,7500,188,0.008488260981761555,0.007062739385596381,0.008265824879503829,0.009730321457406878,0.008467660705943266,0.014372348394564563
bert_multilingual_stars,7500,189,0.008488260981761555,0.006772368036657494,0.007792985468553651,0.009199229646410975,0.008193646415616113,0.01410999970328126
bert_multilingual_stars,7500,190,0.008488260981761555,0.00876844173529398,0.007426629588113892,0.00868937611376874,0.007708432864759545,0.015026023263460536
bert_multilingual_stars,7500,191,0.008488260981761555,0.009470425397446176,0.008892080758067265,0.010306375827044247,0.009271504834713626,0.01543458712123608
bert_multilingual_stars,7500,192,0.008488260981761555,0.009903674756017717,0.00977196320458801,0.011764053163701752,0.010246626664947757,0.016210108182341563
bert_multilingual_stars,7500,193,0.008488260981761555,0.008860779499631882,0.008575452977539626,0.010431693317582024,0.009203033465228584,0.015396919640867696
bert_multilingual_stars,7500,194,0.008488260981761555,0.009125307259268325,0.008360717510706873,0.009908274336947019,0.00873880578188721,0.015298719385168996
bert_multilingual_stars,7500,195,0.008488260981761555,0.008549258672532058,0.007735051047678942,0.009138882076092147,0.008268772047650964,0.014416147543192542
bert_multilingual_stars,7500,196,0.008488260981761555,0.009782840527134825,0.008881844752137017,0.010948420360783003,0.009464676824920987,0.015786710539586257
bert_multilingual_stars,7500,197,0.008488260981761555,0.009750032796396612,0.008475969853080276,0.010112745783243792,0.00891052944993917,0.015643206521028026
bert_multilingual_stars,7500,198,0.008488260981761555,0.007801338243316804,0.008448991732318995,0.010383891736620358,0.008933792650434392,0.015170650457797672
bert_multilingual_stars,7500,199,0.008488260981761555,0.009300870118909623,0.008859970373980551,0.010322718258488784,0.009109518076604074,0.01607887815399897
bert_multilingual_stars,10000,0,0.008488260981761555,0.010171014479906211,0.009354615522082776,0.010848842146058024,0.009761740368274163,0.016313533429179874
bert_multilingual_stars,10000,1,0.008488260981761555,0.007837148102810226,0.007958381142919328,0.00985900553721076,0.008427416354574615,0.015180842745274606
bert_multilingual_stars,10000,2,0.008488260981761555,0.008462150154593612,0.007663245447448212,0.009123613316814909,0.007993935042076562,0.014844482723915284
bert_multilingual_stars,10000,3,0.008488260981761555,0.009449376617146834,0.009052275126958333,0.010746348160245356,0.009573272369695053,0.016304929126137183
bert_multilingual_stars,10000,4,0.008488260981761555,0.008044048845071868,0.008757269181340413,0.010289892137606466,0.009317703564307367,0.015485604760053279
bert_multilingual_stars,10000,5,0.008488260981761555,0.00869085452410492,0.008502360199351291,0.010152890486532602,0.008805075026983751,0.01544252828157176
bert_multilingual_stars,10000,6,0.008488260981761555,0.0073911329326816246,0.008278128973584339,0.009658005738828664,0.008559692725225963,0.014613032973954308
bert_multilingual_stars,10000,7,0.008488260981761555,0.008540434252135201,0.009125619327482494,0.01055554592918535,0.009564736407225851,0.014931385702233213
bert_multilingual_stars,10000,8,0.008488260981761555,0.009464274173350882,0.00950088319846821,0.011066944494426932,0.009866110101413007,0.016344587278175674
bert_multilingual_stars,10000,9,0.008488260981761555,0.007431156181965781,0.008412607765794368,0.009483998308328915,0.008729047430293098,0.014523168409720741
bert_multilingual_stars,10000,10,0.008488260981761555,0.00910543858504627,0.008531075925027257,0.010185008848279754,0.009003114449221562,0.016301671004305282
bert_multilingual_stars,10000,11,0.008488260981761555,0.00748406921366963,0.008740809593981236,0.010035755585481565,0.009111096414896517,0.015331376446192885
bert_multilingual_stars,10000,12,0.008488260981761555,0.008189011300466446,0.0085778798216965,0.009727770921411442,0.008644750242160958,0.014082512203229976
bert_multilingual_stars,10000,13,0.008488260981761555,0.0073097768807046945,0.007386048680058473,0.008889851655191489,0.007921488196301512,0.013809117428313344
bert_multilingual_stars,10000,14,0.008488260981761555,0.009877805365352791,0.009369890379480049,0.010718371670507024,0.00968863646508413,0.01624424168952156
bert_multilingual_stars,10000,15,0.008488260981761555,0.010224920746373746,0.008524194822749163,0.010348690165735065,0.008919605913020984,0.015410058423635145
bert_multilingual_stars,10000,16,0.008488260981761555,0.007841185401309507,0.007759517211257762,0.0093013541982455,0.008243566501489746,0.014508184664658303
bert_multilingual_stars,10000,17,0.008488260981761555,0.008775496702127537,0.00803708378594314,0.009943922661664318,0.008741454749910841,0.015010726068526978
bert_multilingual_stars,10000,18,0.008488260981761555,0.008634155421721895,0.008322079834249553,0.009755824543645259,0.008714038308512237,0.014610178372933293
bert_multilingual_stars,10000,19,0.008488260981761555,0.008864447272479502,0.00844145505371892,0.010119361876695076,0.009000158683156031,0.015313661435708956
bert_multilingual_stars,10000,20,0.008488260981761555,0.009296918899108414,0.008796092836514715,0.010129902657675795,0.009159527319676031,0.015686614099568785
bert_multilingual_stars,10000,21,0.008488260981761555,0.007277390080531309,0.009099152546377417,0.010430476024343702,0.00929156330356994,0.015087104127178622
bert_multilingual_stars,10000,22,0.008488260981761555,0.010144163621409193,0.008407854569159377,0.010086337215170256,0.008883188976955458,0.01511035345397022
bert_multilingual_stars,10000,23,0.008488260981761555,0.009485239654565788,0.009227551538638148,0.010725121227130168,0.009600253130829984,0.01581282649677572
bert_multilingual_stars,10000,24,0.008488260981761555,0.008598753773398533,0.008332482753472403,0.009834166288068115,0.00879583057713174,0.015187093846764152
bert_multilingual_stars,10000,25,0.008488260981761555,0.007739082572215064,0.008759206086220024,0.010006384796087103,0.009113006877165005,0.014789315366924353
bert_multilingual_stars,10000,26,0.008488260981761555,0.00861496224317166,0.007627938086415662,0.009214253767594589,0.007985469605178704,0.01563949646358671
bert_multilingual_stars,10000,27,0.008488260981761555,0.00812211412226766,0.008543856069539568,0.010134663120205407,0.009022966066501362,0.015501919772984367
bert_multilingual_stars,10000,28,0.008488260981761555,0.009030862973046424,0.008728710244695589,0.010606001844145863,0.00922539817427666,0.01567580197576375
bert_multilingual_stars,10000,29,0.008488260981761555,0.010331646690771381,0.00877324299719074,0.010529401341908289,0.009507773729251056,0.015852286001072937
bert_multilingual_stars,10000,30,0.008488260981761555,0.00820059833533048,0.008065855058650186,0.010480293366652774,0.008480110574281644,0.016086326268279674
bert_multilingual_stars,10000,31,0.008488260981761555,0.009474027883246727,0.008363538572904736,0.010437040663349231,0.008953824346737374,0.015657640511288852
bert_multilingual_stars,10000,32,0.008488260981761555,0.007970380773664555,0.008623241095916723,0.010145776727300554,0.008956750017025967,0.015230480950297873
bert_multilingual_stars,10000,33,0.008488260981761555,0.007608833008827455,0.007354546937346789,0.008820708870713519,0.007833648652700094,0.013934653034180934
bert_multilingual_stars,10000,34,0.008488260981761555,0.007938341103489645,0.008121518008492984,0.00964197827919905,0.00856160602545642,0.01447831766198131
bert_multilingual_stars,10000,35,0.008488260981761555,0.006808880955344766,0.008575848179164625,0.010098841989854569,0.009111106384793892,0.015312735637217226
bert_multilingual_stars,10000,36,0.008488260981761555,0.010564204929241434,0.008498407149981273,0.010140669193755234,0.00891951583004199,0.015871361253349273
bert_multilingual_stars,10000,37,0.008488260981761555,0.007836443729364838,0.008279047694838467,0.010045559836315728,0.008862970030968883,0.015187731931538755
bert_multilingual_stars,10000,38,0.008488260981761555,0.010037770319431209,0.009583135407066807,0.010926509436919307,0.010040155436088499,0.0153919837165704
bert_multilingual_stars,10000,39,0.008488260981761555,0.009390451364754911,0.008879974924872542,0.010655869056011848,0.009399671753614967,0.016135400431035025
bert_multilingual_stars,10000,40,0.008488260981761555,0.007156066681397972,0.007217118061976104,0.008617358097485773,0.0076917238831631755,0.0131522351051382
bert_multilingual_stars,10000,41,0.008488260981761555,0.00756160860653721,0.008108314090348756,0.009515151379963515,0.008669109767233975,0.014397710652855276
bert_multilingual_stars,10000,42,0.008488260981761555,0.008333263136991623,0.008251702165821178,0.009530357910213647,0.008569065833797648,0.014624935591176478
bert_multilingual_stars,10000,43,0.008488260981761555,0.009891830625185873,0.008530469453173426,0.009934524463303045,0.008892253906403129,0.015139152855044384
bert_multilingual_stars,10000,44,0.008488260981761555,0.008831166865163026,0.008984680155817971,0.010851506858259787,0.009416511543206678,0.01528087316486578
bert_multilingual_stars,10000,45,0.008488260981761555,0.00855990915391393,0.008383808542408446,0.009649812571127308,0.008876455262451774,0.015386714446819027
bert_multilingual_stars,10000,46,0.008488260981761555,0.008104901216605103,0.007806377613789175,0.009268762794128155,0.00827259050209456,0.01479554083674169
bert_multilingual_stars,10000,47,0.008488260981761555,0.009815338336872793,0.00882086102427021,0.010372896157901318,0.009133452726174699,0.015817610165281135
bert_multilingual_stars,10000,48,0.008488260981761555,0.011206003659079136,0.009374752783454022,0.010808529594999167,0.009804424744860206,0.016997744329879345
bert_multilingual_stars,10000,49,0.008488260981761555,0.01089365582768701,0.009268685894139239,0.01076213546849477,0.00977933995631558,0.016684158819812684
bert_multilingual_stars,10000,50,0.008488260981761555,0.007625464561239571,0.008373535778597918,0.009916284064497446,0.008692139140586398,0.015031490102030403
bert_multilingual_stars,10000,51,0.008488260981761555,0.007587702053283675,0.008189302727122559,0.00978689036777231,0.008641485339861305,0.014846551478302187
bert_multilingual_stars,10000,52,0.008488260981761555,0.00971679075238796,0.008849836994132314,0.010419067408340088,0.00918717107133089,0.015385131564874966
bert_multilingual_stars,10000,53,0.008488260981761555,0.007416266772830271,0.007585026649207673,0.00897928205396188,0.007988052255744876,0.014312780468515102
bert_multilingual_stars,10000,54,0.008488260981761555,0.008117324355017691,0.008226887581379187,0.009718301760911026,0.008553573013766374,0.014692161878340403
bert_multilingual_stars,10000,55,0.008488260981761555,0.010124872883609831,0.008914777325118868,0.010376780164590366,0.009220511610915005,0.015593434558322896
bert_multilingual_stars,10000,56,0.008488260981761555,0.008369357274318801,0.0076977205744489866,0.009280010168515781,0.008122850156907233,0.014328729450201597
bert_multilingual_stars,10000,57,0.008488260981761555,0.008149966651311076,0.008375367379963321,0.009812310790979951,0.008813334892628132,0.014901344483210172
bert_multilingual_stars,10000,58,0.008488260981761555,0.009772758753374744,0.007821024349834334,0.00936592336719713,0.008201985319168315,0.014686800152767156
bert_multilingual_stars,10000,59,0.008488260981761555,0.008313258833488216,0.008473328297869625,0.010136887289736428,0.008919277158912445,0.014963072162051
bert_multilingual_stars,10000,60,0.008488260981761555,0.009224743139013154,0.007704252788279146,0.009428373198211082,0.008296683215209282,0.014840353075972902
bert_multilingual_stars,10000,61,0.008488260981761555,0.007136796024814296,0.008018972865641573,0.00961041484921909,0.008537250566032011,0.01398948228777611
bert_multilingual_stars,10000,62,0.008488260981761555,0.006852007700508021,0.007424701291854907,0.008824642243668572,0.007674340286830257,0.014346742441728316
bert_multilingual_stars,10000,63,0.008488260981761555,0.009357845920156075,0.008973874461656204,0.010617524725372208,0.009388417483023399,0.015656949361991912
bert_multilingual_stars,10000,64,0.008488260981761555,0.010609965737986766,0.009413609711779038,0.011587702394393036,0.010013739164509048,0.016039717314458635
bert_multilingual_stars,10000,65,0.008488260981761555,0.008153981595103818,0.007889297203002174,0.009615955786559006,0.008481687720079676,0.015066174807396863
bert_multilingual_stars,10000,66,0.008488260981761555,0.008457957244876657,0.007909297784999058,0.009239794751021923,0.008093682896510345,0.014664488607835358
bert_multilingual_stars,10000,67,0.008488260981761555,0.00794668243309912,0.007947620582876626,0.009502608596662398,0.008345580220048394,0.014745197960881695
bert_multilingual_stars,10000,68,0.008488260981761555,0.007469857114149299,0.007990110028645537,0.009425010921437608,0.008265044358656774,0.014420341404554544
bert_multilingual_stars,10000,69,0.008488260981761555,0.01065948448594231,0.008877101820404614,0.01042770538462686,0.00935155880822178,0.015679241994083614
bert_multilingual_stars,10000,70,0.008488260981761555,0.009162938835533268,0.008741332336800325,0.010318845986646686,0.009261326085248173,0.01550412502468847
bert_multilingual_stars,10000,71,0.008488260981761555,0.008965928094018782,0.008955012772200243,0.01023921086567015,0.009123979022419045,0.015876688656670322
bert_multilingual_stars,10000,72,0.008488260981761555,0.010198895347318382,0.008607731140474705,0.010312195880652096,0.009298164888553093,0.014996424670586785
bert_multilingual_stars,10000,73,0.008488260981761555,0.007916842393676304,0.00844350906164655,0.009799710781932976,0.008753796622172145,0.015153437926235407
bert_multilingual_stars,10000,74,0.008488260981761555,0.007665717643263252,0.00762676283161663,0.009274894556400192,0.007979914328302808,0.014655582956004115
bert_multilingual_stars,10000,75,0.008488260981761555,0.007405568959447783,0.008548805117842291,0.01031902907895127,0.009261098986593228,0.015130499991154
bert_multilingual_stars,10000,76,0.008488260981761555,0.008551455357625252,0.008685935364920861,0.010227507462708231,0.009119152499865628,0.015349958570334258
bert_multilingual_stars,10000,77,0.008488260981761555,0.008330420651437189,0.008825718244914883,0.010307962195617951,0.009218092330503967,0.014885542538548208
bert_multilingual_stars,10000,78,0.008488260981761555,0.009910457754331815,0.00878729872403835,0.010747961594832003,0.009433640275445337,0.01571504215871842
bert_multilingual_stars,10000,79,0.008488260981761555,0.008432781895618035,0.00805931648786674,0.009647973061791694,0.008525987211817469,0.015253614960073361
bert_multilingual_stars,10000,80,0.008488260981761555,0.007231075898239229,0.007399409924146083,0.008742908621873076,0.00780888390892529,0.014316330152156491
bert_multilingual_stars,10000,81,0.008488260981761555,0.009019398436807925,0.008818120045446291,0.010649642000708564,0.009675021100363291,0.01608443583696008
bert_multilingual_stars,10000,82,0.008488260981761555,0.006761408101085538,0.006544434624764286,0.007938704816461497,0.006969324101129427,0.013520547024318298
bert_multilingual_stars,10000,83,0.008488260981761555,0.007682211648379976,0.008081957825048352,0.009625177916029896,0.008473861219139865,0.014473551852270537
bert_multilingual_stars,10000,84,0.008488260981761555,0.007366655224420984,0.007997654383527144,0.009445833588453573,0.008449148126486563,0.014811373661201688
bert_multilingual_stars,10000,85,0.008488260981761555,0.007101506205411904,0.008123418164680266,0.009922786794638764,0.008586411606761797,0.01466618003318023
bert_multilingual_stars,10000,86,0.008488260981761555,0.008396784681994198,0.007897737470074481,0.00953043328939091,0.008223506562838179,0.01459478196413062
bert_multilingual_stars,10000,87,0.008488260981761555,0.0073273637068456705,0.007893556977072981,0.009448617745643968,0.00828940099076652,0.014519716642447215
bert_multilingual_stars,10000,88,0.008488260981761555,0.01039553649753215,0.00926744382554135,0.010956112234751568,0.009790896088291584,0.01613019959229507
bert_multilingual_stars,10000,89,0.008488260981761555,0.008527532918742423,0.009164212633156065,0.010462549774831593,0.00942155304371889,0.015050170641127129
bert_multilingual_stars,10000,90,0.008488260981761555,0.00895378059994484,0.008147650052024417,0.009737934053866925,0.008647152595779964,0.015458992832348566
bert_multilingual_stars,10000,91,0.008488260981761555,0.00949198493733931,0.008901734781938292,0.01055600018685915,0.009406204812990461,0.015648433522602666
bert_multilingual_stars,10000,92,0.008488260981761555,0.007312259670956236,0.007718824181609244,0.009802190760718995,0.008166476950129996,0.014428861998514288
bert_multilingual_stars,10000,93,0.008488260981761555,0.008580290504678631,0.008628263390093881,0.010148635251463934,0.008842635062383088,0.015346798822206825
bert_multilingual_stars,10000,94,0.008488260981761555,0.0073968478787499025,0.007534579377820598,0.00930791866767532,0.008114404494717382,0.014381304224698724
bert_multilingual_stars,10000,95,0.008488260981761555,0.008754728253399638,0.007999053876846678,0.009378431608727263,0.008365141574920573,0.015140048138852953
bert_multilingual_stars,10000,96,0.008488260981761555,0.0066143483793842175,0.007062150374207548,0.008829359516314137,0.007466417517029019,0.013862715423595068
bert_multilingual_stars,10000,97,0.008488260981761555,0.008794735856427524,0.009116496902697568,0.010569822968158117,0.009401251731678474,0.015554190837623681
bert_multilingual_stars,10000,98,0.008488260981761555,0.010758692754859966,0.009250568072122087,0.010929059665315656,0.009756837608629913,0.016210947940520613
bert_multilingual_stars,10000,99,0.008488260981761555,0.009493534640080355,0.00888523658379336,0.010604198903914966,0.009270640238725144,0.015587522409826533
bert_multilingual_stars,10000,100,0.008488260981761555,0.010419996065359859,0.009960585413154314,0.011265637775900485,0.010272161127836112,0.016057305223885994
bert_multilingual_stars,10000,101,0.008488260981761555,0.008604891201564078,0.008776352530477363,0.01009606269673043,0.009079547300151987,0.015135184241552302
bert_multilingual_stars,10000,102,0.008488260981761555,0.009472929523125284,0.008805065206344928,0.010448042350722287,0.00922462308636343,0.015872403539232152
bert_multilingual_stars,10000,103,0.008488260981761555,0.010252028065247101,0.008611298960740043,0.010103922769880728,0.009033567402437994,0.015432942704137234
bert_multilingual_stars,10000,104,0.008488260981761555,0.009095669851269677,0.009038058965474287,0.01065271524949341,0.009560217050082889,0.01547316219393602
bert_multilingual_stars,10000,105,0.008488260981761555,0.007859294097647363,0.008200705805895719,0.009930830713234317,0.008544519949151671,0.014837169335431237
bert_multilingual_stars,10000,106,0.008488260981761555,0.010062378980067817,0.009753108865027584,0.011254455256827504,0.010141378889782494,0.016726500899596444
bert_multilingual_stars,10000,107,0.008488260981761555,0.006809868591577173,0.006851998521208911,0.008561397778863994,0.0071434225780606575,0.013813247314586262
bert_multilingual_stars,10000,108,0.008488260981761555,0.009153295024866637,0.008551965838101468,0.010193184939993785,0.008948775193968054,0.015466228617026482
bert_multilingual_stars,10000,109,0.008488260981761555,0.009138967627967008,0.008526168539341508,0.01017480083998269,0.008974784244665492,0.015139406641482661
bert_multilingual_stars,10000,110,0.008488260981761555,0.0070042650993682246,0.008080811449969479,0.009424954364348363,0.008404606597497926,0.01428721832640971
bert_multilingual_stars,10000,111,0.008488260981761555,0.009377282137713253,0.008550957652727769,0.010068350147305997,0.008910775951423847,0.015618711052940675
bert_multilingual_stars,10000,112,0.008488260981761555,0.008769766036601075,0.008489741002337563,0.010555858777270282,0.009102980015419124,0.015436877070039436
bert_multilingual_stars,10000,113,0.008488260981761555,0.008018331772939103,0.007831337001123654,0.009229533059505506,0.008439290740423133,0.01460791443341444
bert_multilingual_stars,10000,114,0.008488260981761555,0.010005714379858179,0.009474660688713657,0.01071683567780527,0.009839041042652716,0.015416651670714739
bert_multilingual_stars,10000,115,0.008488260981761555,0.008009756546868113,0.00838742922212648,0.010051681917084708,0.008915378494582495,0.015311003098685418
bert_multilingual_stars,10000,116,0.008488260981761555,0.008560193388162298,0.008118711138267438,0.010051715156395535,0.008499289649587915,0.015218161986071947
bert_multilingual_stars,10000,117,0.008488260981761555,0.008374821092885879,0.008743227110968551,0.010461805380398714,0.00914330675179703,0.01567428317740075
bert_multilingual_stars,10000,118,0.008488260981761555,0.009719984738693808,0.007960584531363907,0.009827254861117445,0.008433418471893297,0.015409366800322918
bert_multilingual_stars,10000,119,0.008488260981761555,0.009280296304124778,0.00930938447323758,0.010925501288957072,0.00982463249834712,0.016041881971348874
bert_multilingual_stars,10000,120,0.008488260981761555,0.008484384238795113,0.008460310364405718,0.009869346375473808,0.008845889790550628,0.014934259714457741
bert_multilingual_stars,10000,121,0.008488260981761555,0.009554212413005076,0.009246952015496572,0.011163549192261585,0.009894151974302632,0.015931797199143477
bert_multilingual_stars,10000,122,0.008488260981761555,0.007221031213248116,0.007311041889104278,0.008712726127289386,0.007663193761520903,0.013771614507124125
bert_multilingual_stars,10000,123,0.008488260981761555,0.00844948982457196,0.007855400222892519,0.009502472174110797,0.00833628733910649,0.014895587768387576
bert_multilingual_stars,10000,124,0.008488260981761555,0.007792334277348325,0.007592159427465507,0.009193173886499857,0.008278454016768551,0.01474870570897387
bert_multilingual_stars,10000,125,0.008488260981761555,0.008548656798872059,0.007768299210969627,0.009322526778598997,0.008131201542392223,0.014772814063183821
bert_multilingual_stars,10000,126,0.008488260981761555,0.005364814696879783,0.00632832666174992,0.007975479698040692,0.006829146924604146,0.012710528313238349
bert_multilingual_stars,10000,127,0.008488260981761555,0.009350033832761636,0.008768574799443467,0.01021656266281577,0.009264966093123283,0.015597158057432883
bert_multilingual_stars,10000,128,0.008488260981761555,0.007561352590791388,0.007957654402764162,0.009504649023847954,0.008424568249772713,0.014472918822769116
bert_multilingual_stars,10000,129,0.008488260981761555,0.0083590682289083,0.008213153757525706,0.009582088065801008,0.008542343155066606,0.015420011450690227
bert_multilingual_stars,10000,130,0.008488260981761555,0.008185133860739543,0.00783414586194149,0.009301981272679921,0.008232627504661097,0.014299732710334167
bert_multilingual_stars,10000,131,0.008488260981761555,0.007218287771650067,0.0072507643024426974,0.009163981638376272,0.007775220208479446,0.014379650652799145
bert_multilingual_stars,10000,132,0.008488260981761555,0.007629137130401561,0.007315317768266019,0.009359149982156586,0.007897014235475668,0.014981550485765866
bert_multilingual_stars,10000,133,0.008488260981761555,0.007851922851534994,0.00841277944062932,0.009763839471563677,0.008670801593155796,0.014400983475919837
bert_multilingual_stars,10000,134,0.008488260981761555,0.007645594551842416,0.008352618532907375,0.009603151053545882,0.008684931745035592,0.014739791812537373
bert_multilingual_stars,10000,135,0.008488260981761555,0.007116254891369282,0.00819896837288781,0.010315358340686311,0.008800349940009753,0.015291328199242513
bert_multilingual_stars,10000,136,0.008488260981761555,0.00890762057926561,0.0076731810816010925,0.009404744093329455,0.008087538241349482,0.015432335881819885
bert_multilingual_stars,10000,137,0.008488260981761555,0.00904812980506768,0.008512870447569985,0.010221337802894189,0.009063665007623577,0.015749545952305575
bert_multilingual_stars,10000,138,0.008488260981761555,0.0077066674555926655,0.007516020536641555,0.00901339302050307,0.007815594395262882,0.013845859199282374
bert_multilingual_stars,10000,139,0.008488260981761555,0.009751036765161172,0.009023721156043564,0.010755715501270345,0.009376335480151758,0.015724536102819844
bert_multilingual_stars,10000,140,0.008488260981761555,0.007024494508310357,0.008629691266317172,0.009894647719401654,0.008905025114786734,0.01511860645725805
bert_multilingual_stars,10000,141,0.008488260981761555,0.009104939506645279,0.009107780045167097,0.010387593997780106,0.009410862935134975,0.015381198113641224
bert_multilingual_stars,10000,142,0.008488260981761555,0.007750071686921212,0.007760691194073403,0.009358966502209768,0.008298489140286375,0.015151086359714135
bert_multilingual_stars,10000,143,0.008488260981761555,0.009142090031162356,0.008462876328288104,0.01024038078725941,0.008987501098669855,0.01485622511119811
bert_multilingual_stars,10000,144,0.008488260981761555,0.00907471109599919,0.008729596355161929,0.010573137290584709,0.009226487002066006,0.015818781656815113
bert_multilingual_stars,10000,145,0.008488260981761555,0.0090552839642843,0.008764491639680932,0.010310776085987006,0.009144336433788825,0.014998731946643879
bert_multilingual_stars,10000,146,0.008488260981761555,0.00856209921849986,0.008582009841506292,0.010317516182613055,0.009069658915844709,0.015113229620372277
bert_multilingual_stars,10000,147,0.008488260981761555,0.008507324626541532,0.008054597574678562,0.009351673131316605,0.008361768797119997,0.014485462225714155
bert_multilingual_stars,10000,148,0.008488260981761555,0.008090115509591345,0.00835065536286845,0.009929435719818327,0.008810853893054318,0.015296784678883213
bert_multilingual_stars,10000,149,0.008488260981761555,0.008389100167923137,0.0088333095630858,0.010364584734864124,0.00921369025543531,0.015547953156004402
bert_multilingual_stars,10000,150,0.008488260981761555,0.009418821626079717,0.009056083581146224,0.010686389570266464,0.009422228784964215,0.01600161875034107
bert_multilingual_stars,10000,151,0.008488260981761555,0.006767094190031653,0.006970311657394227,0.008711270666108547,0.007470183862475318,0.013723221222779823
bert_multilingual_stars,10000,152,0.008488260981761555,0.008748427599506448,0.008172519534556317,0.00958521787636292,0.008599115357805866,0.015159610888787752
bert_multilingual_stars,10000,153,0.008488260981761555,0.009140916837193647,0.008878895418941291,0.01039876157337971,0.009158150353144143,0.015617232031610745
bert_multilingual_stars,10000,154,0.008488260981761555,0.009615190334574353,0.008970605276328295,0.010385233872564667,0.009302564163420884,0.01564958399441466
bert_multilingual_stars,10000,155,0.008488260981761555,0.006982266769232392,0.00785578372890346,0.009403130522243789,0.008296980881026247,0.014233092311547088
bert_multilingual_stars,10000,156,0.008488260981761555,0.01019849440269807,0.009549744668153417,0.011002621208456,0.009945903524597613,0.016055508141248585
bert_multilingual_stars,10000,157,0.008488260981761555,0.0085028873671184,0.009938132964168367,0.011426744538236165,0.010251949139522794,0.015865465133370213
bert_multilingual_stars,10000,158,0.008488260981761555,0.009524465693831242,0.008967162655378462,0.010379062088628075,0.0093427209681789,0.015232699045550677
bert_multilingual_stars,10000,159,0.008488260981761555,0.009731088073807136,0.008604814876616759,0.010187904843969394,0.009025926504422375,0.015763782956525436
bert_multilingual_stars,10000,160,0.008488260981761555,0.008639923202882817,0.008280600700895945,0.010148844145103059,0.008845010222200456,0.014988200975031523
bert_multilingual_stars,10000,161,0.008488260981761555,0.007158233103792183,0.007586610825276353,0.009194060182351835,0.007954677611367925,0.013772037683084623
bert_multilingual_stars,10000,162,0.008488260981761555,0.008271227886305152,0.008260846023538044,0.009790423564127666,0.00872594037841536,0.01481991583100447
bert_multilingual_stars,10000,163,0.008488260981761555,0.008380530959343553,0.007849529803408325,0.009147174028999129,0.008096893692956766,0.013866306585653155
bert_multilingual_stars,10000,164,0.008488260981761555,0.009361610952611715,0.009206731942277013,0.010705777109360482,0.009558863833216793,0.015856000588813823
bert_multilingual_stars,10000,165,0.008488260981761555,0.008734771282491307,0.007195154142017404,0.009030328681177476,0.007795545643802048,0.014989366265622868
bert_multilingual_stars,10000,166,0.008488260981761555,0.00913856593401204,0.009008114699518004,0.01042669571554918,0.00919725085001358,0.015877743368645173
bert_multilingual_stars,10000,167,0.008488260981761555,0.007917816611108209,0.0071665628632827,0.008763240758893684,0.007826956222738598,0.014034240964496241
bert_multilingual_stars,10000,168,0.008488260981761555,0.00859668358983561,0.008302672918350153,0.010014503520917898,0.00884992764713825,0.015158100123308997
bert_multilingual_stars,10000,169,0.008488260981761555,0.008337630219078076,0.008289815958521223,0.009452872435885282,0.008583633708222037,0.014881674011147334
bert_multilingual_stars,10000,170,0.008488260981761555,0.008946582453952646,0.008742591331015508,0.010026703209169943,0.009144998723966027,0.015266221357902345
bert_multilingual_stars,10000,171,0.008488260981761555,0.010047269625673363,0.009689064109789432,0.011114575729790887,0.009970443846230618,0.01671213690341227
bert_multilingual_stars,10000,172,0.008488260981761555,0.008813140540904506,0.007646087390641854,0.009465431034331548,0.008104027548049585,0.015047357842084963
bert_multilingual_stars,10000,173,0.008488260981761555,0.008053878322214348,0.008569000991402384,0.009817783061589798,0.009056430264250893,0.015106248292383065
bert_multilingual_stars,10000,174,0.008488260981761555,0.010445326993033846,0.009150787287141323,0.010628919499410187,0.009620017208149728,0.016560117957977953
bert_multilingual_stars,10000,175,0.008488260981761555,0.007934584773590096,0.00887399576334183,0.010500919923164296,0.009286313144338402,0.015147334622624947
bert_multilingual_stars,10000,176,0.008488260981761555,0.009309969030917659,0.009057264862478038,0.010521644603874303,0.009663627891218213,0.01591677244656005
bert_multilingual_stars,10000,177,0.008488260981761555,0.009607114349184383,0.007869410963987947,0.009451317904446524,0.008356123206471073,0.014949200684874542
bert_multilingual_stars,10000,178,0.008488260981761555,0.00829396458779048,0.008149921134431462,0.010114200807442216,0.008700751704552973,0.01496021130585881
bert_multilingual_stars,10000,179,0.008488260981761555,0.008882339014017086,0.007719347631567465,0.00948076533401717,0.008053410846977952,0.014292240296439686
bert_multilingual_stars,10000,180,0.008488260981761555,0.008456715272480061,0.007895491335326701,0.009642678085306942,0.008458063223844816,0.014662256110862321
bert_multilingual_stars,10000,181,0.008488260981761555,0.00871798899946468,0.008481723012568729,0.00979652844819983,0.008954942933082018,0.015531628148885352
bert_multilingual_stars,10000,182,0.008488260981761555,0.00881323769493781,0.00873695980070206,0.010169185483380978,0.009377654793103742,0.01537511276298137
bert_multilingual_stars,10000,183,0.008488260981761555,0.008530481114983892,0.008101565299259789,0.010174558140773879,0.008682219787703581,0.015660216142132203
bert_multilingual_stars,10000,184,0.008488260981761555,0.009915448166415167,0.009340220300222279,0.010893946847757139,0.009697393462741014,0.016626550924801517
bert_multilingual_stars,10000,185,0.008488260981761555,0.009513091957995552,0.008727977944875146,0.010335858393552003,0.009167642463922423,0.015288936124108693
bert_multilingual_stars,10000,186,0.008488260981761555,0.010791288144189597,0.009087851260555953,0.01094587156634351,0.009480330537519153,0.016167770007606625
bert_multilingual_stars,10000,187,0.008488260981761555,0.007910503539169434,0.007887148476401621,0.009305365953194245,0.008289548913290187,0.014755749149574508
bert_multilingual_stars,10000,188,0.008488260981761555,0.010276880324101066,0.00900277825372911,0.010321179356556683,0.009448023866421632,0.01563533168241086
bert_multilingual_stars,10000,189,0.008488260981761555,0.009628768377205558,0.008385885884986267,0.009975071946248715,0.008794800924429736,0.015492693992593745
bert_multilingual_stars,10000,190,0.008488260981761555,0.00731436113888702,0.007578045534635968,0.008792117002334364,0.007812247366890541,0.013699858440722638
bert_multilingual_stars,10000,191,0.008488260981761555,0.008591534423867633,0.008910044630306632,0.010570941881206834,0.009151843551610821,0.015527046172940387
bert_multilingual_stars,10000,192,0.008488260981761555,0.0088766832717683,0.007966590564445276,0.009140061505457583,0.008383932459149927,0.015266974835525153
bert_multilingual_stars,10000,193,0.008488260981761555,0.006146104583988286,0.006569746176138494,0.008014985030863234,0.006876762505575591,0.01283698513362458
bert_multilingual_stars,10000,194,0.008488260981761555,0.009257566828750147,0.008909518404228505,0.010882680855383652,0.00957176086304388,0.016239668703564806
bert_multilingual_stars,10000,195,0.008488260981761555,0.0063447155378992225,0.00831389734517772,0.010326028249405914,0.008815532935039484,0.0148331502106461
bert_multilingual_stars,10000,196,0.008488260981761555,0.00810822444721546,0.008230352694067153,0.009744376237212075,0.008704021492110714,0.015319175068204394
bert_multilingual_stars,10000,197,0.008488260981761555,0.008263536947152313,0.007928611185904249,0.00954138042965681,0.008517560555702894,0.01485674102750429
bert_multilingual_stars,10000,198,0.008488260981761555,0.008222689592051672,0.007884594620623794,0.009166456313891742,0.008207554210228445,0.014640355095549326
bert_multilingual_stars,10000,199,0.008488260981761555,0.008641237699264047,0.007499276319268572,0.009130101956724672,0.008031697327245221,0.014296958444904303
