model,n,rep,reference,rank_ece,hist_10,hist_sqrt,hist_cube_root,hist_n_over_20
distilbert_sst2,100,0,0.015797299749203776,-0.004088989786952206,0.005275973772058455,0.005275973772058455,0.0075701043324233625,0.004779274628662461
distilbert_sst2,100,1,0.015797299749203776,-0.0006191786739363447,0.01627735694959122,0.01627735694959122,0.004313393589650042,0.009748927537866924
distilbert_sst2,100,2,0.015797299749203776,0.03301760513898208,0.039950275966251315,0.039950275966251315,0.01608245776771664,0.023134405349624326
distilbert_sst2,100,3,0.015797299749203776,0.00625749587377272,0.024899897566912473,0.024899897566912473,0.015275515702633568,0.015275515702633568
distilbert_sst2,100,4,0.015797299749203776,0.016336632295433594,0.01660099335768895,0.01660099335768895,0.007556057890597033,0.010250625162787222
distilbert_sst2,100,5,0.015797299749203776,0.01368754186860397,0.026380070212617786,0.026380070212617786,0.013116023483422008,0.013116023483422008
distilbert_sst2,100,6,0.015797299749203776,0.003974258638902604,0.011372589438449123,0.011372589438449123,0.009253416650478024,0.010056621720361314
distilbert_sst2,100,7,0.015797299749203776,0.05072860693052078,0.031444501849849704,0.031444501849849704,0.016635987757009568,0.014226738211707824
distilbert_sst2,100,8,0.015797299749203776,-0.003740156625568255,0.0057269344739466314,0.0057269344739466314,0.0038576102385862654,0.0038576102385862654
distilbert_sst2,100,9,0.015797299749203776,0.019774749723612053,0.011661855184053981,0.011661855184053981,0.01033386329889257,0.01033386329889257
distilbert_sst2,100,10,0.015797299749203776,0.026832520215464527,0.022038587814910165,0.022038587814910165,0.008978427270486974,0.00967132514208332
distilbert_sst2,100,11,0.015797299749203776,0.000828651735317893,0.011764887537179353,0.011764887537179353,0.004840220456111556,0.004840220456111556
distilbert_sst2,100,12,0.015797299749203776,0.00552441455412947,0.011033099104470858,0.011033099104470858,0.0028704695299711534,0.003840638598628124
distilbert_sst2,100,13,0.015797299749203776,0.03622764102177098,0.01239205566712292,0.01239205566712292,0.010195580113269195,0.0110833149656964
distilbert_sst2,100,14,0.015797299749203776,0.023247304412917405,0.013189968065362476,0.013189968065362476,0.012602188336708484,0.012704333305263452
distilbert_sst2,100,15,0.015797299749203776,0.01726539933909775,0.005067728398502441,0.005067728398502441,0.004394620604257384,0.005067728398502441
distilbert_sst2,100,16,0.015797299749203776,-0.0023963495191294394,0.015020375439305471,0.015020375439305471,0.007997079417407293,0.012225494548829404
distilbert_sst2,100,17,0.015797299749203776,0.017524034908020257,0.014334477211067037,0.014334477211067037,0.008140477295947454,0.009335801296793615
distilbert_sst2,100,18,0.015797299749203776,0.020629946020570222,0.01497115248492822,0.01497115248492822,0.008109708847092908,0.006232408906967437
distilbert_sst2,100,19,0.015797299749203776,0.01578766340907841,0.009735619012887503,0.009735619012887503,0.005413815435655998,0.00592186113425591
distilbert_sst2,100,20,0.015797299749203776,0.002549442202135977,0.016603310916779516,0.016603310916779516,0.007540733989940527,0.007540733989940527
distilbert_sst2,100,21,0.015797299749203776,0.01221368280683705,0.021460443713426605,0.021460443713426605,0.01990698667080555,0.01990698667080555
distilbert_sst2,100,22,0.015797299749203776,0.04108761629357677,0.02608404701829215,0.02608404701829215,0.018534677632110145,0.018549862984610924
distilbert_sst2,100,23,0.015797299749203776,0.0061704091599133004,0.012317514654746186,0.012317514654746186,0.011211772788589973,0.007287635686107748
distilbert_sst2,100,24,0.015797299749203776,-0.0009604526226044808,0.015921724293809118,0.015921724293809118,0.009457763017441402,0.009457763017441402
distilbert_sst2,100,25,0.015797299749203776,0.036648166324115106,0.02802278310840053,0.02802278310840053,0.02150064229099046,0.026294434828303348
distilbert_sst2,100,26,0.015797299749203776,0.014823549810911423,0.02283467679899544,0.02283467679899544,0.01903644820176522,0.013930793517878688
distilbert_sst2,100,27,0.015797299749203776,0.009259981523695253,0.013950886485202603,0.013950886485202603,0.007494829448988893,0.007494829448988893
distilbert_sst2,100,28,0.015797299749203776,-0.008995674945923886,0.00967891894810016,0.00967891894810016,0.009343748291698626,0.009343748291698626
distilbert_sst2,100,29,0.015797299749203776,0.004267053611319377,0.012835431818889732,0.012835431818889732,0.012746118925299026,0.012835431818889732
distilbert_sst2,100,30,0.015797299749203776,0.013006903797069376,0.026853244924655045,0.026853244924655045,0.01958241550167955,0.020281009894820397
distilbert_sst2,100,31,0.015797299749203776,0.01261258564351403,0.023615368208035455,0.023615368208035455,0.005027481777247662,0.022242538269779243
distilbert_sst2,100,32,0.015797299749203776,0.019877524838792203,0.013027440535580175,0.013027440535580175,0.007527290198779627,0.007077274173599124
distilbert_sst2,100,33,0.015797299749203776,0.02981215861917381,0.030182999689850644,0.030182999689850644,0.01989913952490425,0.02414047340611239
distilbert_sst2,100,34,0.015797299749203776,0.05550342922916167,0.020571451282011346,0.020571451282011346,0.019465393495715647,0.019465393495715647
distilbert_sst2,100,35,0.015797299749203776,-0.002402540520396303,0.014256497970575401,0.014256497970575401,0.007160349849948303,0.0065260021429259345
distilbert_sst2,100,36,0.015797299749203776,0.002986729552759423,0.01360389995100602,0.01360389995100602,0.0062098426712223,0.0067189993366743115
distilbert_sst2,100,37,0.015797299749203776,0.005155481345610893,0.024835031084383875,0.024835031084383875,0.008637188102410681,0.011261405509520674
distilbert_sst2,100,38,0.015797299749203776,0.03833480751907418,0.02613498535789141,0.02613498535789141,0.017882558616350686,0.018925206486047598
distilbert_sst2,100,39,0.015797299749203776,0.0019801915840795274,0.019384830927015102,0.019384830927015102,0.007513386730090079,0.012186899269473007
distilbert_sst2,100,40,0.015797299749203776,0.013310076638047312,0.012272470833951343,0.012272470833951343,0.009719607497448737,0.010719507543585178
distilbert_sst2,100,41,0.015797299749203776,0.0006257222186844665,0.00527280194927264,0.00527280194927264,0.00444674824638574,0.00517086500104573
distilbert_sst2,100,42,0.015797299749203776,0.016036940981114606,0.008767715418032479,0.008767715418032479,0.007657716662919282,0.007657716662919282
distilbert_sst2,100,43,0.015797299749203776,0.006215258238904522,0.008835292725376209,0.008835292725376209,0.003558996895198929,0.008046465662474616
distilbert_sst2,100,44,0.015797299749203776,-0.003253569474959591,0.028296435383524467,0.028296435383524467,0.016714084464081846,0.020635236481066393
distilbert_sst2,100,45,0.015797299749203776,0.025778095827970762,0.020794950620076056,0.020794950620076056,0.015403863471261601,0.011149561987660067
distilbert_sst2,100,46,0.015797299749203776,0.01503171133645008,0.013547794851552417,0.013547794851552417,0.008564965148111952,0.012516570135394705
distilbert_sst2,100,47,0.015797299749203776,0.00644836106929585,0.01731366549832937,0.01731366549832937,0.006515533249467939,0.006515533249467939
distilbert_sst2,100,48,0.015797299749203776,0.02842560145073008,0.029822411288866025,0.029822411288866025,0.02002596402887629,0.024275971681001953
distilbert_sst2,100,49,0.015797299749203776,0.021566806829118938,0.011407565570705751,0.011407565570705751,0.011407565570705751,0.011407565570705751
distilbert_sst2,100,50,0.015797299749203776,0.014253718107484927,0.01335582200982063,0.01335582200982063,0.011623923793280224,0.010258012479172393
distilbert_sst2,100,51,0.015797299749203776,-0.008196462852355564,0.010678651547112566,0.010678651547112566,0.002637949135139406,0.0033451250113022573
distilbert_sst2,100,52,0.015797299749203776,0.025316908344879218,0.025828216465742196,0.025828216465742196,0.012035384442662132,0.01732842589102571
distilbert_sst2,100,53,0.015797299749203776,0.031925274838435,0.031688050664517436,0.031688050664517436,0.026396370132500718,0.022528631719978303
distilbert_sst2,100,54,0.015797299749203776,0.01276651631049338,0.012242806821461885,0.012242806821461885,0.009458739961807154,0.010822003244369507
distilbert_sst2,100,55,0.015797299749203776,0.03257065434445108,0.01837396100053328,0.01837396100053328,0.01837396100053328,0.01837396100053328
distilbert_sst2,100,56,0.015797299749203776,-0.0018990859763505753,0.009851953603674028,0.009851953603674028,0.008401161016482073,0.009333092464355318
distilbert_sst2,100,57,0.015797299749203776,0.05010361099743783,0.02265240613680005,0.02265240613680005,0.009248143448054521,0.009248143448054521
distilbert_sst2,100,58,0.015797299749203776,0.04209691754993406,0.027650703448059446,0.027650703448059446,0.024260694471531296,0.024260694471531296
distilbert_sst2,100,59,0.015797299749203776,-0.0014864022570389912,0.012252019216770488,0.012252019216770488,0.008782350336914893,0.009662730751427628
distilbert_sst2,100,60,0.015797299749203776,0.02748227197045676,0.008639362828690707,0.008639362828690707,0.006725345035521823,0.006725345035521823
distilbert_sst2,100,61,0.015797299749203776,-0.002066543203735923,0.016202308847572164,0.016202308847572164,0.013373454331417754,0.008117309121423305
distilbert_sst2,100,62,0.015797299749203776,0.006969362603871139,0.011608653880377889,0.011608653880377889,0.004437800978190732,0.005142282769188281
distilbert_sst2,100,63,0.015797299749203776,0.02579516722150496,0.011819710449950668,0.011819710449950668,0.011285406041197552,0.011285406041197552
distilbert_sst2,100,64,0.015797299749203776,0.022285694937157787,0.020109791258011576,0.020109791258011576,0.016353355518349134,0.020109791258011576
distilbert_sst2,100,65,0.015797299749203776,0.01811622606337894,0.017449339271771492,0.017449339271771492,0.014279807119079162,0.014279807119079162
distilbert_sst2,100,66,0.015797299749203776,0.02184364810467292,0.017571472592106153,0.017571472592106153,0.009533739391484474,0.014863451017038103
distilbert_sst2,100,67,0.015797299749203776,0.013078076133555881,0.013968879732536393,0.013968879732536393,0.007328617591260245,0.007328617591260245
distilbert_sst2,100,68,0.015797299749203776,0.004428400772474688,0.010587042137173746,0.010587042137173746,0.005869693380238312,0.008605599085847473
distilbert_sst2,100,69,0.015797299749203776,0.012948363113954815,0.015378144481150654,0.015378144481150654,0.012746239722238237,0.012746239722238237
distilbert_sst2,100,70,0.015797299749203776,-0.007211183916089201,0.01899994051318797,0.01899994051318797,0.008029668559418385,0.01156290638290394
distilbert_sst2,100,71,0.015797299749203776,-0.0020457732765088808,0.025410398810343737,0.025410398810343737,0.01922994326233136,0.016667548682493788
distilbert_sst2,100,72,0.015797299749203776,0.00748762728341164,0.01085003284556303,0.01085003284556303,0.0056760365219862725,0.0056760365219862725
distilbert_sst2,100,73,0.015797299749203776,-0.006248561316809471,0.0045277583306926935,0.0045277583306926935,0.004497489775254745,0.0041869224812049405
distilbert_sst2,100,74,0.015797299749203776,-0.0003691978771389864,0.015247992809858129,0.015247992809858129,0.014924389054031102,0.014924389054031102
distilbert_sst2,100,75,0.015797299749203776,0.013871015721586777,0.023557421619926966,0.023557421619926966,0.01303993365412865,0.01702990646623773
distilbert_sst2,100,76,0.015797299749203776,0.03244233445113467,0.020514739479635245,0.020514739479635245,0.01742578185734929,0.01996415780114274
distilbert_sst2,100,77,0.015797299749203776,0.013558878681106194,0.011144384127319084,0.011144384127319084,0.00898319126090677,0.007849624060829688
distilbert_sst2,100,78,0.015797299749203776,0.03065714947474569,0.016307754256782714,0.016307754256782714,0.010099369689337442,0.010099369689337442
distilbert_sst2,100,79,0.015797299749203776,0.007422418146602525,0.013726959780445662,0.013726959780445662,0.011861864080463452,0.01285205683892706
distilbert_sst2,100,80,0.015797299749203776,0.007941401568935106,0.01482841170931785,0.01482841170931785,0.008156520692464541,0.008156520692464541
distilbert_sst2,100,81,0.015797299749203776,0.012898378202920975,0.012257489642631871,0.012257489642631871,0.011875090843286005,0.006612286436763261
distilbert_sst2,100,82,0.015797299749203776,0.026177728726635274,0.028735852658284503,0.028735852658284503,0.011791068990705634,0.006978746305304252
distilbert_sst2,100,83,0.015797299749203776,0.013822625289230369,0.014678912794694111,0.014678912794694111,0.006154530038059254,0.00887133786893581
distilbert_sst2,100,84,0.015797299749203776,-0.003633073152245381,0.014409869088350638,0.014409869088350638,0.013453644823506243,0.013453644823506243
distilbert_sst2,100,85,0.015797299749203776,0.0018594281745624185,0.024024132722795577,0.024024132722795577,0.016265407632720143,0.01758512161835183
distilbert_sst2,100,86,0.015797299749203776,-0.005246809121084462,0.01816102181880737,0.01816102181880737,0.01617705898428657,0.01617705898428657
distilbert_sst2,100,87,0.015797299749203776,0.0339652136080358,0.029721954107898737,0.029721954107898737,0.015471323320778423,0.020797106138882422
distilbert_sst2,100,88,0.015797299749203776,0.024794765931768277,0.01888531270465477,0.01888531270465477,0.016041569934984876,0.016041569934984876
distilbert_sst2,100,89,0.015797299749203776,0.021040478019188517,0.027421218308405947,0.027421218308405947,0.01188730950999188,0.01821128561817901
distilbert_sst2,100,90,0.015797299749203776,0.0046514877994661315,0.016390294581990206,0.016390294581990206,0.013199391754002093,0.009018462689464516
distilbert_sst2,100,91,0.015797299749203776,0.02440300714922766,0.01155785001794733,0.01155785001794733,0.010208036565867936,0.010208036565867936
distilbert_sst2,100,92,0.015797299749203776,-0.0014722494730011722,0.0056759706378478065,0.0056759706378478065,0.0056759706378478065,0.0056759706378478065
distilbert_sst2,100,93,0.015797299749203776,0.033184201106843635,0.03907128747526984,0.03907128747526984,0.02445884815274487,0.03303101446848085
distilbert_sst2,100,94,0.015797299749203776,-0.00023912259774733547,0.014419077222654862,0.014419077222654862,0.009134604122452464,0.009134604122452464
distilbert_sst2,100,95,0.015797299749203776,0.05048824902793458,0.019507231776236107,0.019507231776236107,0.01817097566486181,0.01823754153788172
distilbert_sst2,100,96,0.015797299749203776,0.01054303006758084,0.010962946837477016,0.010962946837477016,0.006016927300798638,0.010638980499806971
distilbert_sst2,100,97,0.015797299749203776,0.02549092249163698,0.027687125127203456,0.027687125127203456,0.01024860593373288,0.026006879700596435
distilbert_sst2,100,98,0.015797299749203776,0.022481822057903632,0.0254996206383455,0.0254996206383455,0.011878139695904103,0.011878139695904103
distilbert_sst2,100,99,0.015797299749203776,0.005910344324187391,0.02126148311360114,0.02126148311360114,0.016564417815020868,0.020778645379144874
distilbert_sst2,100,100,0.015797299749203776,0.02122751369210273,0.026229533176599505,0.026229533176599505,0.018982758457391065,0.019382951856861917
distilbert_sst2,100,101,0.015797299749203776,0.031010087764844006,0.04614621722634735,0.04614621722634735,0.028709002470529002,0.034935451641385375
distilbert_sst2,100,102,0.015797299749203776,0.005748731250394685,0.01901699159671117,0.01901699159671117,0.010735243655620869,0.018419615454208695
distilbert_sst2,100,103,0.015797299749203776,0.007374062461877193,0.015528329877493021,0.015528329877493021,0.0027896500069083193,0.0027896500069083193
distilbert_sst2,100,104,0.015797299749203776,0.03105045621937706,0.01801302544506919,0.01801302544506919,0.018833678727050527,0.017052403223610537
distilbert_sst2,100,105,0.015797299749203776,-0.004158152282236032,0.00533622407284121,0.00533622407284121,0.004868055381230135,0.004868055381230135
distilbert_sst2,100,106,0.015797299749203776,0.013082536911218252,0.023958916861724928,0.023958916861724928,0.011136206246444126,0.016427616937184763
distilbert_sst2,100,107,0.015797299749203776,-0.0030603969839506726,0.01007340165064329,0.01007340165064329,0.007100328993388931,0.009743484625883335
distilbert_sst2,100,108,0.015797299749203776,0.030151344403386425,0.023394829126466395,0.023394829126466395,0.010094243850216185,0.010094243850216185
distilbert_sst2,100,109,0.015797299749203776,0.025947458553544828,0.010984437924061901,0.010984437924061901,0.009808176713731798,0.009808176713731798
distilbert_sst2,100,110,0.015797299749203776,0.0087379838984894,0.015069966885251404,0.015069966885251404,0.012616393606280387,0.009764006594963131
distilbert_sst2,100,111,0.015797299749203776,-0.008087065004917657,0.007786309721026672,0.007786309721026672,0.0032376373617508765,0.006267448989613844
distilbert_sst2,100,112,0.015797299749203776,-0.0037396483016028255,0.010483642648449868,0.010483642648449868,0.007852109368333929,0.008957670690643184
distilbert_sst2,100,113,0.015797299749203776,0.012723386119298543,0.01886325711500047,0.01886325711500047,0.01718986675296215,0.01721411287637729
distilbert_sst2,100,114,0.015797299749203776,0.023256415945864375,0.01809431818576674,0.01809431818576674,0.01016763477761896,0.011276519781565558
distilbert_sst2,100,115,0.015797299749203776,0.024157016711919842,0.020044560545409918,0.020044560545409918,0.008967456781380122,0.0119418028595734
distilbert_sst2,100,116,0.015797299749203776,0.009354653150269862,0.014650475108686707,0.014650475108686707,0.009042644959037591,0.009042644959037591
distilbert_sst2,100,117,0.015797299749203776,0.056614659288012986,0.0262209964904402,0.0262209964904402,0.023990995096645606,0.025406063452982942
distilbert_sst2,100,118,0.015797299749203776,0.014471376438838978,0.01890311130680142,0.01890311130680142,0.008969638263397568,0.016115221345605116
distilbert_sst2,100,119,0.015797299749203776,0.008982624124685576,0.014241535111739805,0.014241535111739805,0.0076810147158431034,0.008256238667042438
distilbert_sst2,100,120,0.015797299749203776,0.0313958564696742,0.02464229479584695,0.02464229479584695,0.013216678462486683,0.013216678462486683
distilbert_sst2,100,121,0.015797299749203776,0.004978110786652599,0.01008308494654988,0.01008308494654988,0.006960228819909639,0.007441850927586483
distilbert_sst2,100,122,0.015797299749203776,0.007804959168247013,0.0085540810101649,0.0085540810101649,0.008068740262888974,0.008068740262888974
distilbert_sst2,100,123,0.015797299749203776,-0.010924489513389268,0.008484245746683884,0.008484245746683884,0.0053790695670725705,0.0075452099435305685
distilbert_sst2,100,124,0.015797299749203776,0.04885676782226436,0.03736294903334917,0.03736294903334917,0.03342518670088829,0.033439749850843865
distilbert_sst2,100,125,0.015797299749203776,0.01020061791208153,0.022805210335855586,0.022805210335855586,0.01512611902363668,0.01642889388199538
distilbert_sst2,100,126,0.015797299749203776,0.036809872203684105,0.02560003998112462,0.02560003998112462,0.014276722202279287,0.01484692901432036
distilbert_sst2,100,127,0.015797299749203776,0.02142192465209114,0.030530297882323115,0.030530297882323115,0.013448036072355524,0.014520023571205503
distilbert_sst2,100,128,0.015797299749203776,0.019785260500605105,0.025666956708578277,0.025666956708578277,0.019964426396734954,0.015295502975564899
distilbert_sst2,100,129,0.015797299749203776,0.006213221975359317,0.010489973227993304,0.010489973227993304,0.01411695869929664,0.010206556302057558
distilbert_sst2,100,130,0.015797299749203776,0.033457419003341454,0.016956712336417573,0.016956712336417573,0.011149969777966173,0.016751695290022822
distilbert_sst2,100,131,0.015797299749203776,0.020729791235599225,0.02046082666047535,0.02046082666047535,0.011223631757896651,0.014402490957138544
distilbert_sst2,100,132,0.015797299749203776,0.03755982489396375,0.029250682522691862,0.029250682522691862,0.019315053437411665,0.029205512056106754
distilbert_sst2,100,133,0.015797299749203776,0.01487435267294563,0.02068337215374135,0.02068337215374135,0.012291782145925825,0.01599085860538451
distilbert_sst2,100,134,0.015797299749203776,0.014693552882527175,0.02133785547787961,0.02133785547787961,0.015323496556314185,0.020214626289234885
distilbert_sst2,100,135,0.015797299749203776,0.0006793428629799172,0.008662061856923725,0.008662061856923725,0.007684974919112023,0.007684974919112023
distilbert_sst2,100,136,0.015797299749203776,0.01890167804669217,0.03021914255131684,0.03021914255131684,0.01770728440747648,0.01658947577873123
distilbert_sst2,100,137,0.015797299749203776,0.04102725163366845,0.03698837700995916,0.03698837700995916,0.02793446078639904,0.03081529107473248
distilbert_sst2,100,138,0.015797299749203776,0.0033758399828478737,0.004959255399756868,0.004959255399756868,0.004959255399756868,0.004959255399756868
distilbert_sst2,100,139,0.015797299749203776,0.021396851761349915,0.027220284358251228,0.027220284358251228,0.01619669619219451,0.020371895520106383
distilbert_sst2,100,140,0.015797299749203776,0.022405862669496752,0.029534009792507518,0.029534009792507518,0.014588928672375729,0.019152239969327862
distilbert_sst2,100,141,0.015797299749203776,-0.0021056591437054006,0.006474629620716683,0.006474629620716683,0.0055071713451899235,0.00615452497370412
distilbert_sst2,100,142,0.015797299749203776,-0.008167262758488043,0.012165030516362195,0.012165030516362195,0.006837093197385258,0.011711593405065853
distilbert_sst2,100,143,0.015797299749203776,0.007126672596387763,0.015284871211468149,0.015284871211468149,0.01493476710412039,0.015267152613084383
distilbert_sst2,100,144,0.015797299749203776,0.0054374166827786015,0.016018331435098617,0.016018331435098617,0.013830782339697248,0.014704920678658622
distilbert_sst2,100,145,0.015797299749203776,-0.012048231057172905,0.03039207243895973,0.03039207243895973,0.00469588735836909,0.008378872161415231
distilbert_sst2,100,146,0.015797299749203776,0.024976417827642945,0.027644893979069374,0.027644893979069374,0.0066836056440643075,0.02682468859370837
distilbert_sst2,100,147,0.015797299749203776,0.028174742978334513,0.005311436770364525,0.005311436770364525,0.005098207988453818,0.005098207988453818
distilbert_sst2,100,148,0.015797299749203776,0.015396632989461992,0.015059510595197107,0.015059510595197107,0.014686459478041322,0.014686459478041322
distilbert_sst2,100,149,0.015797299749203776,-0.0030512441513002564,0.009841591374887998,0.009841591374887998,0.0075322792807336345,0.0075322792807336345
distilbert_sst2,100,150,0.015797299749203776,0.018787165542689138,0.01549136948927278,0.01549136948927278,0.014978289828196788,0.015391001971785986
distilbert_sst2,100,151,0.015797299749203776,0.011673079043752367,0.03159496980701312,0.03159496980701312,0.01314082794035952,0.025397310146341154
distilbert_sst2,100,152,0.015797299749203776,0.0008969512025535467,0.0014216536310535535,0.0014216536310535535,0.0009323664680921615,0.0014216536310535535
distilbert_sst2,100,153,0.015797299749203776,0.015109587554842157,0.01944618710083436,0.01944618710083436,0.007944519148238837,0.007944519148238837
distilbert_sst2,100,154,0.015797299749203776,0.025816613665605854,0.03041029573789112,0.03041029573789112,0.017788988056295318,0.01872466595609382
distilbert_sst2,100,155,0.015797299749203776,0.061781296000277465,0.04361874096032882,0.04361874096032882,0.04162086537610222,0.04162086537610222
distilbert_sst2,100,156,0.015797299749203776,-0.0010780329702477142,0.008937502315471633,0.008937502315471633,0.006258748532458167,0.006258748532458167
distilbert_sst2,100,157,0.015797299749203776,0.019938663349589415,0.02044583818610654,0.02044583818610654,0.014753129872943629,0.015248918841226217
distilbert_sst2,100,158,0.015797299749203776,0.01290977618933519,0.008998243804992288,0.008998243804992288,0.008998243804992288,0.008998243804992288
distilbert_sst2,100,159,0.015797299749203776,0.030119110141599528,0.008654086714469253,0.008654086714469253,0.008376259258761518,0.008376259258761518
distilbert_sst2,100,160,0.015797299749203776,0.015615460370491593,0.016842811107296355,0.016842811107296355,0.011080588843226739,0.010817764966438761
distilbert_sst2,100,161,0.015797299749203776,0.04346744128070798,0.03052831840534975,0.03052831840534975,0.013080620256385782,0.013080620256385782
distilbert_sst2,100,162,0.015797299749203776,-0.007704204488788037,0.01327435367350608,0.01327435367350608,0.006508300053936928,0.0074253457078619425
distilbert_sst2,100,163,0.015797299749203776,0.021186853120497458,0.03528893728271098,0.03528893728271098,0.016658053140277206,0.02533628084765534
distilbert_sst2,100,164,0.015797299749203776,0.018521317681408994,0.0277200827627925,0.0277200827627925,0.015947830945050326,0.01345878110006666
distilbert_sst2,100,165,0.015797299749203776,0.012285656993531395,0.021255481804787008,0.021255481804787008,0.021231070037473054,0.021231070037473054
distilbert_sst2,100,166,0.015797299749203776,0.012464264128452014,0.01609661602561823,0.01609661602561823,0.014966468653284406,0.01565317752294294
distilbert_sst2,100,167,0.015797299749203776,0.05858502440902663,0.027350242475821063,0.027350242475821063,0.017143364816108442,0.017971204816856982
distilbert_sst2,100,168,0.015797299749203776,0.030007585062283546,0.02278215986015287,0.02278215986015287,0.018032227625283528,0.018032227625283528
distilbert_sst2,100,169,0.015797299749203776,0.006388012079758313,0.02031023622325243,0.02031023622325243,0.007834201340449504,0.006136686150689665
distilbert_sst2,100,170,0.015797299749203776,0.002362005784917967,0.016326196624653695,0.016326196624653695,0.015278627665444085,0.016326196624653695
distilbert_sst2,100,171,0.015797299749203776,0.01490684066490442,0.01576431010690761,0.01576431010690761,0.008967211307008609,0.013452604763313348
distilbert_sst2,100,172,0.015797299749203776,0.002133468233396887,0.026939167694131735,0.026939167694131735,0.017478843277392683,0.013818374994129736
distilbert_sst2,100,173,0.015797299749203776,0.008131701978126476,0.01350687271407934,0.01350687271407934,0.012402255358981932,0.011156419658870336
distilbert_sst2,100,174,0.015797299749203776,0.0015427327092008259,0.004180491885948032,0.004180491885948032,0.0036281389460747944,0.0036281389460747944
distilbert_sst2,100,175,0.015797299749203776,0.02499304751590005,0.026067711826813278,0.026067711826813278,0.019344425365267818,0.019344425365267818
distilbert_sst2,100,176,0.015797299749203776,0.03358153332115407,0.034199769453554366,0.034199769453554366,0.01261273024142145,0.02698345692315004
distilbert_sst2,100,177,0.015797299749203776,-0.0018569922786188919,0.015156265433606752,0.015156265433606752,0.008776788252759123,0.013371291806817304
distilbert_sst2,100,178,0.015797299749203776,0.005677585446841656,0.014140157747871637,0.014140157747871637,0.012966155029249334,0.012088338242895425
distilbert_sst2,100,179,0.015797299749203776,0.03853074551724449,0.021132540634871393,0.021132540634871393,0.014065488553521582,0.020149667525994154
distilbert_sst2,100,180,0.015797299749203776,0.03433852703327798,0.03576414043631738,0.03576414043631738,0.02336063642353914,0.028771510760565146
distilbert_sst2,100,181,0.015797299749203776,0.032597713200089806,0.03432770484326811,0.03432770484326811,0.024285621690706444,0.02804676147151599
distilbert_sst2,100,182,0.015797299749203776,0.015483316522542194,0.020750206736368872,0.020750206736368872,0.01535430652371382,0.01535430652371382
distilbert_sst2,100,183,0.015797299749203776,0.01566522363790511,0.02178210204544505,0.02178210204544505,0.011514667758895829,0.016092584364735436
distilbert_sst2,100,184,0.015797299749203776,0.010158186477489482,0.01275985219656699,0.01275985219656699,0.006910560437909385,0.012296816036505573
distilbert_sst2,100,185,0.015797299749203776,0.011542960218561263,0.03081602839288987,0.03081602839288987,0.011453601628575737,0.012412664240474417
distilbert_sst2,100,186,0.015797299749203776,0.0359451855307507,0.032325730819215116,0.032325730819215116,0.028511536407888637,0.029131952980642528
distilbert_sst2,100,187,0.015797299749203776,0.015570977942156124,0.01499671937575767,0.01499671937575767,0.012137044756921959,0.014017240848932938
distilbert_sst2,100,188,0.015797299749203776,0.0006083066677450028,0.003014410910342587,0.003014410910342587,0.0016981394062448283,0.0023280624471450333
distilbert_sst2,100,189,0.015797299749203776,0.00842312795510047,0.016892931813019624,0.016892931813019624,0.00958877867127823,0.014548116213960214
distilbert_sst2,100,190,0.015797299749203776,0.008947694209372197,0.01547409180303105,0.01547409180303105,0.011978075141970523,0.013528616865179841
distilbert_sst2,100,191,0.015797299749203776,0.008312081916011332,0.02501798900296784,0.02501798900296784,0.01789432911764107,0.013778788842872362
distilbert_sst2,100,192,0.015797299749203776,0.06780502636012846,0.018040191274627457,0.018040191274627457,0.017002268166511694,0.017002268166511694
distilbert_sst2,100,193,0.015797299749203776,-0.003129414330398911,0.015455308348317001,0.015455308348317001,0.005718055559375084,0.007128867784569609
distilbert_sst2,100,194,0.015797299749203776,0.04506275416364586,0.033424610545770096,0.033424610545770096,0.02868386804397876,0.02868386804397876
distilbert_sst2,100,195,0.015797299749203776,0.02891095898620448,0.03137253038759484,0.03137253038759484,0.022136430316305165,0.030197887105770847
distilbert_sst2,100,196,0.015797299749203776,0.03720632652533163,0.009643123934255033,0.009643123934255033,0.00842283556209732,0.00842283556209732
distilbert_sst2,100,197,0.015797299749203776,0.008989156377152691,0.021470499855625456,0.021470499855625456,0.019601283757832925,0.019601283757832925
distilbert_sst2,100,198,0.015797299749203776,-0.00416248746252039,0.009932765324854225,0.009932765324854225,0.0073914674591627275,0.004785374884013769
distilbert_sst2,100,199,0.015797299749203776,-0.00012183981959158402,0.023491782795579935,0.023491782795579935,0.007319404024767495,0.015674472626852325
distilbert_sst2,250,0,0.015797299749203776,0.03041275060998663,0.01930141699391304,0.027743817579784353,0.020308820447176166,0.02773125661904216
distilbert_sst2,250,1,0.015797299749203776,0.0024946891320536024,0.007552558001218089,0.00836848749524516,0.006545642584276569,0.007552689730228089
distilbert_sst2,250,2,0.015797299749203776,0.013302774424847123,0.01974824770070951,0.024119755022930883,0.01945677674920248,0.02181675988598097
distilbert_sst2,250,3,0.015797299749203776,0.00731280494458483,0.008995976532063804,0.009739850757105128,0.006487438580564565,0.009281695345881405
distilbert_sst2,250,4,0.015797299749203776,0.019798928949413885,0.010288616857507697,0.012191071497742699,0.009586716608815403,0.01308410977054367
distilbert_sst2,250,5,0.015797299749203776,0.02218939032153037,0.012198612691494266,0.017870604840000765,0.012866179201682006,0.015969429437300845
distilbert_sst2,250,6,0.015797299749203776,0.00933923983968903,0.012852491408807185,0.013615365292187554,0.013286417186277847,0.015119267014419034
distilbert_sst2,250,7,0.015797299749203776,0.011766886923342513,0.011789945510935722,0.014841039555519816,0.011110332796776546,0.01333018004748825
distilbert_sst2,250,8,0.015797299749203776,0.0035356386142318796,0.007320598431634671,0.01218447516722444,0.006624334876345565,0.008174291801731761
distilbert_sst2,250,9,0.015797299749203776,0.010628157467640603,0.010378657897943257,0.013101434810800696,0.005620588791327145,0.0129930923508029
distilbert_sst2,250,10,0.015797299749203776,0.01661330007936349,0.012008512331775464,0.015198329234398202,0.009460635431811458,0.012723803725694767
distilbert_sst2,250,11,0.015797299749203776,0.0020646220738276605,0.011807364559302773,0.012736188977577927,0.00919819041531812,0.011080385530649144
distilbert_sst2,250,12,0.015797299749203776,0.01989270195840361,0.018011950911117732,0.01853573491272985,0.013289041015180213,0.018193452038678382
distilbert_sst2,250,13,0.015797299749203776,-0.002236241571367006,0.0129314468108538,0.01376508056777586,0.00797064143152414,0.013032486282137646
distilbert_sst2,250,14,0.015797299749203776,0.02511864364132864,0.016425179728790706,0.02158651693481835,0.011367955330065911,0.019062324878415776
distilbert_sst2,250,15,0.015797299749203776,0.004992493854293714,0.008574754627039497,0.015661603991463647,0.00728957421001503,0.010847681954739065
distilbert_sst2,250,16,0.015797299749203776,0.030817002739157814,0.02237004184272389,0.024832388309212642,0.01686713806340775,0.019325169531446824
distilbert_sst2,250,17,0.015797299749203776,0.010323299449889672,0.017158419876045997,0.020197310616082764,0.007479410171921725,0.017617161960078495
distilbert_sst2,250,18,0.015797299749203776,0.009650402285590248,0.015510766678322255,0.021830085698881643,0.01494199920911703,0.019086580171745953
distilbert_sst2,250,19,0.015797299749203776,0.016874675022068252,0.01700003393436444,0.021140555598753802,0.016368276496214796,0.02006666009046928
distilbert_sst2,250,20,0.015797299749203776,0.009228540479861838,0.014208789142798963,0.016522508271054344,0.0088014691451071,0.014130415579950484
distilbert_sst2,250,21,0.015797299749203776,0.01167454331549418,0.006299129885031007,0.007400748759734933,0.005930941985437775,0.010382875159787664
distilbert_sst2,250,22,0.015797299749203776,0.023557372562345053,0.013845072397073395,0.02746835190189033,0.0072365145432514745,0.014993576825696022
distilbert_sst2,250,23,0.015797299749203776,0.008272675152538177,0.012395810292849403,0.01350693281410366,0.007918644006361936,0.013345161026864154
distilbert_sst2,250,24,0.015797299749203776,0.018519286327235793,0.011007612929813794,0.011721237563970036,0.010689133053742904,0.010928088982784773
distilbert_sst2,250,25,0.015797299749203776,0.013491946113700479,0.020209329598882546,0.01764842815204539,0.00715858578484823,0.01763697805801066
distilbert_sst2,250,26,0.015797299749203776,0.009016225429250084,0.012044302684888155,0.013339095451242792,0.007583581107863332,0.011162277101373304
distilbert_sst2,250,27,0.015797299749203776,0.019032661897689786,0.014410611937980648,0.025365983172921536,0.014530609625550556,0.021214181034247923
distilbert_sst2,250,28,0.015797299749203776,0.03446817925319778,0.026086033503293866,0.026207665950708704,0.015864402635007508,0.022999322677771654
distilbert_sst2,250,29,0.015797299749203776,0.015017893744897957,0.013196516137932794,0.015179862507752988,0.011460666658589216,0.012491282054616661
distilbert_sst2,250,30,0.015797299749203776,0.018732126286801848,0.028104945766738425,0.027556570903586618,0.018819880829055065,0.020920401219717305
distilbert_sst2,250,31,0.015797299749203776,0.025555293607587376,0.022513088732675046,0.031625903721474995,0.014530832735284098,0.022516868857322417
distilbert_sst2,250,32,0.015797299749203776,0.0009839277646536612,0.013607461610710131,0.011408705460670538,0.007002418236820195,0.009307897279941739
distilbert_sst2,250,33,0.015797299749203776,0.011895380980197665,0.010044716894196391,0.010132080837925713,0.008477585090921677,0.008518723348677345
distilbert_sst2,250,34,0.015797299749203776,0.01756289626842905,0.010984766688913539,0.015593236906674232,0.010928590363884019,0.015591315914476787
distilbert_sst2,250,35,0.015797299749203776,0.03188138723586002,0.018471459161103397,0.022693163862760723,0.017976015710398013,0.02041493025547981
distilbert_sst2,250,36,0.015797299749203776,0.008963117638045397,0.012677157689277681,0.01566725055972657,0.010760261204732363,0.013860710987862946
distilbert_sst2,250,37,0.015797299749203776,0.01876225406625276,0.014154465343485806,0.016791808954065582,0.01846078228875162,0.0188570521688384
distilbert_sst2,250,38,0.015797299749203776,-0.0073378571704000774,0.008942458111142068,0.00889369858593778,0.005904270449794935,0.011016376756057515
distilbert_sst2,250,39,0.015797299749203776,0.0046578749965145915,0.017032773161657307,0.01924588054219593,0.014456452537959127,0.01837923061892511
distilbert_sst2,250,40,0.015797299749203776,0.03679478009126502,0.019363427832914858,0.02122807268610267,0.015801408546722955,0.02532698425731079
distilbert_sst2,250,41,0.015797299749203776,0.017516673177539785,0.028760239908143165,0.03438151576098315,0.02278591086599273,0.029154885135528497
distilbert_sst2,250,42,0.015797299749203776,0.009232883636363987,0.011716091018517444,0.016481641878724786,0.009591051339907251,0.014715546727979194
distilbert_sst2,250,43,0.015797299749203776,0.020598120097821658,0.012426484745654338,0.024615544212806734,0.01104853658331294,0.01742991439855338
distilbert_sst2,250,44,0.015797299749203776,0.01860078833928518,0.011547652167471284,0.01451680238260706,0.008488089788138375,0.011941198508188314
distilbert_sst2,250,45,0.015797299749203776,0.017895546375298096,0.01479831968215557,0.021470765743880012,0.009295374640906198,0.017343132726803316
distilbert_sst2,250,46,0.015797299749203776,0.012021769760971942,0.01282146349548684,0.020020327944383937,0.010081455409655715,0.021079762031342385
distilbert_sst2,250,47,0.015797299749203776,0.017312721274478887,0.009116205615447133,0.012085648219430242,0.008148493565756313,0.008585912559742228
distilbert_sst2,250,48,0.015797299749203776,0.024844580549001967,0.012133398862027559,0.01272389395454593,0.010027971679160034,0.011010878350969217
distilbert_sst2,250,49,0.015797299749203776,0.016020170227257668,0.022101843806925484,0.024784900073498102,0.01699453862027005,0.021393931482593463
distilbert_sst2,250,50,0.015797299749203776,0.001993990105466025,0.012303116457181863,0.016627150433368237,0.009466171607486341,0.011770344795166499
distilbert_sst2,250,51,0.015797299749203776,0.013970288295097756,0.01256018864492763,0.014948703962647107,0.010659238166280725,0.014820669953447432
distilbert_sst2,250,52,0.015797299749203776,0.03433247073721474,0.028012863018392776,0.029479671184710114,0.0214070131924626,0.028895374967243464
distilbert_sst2,250,53,0.015797299749203776,0.03626906850368179,0.01999212705738234,0.020848199113546496,0.017051894024936468,0.0189250489669259
distilbert_sst2,250,54,0.015797299749203776,0.008249828442977728,0.009728506651374562,0.011001508335704426,0.008239596312951337,0.008451960620790077
distilbert_sst2,250,55,0.015797299749203776,0.020348490945812942,0.012226413737403654,0.015007997955793112,0.01099653931600338,0.01704165935671988
distilbert_sst2,250,56,0.015797299749203776,0.018695034023599143,0.017188302662596345,0.018803485853951783,0.00954791562505491,0.017402807665370053
distilbert_sst2,250,57,0.015797299749203776,0.01416756581904254,0.019623811289679972,0.018784750176135196,0.011854375047000425,0.016380720993160416
distilbert_sst2,250,58,0.015797299749203776,0.034307996880997706,0.023476593648602075,0.036578578557250774,0.019017082917993096,0.03444432936761171
distilbert_sst2,250,59,0.015797299749203776,0.01583358526509618,0.01334235225063013,0.017168972837193847,0.01065297453399478,0.01568163000191366
distilbert_sst2,250,60,0.015797299749203776,0.023488020947354922,0.013079190467139967,0.013333903134934686,0.011742375133377487,0.01262308445373202
distilbert_sst2,250,61,0.015797299749203776,0.01279985106140721,0.013520639776863182,0.015088688797665527,0.013018495724509128,0.013961554397889795
distilbert_sst2,250,62,0.015797299749203776,0.02321611008346282,0.023667416142285024,0.022450661110093414,0.017465849010228088,0.02318076679661571
distilbert_sst2,250,63,0.015797299749203776,0.01568018114838144,0.008049004997742784,0.008274344853537478,0.005208288972251414,0.008142832289634866
distilbert_sst2,250,64,0.015797299749203776,0.023407772663752113,0.012608796131444949,0.016309594155253803,0.013979399500856717,0.015147665743826477
distilbert_sst2,250,65,0.015797299749203776,0.025020471301850804,0.013529221519237723,0.01654027756319893,0.012117366844833284,0.013637506897896058
distilbert_sst2,250,66,0.015797299749203776,0.01646435282430447,0.012508724840077529,0.01895620201249888,0.01063924303084536,0.015998830829585465
distilbert_sst2,250,67,0.015797299749203776,0.002791104108155266,0.011856043781436216,0.014201542932904144,0.006774928812222734,0.010941389948330466
distilbert_sst2,250,68,0.015797299749203776,0.019891836172562096,0.017190091739685654,0.021767945897320104,0.008958545630611877,0.01705801603627292
distilbert_sst2,250,69,0.015797299749203776,0.0064279153515646,0.013899698656132964,0.014591513503796314,0.013186642367577299,0.013344539312573385
distilbert_sst2,250,70,0.015797299749203776,0.005422367268161229,0.01066798586904295,0.014689761998965333,0.009305637128563546,0.017048729968027525
distilbert_sst2,250,71,0.015797299749203776,0.022897060508537098,0.01912695306606016,0.021784990114272478,0.011951575204200737,0.016615379848826183
distilbert_sst2,250,72,0.015797299749203776,0.0032537309758707807,0.014489450150991937,0.014789115437277263,0.012447109232886182,0.014056196596922525
distilbert_sst2,250,73,0.015797299749203776,0.0015066811181483834,0.005835221883982797,0.006564479928351694,0.0034462209317428897,0.006878025807384525
distilbert_sst2,250,74,0.015797299749203776,0.044084969484101934,0.02776987648188568,0.03275773469354714,0.025003238878688116,0.03533161266599177
distilbert_sst2,250,75,0.015797299749203776,0.02535002092259078,0.014659169506967652,0.01753316491498095,0.010492181305069227,0.016566571474970617
distilbert_sst2,250,76,0.015797299749203776,0.02268017814227553,0.025158744570865477,0.025045865499169536,0.017968219827617378,0.02107436489416115
distilbert_sst2,250,77,0.015797299749203776,0.021533257047541,0.01903702682430972,0.027903353230371533,0.015236915042177158,0.01771149120868253
distilbert_sst2,250,78,0.015797299749203776,0.0210382966724581,0.015644666617570503,0.015547214400387319,0.008758915040219478,0.012513792608832314
distilbert_sst2,250,79,0.015797299749203776,0.011149503106069747,0.010512254077074889,0.017563330971013535,0.009087140282707918,0.01067759456888285
distilbert_sst2,250,80,0.015797299749203776,0.024238868970535832,0.01706369832854205,0.018493237277651623,0.01493756366162007,0.016589206611032217
distilbert_sst2,250,81,0.015797299749203776,0.020929816341235797,0.020190777015217164,0.01660314984540599,0.00749785708040954,0.01764492117593382
distilbert_sst2,250,82,0.015797299749203776,0.020203481635105464,0.011456236711599165,0.015259895645461574,0.010552502724865968,0.013135044078280823
distilbert_sst2,250,83,0.015797299749203776,0.017562393495555575,0.010876503411979883,0.01221401314938292,0.0069396801919143995,0.012711563149021244
distilbert_sst2,250,84,0.015797299749203776,0.008516079934326161,0.013439941460720996,0.015700892264098126,0.007717559420025213,0.011747907043952293
distilbert_sst2,250,85,0.015797299749203776,0.013293435372176605,0.012489770418693598,0.015033265752692041,0.01246627194724725,0.013601999700804293
distilbert_sst2,250,86,0.015797299749203776,0.006028972659884337,0.007548932572800523,0.011667991770955203,0.007292843976171759,0.009668483439941021
distilbert_sst2,250,87,0.015797299749203776,0.015847909999197395,0.01005070911578266,0.013781182767328674,0.010214050677628761,0.012808070580323487
distilbert_sst2,250,88,0.015797299749203776,0.01162541366894019,0.012846201961850531,0.013657427443603008,0.012075582980021888,0.014794726475519685
distilbert_sst2,250,89,0.015797299749203776,0.014444234293376141,0.016754580041314738,0.01916439920786222,0.014504885074092434,0.022533876733392293
distilbert_sst2,250,90,0.015797299749203776,0.035489244939612606,0.017580936459754302,0.027137539305319258,0.015926173195847944,0.019662558491110003
distilbert_sst2,250,91,0.015797299749203776,0.01886440397122524,0.018728123151835325,0.022789240473176355,0.015506519018836944,0.01875739146299643
distilbert_sst2,250,92,0.015797299749203776,0.01493292859239935,0.010648706601095221,0.014155468717899775,0.00889334693325261,0.0131435544424333
distilbert_sst2,250,93,0.015797299749203776,0.0184981881338984,0.016963704311969245,0.02557680350274766,0.012348311733646297,0.021572898892891556
distilbert_sst2,250,94,0.015797299749203776,0.014887558521980636,0.020896764413299178,0.027656392189212523,0.011490621000801608,0.020221463707003277
distilbert_sst2,250,95,0.015797299749203776,0.014065631039283677,0.01267884323818064,0.011178491878776165,0.008069915683851347,0.012403429999815573
distilbert_sst2,250,96,0.015797299749203776,0.012081102339496084,0.013236743466572033,0.017440458540169308,0.009303672257919162,0.013280424561030254
distilbert_sst2,250,97,0.015797299749203776,0.033642801438319526,0.017875216169678954,0.016654090778453843,0.015456960217044301,0.015882609067147484
distilbert_sst2,250,98,0.015797299749203776,0.005833969039931381,0.007585901117440482,0.00966184320920582,0.007387083125804356,0.009658898725392552
distilbert_sst2,250,99,0.015797299749203776,0.0303614503410969,0.024966825976138717,0.034711204113970044,0.028672705700515194,0.03178889531900778
distilbert_sst2,250,100,0.015797299749203776,0.017403337427420233,0.011885169540550888,0.017431664498613463,0.009324576189545684,0.011169090494537282
distilbert_sst2,250,101,0.015797299749203776,0.01460412124418205,0.012138304709259265,0.013544517512143516,0.0076479374037763176,0.013087443672674132
distilbert_sst2,250,102,0.015797299749203776,0.037199266202158625,0.017381359108336446,0.02554571186222471,0.015461527468098809,0.02288735173287718
distilbert_sst2,250,103,0.015797299749203776,0.009296917160812655,0.01716529990908091,0.018683788807288274,0.01306927016959521,0.01859145271810088
distilbert_sst2,250,104,0.015797299749203776,0.026164585325665585,0.015538331780840619,0.022096309763817896,0.01698192560160412,0.02069582231250536
distilbert_sst2,250,105,0.015797299749203776,0.009452187972938429,0.004760633232070346,0.006739258406546626,0.005242577748912187,0.006926157334258078
distilbert_sst2,250,106,0.015797299749203776,0.004582275284996363,0.010914386286745207,0.010799324751862127,0.007828952222860164,0.010313919095285807
distilbert_sst2,250,107,0.015797299749203776,0.008533199374718893,0.014645844759092393,0.021694108455207223,0.011701545965360006,0.016577896855027602
distilbert_sst2,250,108,0.015797299749203776,0.021329288680975535,0.015202808595580085,0.02452508965226096,0.01331446118491449,0.02206667198768249
distilbert_sst2,250,109,0.015797299749203776,0.006501206169055699,0.006424259537099419,0.007298864676325913,0.00810263063251366,0.008929137814747008
distilbert_sst2,250,110,0.015797299749203776,0.008814603602186971,0.006996876908438547,0.013485881268522992,0.0038763803830029874,0.007961623395004062
distilbert_sst2,250,111,0.015797299749203776,-0.0027791203403869117,0.009267947923957489,0.015224177480841877,0.00884544123256955,0.010125210858693964
distilbert_sst2,250,112,0.015797299749203776,0.0042749373787254324,0.011076811602886084,0.015324261019893318,0.007400557223591913,0.009742341148711142
distilbert_sst2,250,113,0.015797299749203776,0.023167505653671448,0.028090500467465824,0.025317328846526085,0.01653349005536179,0.02522838833995129
distilbert_sst2,250,114,0.015797299749203776,0.009683153051932618,0.01468138505687997,0.011051926296981304,0.006410433545926968,0.011736542502572521
distilbert_sst2,250,115,0.015797299749203776,0.03105060486770435,0.024156958100236287,0.03137343918501335,0.016722605036756065,0.023884062230444918
distilbert_sst2,250,116,0.015797299749203776,0.025039167906568245,0.015494432973953247,0.022822621475666393,0.012522133290344338,0.022350910165834657
distilbert_sst2,250,117,0.015797299749203776,0.022530989006417302,0.015389970402047884,0.019328313897165918,0.009679774356206598,0.01675113302388974
distilbert_sst2,250,118,0.015797299749203776,0.02068347503097381,0.011722858881611032,0.01317982379288922,0.010317382882481359,0.01383892058502171
distilbert_sst2,250,119,0.015797299749203776,0.03306774238606059,0.017298074879544153,0.02127356810302552,0.01600539685182854,0.01667400789859013
distilbert_sst2,250,120,0.015797299749203776,0.010598709364650485,0.010574221577739433,0.013407417364222652,0.00803030976789217,0.013405260184624106
distilbert_sst2,250,121,0.015797299749203776,0.017369017031089302,0.017901169654423767,0.019233389567977086,0.017855417991555798,0.020058152374927574
distilbert_sst2,250,122,0.015797299749203776,0.0021013316866824883,0.007736363938183748,0.007365152332423702,0.0066205999331297,0.007844367998747305
distilbert_sst2,250,123,0.015797299749203776,-0.003562936407703198,0.006508137544183024,0.008712208950808006,0.004753326158228756,0.009894383829673213
distilbert_sst2,250,124,0.015797299749203776,0.005827583778327876,0.009952581415670144,0.011813362507429797,0.010580603652769145,0.011704950085982631
distilbert_sst2,250,125,0.015797299749203776,0.031984188290114846,0.017488167290021842,0.02404856242391825,0.013273477164667957,0.02213937857860407
distilbert_sst2,250,126,0.015797299749203776,0.012220782096931344,0.012664930070851472,0.022914283660050144,0.010860685438428563,0.013616556995912483
distilbert_sst2,250,127,0.015797299749203776,0.03738967722243193,0.011079847218896901,0.017632487080863374,0.008217063145059472,0.011199631896588557
distilbert_sst2,250,128,0.015797299749203776,0.019418266556471466,0.014966968030615525,0.01872624267475482,0.009830577957093346,0.018387709845558178
distilbert_sst2,250,129,0.015797299749203776,0.03282099086740331,0.02047275107804914,0.023850647262638934,0.015314251446984263,0.02101239266258446
distilbert_sst2,250,130,0.015797299749203776,0.02016415996949872,0.011679208267353584,0.017986703108932668,0.008779840952755216,0.016332249447035322
distilbert_sst2,250,131,0.015797299749203776,0.014391091666268346,0.014412287799711612,0.01681229499249716,0.012236242453780435,0.01562545438508042
distilbert_sst2,250,132,0.015797299749203776,0.00889066252662008,0.013394597161297008,0.019500464577028455,0.013377881637795215,0.017329936411818177
distilbert_sst2,250,133,0.015797299749203776,0.0036154388159710237,0.008350309680751532,0.011890481823607786,0.008270370654049859,0.008751490906910854
distilbert_sst2,250,134,0.015797299749203776,0.0035951550223986798,0.01207704882109169,0.012640421056852157,0.00945680186170666,0.01050221121991438
distilbert_sst2,250,135,0.015797299749203776,-0.005062485097546185,0.013088156544147874,0.012006185371418725,0.0061652266309796065,0.015220748799242206
distilbert_sst2,250,136,0.015797299749203776,0.002205975593006751,0.013830240364262412,0.02050785644249074,0.014209011892474591,0.016678037958842623
distilbert_sst2,250,137,0.015797299749203776,0.00017784798959247306,0.011096625227077581,0.014379983118359713,0.006900786946213084,0.011084309652613195
distilbert_sst2,250,138,0.015797299749203776,0.03199155054853716,0.019541336788587955,0.02832325967595664,0.01715043330998977,0.024478988557488944
distilbert_sst2,250,139,0.015797299749203776,0.020021252548975157,0.014750958337799816,0.0181860616983216,0.009948353962245278,0.015647166192049398
distilbert_sst2,250,140,0.015797299749203776,0.012206962686188589,0.012675043189076505,0.0170706861926472,0.009916404705442167,0.01542017756388007
distilbert_sst2,250,141,0.015797299749203776,0.013651973947951099,0.012119771709795777,0.016021716241465814,0.012323248783574456,0.014568032745142808
distilbert_sst2,250,142,0.015797299749203776,0.015702117824981956,0.011615098070502832,0.012538258891906537,0.009065338766908041,0.011326682952461439
distilbert_sst2,250,143,0.015797299749203776,0.02386260361291349,0.018033592247866912,0.01991069617439517,0.01176657755806997,0.01614466720948898
distilbert_sst2,250,144,0.015797299749203776,0.012434911788624745,0.01343019068532779,0.017898242781118564,0.011195266732102069,0.013627326210745538
distilbert_sst2,250,145,0.015797299749203776,0.007474853806961773,0.01561249992161427,0.01602683539895796,0.013633905613673298,0.015088509713660027
distilbert_sst2,250,146,0.015797299749203776,0.011195539413518914,0.014277980754457695,0.018082478026874276,0.013347615520358779,0.01814176807486237
distilbert_sst2,250,147,0.015797299749203776,0.014210161675803313,0.011826072138099011,0.015788900448938735,0.010542906742786459,0.012476046113448703
distilbert_sst2,250,148,0.015797299749203776,0.0064276796820126325,0.007843686132175925,0.010559937277422528,0.006514644993910052,0.007556121403947767
distilbert_sst2,250,149,0.015797299749203776,0.02563188657161876,0.015118809089686207,0.019771155348541358,0.01470495231378579,0.017747904455688635
distilbert_sst2,250,150,0.015797299749203776,0.009107168840127355,0.012283945876692196,0.014395673427956158,0.011819935631772619,0.012173181934017386
distilbert_sst2,250,151,0.015797299749203776,0.025014132624375962,0.019575667920532377,0.02506737241755619,0.014454877996116486,0.021559942425873863
distilbert_sst2,250,152,0.015797299749203776,0.014200787068091749,0.01892603144672342,0.016388131270144164,0.012511178445114757,0.0190060599993158
distilbert_sst2,250,153,0.015797299749203776,0.023692027415158818,0.01738021208948544,0.02154848517299496,0.018320322837887808,0.02037861873958136
distilbert_sst2,250,154,0.015797299749203776,0.003305017622496764,0.004016332601560072,0.0053478701602731014,0.004648243836552692,0.005093050050834502
distilbert_sst2,250,155,0.015797299749203776,0.01850015363230281,0.017305274762012636,0.021512178168222006,0.013544103867091177,0.020723746233111823
distilbert_sst2,250,156,0.015797299749203776,0.0038845776265824007,0.006636737265408535,0.011907248672069793,0.007347705466718552,0.010969020339033658
distilbert_sst2,250,157,0.015797299749203776,0.008004476823336498,0.011573681511406805,0.013278774685755302,0.008361427573962282,0.010854811075887325
distilbert_sst2,250,158,0.015797299749203776,0.002860080089922149,0.012564596837726953,0.012696213287684074,0.012156081994556117,0.012564596837726953
distilbert_sst2,250,159,0.015797299749203776,0.017192801564239232,0.007102688071098868,0.013308609052625502,0.012712293379876947,0.013190898145406459
distilbert_sst2,250,160,0.015797299749203776,0.013931003903552053,0.008395278137309595,0.009801554691109386,0.007034394702553131,0.012496996495326524
distilbert_sst2,250,161,0.015797299749203776,0.021452567078108754,0.021824900592217974,0.024510795736018196,0.010372258082424448,0.02711387271415152
distilbert_sst2,250,162,0.015797299749203776,0.010435958410448226,0.010204263196831662,0.010321973788243441,0.006692512740939786,0.009929744081382674
distilbert_sst2,250,163,0.015797299749203776,0.01502247137201078,0.011299170696039881,0.02252169390214613,0.007528814085949444,0.01812466898445191
distilbert_sst2,250,164,0.015797299749203776,-0.0015312449854478758,0.006881070897591692,0.008124482153169011,0.008168520716831851,0.00903818553155724
distilbert_sst2,250,165,0.015797299749203776,0.0220438020014252,0.01608499255895165,0.019024978388673005,0.012395815385326575,0.01782520101104421
distilbert_sst2,250,166,0.015797299749203776,0.02295400866224388,0.020644305364400196,0.0199635943293718,0.011431624323084387,0.01889958556926886
distilbert_sst2,250,167,0.015797299749203776,0.002163411795919889,0.008790456834323855,0.008697779611681023,0.005167214955672189,0.007170989128496974
distilbert_sst2,250,168,0.015797299749203776,0.004029744355632127,0.012886206620533514,0.019777073349485516,0.008071692810789071,0.012654560086840547
distilbert_sst2,250,169,0.015797299749203776,0.01064264833914509,0.013993262644328442,0.01527092125544171,0.006364496101822657,0.013818821500106895
distilbert_sst2,250,170,0.015797299749203776,0.02042772417534625,0.010329555470730287,0.012191652546162389,0.009439300857644049,0.010763554288614141
distilbert_sst2,250,171,0.015797299749203776,0.018623305310089083,0.013430137818126768,0.01367153184851886,0.007304549075475427,0.013267178242830191
distilbert_sst2,250,172,0.015797299749203776,0.011145058259621723,0.008635987050245441,0.015530448050814119,0.006026075322985436,0.009235319955061268
distilbert_sst2,250,173,0.015797299749203776,0.008256949904032035,0.012620903120080134,0.018850941522223216,0.009062104380748724,0.013612052544965596
distilbert_sst2,250,174,0.015797299749203776,0.03616988327419914,0.020751573629342414,0.022489014113423772,0.01849625208289943,0.020754240119561618
distilbert_sst2,250,175,0.015797299749203776,0.03257481229717983,0.01962250692986975,0.029035774436514287,0.017455116050513985,0.020831512143440478
distilbert_sst2,250,176,0.015797299749203776,0.009403884761349691,0.011010487022144478,0.011275754100692705,0.010601728996766395,0.011496186612326717
distilbert_sst2,250,177,0.015797299749203776,0.0081266333048633,0.01805037412346424,0.02031027688710846,0.012747924992634493,0.02005262859202385
distilbert_sst2,250,178,0.015797299749203776,0.0077764937299245,0.007590756163876595,0.012463482795789382,0.00658232862120434,0.008843047907706948
distilbert_sst2,250,179,0.015797299749203776,0.016477332909178095,0.018294293593812468,0.018008964557037287,0.017762269582959535,0.020911968661407706
distilbert_sst2,250,180,0.015797299749203776,0.02895319356103036,0.01675788071078082,0.02010416245739637,0.011688801155790103,0.02126409991091998
distilbert_sst2,250,181,0.015797299749203776,0.03131892610361625,0.013492300009058942,0.02944782170592779,0.012443922844161437,0.018402571175487575
distilbert_sst2,250,182,0.015797299749203776,0.027155752358622644,0.02126048905766302,0.018612931622893028,0.01627075577412269,0.021046475199773807
distilbert_sst2,250,183,0.015797299749203776,0.014298251574965894,0.01614362879309842,0.018542287642908908,0.013098830777817356,0.01812762268601952
distilbert_sst2,250,184,0.015797299749203776,0.0204112890869179,0.009794036755179298,0.011359314133044142,0.0071842788964280625,0.009765091347038573
distilbert_sst2,250,185,0.015797299749203776,0.014531705935821966,0.021360780257211734,0.02361134332854684,0.016705425450252692,0.01968921618419736
distilbert_sst2,250,186,0.015797299749203776,0.012302076340557437,0.013852578184453151,0.02013128857304127,0.010446887189731914,0.013416247409577947
distilbert_sst2,250,187,0.015797299749203776,0.009359566693406946,0.009536421004459122,0.01375750180900889,0.008038581027651965,0.017779213252680472
distilbert_sst2,250,188,0.015797299749203776,0.008104060432343222,0.0050720809955032255,0.008496369609859692,0.003967982561354421,0.010191415498867356
distilbert_sst2,250,189,0.015797299749203776,0.027215459649360802,0.01295756878973286,0.015567966603843082,0.009840981785810431,0.014392489123475093
distilbert_sst2,250,190,0.015797299749203776,0.03058369871409556,0.026290361412150354,0.030541843537690946,0.026512810329212523,0.029441412972361688
distilbert_sst2,250,191,0.015797299749203776,0.0029570557247104094,0.013338864073450238,0.013050962322320524,0.01028710056782483,0.012731025410148662
distilbert_sst2,250,192,0.015797299749203776,0.01021737016438614,0.013117553325365008,0.019116208814603214,0.011820056124852787,0.016234642458793417
distilbert_sst2,250,193,0.015797299749203776,0.011703629844427904,0.014249589927737746,0.02178473161130603,0.013228421652224242,0.015041319246908975
distilbert_sst2,250,194,0.015797299749203776,0.017808456273230376,0.013317777705098167,0.020824765569680808,0.00986342566804933,0.016860289990547013
distilbert_sst2,250,195,0.015797299749203776,0.008440345017223511,0.010499353959521007,0.013077853605306963,0.008390171391543699,0.012815638181576256
distilbert_sst2,250,196,0.015797299749203776,0.016839289514865515,0.013892661530187363,0.01473519456032987,0.012843105276112255,0.014733431947895448
distilbert_sst2,250,197,0.015797299749203776,0.01460438368659124,0.01627927370079294,0.022371512656381858,0.011253042956964157,0.01775182050542601
distilbert_sst2,250,198,0.015797299749203776,0.015425117232249586,0.019143170573193875,0.027337057625236652,0.013189980939486536,0.02282546930086391
distilbert_sst2,250,199,0.015797299749203776,0.02485951407769323,0.019783532486142206,0.022758394507835306,0.014807259376489836,0.021298775350578843
distilbert_sst2,500,0,0.015797299749203776,0.011182103488885816,0.011653390260939566,0.01171340118398289,0.008620170467948149,0.01316270705568531
distilbert_sst2,500,1,0.015797299749203776,0.014303873345590874,0.011247863412856145,0.013170604066008635,0.010526552010479003,0.018226178892546657
distilbert_sst2,500,2,0.015797299749203776,0.02137274803524776,0.018043440107234826,0.023536848258383578,0.014810694613197594,0.027059293247199773
distilbert_sst2,500,3,0.015797299749203776,0.012871078605714,0.012013809627787071,0.01685192325222482,0.011328292554018972,0.01537957407662471
distilbert_sst2,500,4,0.015797299749203776,0.017270410670246674,0.010642637440334252,0.01798960172510849,0.009172010714182121,0.01861424625535514
distilbert_sst2,500,5,0.015797299749203776,0.01919240178347125,0.013007767033219406,0.017805479765193415,0.012156691667985456,0.018472463203376532
distilbert_sst2,500,6,0.015797299749203776,0.020810317665461393,0.011429303494537297,0.013733947211924592,0.011134895629060301,0.01658114648891208
distilbert_sst2,500,7,0.015797299749203776,0.01472647719974264,0.011471291389171802,0.01586487095376168,0.009607692138094908,0.017979687217370154
distilbert_sst2,500,8,0.015797299749203776,0.017094902262285924,0.008499184636105819,0.014226605610679063,0.0074659676772661915,0.0192802308284418
distilbert_sst2,500,9,0.015797299749203776,0.02373272464765758,0.018104000497614372,0.024076835253127774,0.011822078981489324,0.027506119715714393
distilbert_sst2,500,10,0.015797299749203776,0.020024687296637755,0.013976047977595938,0.02185592396788605,0.010196226250365426,0.021394274614999334
distilbert_sst2,500,11,0.015797299749203776,0.016351633793877215,0.010620994720493182,0.01803417395165111,0.008476858789692503,0.01656619079759131
distilbert_sst2,500,12,0.015797299749203776,0.011547187942178431,0.010716098336638148,0.015312991080688867,0.008457169427648585,0.016850200532016954
distilbert_sst2,500,13,0.015797299749203776,0.012205640465698877,0.011538548354079017,0.014982591726727465,0.011458543925885096,0.01798105473236501
distilbert_sst2,500,14,0.015797299749203776,0.032349275743327646,0.013264504380361662,0.020147057419553197,0.009836608442953601,0.021084528688569363
distilbert_sst2,500,15,0.015797299749203776,0.02353513337456421,0.016034446754724173,0.018591128094041606,0.0113628355155145,0.020264029933204013
distilbert_sst2,500,16,0.015797299749203776,0.016022039246154952,0.01486322694588435,0.02441642224636235,0.01638153659541065,0.023907884678738587
distilbert_sst2,500,17,0.015797299749203776,0.01996555448836789,0.018098886116644546,0.027176915347738848,0.012297215840217004,0.0283218438414874
distilbert_sst2,500,18,0.015797299749203776,0.009840080703014504,0.010999212573344063,0.01734203587289526,0.014402221027429229,0.017953705930759234
distilbert_sst2,500,19,0.015797299749203776,0.01799983920522797,0.012083250048059288,0.013642913660926634,0.007636497599454571,0.015206869622891774
distilbert_sst2,500,20,0.015797299749203776,0.008295767716936334,0.010800329318580397,0.017231204860335452,0.01096838725568899,0.019695354111514872
distilbert_sst2,500,21,0.015797299749203776,0.009901492653785468,0.0071159226087978405,0.015041851624199663,0.004973949215550223,0.015630667677329253
distilbert_sst2,500,22,0.015797299749203776,0.009467341902714248,0.010767373575383484,0.014139784419075074,0.008132331244183092,0.01622645212693803
distilbert_sst2,500,23,0.015797299749203776,0.01310146410783112,0.008710503780782902,0.013078328893102864,0.008477924904151203,0.01625973566770649
distilbert_sst2,500,24,0.015797299749203776,0.014345816067785951,0.007399223372121488,0.011948191401594734,0.0060686512667562755,0.012678854163933502
distilbert_sst2,500,25,0.015797299749203776,0.010168371663153451,0.00990626919016619,0.01543011016278585,0.007826469738996472,0.016090186663521668
distilbert_sst2,500,26,0.015797299749203776,0.026676475991806,0.016584581280017056,0.02235242644418439,0.009579119590835196,0.023851632791856682
distilbert_sst2,500,27,0.015797299749203776,0.013379269018875315,0.008153663256149813,0.012816312817738623,0.0073209934176371345,0.013314776873653905
distilbert_sst2,500,28,0.015797299749203776,0.022181312259541286,0.01519774418284169,0.020601727733937515,0.015822247356601753,0.02017384280751375
distilbert_sst2,500,29,0.015797299749203776,0.030377167504294596,0.00989408145104626,0.021842291509844448,0.010167082338113358,0.025391739879500507
distilbert_sst2,500,30,0.015797299749203776,0.014301486168601184,0.0147215866482736,0.02035035551135396,0.011513516068957853,0.01680229257916292
distilbert_sst2,500,31,0.015797299749203776,0.008872177056637206,0.011605320042686853,0.014731645189151273,0.008396511285407466,0.017101207619519197
distilbert_sst2,500,32,0.015797299749203776,0.017686080227985335,0.012353904125520298,0.018887525107410194,0.015135857738606092,0.01891248317647726
distilbert_sst2,500,33,0.015797299749203776,0.022425291368134707,0.012535017551716059,0.018237136903638138,0.008966083920999339,0.019172636040102126
distilbert_sst2,500,34,0.015797299749203776,0.007632805720564717,0.00834574969040952,0.014363563757271394,0.008055268851815007,0.014732478627799134
distilbert_sst2,500,35,0.015797299749203776,0.008656835674430478,0.005521316171324723,0.007317500382554196,0.004855392468445846,0.009630373169404847
distilbert_sst2,500,36,0.015797299749203776,0.027353680681846623,0.02187329759646733,0.025139393719746436,0.02174758463743677,0.026039206040268773
distilbert_sst2,500,37,0.015797299749203776,0.006239397870362587,0.01119155121764222,0.015170095737281598,0.007240999445030493,0.01448901253356358
distilbert_sst2,500,38,0.015797299749203776,0.03210578120687271,0.018103926253278453,0.01963193268561412,0.014530154280831858,0.025497841896207827
distilbert_sst2,500,39,0.015797299749203776,0.01712913068690936,0.014404161518175262,0.020459031378212506,0.013951277938185225,0.019363374799949824
distilbert_sst2,500,40,0.015797299749203776,0.015815789722092743,0.007826275072602461,0.01602110218398274,0.0054116394832657835,0.01717536514480062
distilbert_sst2,500,41,0.015797299749203776,0.02388614838615443,0.013586284089916668,0.01986459694914034,0.011311114582091069,0.019252835508987987
distilbert_sst2,500,42,0.015797299749203776,0.02805892954791543,0.01304784053245978,0.02088609677620465,0.009498329415775377,0.01840950438747637
distilbert_sst2,500,43,0.015797299749203776,0.017418944251275412,0.010587180383776765,0.014803244616705211,0.00981877526265345,0.01550552221015968
distilbert_sst2,500,44,0.015797299749203776,0.011891655932929523,0.0070011866251100535,0.01170049148080542,0.006363161870288568,0.011430124642797728
distilbert_sst2,500,45,0.015797299749203776,0.029477348914122355,0.012487013323448686,0.025350356361269158,0.007406088047574218,0.02785178296671683
distilbert_sst2,500,46,0.015797299749203776,0.025574913245505253,0.013485936821624214,0.021155638256904467,0.016469776094158364,0.021104469422424256
distilbert_sst2,500,47,0.015797299749203776,0.016173997515157943,0.014815796096400213,0.018041506340039804,0.011475527329003192,0.02048612696229201
distilbert_sst2,500,48,0.015797299749203776,0.00335628460412439,0.008287883799726278,0.013889915293848767,0.00637584573828847,0.015328701356948238
distilbert_sst2,500,49,0.015797299749203776,0.014811315142064862,0.008980233604798082,0.01426059789142462,0.007352347044982047,0.014366009061564444
distilbert_sst2,500,50,0.015797299749203776,0.031898407324783856,0.02310533030247383,0.025280108994393823,0.016193871332660537,0.0270453139228496
distilbert_sst2,500,51,0.015797299749203776,0.011021623001607781,0.011088908536954427,0.017901048993236513,0.010245391742882713,0.020270784174715447
distilbert_sst2,500,52,0.015797299749203776,0.02819451550419412,0.01307699372418617,0.023461202348105406,0.012311865781568381,0.0252194959556978
distilbert_sst2,500,53,0.015797299749203776,0.028230000965560293,0.013450298943670624,0.021871949853843206,0.012886800127861926,0.02751859402391431
distilbert_sst2,500,54,0.015797299749203776,0.0048141644214244675,0.011269219192950753,0.017511019386747973,0.008229271351225163,0.01389447673305318
distilbert_sst2,500,55,0.015797299749203776,0.016996446434461517,0.013433360038706967,0.020331134853845443,0.010091625260228344,0.021467031805343807
distilbert_sst2,500,56,0.015797299749203776,0.014006343945625232,0.010382899739030903,0.01380451759256526,0.010618348144045116,0.015320918364688145
distilbert_sst2,500,57,0.015797299749203776,0.018342602815377203,0.010925425288813077,0.016899788461586625,0.010697101469271362,0.017921891487108044
distilbert_sst2,500,58,0.015797299749203776,0.01897282124428007,0.010457476617796703,0.019277091176700793,0.00847097380369977,0.018870183039063165
distilbert_sst2,500,59,0.015797299749203776,0.011643220959823104,0.009886304471345949,0.0144529790535997,0.009087281733729094,0.013976994474582144
distilbert_sst2,500,60,0.015797299749203776,0.007792641457590277,0.006699398936169185,0.013202519273774315,0.004666714700998257,0.013493777444289382
distilbert_sst2,500,61,0.015797299749203776,0.012374279462738709,0.008715243161301574,0.014246383831138482,0.008935075144106226,0.014916479339479953
distilbert_sst2,500,62,0.015797299749203776,0.029977060975280075,0.013085548275976348,0.025007794321511973,0.012537861277038676,0.02434534578224989
distilbert_sst2,500,63,0.015797299749203776,0.027703725397102984,0.015473835864162644,0.020390416314983482,0.01024265631490226,0.021718664089423998
distilbert_sst2,500,64,0.015797299749203776,0.014623152954461188,0.011527253953584195,0.016600671714835653,0.012494488171790465,0.019015103551496187
distilbert_sst2,500,65,0.015797299749203776,0.022114235521903315,0.010697376035020818,0.014216772959390112,0.00904488885318513,0.017294939493644135
distilbert_sst2,500,66,0.015797299749203776,0.009689776329125268,0.007734123570246947,0.011192995388221633,0.007026235957039728,0.013885156382521718
distilbert_sst2,500,67,0.015797299749203776,0.01544953333325477,0.009666691618146796,0.019073887197968008,0.008905799566894013,0.021192744085426908
distilbert_sst2,500,68,0.015797299749203776,0.008298840128212595,0.008352422891628939,0.011243134425005144,0.005168947025286374,0.010996817247128985
distilbert_sst2,500,69,0.015797299749203776,0.017913467882120226,0.01853429291907412,0.02200563517865202,0.014060503390164805,0.021452133706256316
distilbert_sst2,500,70,0.015797299749203776,0.012259327103803503,0.009145212062587301,0.016165842897812237,0.0068434523850003995,0.017035026664843723
distilbert_sst2,500,71,0.015797299749203776,0.019625843793285823,0.017274993683250018,0.022159613613026798,0.013090855803475854,0.02233666170165716
distilbert_sst2,500,72,0.015797299749203776,0.012778105939155106,0.015534105099095178,0.017113448936538,0.01002916942121631,0.01793032643211855
distilbert_sst2,500,73,0.015797299749203776,0.015829371314929324,0.00910749470583614,0.010034344317375224,0.007777488600811705,0.01072657532559467
distilbert_sst2,500,74,0.015797299749203776,0.018948774296229202,0.013565628094158828,0.018152503621475913,0.013011522777569647,0.02051499993269801
distilbert_sst2,500,75,0.015797299749203776,0.017171974969060696,0.010980387011553034,0.020655586762785418,0.00800009576587136,0.02326106408463681
distilbert_sst2,500,76,0.015797299749203776,0.016348310376510904,0.01165161115036367,0.014894179935809479,0.008235811301214336,0.015843130302513792
distilbert_sst2,500,77,0.015797299749203776,0.030336582447361038,0.012641399247786955,0.016095710862857437,0.009626463111163181,0.020859131861383367
distilbert_sst2,500,78,0.015797299749203776,0.017027263125437023,0.012314293862769643,0.019636349755895652,0.010950620024362184,0.02025854864048035
distilbert_sst2,500,79,0.015797299749203776,0.012608958385178386,0.012561104422849778,0.012112939737855809,0.00782232573259979,0.014241281694534477
distilbert_sst2,500,80,0.015797299749203776,0.015087341915998502,0.00915021537636752,0.01791956332400885,0.009362603291816023,0.018039278698759913
distilbert_sst2,500,81,0.015797299749203776,0.019610193255909007,0.014288964144304837,0.01953177297815681,0.010505367421317746,0.017580200858824665
distilbert_sst2,500,82,0.015797299749203776,0.024570599621205256,0.011943323341441827,0.01903934849304183,0.01040753449832881,0.02275125302448515
distilbert_sst2,500,83,0.015797299749203776,0.021291651891169387,0.016211354060562587,0.022512493804373843,0.013231856838198358,0.02253878302403664
distilbert_sst2,500,84,0.015797299749203776,0.01258703779184354,0.007522026667288837,0.01380281512688857,0.008301825541475882,0.015467595491098463
distilbert_sst2,500,85,0.015797299749203776,0.012657982576345239,0.004817352542975448,0.009873437998531142,0.006070926272193163,0.007920202403654058
distilbert_sst2,500,86,0.015797299749203776,0.00829525673899229,0.014763158799567496,0.018332170177500866,0.013399339531077128,0.020766343816401286
distilbert_sst2,500,87,0.015797299749203776,0.014065272672201406,0.008966535234570852,0.015473536099954046,0.007844366642027175,0.01572125828365305
distilbert_sst2,500,88,0.015797299749203776,0.026520106352924358,0.015100349722320702,0.02123592690778518,0.016021013771402623,0.02438200700938368
distilbert_sst2,500,89,0.015797299749203776,0.023215727867082953,0.01579448812205361,0.021656113915679235,0.012507397732462263,0.02164148714483766
distilbert_sst2,500,90,0.015797299749203776,0.012899432568677179,0.011325977253366547,0.018950589063717712,0.007403253996125573,0.02242197219067372
distilbert_sst2,500,91,0.015797299749203776,0.018641878597829006,0.014798686845216865,0.02369428047651612,0.009882915507791674,0.02298591044254802
distilbert_sst2,500,92,0.015797299749203776,0.013974076790531817,0.013355545984033733,0.020893298296331568,0.012035016109887532,0.022979274707926493
distilbert_sst2,500,93,0.015797299749203776,0.023001075504318482,0.012887356483571429,0.03208555266405846,0.012084322516731914,0.029431624283103853
distilbert_sst2,500,94,0.015797299749203776,0.01120242480296571,0.014397534688932345,0.019850520148903678,0.008288978587554556,0.021136598920966344
distilbert_sst2,500,95,0.015797299749203776,0.009845863159158143,0.01087607780487009,0.01721898409170272,0.010427622468077373,0.01486497241444492
distilbert_sst2,500,96,0.015797299749203776,0.019199982221962363,0.018747507372228762,0.027317293855408945,0.016751081654359713,0.026337498521869604
distilbert_sst2,500,97,0.015797299749203776,0.011507129682176995,0.008443781407834965,0.01606739500666276,0.007591195069173008,0.02061597220577391
distilbert_sst2,500,98,0.015797299749203776,0.007828731868084754,0.012495409886754556,0.016713406405222495,0.008230012984655465,0.01744703879176629
distilbert_sst2,500,99,0.015797299749203776,0.017275801411383972,0.011248833874602774,0.01434113713696607,0.007371838728204797,0.01535143566613939
distilbert_sst2,500,100,0.015797299749203776,0.008452019040215386,0.011678219393277303,0.017763334202364204,0.010019063115863537,0.019794370759636283
distilbert_sst2,500,101,0.015797299749203776,0.010970337031406622,0.008831851955518485,0.017781975388514042,0.006275040883545061,0.019514800850846527
distilbert_sst2,500,102,0.015797299749203776,0.023684342320913213,0.01445403569967991,0.020291311124802255,0.011146793310084002,0.022568938624921514
distilbert_sst2,500,103,0.015797299749203776,0.0023714223190265536,0.0106217614865604,0.011525457075479074,0.008726035283944545,0.015162142780126444
distilbert_sst2,500,104,0.015797299749203776,0.022132596036572152,0.01600228337727277,0.02207855875834748,0.015505309623876118,0.022423641703560062
distilbert_sst2,500,105,0.015797299749203776,0.020574862487415226,0.015936806734769087,0.021737650544529467,0.010325635367081445,0.01848610114433314
distilbert_sst2,500,106,0.015797299749203776,0.02197335846142505,0.01351878535613513,0.01647921026633001,0.01090940478278274,0.017399628526883842
distilbert_sst2,500,107,0.015797299749203776,0.014747844768396487,0.017767007108679976,0.023991190403601023,0.01620916292018941,0.025720485953152114
distilbert_sst2,500,108,0.015797299749203776,0.02060363652491244,0.01660585165016232,0.02141538419749467,0.015536943943320966,0.022776689082142986
distilbert_sst2,500,109,0.015797299749203776,0.022685037289771417,0.013711664914236137,0.020840260040101883,0.015082092205347479,0.019200679079628215
distilbert_sst2,500,110,0.015797299749203776,0.00955030467272609,0.011165168723631609,0.014496014872533394,0.010341401463473003,0.01716535211608344
distilbert_sst2,500,111,0.015797299749203776,0.008400701740518381,0.007344271272009716,0.008897545936180515,0.0055873593133766225,0.011139117303909029
distilbert_sst2,500,112,0.015797299749203776,0.011311696342856566,0.015283875765520722,0.019465772505818178,0.012724371350126325,0.020112204528886336
distilbert_sst2,500,113,0.015797299749203776,0.017078250628400703,0.012282363993629758,0.016151672852804347,0.01017700927092165,0.01767899022952642
distilbert_sst2,500,114,0.015797299749203776,0.014394422997997565,0.012865445759383271,0.022601494611798355,0.013330832969311309,0.024302254695394033
distilbert_sst2,500,115,0.015797299749203776,0.014398672135201846,0.010886874248479162,0.023672229639851033,0.010162158080329973,0.02227117498997359
distilbert_sst2,500,116,0.015797299749203776,0.020822188614834793,0.010899691813546932,0.014683710681976013,0.011036094609538015,0.018503386748910222
distilbert_sst2,500,117,0.015797299749203776,0.020041917060317577,0.00903025356932177,0.014810720948279635,0.00914535285293756,0.016604801451580505
distilbert_sst2,500,118,0.015797299749203776,0.02016619299686854,0.011682636920484935,0.015767605864767102,0.012855393899973214,0.015994420656213815
distilbert_sst2,500,119,0.015797299749203776,0.006796839056027614,0.010361565949596852,0.014657618166099892,0.009036652159148159,0.015854997839537442
distilbert_sst2,500,120,0.015797299749203776,0.021365131950559495,0.011904700000991811,0.01567176020293514,0.011262778515541827,0.01572315739812246
distilbert_sst2,500,121,0.015797299749203776,0.021120568874817492,0.01387568380580222,0.019445324162409326,0.01104178484124964,0.019044596115963007
distilbert_sst2,500,122,0.015797299749203776,0.03749292907821429,0.012207351673127167,0.01900697661856125,0.01163277151784651,0.017452130745350788
distilbert_sst2,500,123,0.015797299749203776,0.0157751747793035,0.010728596754177687,0.01755926964878246,0.008024302458543669,0.016270554572395308
distilbert_sst2,500,124,0.015797299749203776,0.01598317032528749,0.009573926839208638,0.013306123600386561,0.008489139707394514,0.014490196474419095
distilbert_sst2,500,125,0.015797299749203776,0.01793436914700664,0.014208305827202958,0.020609855796655613,0.012186566779153345,0.018917638440915006
distilbert_sst2,500,126,0.015797299749203776,0.006620081239443108,0.008216968434949967,0.012006427359722238,0.006752457347842488,0.015250321511698847
distilbert_sst2,500,127,0.015797299749203776,0.02189348285722668,0.009899393703449094,0.01947280888476442,0.00989107862706544,0.019150745406385453
distilbert_sst2,500,128,0.015797299749203776,0.002996797577861405,0.006222776532342124,0.012363088049229847,0.005322664746492543,0.01198590580674492
distilbert_sst2,500,129,0.015797299749203776,0.015291219222374539,0.01053894216315693,0.017877232006458126,0.008420911775841762,0.021410446815092556
distilbert_sst2,500,130,0.015797299749203776,0.018797469451795536,0.013352042603264822,0.016976252725816793,0.011235907204465916,0.019748627617397832
distilbert_sst2,500,131,0.015797299749203776,0.0081204321479436,0.007939174622678924,0.007935928608625116,0.005027054127305693,0.0092413241725137
distilbert_sst2,500,132,0.015797299749203776,0.019522122179598353,0.013805769659574411,0.020159878519282807,0.01118717114540448,0.023822025246167288
distilbert_sst2,500,133,0.015797299749203776,0.017530824994552347,0.011189222503536671,0.015631987565934164,0.009424025614456166,0.015260918838516253
distilbert_sst2,500,134,0.015797299749203776,0.0036504913092995405,0.007592721042696801,0.014037340345187908,0.007270484202993344,0.017509740958057005
distilbert_sst2,500,135,0.015797299749203776,0.012632618861963317,0.009054836902773186,0.01292748801476662,0.007239633552360831,0.013909916888610048
distilbert_sst2,500,136,0.015797299749203776,0.021701402184745613,0.011975797184562228,0.015743962662094532,0.009141216412443373,0.020809494866782394
distilbert_sst2,500,137,0.015797299749203776,0.011613377629562674,0.010488993580262389,0.014743032946922339,0.011208272602725507,0.015815281136386097
distilbert_sst2,500,138,0.015797299749203776,0.03341909456151454,0.01715719490632712,0.02546895380225186,0.013355688278742795,0.029791344334354333
distilbert_sst2,500,139,0.015797299749203776,0.018479361457282042,0.012913970025018002,0.018886829019225605,0.011934305043087477,0.020843063838808074
distilbert_sst2,500,140,0.015797299749203776,0.005741499980398302,0.008064976625776689,0.009619490434600813,0.0063910570779181115,0.010428473631721396
distilbert_sst2,500,141,0.015797299749203776,0.013888518506459504,0.009863123293146692,0.012539358648216625,0.0085488358746964,0.013769558081942804
distilbert_sst2,500,142,0.015797299749203776,0.019516677255175405,0.008963935878086872,0.012786203602287598,0.008304462336083361,0.016502936256628502
distilbert_sst2,500,143,0.015797299749203776,0.008983336092120596,0.010899502350907725,0.020715166850730684,0.010957907304460973,0.018883285575039186
distilbert_sst2,500,144,0.015797299749203776,0.02967835332592039,0.019151594608087796,0.024186568207229645,0.019044477282635665,0.02680543016472403
distilbert_sst2,500,145,0.015797299749203776,0.0072833396225079165,0.010685069468584081,0.018370296968569684,0.009114912895579193,0.016990652086407255
distilbert_sst2,500,146,0.015797299749203776,0.01173379242497984,0.01004629298058546,0.017694484493182682,0.008102688097767595,0.020750379228769746
distilbert_sst2,500,147,0.015797299749203776,0.017132875023288086,0.01065529097629942,0.023807280210094033,0.012482141169313291,0.02376393076435281
distilbert_sst2,500,148,0.015797299749203776,0.02472933698058,0.017356954656674594,0.030037445298878272,0.01458508266118884,0.030986301792766124
distilbert_sst2,500,149,0.015797299749203776,0.020677393681454267,0.01415966339151574,0.021055626748601525,0.013636994686556228,0.02126733263875864
distilbert_sst2,500,150,0.015797299749203776,0.010688662218634268,0.011339659547329633,0.015744141075545108,0.009438588894429029,0.01741875773553704
distilbert_sst2,500,151,0.015797299749203776,0.018484913667185084,0.010952288734533742,0.02012427847583548,0.010573629646376287,0.024124803058804427
distilbert_sst2,500,152,0.015797299749203776,0.012998111778961473,0.007826945536814135,0.014041066078121063,0.006389378541178612,0.014669525767834379
distilbert_sst2,500,153,0.015797299749203776,0.02117296810770738,0.016589079316008427,0.020597486353853327,0.012486032908363554,0.022299560211667124
distilbert_sst2,500,154,0.015797299749203776,0.022243045829636196,0.01604307330088545,0.017891120904532126,0.014885245508030984,0.019171130931263103
distilbert_sst2,500,155,0.015797299749203776,0.007490454783197211,0.009432274210406556,0.01235395782149914,0.00854144454464835,0.0136954815556747
distilbert_sst2,500,156,0.015797299749203776,0.014435856033396997,0.015203927571037305,0.024031647224893617,0.016167938710120615,0.023809764528550638
distilbert_sst2,500,157,0.015797299749203776,0.021641257675679742,0.013507485202422374,0.020269655047159416,0.011816000681484959,0.01925055006678106
distilbert_sst2,500,158,0.015797299749203776,0.032894482474421824,0.01718633089946711,0.027670910769009127,0.014455688177559725,0.03175950027466504
distilbert_sst2,500,159,0.015797299749203776,0.020383939164510537,0.01474576860781351,0.021389620885267684,0.012009763598306735,0.021420878776275458
distilbert_sst2,500,160,0.015797299749203776,0.014580207532817113,0.012782441640624925,0.01777668671670001,0.010614117334338672,0.018030250325255914
distilbert_sst2,500,161,0.015797299749203776,0.008373104758512311,0.006860239062289277,0.010320284738689914,0.006333222616288398,0.010569527128829687
distilbert_sst2,500,162,0.015797299749203776,0.01587939354319414,0.011933919493771478,0.01497611094025052,0.01028287606684648,0.015632898750395145
distilbert_sst2,500,163,0.015797299749203776,0.014449820217067543,0.014680653095073538,0.019552521392934202,0.014708687479715144,0.020795854481064167
distilbert_sst2,500,164,0.015797299749203776,0.015126581925160885,0.01522443209944066,0.020962157228353224,0.013364480444202445,0.02255097012922318
distilbert_sst2,500,165,0.015797299749203776,0.017096101335040186,0.012090964915094248,0.017954396815734505,0.007867392805784926,0.020765612270411904
distilbert_sst2,500,166,0.015797299749203776,0.02003980996027003,0.012005533181018033,0.015446504361535829,0.012337894835564377,0.015653472482068345
distilbert_sst2,500,167,0.015797299749203776,0.012945479288380034,0.006972185328518687,0.012113622691678394,0.007422852528942061,0.012148899717883148
distilbert_sst2,500,168,0.015797299749203776,0.012024121388339295,0.008422799856518844,0.01516797560364294,0.006239760260723902,0.013672027728485666
distilbert_sst2,500,169,0.015797299749203776,0.012323655207774488,0.006776484098041506,0.011176862055092003,0.004780517696825923,0.012050225591936095
distilbert_sst2,500,170,0.015797299749203776,0.018392414121581897,0.014715230224423524,0.02441622908217183,0.012619753292074345,0.02468705469088567
distilbert_sst2,500,171,0.015797299749203776,0.027227288327630675,0.010857563430656202,0.019865620128957328,0.01070802336180703,0.02336855033912841
distilbert_sst2,500,172,0.015797299749203776,0.013900391217886547,0.015547087998032946,0.0192908831495571,0.01199616535420096,0.01802399124320948
distilbert_sst2,500,173,0.015797299749203776,0.017600659011211814,0.017758911402546658,0.02249122691545264,0.013886266827539209,0.02406700513324089
distilbert_sst2,500,174,0.015797299749203776,0.013692199167205998,0.00886421863988491,0.00992972926402422,0.007864787584566301,0.011913538210775516
distilbert_sst2,500,175,0.015797299749203776,0.02066123226017783,0.010307930131901243,0.010923603160331842,0.005927369448836554,0.014602747244200067
distilbert_sst2,500,176,0.015797299749203776,0.006307010051650947,0.009823130541381092,0.015646190554100443,0.00741946129465783,0.017239862111998558
distilbert_sst2,500,177,0.015797299749203776,0.002976054744662838,0.007838882740818686,0.010924739485332177,0.006607419759335082,0.012219546594151521
distilbert_sst2,500,178,0.015797299749203776,0.01268483159354781,0.01130379080990074,0.015680372596734164,0.00956396023446604,0.015962053688510197
distilbert_sst2,500,179,0.015797299749203776,0.028479132852435005,0.01253931325797725,0.019813880227413018,0.011592349998093056,0.01856581298782688
distilbert_sst2,500,180,0.015797299749203776,0.015943563555283497,0.015088744229130783,0.019997669856710993,0.01169258269507405,0.02218266758152096
distilbert_sst2,500,181,0.015797299749203776,0.024469235007419078,0.01397298523093809,0.017972690966769008,0.013466056025879412,0.021769916756482405
distilbert_sst2,500,182,0.015797299749203776,0.009647316624677982,0.010017391705810529,0.018072591100256986,0.007641151726654215,0.017291108967751597
distilbert_sst2,500,183,0.015797299749203776,0.007284781215688355,0.007805523690104857,0.01323562796162239,0.007170784579337634,0.013747841193689091
distilbert_sst2,500,184,0.015797299749203776,0.035290824896609126,0.017651454004763457,0.027105171219481944,0.018697261823802182,0.027546401378774992
distilbert_sst2,500,185,0.015797299749203776,0.028334220735089573,0.014181303786002714,0.018162010514411242,0.008591273679820592,0.020575129035512684
distilbert_sst2,500,186,0.015797299749203776,0.0273442500662936,0.022540100988839736,0.02944178288169766,0.020436497727115165,0.027812496725740113
distilbert_sst2,500,187,0.015797299749203776,0.015761946971512023,0.012750236124260936,0.019514058197308507,0.012259084237146365,0.026070675152238904
distilbert_sst2,500,188,0.015797299749203776,0.007865499630040833,0.007768508026184763,0.009301506086124827,0.005901923459919871,0.012366062353171465
distilbert_sst2,500,189,0.015797299749203776,0.009682617795653338,0.0091414215160107,0.01767489086709058,0.006644694582203811,0.018071313244343974
distilbert_sst2,500,190,0.015797299749203776,0.030579710889055586,0.01924918369646955,0.030469356594327018,0.012525929316005938,0.031702263557945844
distilbert_sst2,500,191,0.015797299749203776,0.016030014649561736,0.014347366372523665,0.020067857670674785,0.014378160872093934,0.019357080889701346
distilbert_sst2,500,192,0.015797299749203776,0.026099118886733504,0.012767917079077632,0.016127328853639173,0.011545571544654808,0.015109550434541881
distilbert_sst2,500,193,0.015797299749203776,0.00421260213808435,0.00756842674903137,0.011355225023832204,0.00740950649792106,0.012108431608089089
distilbert_sst2,500,194,0.015797299749203776,0.027607059614802143,0.01516008457492749,0.024187415365154535,0.013170663186175517,0.025243968051456487
distilbert_sst2,500,195,0.015797299749203776,0.023153281073058637,0.01280782725750233,0.019495443339547766,0.010872507719315153,0.022652610886864724
distilbert_sst2,500,196,0.015797299749203776,0.008289772866105246,0.006966186015552092,0.01164978891743339,0.007613659925736536,0.010697718114386563
distilbert_sst2,500,197,0.015797299749203776,0.03136283419715625,0.012867235587383731,0.02016248392863377,0.012839654124720035,0.02075814825196261
distilbert_sst2,500,198,0.015797299749203776,0.012810622675152008,0.012824315988475651,0.017773896725063666,0.0099021165714029,0.016669634396098365
distilbert_sst2,500,199,0.015797299749203776,0.002275091543059213,0.009622334950071844,0.014580916885127367,0.008949791507125954,0.015158720513406627
distilbert_sst2,750,0,0.015797299749203776,0.016448111309851483,0.007263052279654241,0.01469333705769469,0.009058771244372148,0.01609455139540474
distilbert_sst2,750,1,0.015797299749203776,0.01551029997208263,0.00742405522360861,0.013672621340417943,0.007873025599638568,0.01573677232569645
distilbert_sst2,750,2,0.015797299749203776,0.02488142760033629,0.015167140272414543,0.02083338257817294,0.014094069787891426,0.029283974493181333
distilbert_sst2,750,3,0.015797299749203776,0.009482243356402766,0.01204493957651825,0.016051404947156664,0.011686291181385483,0.019258221146545386
distilbert_sst2,750,4,0.015797299749203776,0.019386103108628296,0.013013335206571396,0.01681127222148415,0.010566392319471188,0.017675746464455497
distilbert_sst2,750,5,0.015797299749203776,0.016788479402222292,0.012269084619500154,0.018412415305043017,0.01009585005497477,0.020458135703480946
distilbert_sst2,750,6,0.015797299749203776,0.029085611007143564,0.013559237241903594,0.01714312310887634,0.01204593444787066,0.021012035303131827
distilbert_sst2,750,7,0.015797299749203776,0.015718942248373856,0.012734116879578554,0.01794509422399334,0.012508589719139778,0.02439448539394108
distilbert_sst2,750,8,0.015797299749203776,0.017419670254943374,0.010166573694696939,0.01903461688524759,0.010803443929382952,0.018970120669039192
distilbert_sst2,750,9,0.015797299749203776,0.01155323528255399,0.01200161329002619,0.01676991969102585,0.010678074810957545,0.017143966893466693
distilbert_sst2,750,10,0.015797299749203776,0.005770228579454617,0.005418098966869135,0.010178019949274513,0.0062115114604012955,0.008766636069758239
distilbert_sst2,750,11,0.015797299749203776,0.013320932902739311,0.008063613669024253,0.013156013546584543,0.00807997671833219,0.016108169775979123
distilbert_sst2,750,12,0.015797299749203776,0.012859183429722084,0.013461025899894733,0.01705727841321198,0.011428419148294662,0.019738247629546974
distilbert_sst2,750,13,0.015797299749203776,0.009422319633189746,0.008368273801997873,0.013905129171396533,0.0075121178567096195,0.017395464007235552
distilbert_sst2,750,14,0.015797299749203776,0.008677520685890597,0.009440863605493673,0.013108132486059708,0.007558607800204068,0.013014881979782808
distilbert_sst2,750,15,0.015797299749203776,0.011689659790883832,0.011725462772780675,0.0182157744020189,0.010884245796265592,0.020162266261082286
distilbert_sst2,750,16,0.015797299749203776,0.009696553410045439,0.007535043347595337,0.013044416422099577,0.008242818198450727,0.018786740705456943
distilbert_sst2,750,17,0.015797299749203776,0.010102779467307744,0.007755210876860882,0.012622530783938902,0.007986227000830256,0.015603556039785055
distilbert_sst2,750,18,0.015797299749203776,0.021113249472557574,0.015061135819344481,0.027261426807203514,0.013588462538085218,0.035618563978589056
distilbert_sst2,750,19,0.015797299749203776,0.009430216257589566,0.011295095820129695,0.013734168081576152,0.010529984877047765,0.015365060041032285
distilbert_sst2,750,20,0.015797299749203776,0.009089494782268143,0.006572145798912417,0.00995071764010279,0.006504795184172589,0.015251490036969321
distilbert_sst2,750,21,0.015797299749203776,0.014262372442278159,0.010864387724373877,0.01777268176456529,0.011744333361608877,0.019794579410835837
distilbert_sst2,750,22,0.015797299749203776,0.015062342103222855,0.013281483348252146,0.0190978868397231,0.011399615794275243,0.02162730669760509
distilbert_sst2,750,23,0.015797299749203776,0.014878882823548113,0.010242585564247217,0.01584032570013968,0.010944810551259121,0.019744942321373703
distilbert_sst2,750,24,0.015797299749203776,0.015456126077273997,0.0118759835215805,0.01738509480956469,0.012818006675503894,0.01992216100562462
distilbert_sst2,750,25,0.015797299749203776,0.01493131074829313,0.009824525896758609,0.015417686003592541,0.009663960023910774,0.018937365435207146
distilbert_sst2,750,26,0.015797299749203776,0.012687921027342952,0.009342169395487319,0.014692144604372421,0.008057609720071926,0.018352709708751816
distilbert_sst2,750,27,0.015797299749203776,0.019357836706779125,0.01462816539342687,0.018311933967518665,0.013559986843512447,0.02269082222906639
distilbert_sst2,750,28,0.015797299749203776,0.016278922295857777,0.011295570181179956,0.018625750137885866,0.010603300752304534,0.020761929438680736
distilbert_sst2,750,29,0.015797299749203776,0.016221789529892547,0.01091561719583942,0.017836446913089984,0.014124513363721992,0.018802178214902973
distilbert_sst2,750,30,0.015797299749203776,0.011598471907169436,0.00832653312056161,0.014183149206233753,0.006418399730414261,0.018099687912335002
distilbert_sst2,750,31,0.015797299749203776,0.021496871533885582,0.012463230360539285,0.01889205431831866,0.011090595312582137,0.0207869204497649
distilbert_sst2,750,32,0.015797299749203776,0.013072483994733645,0.005753821066940096,0.012526852826640312,0.006321389013812923,0.01323552312185973
distilbert_sst2,750,33,0.015797299749203776,0.022961461702376725,0.013447739396546154,0.018663302171806003,0.012030685197666282,0.026117997422399977
distilbert_sst2,750,34,0.015797299749203776,0.011701073491999144,0.012880492347838782,0.017050907418095392,0.011842020501411575,0.019545518255435455
distilbert_sst2,750,35,0.015797299749203776,0.01512556920892381,0.01160584912511864,0.01943381246049211,0.010128708175145362,0.024346005164826972
distilbert_sst2,750,36,0.015797299749203776,0.0056702027181564744,0.006986520403312628,0.013685697671199877,0.006594062552071648,0.014099916478887344
distilbert_sst2,750,37,0.015797299749203776,0.00559725495480532,0.008298854834620605,0.011230065677552036,0.007785199440816688,0.014451882913925091
distilbert_sst2,750,38,0.015797299749203776,0.01651065852855081,0.013079753892017274,0.016142945689322123,0.013152319536076089,0.020513723528540636
distilbert_sst2,750,39,0.015797299749203776,0.01797240877789559,0.008806839524253839,0.014126504632911426,0.009200759096177024,0.021149273565136312
distilbert_sst2,750,40,0.015797299749203776,0.015895440106562526,0.012596450254885375,0.017262222025269006,0.01229024503194271,0.01941170057607019
distilbert_sst2,750,41,0.015797299749203776,0.014448250601767208,0.010435678900190109,0.01748623460432625,0.009751030241125466,0.018631049864680695
distilbert_sst2,750,42,0.015797299749203776,0.01915302102720034,0.011103423724679335,0.016373799030256795,0.009653247427102449,0.0199367961868102
distilbert_sst2,750,43,0.015797299749203776,0.027928340445666583,0.009914276027439524,0.028245900118571345,0.010460726311071894,0.02894919493787362
distilbert_sst2,750,44,0.015797299749203776,0.02016265121941768,0.008670234511373462,0.01933509101616978,0.008710658208430467,0.021647211334553006
distilbert_sst2,750,45,0.015797299749203776,0.021417503597734297,0.019389875420429574,0.027489466207845578,0.017141346149830757,0.030733930868161785
distilbert_sst2,750,46,0.015797299749203776,0.026039171380032457,0.014040101441424337,0.024769027279835504,0.013174144298450222,0.02614664390004103
distilbert_sst2,750,47,0.015797299749203776,0.015687562611409165,0.0113174673490961,0.015522690671188211,0.011516435657112247,0.01821554294009971
distilbert_sst2,750,48,0.015797299749203776,0.01915810977910366,0.009746324157020819,0.01385426993156807,0.0094293690984808,0.016376249090999172
distilbert_sst2,750,49,0.015797299749203776,0.014847384092846305,0.008974841211001632,0.016168244763784506,0.00900691674152017,0.016382452912727285
distilbert_sst2,750,50,0.015797299749203776,0.030347396422060514,0.01145010294673721,0.01931517147056209,0.010145099791521145,0.024140792728357324
distilbert_sst2,750,51,0.015797299749203776,0.00968394420785786,0.008370539883521575,0.013621714003470646,0.00855718507599518,0.013703351349756405
distilbert_sst2,750,52,0.015797299749203776,0.02328393227357825,0.009152644625860159,0.014044282528883102,0.008474542461027001,0.018885565857113495
distilbert_sst2,750,53,0.015797299749203776,0.018698385880710145,0.012735469566511438,0.017506489050460698,0.01324620549366237,0.019642003217599614
distilbert_sst2,750,54,0.015797299749203776,0.024737096639076573,0.013910085352198325,0.01989015105145229,0.01145829309831052,0.022662329189913424
distilbert_sst2,750,55,0.015797299749203776,0.011146231960671585,0.009657102209029348,0.01700838008111283,0.009410353624567606,0.018427977668599518
distilbert_sst2,750,56,0.015797299749203776,0.012993489948048683,0.013978731470351273,0.02005770776925483,0.01262609259013049,0.02320875388282523
distilbert_sst2,750,57,0.015797299749203776,0.017961859280731227,0.010156380396268146,0.019613436039466407,0.009291294219098736,0.020443286172619146
distilbert_sst2,750,58,0.015797299749203776,0.017047390884740485,0.009096445158682891,0.018762632013335646,0.009843326470394551,0.024994680076993004
distilbert_sst2,750,59,0.015797299749203776,0.00910885097145976,0.010278990240256757,0.016257993972476154,0.010262549128733894,0.015121481906567593
distilbert_sst2,750,60,0.015797299749203776,0.009463140323212089,0.011472069007616747,0.01946320864792391,0.013034275864900136,0.020962633092726606
distilbert_sst2,750,61,0.015797299749203776,0.013508034421922157,0.006979008564448032,0.013855765759946948,0.005585738750203853,0.019653669994929762
distilbert_sst2,750,62,0.015797299749203776,0.0029544473373875764,0.00654461957376434,0.013611128910881752,0.005970170559656932,0.014391238695496815
distilbert_sst2,750,63,0.015797299749203776,0.006107562833875541,0.00919806368496041,0.012516174729591717,0.00842677519832729,0.013309779511107768
distilbert_sst2,750,64,0.015797299749203776,0.0023978168295944184,0.006306151719618588,0.013573207465226245,0.006306510877085209,0.017060385984076835
distilbert_sst2,750,65,0.015797299749203776,0.019363704410083404,0.00892867689503395,0.01681243405018929,0.009761645437710588,0.021073549891658584
distilbert_sst2,750,66,0.015797299749203776,0.013867181985666851,0.010759105138411747,0.018770111617298448,0.010527239113423284,0.01986581457343747
distilbert_sst2,750,67,0.015797299749203776,0.015119804888954605,0.009423627421932814,0.01686256950461469,0.009175389673618035,0.01706109462113745
distilbert_sst2,750,68,0.015797299749203776,0.020116904273895442,0.013704430605813066,0.021092010365314544,0.01497125532135889,0.023637903773574064
distilbert_sst2,750,69,0.015797299749203776,0.007113219261444776,0.009890943430530987,0.014331250760303687,0.008479752227912397,0.014983174967123545
distilbert_sst2,750,70,0.015797299749203776,0.009377089573425599,0.010036008958320736,0.01693463724152562,0.010333731460532269,0.017819771231640774
distilbert_sst2,750,71,0.015797299749203776,0.01715880252704739,0.010055899855947091,0.015521781312794428,0.010249674683138763,0.01840932400759974
distilbert_sst2,750,72,0.015797299749203776,0.008336143764631593,0.00891911172861866,0.015381824910676996,0.007144760864063131,0.015923044916056655
distilbert_sst2,750,73,0.015797299749203776,0.0129334600291325,0.01242923831649279,0.017119287862195656,0.013096461541168232,0.021222369695269878
distilbert_sst2,750,74,0.015797299749203776,0.018038865760567308,0.0135293093919105,0.01900294933929686,0.014315174892928252,0.023184767446946843
distilbert_sst2,750,75,0.015797299749203776,0.015437460930445852,0.008354719675545057,0.012620650248404449,0.005392789806821079,0.017293155376585163
distilbert_sst2,750,76,0.015797299749203776,0.02126884554578381,0.01471898607402363,0.018517070992320184,0.014008816355009028,0.020419646129246755
distilbert_sst2,750,77,0.015797299749203776,0.015942779986167995,0.011498969752435155,0.016911118460573936,0.009317551099176112,0.020197276572164146
distilbert_sst2,750,78,0.015797299749203776,0.01137770609580419,0.006079249690681527,0.010310834872637793,0.0064912779419208705,0.013814382022816988
distilbert_sst2,750,79,0.015797299749203776,0.013606142299844559,0.009117161762513013,0.014101175805168726,0.009181035959476194,0.013982009240300863
distilbert_sst2,750,80,0.015797299749203776,0.002296602387074655,0.008095792943973223,0.011345279196421958,0.006716034863224425,0.011749789117639664
distilbert_sst2,750,81,0.015797299749203776,0.014652466451428602,0.009442541890692813,0.015651806224015814,0.009313197494090394,0.01838571855406295
distilbert_sst2,750,82,0.015797299749203776,0.015566971055453812,0.013329881650525658,0.02017061177196306,0.014540579271451139,0.020614779597749988
distilbert_sst2,750,83,0.015797299749203776,0.010313279668493885,0.011157965930995054,0.018889317064613283,0.010660361759026255,0.020826093217692798
distilbert_sst2,750,84,0.015797299749203776,0.02259266522835092,0.010649211375078372,0.015670947020325794,0.011300470847105643,0.021854702783989342
distilbert_sst2,750,85,0.015797299749203776,0.01875453681315143,0.009800955827757071,0.015417518924109848,0.009424171649161544,0.016409162716610342
distilbert_sst2,750,86,0.015797299749203776,0.010043725254011841,0.011392286510943836,0.01780320768316813,0.012077502771436745,0.02054676651404639
distilbert_sst2,750,87,0.015797299749203776,0.008008751286099394,0.007756161218577215,0.01170705572906828,0.007102544434541433,0.01385823588892181
distilbert_sst2,750,88,0.015797299749203776,0.011457135772912241,0.009975036341531266,0.02049291950696066,0.006945433844280169,0.020189320287793692
distilbert_sst2,750,89,0.015797299749203776,0.02119645950073324,0.010655086564658432,0.014004173903817018,0.008141961580386724,0.015963611048840025
distilbert_sst2,750,90,0.015797299749203776,0.01547528752522137,0.012637429973959457,0.01841834669398624,0.009838532243345764,0.02037864763519024
distilbert_sst2,750,91,0.015797299749203776,0.02498120703012857,0.010366807380979138,0.01275960699187751,0.008779091575442878,0.017101825091583985
distilbert_sst2,750,92,0.015797299749203776,0.01413512759037883,0.01212294103693563,0.01830938441523221,0.009638155828149014,0.019987869364094805
distilbert_sst2,750,93,0.015797299749203776,0.013589448028862456,0.010444928384691802,0.01584948349019423,0.01084788204286247,0.018810329556532817
distilbert_sst2,750,94,0.015797299749203776,0.013939710385503491,0.009805010732705611,0.02463836421563774,0.009656371783215403,0.024676562212631516
distilbert_sst2,750,95,0.015797299749203776,0.008418350989509956,0.00778046387878004,0.012832804393555228,0.0058146327891709666,0.014900437358432776
distilbert_sst2,750,96,0.015797299749203776,0.021396110136453646,0.013310930591585637,0.018858331730003407,0.014379848180642594,0.0220584754537509
distilbert_sst2,750,97,0.015797299749203776,0.011867148778435647,0.0074625896513977365,0.015242286261285104,0.007144591106039938,0.018820526355134506
distilbert_sst2,750,98,0.015797299749203776,0.021063760983937255,0.015323772125981103,0.023422265121763295,0.016438243040460446,0.022905895268555163
distilbert_sst2,750,99,0.015797299749203776,0.013414210432171435,0.00762256256692215,0.013368329246452395,0.007979751406530827,0.01530144204929039
distilbert_sst2,750,100,0.015797299749203776,0.023361026064891377,0.01442480848377946,0.018563624682166078,0.014350682785575218,0.02352081685029163
distilbert_sst2,750,101,0.015797299749203776,0.012892572183327174,0.01023678741470009,0.01778323729205583,0.013994863903865756,0.018334549376335968
distilbert_sst2,750,102,0.015797299749203776,0.011043944393703597,0.006697258989953015,0.012588463413892002,0.007070010063621571,0.013705237094451704
distilbert_sst2,750,103,0.015797299749203776,0.02084952308097194,0.012160169861819246,0.018841072794156675,0.011734550498506684,0.02312299241667144
distilbert_sst2,750,104,0.015797299749203776,0.013575239352463827,0.007892667311518886,0.014900573008228479,0.008170145822540786,0.01664367437863397
distilbert_sst2,750,105,0.015797299749203776,0.013497774561089592,0.010515611995013106,0.014979978428065989,0.009377702928190321,0.015779499591619662
distilbert_sst2,750,106,0.015797299749203776,0.020441886586248542,0.012934355566498546,0.020702576798395947,0.013040639619632324,0.024396796077271604
distilbert_sst2,750,107,0.015797299749203776,0.013950552418743465,0.012471473483467298,0.018682510868804347,0.013869368389242244,0.02245540123804633
distilbert_sst2,750,108,0.015797299749203776,0.01443945835085028,0.009089965812139186,0.01888901637714261,0.009012152584547302,0.017299585394608394
distilbert_sst2,750,109,0.015797299749203776,0.012159476702648471,0.010527492084584105,0.016941038540003946,0.009232645811521601,0.01782900717829587
distilbert_sst2,750,110,0.015797299749203776,0.014854259348319668,0.009307895293865996,0.012361532637800928,0.008019806988881365,0.017971128244297346
distilbert_sst2,750,111,0.015797299749203776,0.02141673166524944,0.01187218233815716,0.018018399299670942,0.009822782456918823,0.021184615673886326
distilbert_sst2,750,112,0.015797299749203776,0.009803147022418881,0.008342748400311418,0.014664970604631797,0.00852408585986265,0.014538955705684965
distilbert_sst2,750,113,0.015797299749203776,0.01204581674571633,0.010649399958715715,0.016675835871110486,0.010695354478499708,0.018860155292326077
distilbert_sst2,750,114,0.015797299749203776,0.025527185956277294,0.01657826118457438,0.025987653331092018,0.01663271156015363,0.03092664084535157
distilbert_sst2,750,115,0.015797299749203776,0.015205288733763813,0.01002086186317748,0.021521700448414796,0.010510972412592561,0.023242957377081444
distilbert_sst2,750,116,0.015797299749203776,0.019338552236710903,0.012537836867062974,0.019778497883278977,0.010840731593249402,0.019452926661781868
distilbert_sst2,750,117,0.015797299749203776,0.018283331555758196,0.014736191815341396,0.022441174909599064,0.013284108151405342,0.02297863366742941
distilbert_sst2,750,118,0.015797299749203776,0.021716967355440712,0.012116545456897755,0.019447834190106976,0.01174387937671796,0.0232748424977013
distilbert_sst2,750,119,0.015797299749203776,0.017348574688909647,0.01259025534683628,0.018635358846962113,0.011819630713275095,0.020254953164143885
distilbert_sst2,750,120,0.015797299749203776,0.01630602580981701,0.010889121416982134,0.017615367263932872,0.010937448726416962,0.019455262642925752
distilbert_sst2,750,121,0.015797299749203776,0.005103984805318323,0.006632365494906492,0.013083967699537522,0.007102045791631902,0.014239574423728339
distilbert_sst2,750,122,0.015797299749203776,0.017883535900625653,0.01075093899941437,0.01745695681460789,0.009419114459888078,0.02074844578342764
distilbert_sst2,750,123,0.015797299749203776,0.013955702637887858,0.010133924614123742,0.01609762510268119,0.009672522909418724,0.01675426276771764
distilbert_sst2,750,124,0.015797299749203776,0.01578235732174893,0.011438883564424272,0.01897896953383602,0.013236472201566355,0.02071510906076174
distilbert_sst2,750,125,0.015797299749203776,0.013339372411357388,0.009078265675903148,0.018236535251149353,0.009627524955347515,0.020802619160331715
distilbert_sst2,750,126,0.015797299749203776,0.02885864416545285,0.014037579980418017,0.01995701587920227,0.01428944822690861,0.023850356519066956
distilbert_sst2,750,127,0.015797299749203776,0.023415389508593593,0.012705041479259015,0.01653497718045278,0.01087412449118268,0.020460732481141074
distilbert_sst2,750,128,0.015797299749203776,0.019275866595489327,0.014394747379509977,0.023913774479220117,0.013818907748120857,0.026956581293826536
distilbert_sst2,750,129,0.015797299749203776,0.021569445652245566,0.01129992894462084,0.017186064188009224,0.011357844655212748,0.020713123034633713
distilbert_sst2,750,130,0.015797299749203776,0.010386086076038062,0.009714674803309562,0.014695466952165562,0.010188523380128467,0.017705759960176617
distilbert_sst2,750,131,0.015797299749203776,0.013628290511965378,0.0076826720683129375,0.016423436302953055,0.00720454867519119,0.015961913787446047
distilbert_sst2,750,132,0.015797299749203776,0.011843415602570292,0.009746813113200158,0.014557146171267382,0.009761359287216696,0.017899347554253608
distilbert_sst2,750,133,0.015797299749203776,0.006822389204127525,0.01164247241858206,0.017918307991660373,0.010229639521180748,0.02003232678773272
distilbert_sst2,750,134,0.015797299749203776,0.015284062767395535,0.00914271762635373,0.013100977636660745,0.00895817199378644,0.01896604261561504
distilbert_sst2,750,135,0.015797299749203776,0.019414984397279355,0.009775663990025475,0.018621965370422214,0.010430133373679153,0.01971093153327683
distilbert_sst2,750,136,0.015797299749203776,0.010339419943198988,0.008155035410100014,0.01622455454542059,0.009103179860898286,0.01784159766303827
distilbert_sst2,750,137,0.015797299749203776,0.01404570563496533,0.008853727747548936,0.018493405934049745,0.008389241849666208,0.020695254029881656
distilbert_sst2,750,138,0.015797299749203776,0.010593458655254573,0.014259960455759108,0.018255572428348514,0.014905117809101833,0.020660589312623802
distilbert_sst2,750,139,0.015797299749203776,0.018246194028596327,0.011947436744226993,0.016806898999055242,0.010486567438602037,0.019013190272600403
distilbert_sst2,750,140,0.015797299749203776,0.02317979176639769,0.011316803606668691,0.02005648005039804,0.010031272844369258,0.020898236938338265
distilbert_sst2,750,141,0.015797299749203776,0.01451461051728391,0.008923958821940001,0.014882604362787292,0.008302856000997734,0.022923600949061786
distilbert_sst2,750,142,0.015797299749203776,0.013143494549064192,0.009732941543538742,0.01545395355156633,0.008865350493728254,0.018890785722126144
distilbert_sst2,750,143,0.015797299749203776,0.021563677311590358,0.014229024615026498,0.02772792796283714,0.013249190045877126,0.029369055345154542
distilbert_sst2,750,144,0.015797299749203776,0.023306993689076242,0.014487636696061798,0.021550425276713803,0.013849628348136135,0.026422814915671104
distilbert_sst2,750,145,0.015797299749203776,0.008784425729345997,0.007311437982816032,0.014821040296222547,0.007808868233516404,0.014418406048998288
distilbert_sst2,750,146,0.015797299749203776,0.021587474753645225,0.013021551070661079,0.021050305716613923,0.012501909539638032,0.023417872393806514
distilbert_sst2,750,147,0.015797299749203776,0.025721299733468105,0.012930458427942276,0.0190384668429967,0.013336921573835151,0.021271649739584408
distilbert_sst2,750,148,0.015797299749203776,0.006997749361144941,0.008255613613091075,0.009134523325075155,0.00742847061888009,0.011297695223444664
distilbert_sst2,750,149,0.015797299749203776,0.013516725746755037,0.01175060236346149,0.017366941130875897,0.01300268055642995,0.02257871225991769
distilbert_sst2,750,150,0.015797299749203776,0.009824373748722505,0.008556318511173373,0.015038656771597827,0.008182722180784857,0.017393874099233805
distilbert_sst2,750,151,0.015797299749203776,0.014695373576016161,0.00842814933757228,0.01856772217589873,0.008205626092511763,0.021456538837983614
distilbert_sst2,750,152,0.015797299749203776,0.009774791814698383,0.009567973942637593,0.01482789406081014,0.0075092961867112284,0.017346275803693842
distilbert_sst2,750,153,0.015797299749203776,0.019887814347936496,0.011352394693268224,0.017498319648801306,0.01236176639185291,0.019863297673316606
distilbert_sst2,750,154,0.015797299749203776,0.01823220867017016,0.011606794722889818,0.018936619189633762,0.012439723121339048,0.01968796737801602
distilbert_sst2,750,155,0.015797299749203776,0.020556256244635415,0.014875264152163557,0.020158633786272626,0.016440693426246402,0.021548700824479353
distilbert_sst2,750,156,0.015797299749203776,0.01476425032231265,0.011615828293011072,0.016685056144255386,0.013744859850462744,0.018729529237880405
distilbert_sst2,750,157,0.015797299749203776,0.014268509598373991,0.01201423159408855,0.017765379892599353,0.0113776104605896,0.018001621196914255
distilbert_sst2,750,158,0.015797299749203776,0.018277034987419536,0.008526241422576863,0.014122832603799871,0.007041793807212273,0.01726763385934639
distilbert_sst2,750,159,0.015797299749203776,0.01675184009190121,0.015585286863779342,0.02279280856141891,0.014642392204461167,0.024290481824161624
distilbert_sst2,750,160,0.015797299749203776,0.01715327098009404,0.0129349507332226,0.01931640870126086,0.010573193807452239,0.02582168192746744
distilbert_sst2,750,161,0.015797299749203776,0.018216621367412925,0.010551471873954577,0.019122527705911083,0.011001906853623298,0.022369065725002694
distilbert_sst2,750,162,0.015797299749203776,0.00674421061615895,0.006776560435031959,0.011800894932168666,0.007146055237101305,0.014471159019932407
distilbert_sst2,750,163,0.015797299749203776,0.009496609330302197,0.009320753327935161,0.015815618752450102,0.00989573160116297,0.018353888028235357
distilbert_sst2,750,164,0.015797299749203776,0.017893681454967125,0.010114173278203496,0.016250118904591566,0.010099692234723885,0.023152311773874546
distilbert_sst2,750,165,0.015797299749203776,0.007442149697400116,0.009338939875966377,0.013064021842868286,0.009320926468945735,0.016888951232036382
distilbert_sst2,750,166,0.015797299749203776,0.018018383819502576,0.01163468802151476,0.01958096372314915,0.011729967438293472,0.025684629864866526
distilbert_sst2,750,167,0.015797299749203776,0.022509669580387547,0.019072333747816098,0.027438819016037345,0.020717853465791254,0.0307127999616133
distilbert_sst2,750,168,0.015797299749203776,0.012603994522956337,0.009547119145737791,0.011867520300836975,0.0075007760315480565,0.014749951782312913
distilbert_sst2,750,169,0.015797299749203776,0.006766512007061685,0.011398477183186541,0.017675588394438738,0.011763947636636471,0.018353392529957185
distilbert_sst2,750,170,0.015797299749203776,0.01789636840331695,0.010728749409933002,0.018115753378310263,0.008300700432434437,0.01909203685961115
distilbert_sst2,750,171,0.015797299749203776,0.021591386532509457,0.011042495484484511,0.01861055515728341,0.010254311830165605,0.01969264174517083
distilbert_sst2,750,172,0.015797299749203776,0.013002555432916438,0.008129805760698747,0.011258195254728907,0.007960095224915913,0.014383917187171824
distilbert_sst2,750,173,0.015797299749203776,0.022110129114552797,0.01304549656501549,0.01901233701661574,0.012158884628885817,0.02260995565653876
distilbert_sst2,750,174,0.015797299749203776,0.016214452004338235,0.011888475832711009,0.019070052826228687,0.012580415692262596,0.023643108141537823
distilbert_sst2,750,175,0.015797299749203776,0.015112521530935825,0.010061514776023461,0.013773304370886058,0.010455196298150459,0.01689857382815421
distilbert_sst2,750,176,0.015797299749203776,0.015912549661217183,0.00968804555223386,0.017419580228177703,0.01116199778415466,0.01896281064130689
distilbert_sst2,750,177,0.015797299749203776,0.016656902831801698,0.008067636859678347,0.01507702594159964,0.008695712840745617,0.0180293385541581
distilbert_sst2,750,178,0.015797299749203776,0.016029767303108733,0.018213742865879335,0.021470809651831145,0.015368220013163307,0.024251387646283137
distilbert_sst2,750,179,0.015797299749203776,0.022470936080863903,0.011338510908870761,0.0223376560285006,0.009922458917165934,0.0267454541371381
distilbert_sst2,750,180,0.015797299749203776,0.021225895016193333,0.0126392904264779,0.018451087559239694,0.012662833633931945,0.02493291334991051
distilbert_sst2,750,181,0.015797299749203776,0.014805919829274226,0.009745830465730361,0.019170012975551303,0.010493473754027524,0.019727566816108467
distilbert_sst2,750,182,0.015797299749203776,0.009176837269955128,0.009183560220021739,0.016673946478857816,0.009068862688836844,0.020035216685670057
distilbert_sst2,750,183,0.015797299749203776,0.01711092601019014,0.013320613568134507,0.019959583833596656,0.01324429824779117,0.02276965545295147
distilbert_sst2,750,184,0.015797299749203776,0.025141797288103413,0.017817586315389645,0.02465720979810582,0.016483167213821058,0.027501273104143246
distilbert_sst2,750,185,0.015797299749203776,0.003509446137139574,0.0056606800081869975,0.008068975337643659,0.004843809382053153,0.009799194094767252
distilbert_sst2,750,186,0.015797299749203776,0.025248011389295385,0.011619719327648652,0.019386998915696407,0.011384861590184377,0.020558393271786154
distilbert_sst2,750,187,0.015797299749203776,0.01106302419015349,0.007126792623694188,0.015421455611744147,0.008969841714688506,0.014652318630143945
distilbert_sst2,750,188,0.015797299749203776,0.018764038403321675,0.013961675382369051,0.01973686992638226,0.011957019114439783,0.02078907589408652
distilbert_sst2,750,189,0.015797299749203776,0.019591808037860228,0.008306806901912912,0.017498756976419682,0.009839571077778265,0.017424561381322968
distilbert_sst2,750,190,0.015797299749203776,0.010301720776459135,0.006295331247372382,0.011868272908082182,0.006990664991883566,0.012813020816096156
distilbert_sst2,750,191,0.015797299749203776,0.01868524055123846,0.010570955545804235,0.013903341510909054,0.009003138714204838,0.018493629277575308
distilbert_sst2,750,192,0.015797299749203776,0.02699632286987304,0.012585424107613423,0.022208681118247132,0.010714424410547933,0.025721775868032752
distilbert_sst2,750,193,0.015797299749203776,0.0057751352314171335,0.00747306597610485,0.010594477485205317,0.00678564778078647,0.013732107359709816
distilbert_sst2,750,194,0.015797299749203776,0.02052541146274658,0.013864382468231963,0.02047265035079374,0.01450355821801948,0.0223287492671428
distilbert_sst2,750,195,0.015797299749203776,0.01457711802994656,0.013104776200963064,0.01891517595485903,0.010012599805766858,0.021292553924649738
distilbert_sst2,750,196,0.015797299749203776,0.02364707142501838,0.013624885991588629,0.028116536011254297,0.013511908175698965,0.028278608658969747
distilbert_sst2,750,197,0.015797299749203776,0.009437349716725715,0.008571405088895536,0.015803065959562837,0.007871083451354198,0.018204646501143274
distilbert_sst2,750,198,0.015797299749203776,0.01271199994053787,0.01040650139451254,0.016635622724210573,0.009747937038715595,0.017349145225601725
distilbert_sst2,750,199,0.015797299749203776,0.015274669348832901,0.01117486335622117,0.019660095074195187,0.010246510910847963,0.023943664079189284
distilbert_sst2,1000,0,0.015797299749203776,0.025086796036067015,0.013798217003485632,0.02036376059067477,0.015911537010909225,0.028309719294569068
distilbert_sst2,1000,1,0.015797299749203776,0.017064353411516138,0.008083493486661288,0.014675684269435517,0.00789433730132878,0.019563138064561628
distilbert_sst2,1000,2,0.015797299749203776,0.02020117491418267,0.011382239909157422,0.021249788456241103,0.011012527045891804,0.025936332454374437
distilbert_sst2,1000,3,0.015797299749203776,0.014747972584632457,0.01109839892106779,0.017400193892679838,0.010851630451062,0.020827232318072736
distilbert_sst2,1000,4,0.015797299749203776,0.021193597251303178,0.010922434418346502,0.01854370027148746,0.010288317355552752,0.023944806453353906
distilbert_sst2,1000,5,0.015797299749203776,0.02270964116597629,0.015222624394668056,0.02278600696738426,0.013250369303629907,0.027889732616287022
distilbert_sst2,1000,6,0.015797299749203776,0.031215233092798764,0.01275660958024098,0.022092253690957245,0.013256114280488297,0.03172511637040376
distilbert_sst2,1000,7,0.015797299749203776,0.02198095040097164,0.01119083667014913,0.018757745572727077,0.010090611984426128,0.02051227039996797
distilbert_sst2,1000,8,0.015797299749203776,0.015390040490939205,0.008526193071790438,0.013385934628731482,0.008473689817353042,0.01785451007601937
distilbert_sst2,1000,9,0.015797299749203776,0.015048762832458847,0.009941400460959277,0.01985164864100525,0.011952521473228643,0.022975271036043323
distilbert_sst2,1000,10,0.015797299749203776,0.0229956455469828,0.010758213284348997,0.019719107103592138,0.009995985384570787,0.023529793769675
distilbert_sst2,1000,11,0.015797299749203776,0.017052559366654868,0.009791698282783411,0.01640061823944729,0.008603247247124756,0.017967301104904722
distilbert_sst2,1000,12,0.015797299749203776,0.01759717026806653,0.00961497708615385,0.018467969392417675,0.009275619521239818,0.02073566690331697
distilbert_sst2,1000,13,0.015797299749203776,0.022917904432800236,0.010865849830853716,0.025344336249179845,0.009843438424828287,0.03173951025402095
distilbert_sst2,1000,14,0.015797299749203776,0.020967066559544244,0.008594509734824939,0.013999608551959414,0.007989391956792501,0.01828218613005767
distilbert_sst2,1000,15,0.015797299749203776,0.021138281612069574,0.011166600497487732,0.018854161844764843,0.01194790142586594,0.02669503202357943
distilbert_sst2,1000,16,0.015797299749203776,0.006017284232591912,0.008526801029621223,0.016053518043201064,0.008654532619166468,0.021430783411754837
distilbert_sst2,1000,17,0.015797299749203776,0.017690631449834147,0.010422663546542438,0.014733560257210841,0.008933631089578209,0.020745684698205983
distilbert_sst2,1000,18,0.015797299749203776,0.018463240234234,0.01003637773307505,0.012970817474626655,0.007614171476330638,0.021725798661810482
distilbert_sst2,1000,19,0.015797299749203776,0.023252848121854037,0.01088119065535115,0.017483766842222085,0.009031582950419339,0.020837247005650622
distilbert_sst2,1000,20,0.015797299749203776,0.017801431941387263,0.008371216384851487,0.015146801791122764,0.008940644217500893,0.01774757499625529
distilbert_sst2,1000,21,0.015797299749203776,0.013168168071558711,0.008718248592154707,0.01735545744930964,0.007012063637206705,0.02126732421992532
distilbert_sst2,1000,22,0.015797299749203776,0.012183875542848147,0.010089814379116852,0.0180385111761499,0.010250575287065147,0.020859913292557868
distilbert_sst2,1000,23,0.015797299749203776,0.014492858715324793,0.013057019099690993,0.017823459993282817,0.012839785551626091,0.02256687167517098
distilbert_sst2,1000,24,0.015797299749203776,0.014751505811702004,0.009050687219814274,0.017022745781751746,0.009108487342766827,0.02047192523714816
distilbert_sst2,1000,25,0.015797299749203776,0.017616915190691907,0.008731654101671068,0.01583062540630378,0.008837038043489532,0.018104457955261975
distilbert_sst2,1000,26,0.015797299749203776,0.010446785093625139,0.006018987502019656,0.01174768113289212,0.006294298515526826,0.014673891073338512
distilbert_sst2,1000,27,0.015797299749203776,0.013546350379259912,0.009166850599571346,0.018807575849099537,0.00854293884420667,0.02053754276415446
distilbert_sst2,1000,28,0.015797299749203776,0.022375805610554758,0.010498509078458267,0.01428007789067009,0.010880638088718139,0.018165333365599185
distilbert_sst2,1000,29,0.015797299749203776,0.010286615458680738,0.006398586881062687,0.011390248653818049,0.006571409401714244,0.013719230971468025
distilbert_sst2,1000,30,0.015797299749203776,0.02076187795945991,0.01118302379955308,0.0191735788870553,0.010074973164504715,0.023050950869670205
distilbert_sst2,1000,31,0.015797299749203776,0.017579926408538876,0.013176206549485045,0.021634781053308544,0.013134122100011462,0.02960530680993587
distilbert_sst2,1000,32,0.015797299749203776,0.011035774135676983,0.005611119319069515,0.013983703817490529,0.005560929648433443,0.014618927732254539
distilbert_sst2,1000,33,0.015797299749203776,0.01755280375863158,0.01214406553500929,0.0183100461219297,0.011576550002645923,0.024864412588153473
distilbert_sst2,1000,34,0.015797299749203776,0.013528555612903198,0.010115502481109944,0.016691968796759833,0.00879857459721936,0.02033180090546131
distilbert_sst2,1000,35,0.015797299749203776,0.013620656932624282,0.012436866760328697,0.019670171250958837,0.01021536106645887,0.0223603049028911
distilbert_sst2,1000,36,0.015797299749203776,0.024670610090560985,0.01710671765016355,0.024596315169231442,0.015502632043975072,0.02665088263128111
distilbert_sst2,1000,37,0.015797299749203776,0.018275281949786722,0.009753226047913472,0.016941727982364017,0.010469003505300927,0.02123395403420156
distilbert_sst2,1000,38,0.015797299749203776,0.016902668641735098,0.011038823263159676,0.01683520978900613,0.009528439639807967,0.020387903503733158
distilbert_sst2,1000,39,0.015797299749203776,0.013984187532144192,0.010486583576694169,0.01843209389034287,0.010086964086207423,0.022412802670502434
distilbert_sst2,1000,40,0.015797299749203776,0.015167253374571057,0.01121402207590183,0.018884761111371964,0.011093233693419286,0.02115223490534138
distilbert_sst2,1000,41,0.015797299749203776,0.016187957273403875,0.0073760876566801095,0.01720336126587798,0.007389371131102536,0.018984330264937038
distilbert_sst2,1000,42,0.015797299749203776,0.01996151734506632,0.00947131932664967,0.015848233955703565,0.009079168859131575,0.018043877358954807
distilbert_sst2,1000,43,0.015797299749203776,0.018039210731768635,0.012138747135982269,0.019224251560266626,0.00949623213037037,0.02220967180632218
distilbert_sst2,1000,44,0.015797299749203776,0.020408181452358957,0.011518958227868711,0.019350984314889467,0.010663521965030955,0.026571542058886285
distilbert_sst2,1000,45,0.015797299749203776,0.017995917923368764,0.01215725587312022,0.019717001661832195,0.01048749922937166,0.023701005629549386
distilbert_sst2,1000,46,0.015797299749203776,0.009982736408528073,0.008788246943095974,0.013908370513414797,0.009548126526259566,0.020729086166252048
distilbert_sst2,1000,47,0.015797299749203776,0.02272451760061581,0.012660839828552274,0.02420849622529196,0.010980490633448975,0.026842029076368793
distilbert_sst2,1000,48,0.015797299749203776,0.016014338624651098,0.009531750808610805,0.015823080094145292,0.008852709870727445,0.021426340401584525
distilbert_sst2,1000,49,0.015797299749203776,0.021302391972006902,0.010849665996656101,0.017253496652131543,0.011332824128215258,0.02270654202200079
distilbert_sst2,1000,50,0.015797299749203776,0.02540887559432013,0.01203436276905423,0.020812809342632688,0.011329620413670374,0.022631926091570272
distilbert_sst2,1000,51,0.015797299749203776,0.023609136622888573,0.014709381574079385,0.025062607295938073,0.014089499998670226,0.027255705892412645
distilbert_sst2,1000,52,0.015797299749203776,0.013238883655918129,0.009552120569272377,0.01979038925514361,0.009521899917038834,0.021415904192659367
distilbert_sst2,1000,53,0.015797299749203776,0.017134302936930447,0.01025983887348677,0.018456155298078147,0.01042562487430565,0.021063647831778002
distilbert_sst2,1000,54,0.015797299749203776,0.011249495187866918,0.01101327154521962,0.0175769689375834,0.010750793715803616,0.020320193091282863
distilbert_sst2,1000,55,0.015797299749203776,0.025070795776760607,0.01105188861955009,0.025575822369431036,0.01063544564456632,0.02727721901974653
distilbert_sst2,1000,56,0.015797299749203776,0.017481624030082413,0.010670120155710195,0.02027833761537415,0.009467135931237037,0.024417995717234478
distilbert_sst2,1000,57,0.015797299749203776,0.009764234383751739,0.010482073866821678,0.01905063466117196,0.010131885187954107,0.02071963345971705
distilbert_sst2,1000,58,0.015797299749203776,0.016321116637768626,0.006954791415962351,0.012335039365563362,0.005876540373495153,0.014035051311242837
distilbert_sst2,1000,59,0.015797299749203776,0.021881567346562412,0.013094329660466765,0.01843335535953744,0.010432081188597456,0.02287255370416103
distilbert_sst2,1000,60,0.015797299749203776,0.021550854203355216,0.006986222726459922,0.018755669857960303,0.007107911053187118,0.022741364487142066
distilbert_sst2,1000,61,0.015797299749203776,0.009434539175694406,0.010805534234482448,0.016452017754843305,0.010473731278174237,0.01696849650470687
distilbert_sst2,1000,62,0.015797299749203776,0.00777327535867834,0.007157106174670812,0.012716658399375537,0.006564865397499476,0.016881949652886592
distilbert_sst2,1000,63,0.015797299749203776,0.011732380537815569,0.010995576907257568,0.016314869273494174,0.008134087712411975,0.022203385291895937
distilbert_sst2,1000,64,0.015797299749203776,0.0266835704935244,0.018209654327335758,0.02672613815467864,0.016799914737887552,0.028447944737857223
distilbert_sst2,1000,65,0.015797299749203776,0.0268615559697851,0.01146536645185869,0.021491648231489816,0.00952194921448064,0.02590250917516284
distilbert_sst2,1000,66,0.015797299749203776,0.01697605008971014,0.008128492700471512,0.01710041465632894,0.008545583878382421,0.01946507124079174
distilbert_sst2,1000,67,0.015797299749203776,0.013645037137020762,0.007963968499408235,0.013710401475544056,0.009513882482911153,0.015981319391379607
distilbert_sst2,1000,68,0.015797299749203776,0.02218063815732698,0.010462054450079647,0.017205821056382572,0.011877222968891037,0.023439696545146216
distilbert_sst2,1000,69,0.015797299749203776,0.02003874625160346,0.008628587544465301,0.014726976040106352,0.00876878723956859,0.018520434458627746
distilbert_sst2,1000,70,0.015797299749203776,0.02388433600567331,0.014444902019015122,0.02351568779677162,0.015047604647828868,0.028181533518461924
distilbert_sst2,1000,71,0.015797299749203776,0.012792389183050654,0.011415773915472518,0.015589579457658882,0.011598288233702295,0.020841701288046043
distilbert_sst2,1000,72,0.015797299749203776,0.007039723731592719,0.006989262654495828,0.01370615607461945,0.006685145519935441,0.01799421233060372
distilbert_sst2,1000,73,0.015797299749203776,0.016925039805775654,0.008802145121334698,0.014086794635102673,0.008725207797109958,0.021220813094369746
distilbert_sst2,1000,74,0.015797299749203776,0.024164432140622673,0.012135841449987578,0.023981340014718504,0.01119672588796752,0.027047049820964238
distilbert_sst2,1000,75,0.015797299749203776,0.018079375411980562,0.010181671474680931,0.013598738524263503,0.009404233557532369,0.01820270233081602
distilbert_sst2,1000,76,0.015797299749203776,0.013503565452163243,0.00894789713294405,0.013998484708246687,0.008183610818555006,0.019121665183549425
distilbert_sst2,1000,77,0.015797299749203776,0.014367816488616438,0.008394424585344635,0.016056664039730124,0.008145983270648634,0.021253764325456323
distilbert_sst2,1000,78,0.015797299749203776,0.017279286484452604,0.014584151347608718,0.0162219290614961,0.009189902239003752,0.02216144621106493
distilbert_sst2,1000,79,0.015797299749203776,0.022442914790301458,0.010303751213079564,0.019591886923229253,0.011961968878097322,0.022010869966492805
distilbert_sst2,1000,80,0.015797299749203776,0.017851468772883097,0.011672304207051995,0.016496972392403778,0.009591883748701163,0.021726123142555866
distilbert_sst2,1000,81,0.015797299749203776,0.023052336074530184,0.009545451278942808,0.018142908227753732,0.00926686373176479,0.021436071042293465
distilbert_sst2,1000,82,0.015797299749203776,0.011179254051992871,0.007726811568194052,0.016754309751935467,0.008043296846152678,0.018565334352233447
distilbert_sst2,1000,83,0.015797299749203776,0.020270312885086163,0.009321410388084626,0.01673785595771809,0.00872050897328339,0.01924072803777812
distilbert_sst2,1000,84,0.015797299749203776,0.018476098827870723,0.01104078277768865,0.018110806298525763,0.011153107365931439,0.022318899933110876
distilbert_sst2,1000,85,0.015797299749203776,0.01985371275085518,0.007950027018851275,0.014208179714267128,0.007551494568933458,0.018127586611382855
distilbert_sst2,1000,86,0.015797299749203776,0.012268550579704407,0.008681392399638182,0.01686288527282894,0.00896517163928717,0.02104276376832948
distilbert_sst2,1000,87,0.015797299749203776,0.013758425244742271,0.01144012833697584,0.019611559298193137,0.009650791095207662,0.02370743159567931
distilbert_sst2,1000,88,0.015797299749203776,0.01228472958947917,0.009704772583579525,0.017323602096688245,0.009614621532486501,0.019560392903785747
distilbert_sst2,1000,89,0.015797299749203776,0.018782166441388824,0.009294061864694206,0.016557100874635553,0.009019874759766516,0.024340859014372062
distilbert_sst2,1000,90,0.015797299749203776,0.013817589452756901,0.009444718069800725,0.01619022603424499,0.01021118112393385,0.018092225911733283
distilbert_sst2,1000,91,0.015797299749203776,0.03266344951256606,0.014697395154924358,0.026078379260628098,0.014193088842687173,0.029589330087340913
distilbert_sst2,1000,92,0.015797299749203776,0.01739698103861463,0.011374316277348832,0.019509960271366776,0.011847206314341874,0.0225564736147471
distilbert_sst2,1000,93,0.015797299749203776,0.020480953352085798,0.008287017842588389,0.0150299458661312,0.008308443098316992,0.01959656483278637
distilbert_sst2,1000,94,0.015797299749203776,0.02285263318968325,0.007935040331800591,0.015302591267437169,0.006838031298691387,0.022038937856009747
distilbert_sst2,1000,95,0.015797299749203776,0.017835188729298224,0.009272175788308764,0.018419970858721442,0.009269062339277592,0.021130942262367024
distilbert_sst2,1000,96,0.015797299749203776,0.0146379090263877,0.006768715578027629,0.01829059022960509,0.0063335170699901095,0.02153134619944704
distilbert_sst2,1000,97,0.015797299749203776,0.011544086234917178,0.01160137771201239,0.016445151177112084,0.009238385526288211,0.020525804276232292
distilbert_sst2,1000,98,0.015797299749203776,0.017928696809628747,0.01329058640561462,0.019217503403799734,0.012704250418650932,0.022028282500645733
distilbert_sst2,1000,99,0.015797299749203776,0.012615151259823163,0.010511933444789099,0.016823971004144195,0.010136288419039128,0.019782742294952353
distilbert_sst2,1000,100,0.015797299749203776,0.008980258167843487,0.009680602463599728,0.01642607369714111,0.010489527193600067,0.019380058577613726
distilbert_sst2,1000,101,0.015797299749203776,0.02307567199626253,0.012541440844923141,0.023542899813353006,0.011572643101261632,0.02595921132127054
distilbert_sst2,1000,102,0.015797299749203776,0.007296751887982686,0.00998289354639997,0.014293407059493989,0.01001829177693032,0.017778184514568453
distilbert_sst2,1000,103,0.015797299749203776,0.014741156653755656,0.009344323395818735,0.016776735362266478,0.010026630217027264,0.021756641105301008
distilbert_sst2,1000,104,0.015797299749203776,0.015777563670287726,0.009488193162121935,0.015437267966030156,0.00837284889817645,0.017340943863687088
distilbert_sst2,1000,105,0.015797299749203776,0.01907134660802342,0.013835685004894134,0.01796557565189705,0.013039112409921652,0.022880694389981804
distilbert_sst2,1000,106,0.015797299749203776,0.02075468786265228,0.010647107056733331,0.01626327338913569,0.010194384851881523,0.022755477753841805
distilbert_sst2,1000,107,0.015797299749203776,0.015761945975492114,0.011976790647963118,0.01847541870310261,0.011347054640463523,0.022352984822325027
distilbert_sst2,1000,108,0.015797299749203776,0.023129588078631916,0.008387992666563192,0.01740277565691585,0.009925293969608374,0.025751349793317887
distilbert_sst2,1000,109,0.015797299749203776,0.01681241604830082,0.009127314529266739,0.01853892689042431,0.00905978463096076,0.01983502705549848
distilbert_sst2,1000,110,0.015797299749203776,0.011097522851443909,0.010117946921464206,0.01505921918202951,0.00955590980025399,0.01877432256113709
distilbert_sst2,1000,111,0.015797299749203776,0.011871896053412169,0.008424328364673323,0.012485929038547929,0.0073180190718805035,0.01746460801081852
distilbert_sst2,1000,112,0.015797299749203776,0.024547699172645942,0.014909720467825799,0.019751152285158627,0.013838554337610857,0.023850255291181347
distilbert_sst2,1000,113,0.015797299749203776,0.01735258198700354,0.01191961388751702,0.015683505526148136,0.01151173595271632,0.020603457837998444
distilbert_sst2,1000,114,0.015797299749203776,0.02574814263475712,0.01203066416336037,0.01795177723544009,0.011936675944270562,0.024802101724066074
distilbert_sst2,1000,115,0.015797299749203776,0.023410110713176894,0.016561952231462646,0.021779473288761862,0.014764820184718943,0.02550341931057558
distilbert_sst2,1000,116,0.015797299749203776,0.023257566304686766,0.01193002885622619,0.02251432703708006,0.011273371241244255,0.02735931204480671
distilbert_sst2,1000,117,0.015797299749203776,0.015344128057088013,0.009345692561184712,0.016653697968910964,0.009966632505285266,0.023402265862676807
distilbert_sst2,1000,118,0.015797299749203776,0.01326356947932269,0.00784330779520099,0.015109530376939727,0.007498965011970874,0.018150062125348358
distilbert_sst2,1000,119,0.015797299749203776,0.011230840848831511,0.010195989972332653,0.0166880177118086,0.009655717946487731,0.022882093080352384
distilbert_sst2,1000,120,0.015797299749203776,0.017306162790227623,0.008320513220878022,0.012640174938588787,0.007552865914911086,0.01453857562462954
distilbert_sst2,1000,121,0.015797299749203776,0.018785439530205415,0.012534445670723033,0.018575591823461777,0.011502563165157369,0.02266801452301589
distilbert_sst2,1000,122,0.015797299749203776,0.021291899098087663,0.009647216468398417,0.017295211658198813,0.010408475504824146,0.021388781467521583
distilbert_sst2,1000,123,0.015797299749203776,0.020996277848800763,0.011549773906456626,0.017065150070291715,0.010716281117591596,0.020867008255104364
distilbert_sst2,1000,124,0.015797299749203776,0.013527005255278314,0.008903543292950258,0.014511161615887024,0.007951598478098273,0.021362481235855605
distilbert_sst2,1000,125,0.015797299749203776,0.025136921157933066,0.014825771970298409,0.02414807830803079,0.014056837859056382,0.0289166600553052
distilbert_sst2,1000,126,0.015797299749203776,0.017106220020342903,0.009789196965440214,0.018561470211164274,0.011072179722870513,0.02437676585345567
distilbert_sst2,1000,127,0.015797299749203776,0.014858491035325591,0.008564583160948241,0.012307509949987815,0.008424640470969982,0.01682261418772349
distilbert_sst2,1000,128,0.015797299749203776,0.010577264008045286,0.0107960069918835,0.017092022522553724,0.010356651498390155,0.02053186434882363
distilbert_sst2,1000,129,0.015797299749203776,0.017780964715948363,0.008085947210374802,0.016029420404072268,0.00682301552801717,0.018271637501621217
distilbert_sst2,1000,130,0.015797299749203776,0.008620008174097412,0.011021232497344534,0.0190869034223152,0.010832536160817259,0.021732171210288517
distilbert_sst2,1000,131,0.015797299749203776,0.01816023376320207,0.010607515111154285,0.0170351573981017,0.01047867177633374,0.021027719494844013
distilbert_sst2,1000,132,0.015797299749203776,0.015275912278449705,0.010143081146796615,0.016332361030735994,0.01058975348880961,0.021948152406625482
distilbert_sst2,1000,133,0.015797299749203776,0.0077215981423484886,0.006486964999285795,0.010564483086090353,0.006450719148917775,0.012841381782030259
distilbert_sst2,1000,134,0.015797299749203776,0.018703809765245452,0.011252337219270069,0.016427538015880344,0.010445186856938881,0.020356051978543812
distilbert_sst2,1000,135,0.015797299749203776,0.020285891368024424,0.010597519834261849,0.021363984199524552,0.010744416745511496,0.02341865589920777
distilbert_sst2,1000,136,0.015797299749203776,0.022046497591464216,0.011205811365692545,0.021685501295381486,0.011129353315012398,0.028028909796003677
distilbert_sst2,1000,137,0.015797299749203776,0.03084808002063275,0.013724295177019978,0.0257180315501836,0.013895225763485628,0.027255579664693937
distilbert_sst2,1000,138,0.015797299749203776,0.014160811230073884,0.008501481738237296,0.015274827183716602,0.007684715771896549,0.02052216117883206
distilbert_sst2,1000,139,0.015797299749203776,0.014286275404264602,0.011185816625427697,0.015873319848236426,0.009059287077255156,0.02161134445942158
distilbert_sst2,1000,140,0.015797299749203776,0.018117597818198904,0.012412970364497575,0.017137208935597118,0.011207694731834849,0.023617492364282212
distilbert_sst2,1000,141,0.015797299749203776,0.015815560065552074,0.007991797794639915,0.016565210532199785,0.00881191194341108,0.021591147689842653
distilbert_sst2,1000,142,0.015797299749203776,0.02462837907650925,0.01404928704203578,0.02204666242333208,0.013171417556603364,0.027882872719291907
distilbert_sst2,1000,143,0.015797299749203776,0.011990155387027357,0.009208125098358333,0.016740279600161966,0.008959181808462776,0.020130249378357088
distilbert_sst2,1000,144,0.015797299749203776,0.015057253102720027,0.008780907713957085,0.01676142285665511,0.00804735175449477,0.018845539623283152
distilbert_sst2,1000,145,0.015797299749203776,0.013865062982208807,0.010149205432265026,0.016161322045606514,0.011065280285177894,0.017409541008176477
distilbert_sst2,1000,146,0.015797299749203776,0.029159965278076867,0.013795636791745527,0.02223874075884864,0.013004473484822913,0.02605465876806111
distilbert_sst2,1000,147,0.015797299749203776,0.028358877971096094,0.009942906331417336,0.02273735645085678,0.008965781636883344,0.02816986723815458
distilbert_sst2,1000,148,0.015797299749203776,0.013908666963941559,0.00903719449088545,0.01768741732601635,0.00974608293256682,0.02095524000766894
distilbert_sst2,1000,149,0.015797299749203776,0.015659596711387613,0.010665440949513367,0.016576134921590317,0.01045945350542797,0.020950449381794578
distilbert_sst2,1000,150,0.015797299749203776,0.025696657048176773,0.016637711153794088,0.02400911358289482,0.015272081121805895,0.03019376481651481
distilbert_sst2,1000,151,0.015797299749203776,0.016642707217792926,0.009757418131552387,0.015930909111733317,0.009341382459853527,0.022789603480829614
distilbert_sst2,1000,152,0.015797299749203776,0.011367501940906227,0.009401030092882151,0.014598834505077804,0.007790571854913016,0.017960549504225546
distilbert_sst2,1000,153,0.015797299749203776,0.020092423513723725,0.012106040090522383,0.017739029781605645,0.013232416712301229,0.022665987938674293
distilbert_sst2,1000,154,0.015797299749203776,0.02055579245042764,0.008849434290781192,0.01355530991891226,0.008379631506665576,0.017704581459705444
distilbert_sst2,1000,155,0.015797299749203776,0.008633577051380405,0.008817303615755995,0.016609638713506385,0.007942200505653078,0.021795663734182767
distilbert_sst2,1000,156,0.015797299749203776,0.01244660046998987,0.009079081108660616,0.017211166530769435,0.009913175175611338,0.0186514143719053
distilbert_sst2,1000,157,0.015797299749203776,0.015846186125698627,0.010224647129684766,0.012680473790003775,0.009439978137132463,0.018068484622544935
distilbert_sst2,1000,158,0.015797299749203776,0.020109393677529012,0.012074623579713631,0.019986808843460074,0.012586257753652585,0.028104771872273275
distilbert_sst2,1000,159,0.015797299749203776,0.025052904106395806,0.013460476936875451,0.02088658878899017,0.013300428177990806,0.02313054419809178
distilbert_sst2,1000,160,0.015797299749203776,0.02312234774717944,0.013655871145233537,0.020742649168516546,0.015232421331841816,0.02395670971461895
distilbert_sst2,1000,161,0.015797299749203776,0.016509533448856913,0.00958979760918363,0.01576416043854639,0.009763284389860483,0.018903562697364335
distilbert_sst2,1000,162,0.015797299749203776,0.015259433281245861,0.011556207094929268,0.017118854881539823,0.010682189961288035,0.02108869191558815
distilbert_sst2,1000,163,0.015797299749203776,0.015139840721170864,0.012594503840027112,0.020815290134177107,0.012728594545980118,0.02481611650551166
distilbert_sst2,1000,164,0.015797299749203776,0.009841252842035204,0.009534351208396536,0.016116359556621624,0.008408855570807186,0.018410939589986387
distilbert_sst2,1000,165,0.015797299749203776,0.013588965470343186,0.010014537882025356,0.016151838875571457,0.010177544712154893,0.021343411402075754
distilbert_sst2,1000,166,0.015797299749203776,0.017083808800697844,0.01121790099151589,0.017652696185223627,0.00932238313694915,0.0207688406083523
distilbert_sst2,1000,167,0.015797299749203776,0.023851173983011856,0.011972006857823698,0.020445025235714002,0.01150861767526017,0.023192563218800023
distilbert_sst2,1000,168,0.015797299749203776,0.01885609769482972,0.014556205719988145,0.019067491128596507,0.014522723877987725,0.022920274770611215
distilbert_sst2,1000,169,0.015797299749203776,0.02160428308400752,0.010681706388331507,0.016483474344428362,0.009746799168657953,0.01855731529568112
distilbert_sst2,1000,170,0.015797299749203776,0.019410644217197705,0.011658785140259222,0.01696651564465668,0.012145567639640939,0.020102435579667167
distilbert_sst2,1000,171,0.015797299749203776,0.019367439941266922,0.009143169256873182,0.02160126970901967,0.009537682375762697,0.024875849718974326
distilbert_sst2,1000,172,0.015797299749203776,0.01966156215381287,0.011618902217978152,0.01935328203335101,0.010164569358659236,0.023294968312230206
distilbert_sst2,1000,173,0.015797299749203776,0.014510846905402896,0.010504523270562702,0.014545804691503197,0.009918600205301293,0.016919381438108193
distilbert_sst2,1000,174,0.015797299749203776,0.012627466155001033,0.006589737754269825,0.012483163740453733,0.006491806624979481,0.01612793590869562
distilbert_sst2,1000,175,0.015797299749203776,0.01765037921860991,0.010970690258689955,0.013662888410256648,0.010930616687720992,0.016909278156526375
distilbert_sst2,1000,176,0.015797299749203776,0.018268601023409728,0.008697271351853643,0.015123408335648169,0.008065359879743814,0.022546270893014687
distilbert_sst2,1000,177,0.015797299749203776,0.01550809553897077,0.010245182411288337,0.0159743695082652,0.01028412410425372,0.017252483921069567
distilbert_sst2,1000,178,0.015797299749203776,0.024628281039746375,0.011520927863221482,0.01907293069927408,0.011494893636363489,0.025771064251707304
distilbert_sst2,1000,179,0.015797299749203776,0.018177562947539052,0.01334027379032882,0.018590397776899727,0.01084642652938922,0.024080400075736776
distilbert_sst2,1000,180,0.015797299749203776,0.01935731633307131,0.012826762379296143,0.017102033032587668,0.01243649618022145,0.02345167088712984
distilbert_sst2,1000,181,0.015797299749203776,0.020066352178486832,0.011019254778291488,0.018741985799210176,0.01037899280841818,0.0238858716819151
distilbert_sst2,1000,182,0.015797299749203776,0.020265315906082777,0.013011031706042779,0.020448939586764425,0.011082144215819295,0.02350675274149566
distilbert_sst2,1000,183,0.015797299749203776,0.01626548240519202,0.013494046744184205,0.017269369702924732,0.011577203380851659,0.018671693387643615
distilbert_sst2,1000,184,0.015797299749203776,0.01789966078633127,0.010497049625987164,0.016855239591396447,0.010578288030191124,0.019711568618961492
distilbert_sst2,1000,185,0.015797299749203776,0.014258506791786191,0.01392695723867066,0.018796821461164046,0.012318759492218789,0.02122772054006243
distilbert_sst2,1000,186,0.015797299749203776,0.017136213757137485,0.010494658706366553,0.01710913138772193,0.008307913785209429,0.01847811165136489
distilbert_sst2,1000,187,0.015797299749203776,0.020859884685171602,0.012217852812811415,0.021466667914230367,0.011816192829222746,0.02555459759688081
distilbert_sst2,1000,188,0.015797299749203776,0.026323590615014145,0.011386068369211693,0.02246424202501802,0.013127027117110505,0.02864278598469507
distilbert_sst2,1000,189,0.015797299749203776,0.020051322224357918,0.007444416930254117,0.017574222914048362,0.008330031003990039,0.021852721503712327
distilbert_sst2,1000,190,0.015797299749203776,0.022730720999329327,0.013314503395531075,0.02027736547118024,0.012937119332856708,0.021464934207175452
distilbert_sst2,1000,191,0.015797299749203776,0.011568504365969267,0.006359193294803923,0.011326196124938584,0.00727448837014474,0.013021698951424134
distilbert_sst2,1000,192,0.015797299749203776,0.015086187854283352,0.0110526558653133,0.01646817931712128,0.010124069226719917,0.021582521428280176
distilbert_sst2,1000,193,0.015797299749203776,0.016361969386221805,0.011445282391900444,0.0156849563690718,0.01142872350846802,0.019426801186402384
distilbert_sst2,1000,194,0.015797299749203776,0.014889017578611883,0.00859882734805655,0.014561656708021143,0.008193935382062726,0.018677597112878617
distilbert_sst2,1000,195,0.015797299749203776,0.014842069902372067,0.013415528590247137,0.020864565284801066,0.012916713541778707,0.023732976142687774
distilbert_sst2,1000,196,0.015797299749203776,0.01601885315848621,0.008571045560035464,0.02096924517111269,0.009153602577181019,0.02242287894958121
distilbert_sst2,1000,197,0.015797299749203776,0.009007828368974345,0.009403549119535644,0.015072390763337993,0.008912005557712124,0.019056830991693547
distilbert_sst2,1000,198,0.015797299749203776,0.014606788878893228,0.009679244059361894,0.014489747716777426,0.009500147500723926,0.01727265928477467
distilbert_sst2,1000,199,0.015797299749203776,0.021063125201043156,0.011815001662191066,0.023490399648145952,0.01118198621514591,0.02648090628426574
distilbert_sst2,2500,0,0.015797299749203776,0.015129219053105214,0.008439305418629235,0.015718665799682903,0.009958322841485128,0.024263321523097015
distilbert_sst2,2500,1,0.015797299749203776,0.022074175431537935,0.010177096257743372,0.016831743699245953,0.011259410747235786,0.026737320695763213
distilbert_sst2,2500,2,0.015797299749203776,0.014184165572677909,0.008085804665181266,0.01495107540529726,0.007966278087776578,0.02137158676127178
distilbert_sst2,2500,3,0.015797299749203776,0.015960309949607586,0.00874059799786282,0.016269885249303544,0.00945692190595599,0.02329300489871468
distilbert_sst2,2500,4,0.015797299749203776,0.012017895694132663,0.006228107807526322,0.013724925734656715,0.007350106726835231,0.01879936987713058
distilbert_sst2,2500,5,0.015797299749203776,0.013508141545457522,0.0087884753546348,0.016862993320441274,0.009535536932111807,0.02389668319290529
distilbert_sst2,2500,6,0.015797299749203776,0.020768323791468885,0.00909818681282009,0.019477435860033365,0.010819732434314899,0.026232701814499652
distilbert_sst2,2500,7,0.015797299749203776,0.01639092476698207,0.0077583081484219,0.013700853702252843,0.008090327064382109,0.020911016656987014
distilbert_sst2,2500,8,0.015797299749203776,0.013847862401673456,0.007791038834338773,0.01490069295223974,0.008793033237938156,0.021668290962265132
distilbert_sst2,2500,9,0.015797299749203776,0.015772617878936454,0.008211735485496004,0.014145473117058027,0.008544153655875719,0.023229908791365196
distilbert_sst2,2500,10,0.015797299749203776,0.017607678980364354,0.008873574571115336,0.0144852919117474,0.009103128855201972,0.02159190457780796
distilbert_sst2,2500,11,0.015797299749203776,0.01745083573249741,0.011072020233445551,0.019755698200880557,0.011657133443376154,0.02646592022636957
distilbert_sst2,2500,12,0.015797299749203776,0.015655675739169247,0.008374275449584436,0.01632502940052596,0.010494363347389533,0.020792814794220918
distilbert_sst2,2500,13,0.015797299749203776,0.01733659707787615,0.007512527628018354,0.017059884890894116,0.009390936498820562,0.02266037989118549
distilbert_sst2,2500,14,0.015797299749203776,0.01728112097903602,0.009766318714432735,0.017153954327375886,0.010412317256558607,0.02398387397154402
distilbert_sst2,2500,15,0.015797299749203776,0.01621692438854427,0.011133025723943616,0.019050220883920974,0.01243835707021198,0.026846846101561576
distilbert_sst2,2500,16,0.015797299749203776,0.01984474736127168,0.011214048211106609,0.01904292682050865,0.012495436167811208,0.026831734916451744
distilbert_sst2,2500,17,0.015797299749203776,0.017377758792714734,0.008812780102306591,0.015139345342181289,0.010386158855351591,0.022949147717731135
distilbert_sst2,2500,18,0.015797299749203776,0.013100277305593098,0.007517805049385288,0.012861466304998636,0.007704894692988422,0.020210163621968653
distilbert_sst2,2500,19,0.015797299749203776,0.01716770059334281,0.011728331197688333,0.020395809868782432,0.012933165001389559,0.025472976904837907
distilbert_sst2,2500,20,0.015797299749203776,0.014335359835823016,0.00790402521170401,0.014570619651221622,0.008640060899659536,0.021318389793680937
distilbert_sst2,2500,21,0.015797299749203776,0.021041942783653816,0.01110722839272691,0.02135192366197643,0.01286436299726029,0.029207034947267067
distilbert_sst2,2500,22,0.015797299749203776,0.01821251769651979,0.009531272858471617,0.01739055108095055,0.010742228335584353,0.025628992897467652
distilbert_sst2,2500,23,0.015797299749203776,0.016480350893365938,0.007949214048718168,0.014573943907258805,0.008889509953966708,0.02154275336695008
distilbert_sst2,2500,24,0.015797299749203776,0.015357023916423185,0.008116778009158145,0.016858262715415417,0.008592850369449814,0.022093776200674122
distilbert_sst2,2500,25,0.015797299749203776,0.014166991917094125,0.009701673483747647,0.01874064714148466,0.009563996463218493,0.02569865543279045
distilbert_sst2,2500,26,0.015797299749203776,0.015477603236373523,0.008450899572285082,0.016864022124010784,0.009772500932254059,0.025332552814234438
distilbert_sst2,2500,27,0.015797299749203776,0.015440900420505634,0.010284389326082563,0.016499472267001384,0.010616816443397323,0.02474769161085008
distilbert_sst2,2500,28,0.015797299749203776,0.017193403442948316,0.010270678617417374,0.01844808035958269,0.010982724676461797,0.027862259636852484
distilbert_sst2,2500,29,0.015797299749203776,0.01838893882287506,0.009273104987248202,0.01871011997718047,0.009382447626670598,0.026761229162441686
distilbert_sst2,2500,30,0.015797299749203776,0.015642234276538877,0.007594084952777811,0.016473878526392694,0.008900770350325098,0.02391015205142025
distilbert_sst2,2500,31,0.015797299749203776,0.007152976062680511,0.0076624555374393555,0.013715854703148933,0.008608686661956112,0.019571848821610914
distilbert_sst2,2500,32,0.015797299749203776,0.018760578121084802,0.010297097730466316,0.019093356031572268,0.0111088294828462,0.026385511608042967
distilbert_sst2,2500,33,0.015797299749203776,0.016162913803851372,0.007994993289379616,0.01736277297669828,0.00861259674821611,0.022372304324249467
distilbert_sst2,2500,34,0.015797299749203776,0.01209749252274962,0.008171206702370348,0.015746836837961502,0.009322294068954209,0.02301904993178254
distilbert_sst2,2500,35,0.015797299749203776,0.01685437048279195,0.0092781944879709,0.018328352043620533,0.010054091356513972,0.025438835875419535
distilbert_sst2,2500,36,0.015797299749203776,0.02177855427981567,0.008931986390278703,0.01750116881882388,0.009535801072383391,0.02586284164688671
distilbert_sst2,2500,37,0.015797299749203776,0.015258083636555557,0.006824808689264642,0.014384015740813046,0.00770540290367049,0.022947854265576544
distilbert_sst2,2500,38,0.015797299749203776,0.020237205881634406,0.010549477522487943,0.020849291056628333,0.011038970689180111,0.026112197306097533
distilbert_sst2,2500,39,0.015797299749203776,0.014295387042951802,0.008171645374617413,0.015175827710112043,0.009704104985779876,0.022027916243040624
distilbert_sst2,2500,40,0.015797299749203776,0.01655389111625873,0.009655872344714449,0.01513583522947457,0.010280679729984915,0.022572106087977068
distilbert_sst2,2500,41,0.015797299749203776,0.020971843883447402,0.009926636314245577,0.019892284355103648,0.011073507643351022,0.028075058914810318
distilbert_sst2,2500,42,0.015797299749203776,0.016526364157173377,0.008374934636660135,0.01395764047073474,0.008939379691355108,0.02126731832979701
distilbert_sst2,2500,43,0.015797299749203776,0.02201213068867537,0.00942566947975464,0.01637003797046154,0.010119322663022831,0.026106498432611674
distilbert_sst2,2500,44,0.015797299749203776,0.011640582994954697,0.0083177620554643,0.017133351562756038,0.009975766627211897,0.02248916012895111
distilbert_sst2,2500,45,0.015797299749203776,0.015121564167510352,0.007869640300938948,0.016948569074161368,0.008932238839616479,0.025004256397615242
distilbert_sst2,2500,46,0.015797299749203776,0.020784555776151528,0.011604535039713896,0.01969462399760054,0.012110303245515881,0.026300455912442625
distilbert_sst2,2500,47,0.015797299749203776,0.015427028360229116,0.009131275132261418,0.019066262302410833,0.009957695941679636,0.024316015529170443
distilbert_sst2,2500,48,0.015797299749203776,0.015391166016971831,0.008728199251709793,0.015124385937104757,0.009775379941864969,0.024681362695822506
distilbert_sst2,2500,49,0.015797299749203776,0.012485879112314385,0.009385174322063913,0.016884053172906102,0.010034598521357288,0.02210566891346682
distilbert_sst2,2500,50,0.015797299749203776,0.02100850021126825,0.011947276477627536,0.019513963876885386,0.014108826448720066,0.0274033586811423
distilbert_sst2,2500,51,0.015797299749203776,0.014514662165282187,0.008352166164043167,0.01601026959823551,0.00958261923283852,0.022190537231051008
distilbert_sst2,2500,52,0.015797299749203776,0.01641156446242281,0.01108502347122223,0.019365993522726572,0.01229140631796087,0.026871074465222324
distilbert_sst2,2500,53,0.015797299749203776,0.014222102053105562,0.007613181328054313,0.014954828498500905,0.00797518427384598,0.021760481262155542
distilbert_sst2,2500,54,0.015797299749203776,0.01712521059364928,0.00805004475359175,0.01388599981731334,0.008587461692537388,0.021448721301734964
distilbert_sst2,2500,55,0.015797299749203776,0.02054725571037773,0.008475741210868236,0.017389062372446085,0.009017408884109707,0.023020883431582855
distilbert_sst2,2500,56,0.015797299749203776,0.015576752078402291,0.007927605132032155,0.014626791518591566,0.00928557582089486,0.022316051295349134
distilbert_sst2,2500,57,0.015797299749203776,0.012837255842041258,0.007867636847551283,0.017557275030251653,0.009090191218702155,0.02372930455192125
distilbert_sst2,2500,58,0.015797299749203776,0.017376952011432068,0.010201093086639785,0.01749775220691556,0.011280198466742707,0.024094326838302118
distilbert_sst2,2500,59,0.015797299749203776,0.016884959987496784,0.009675944131463842,0.016955345977347314,0.010325754020547568,0.022826636401065116
distilbert_sst2,2500,60,0.015797299749203776,0.015988970861413945,0.0080397912042452,0.015322030771904378,0.009177551322808931,0.023296369995979612
distilbert_sst2,2500,61,0.015797299749203776,0.012015565137567413,0.0063067378036671205,0.013745578284281978,0.006448150772006202,0.018692982284535125
distilbert_sst2,2500,62,0.015797299749203776,0.016233778758701987,0.009803890631352253,0.01724323515600375,0.010078860825016179,0.02300625718440306
distilbert_sst2,2500,63,0.015797299749203776,0.019252882813590243,0.008825892561398948,0.01925700560906424,0.010724959213434198,0.029679426788240273
distilbert_sst2,2500,64,0.015797299749203776,0.01281485875288143,0.005983184718448657,0.012880676552300897,0.007292849329380834,0.01842464494219516
distilbert_sst2,2500,65,0.015797299749203776,0.01966098176893395,0.008862030851781891,0.017388545296427953,0.009713434946402076,0.02455235290213439
distilbert_sst2,2500,66,0.015797299749203776,0.019966016372879612,0.00977994189011216,0.018117244838376557,0.010348289614146538,0.0250974180768969
distilbert_sst2,2500,67,0.015797299749203776,0.013095560696417147,0.008452729960464707,0.014962324977110718,0.007919667495703107,0.02120453323446475
distilbert_sst2,2500,68,0.015797299749203776,0.017743350633418094,0.009926699076554402,0.01792568892749688,0.010351661439210262,0.023689316620676068
distilbert_sst2,2500,69,0.015797299749203776,0.018868684029337772,0.01071398764171084,0.018635415688834856,0.011991881540577865,0.02419105234324253
distilbert_sst2,2500,70,0.015797299749203776,0.016630679634082386,0.009450458587643408,0.015910115300554886,0.01013999169702514,0.024293813816607775
distilbert_sst2,2500,71,0.015797299749203776,0.014968393585602894,0.007125814320748896,0.01463246665210968,0.008446691703771885,0.021365943231007198
distilbert_sst2,2500,72,0.015797299749203776,0.01180567363488264,0.006926295176864662,0.012163251657716811,0.007048688840893792,0.0194967616023969
distilbert_sst2,2500,73,0.015797299749203776,0.016859418637023137,0.011025349002585696,0.020631383429699942,0.012206515639261941,0.026279136311573
distilbert_sst2,2500,74,0.015797299749203776,0.010994171183619273,0.006380138890326893,0.013019149787561114,0.006863203012001576,0.020819529572720652
distilbert_sst2,2500,75,0.015797299749203776,0.02877104049342256,0.012801213290030072,0.02200582320851669,0.014132772594491139,0.028532521530366367
distilbert_sst2,2500,76,0.015797299749203776,0.014552473777279567,0.009569575253387492,0.018028434159604458,0.010924872630318674,0.023432585948350706
distilbert_sst2,2500,77,0.015797299749203776,0.011792665676276704,0.0061280602997922685,0.013135874600429958,0.007132725650613051,0.019577345953092823
distilbert_sst2,2500,78,0.015797299749203776,0.013213216851952916,0.009030925689067637,0.016594857561621514,0.00951585669949441,0.024213333433325126
distilbert_sst2,2500,79,0.015797299749203776,0.02017656368822534,0.010409724491953879,0.018429107180973826,0.010731306588932406,0.0269836511079827
distilbert_sst2,2500,80,0.015797299749203776,0.022199182831961053,0.01097364498669108,0.021601234975432204,0.01143296371314052,0.03022408540865428
distilbert_sst2,2500,81,0.015797299749203776,0.013828810804511142,0.008401555951634328,0.015329347055432997,0.009349166657313567,0.025391089878425192
distilbert_sst2,2500,82,0.015797299749203776,0.017100711968302987,0.008069447483631295,0.015394791189033367,0.008229878450311399,0.02399980131794809
distilbert_sst2,2500,83,0.015797299749203776,0.016016710951440874,0.01004220766026775,0.01665093969232867,0.01180105569032179,0.023392014209228464
distilbert_sst2,2500,84,0.015797299749203776,0.020012519260521642,0.009794613569448515,0.01760219774186172,0.01089491534267726,0.024665355130718193
distilbert_sst2,2500,85,0.015797299749203776,0.015881151787125257,0.008126729008518161,0.014365433078535859,0.008976962258405581,0.020202544258822386
distilbert_sst2,2500,86,0.015797299749203776,0.013889665920945645,0.009753930320330888,0.01725127302735359,0.010190136731034131,0.02250265962421397
distilbert_sst2,2500,87,0.015797299749203776,0.012051036198315853,0.00935574618276344,0.015977263575517823,0.00952544843444738,0.025530275533769686
distilbert_sst2,2500,88,0.015797299749203776,0.013569769382002078,0.008266230952728857,0.017052395550895577,0.008904706897476331,0.025600233675784352
distilbert_sst2,2500,89,0.015797299749203776,0.020090827320686504,0.008996692742454437,0.018027472528229862,0.009845346526621205,0.027040489532727304
distilbert_sst2,2500,90,0.015797299749203776,0.01944981778717459,0.008890934098656485,0.020052363242571335,0.009904077897676136,0.026764959648236938
distilbert_sst2,2500,91,0.015797299749203776,0.013885110119051013,0.00778006251301338,0.015278548952993645,0.009009078173269274,0.024432750081606044
distilbert_sst2,2500,92,0.015797299749203776,0.015609597418683882,0.009913946029112903,0.015760382691129417,0.010632271370363246,0.02324347843280081
distilbert_sst2,2500,93,0.015797299749203776,0.017791938994797328,0.008324244916616187,0.018455497630686924,0.009453416874328548,0.023959878893151834
distilbert_sst2,2500,94,0.015797299749203776,0.01170366522032042,0.007547396173986982,0.014029630114587308,0.008587783614010672,0.02129199063607971
distilbert_sst2,2500,95,0.015797299749203776,0.014626204419540625,0.00848206534367599,0.0142192521640343,0.009462331843748163,0.02207895779495465
distilbert_sst2,2500,96,0.015797299749203776,0.01750241525551164,0.0088295531301157,0.01846188303336094,0.009108480021034638,0.02529984690252059
distilbert_sst2,2500,97,0.015797299749203776,0.020081375205578875,0.0119753310864521,0.02011814027569354,0.013068106359540647,0.026209027768076563
distilbert_sst2,2500,98,0.015797299749203776,0.01474390466933711,0.009978343475976037,0.01563369503290304,0.010342382997638067,0.022713263930360834
distilbert_sst2,2500,99,0.015797299749203776,0.021079923977299596,0.009653920460760143,0.018730732234941202,0.01086647449107921,0.02725626441634291
distilbert_sst2,2500,100,0.015797299749203776,0.018706579919008075,0.00899735564019209,0.0173993847395731,0.009721988713356064,0.025862160562239386
distilbert_sst2,2500,101,0.015797299749203776,0.021212959939629617,0.010849662691126534,0.018158386683877988,0.011495691259315127,0.02820150132829795
distilbert_sst2,2500,102,0.015797299749203776,0.017225724453216518,0.008556681169118726,0.01805991894036806,0.010234992055586336,0.025445424836413315
distilbert_sst2,2500,103,0.015797299749203776,0.01521860647954302,0.009908778789737026,0.01828578560480833,0.010423529753752794,0.026288058446745036
distilbert_sst2,2500,104,0.015797299749203776,0.01588951455669775,0.009133696977436302,0.0162014055252133,0.00972583917382039,0.023353216104287682
distilbert_sst2,2500,105,0.015797299749203776,0.019188749847447815,0.009805789323697758,0.01853720968080476,0.010766899709714908,0.025248996283386994
distilbert_sst2,2500,106,0.015797299749203776,0.01183513115973078,0.006964806631547103,0.014914538607217939,0.008516573616931136,0.02221700607956408
distilbert_sst2,2500,107,0.015797299749203776,0.018285297753281037,0.01109404277024552,0.01953062794058604,0.012296885160599687,0.026658284468297877
distilbert_sst2,2500,108,0.015797299749203776,0.019481590524632747,0.013134371496910806,0.021721802706231728,0.013766234037107765,0.02975648579810754
distilbert_sst2,2500,109,0.015797299749203776,0.013969561046180119,0.00955490507820786,0.01708073124853417,0.009531116192980402,0.024289495981829435
distilbert_sst2,2500,110,0.015797299749203776,0.016379488451561765,0.00831444812185414,0.01654139063038319,0.008630681956786155,0.022820446509939012
distilbert_sst2,2500,111,0.015797299749203776,0.014396349379937487,0.007815485774833415,0.015114332280712479,0.008621145276921548,0.022982116814709918
distilbert_sst2,2500,112,0.015797299749203776,0.017378397718494445,0.009336692702390102,0.01720013283867081,0.009617072928187014,0.022925119777411046
distilbert_sst2,2500,113,0.015797299749203776,0.010883263875339763,0.008140443933111124,0.014737739213100223,0.00851271436312496,0.021359282580814445
distilbert_sst2,2500,114,0.015797299749203776,0.012631204488536265,0.006587698485499281,0.013798310952754259,0.007746815145688022,0.020166810858577255
distilbert_sst2,2500,115,0.015797299749203776,0.01776376385103725,0.008990596791425278,0.01664425266965819,0.009968856737397787,0.02189510033611886
distilbert_sst2,2500,116,0.015797299749203776,0.023271907884024175,0.010085925687127309,0.02388721890306341,0.011935013768260812,0.030551038924898032
distilbert_sst2,2500,117,0.015797299749203776,0.013469156864296021,0.008385652911413665,0.018039800994714285,0.009909220644459213,0.027568222743884076
distilbert_sst2,2500,118,0.015797299749203776,0.012947586486842726,0.007257676576591239,0.013829239019076378,0.007683427758535474,0.020810323550717647
distilbert_sst2,2500,119,0.015797299749203776,0.015215633348279453,0.008703348036070672,0.014150585089029773,0.010207953020820407,0.023629309098944493
distilbert_sst2,2500,120,0.015797299749203776,0.015893911456044824,0.010207165815624322,0.019715605394019058,0.011367911179422974,0.026813780877134936
distilbert_sst2,2500,121,0.015797299749203776,0.016231655306262645,0.01027943641583164,0.01782867135911385,0.011452560590141384,0.024232774643499447
distilbert_sst2,2500,122,0.015797299749203776,0.012234528242240857,0.007405253820538259,0.016209077082663833,0.00802716719408483,0.022723098485554465
distilbert_sst2,2500,123,0.015797299749203776,0.01381492691729826,0.007166177466300794,0.015203596889148688,0.008587710452225191,0.022109468753451506
distilbert_sst2,2500,124,0.015797299749203776,0.016676793343372163,0.008915505798385629,0.016614836134756835,0.010888384096418586,0.024088191103577038
distilbert_sst2,2500,125,0.015797299749203776,0.016658024685672262,0.008167556981486175,0.016288897466640754,0.008170124299938027,0.02439984531725974
distilbert_sst2,2500,126,0.015797299749203776,0.018224928446913514,0.008872028206601114,0.017832166398690577,0.010482575877108232,0.02518790125171599
distilbert_sst2,2500,127,0.015797299749203776,0.01589215416361883,0.009178352383140439,0.0172044391870314,0.009974946601334706,0.023406554943176252
distilbert_sst2,2500,128,0.015797299749203776,0.015584308357357359,0.008948517652964583,0.018046247634083135,0.00867222889766038,0.024156471989506233
distilbert_sst2,2500,129,0.015797299749203776,0.013482900490642278,0.007829012127620397,0.015991477145057522,0.00960136373583946,0.02319068222768644
distilbert_sst2,2500,130,0.015797299749203776,0.019117969816749864,0.011711899334258891,0.018937373639366668,0.013441910542479531,0.026953200513883686
distilbert_sst2,2500,131,0.015797299749203776,0.018187968313766355,0.007484719120912297,0.015093062807420956,0.008087386161328324,0.022067850638978342
distilbert_sst2,2500,132,0.015797299749203776,0.014718210316923839,0.008897657895324596,0.016515820454481796,0.010593824392276073,0.02305544219259457
distilbert_sst2,2500,133,0.015797299749203776,0.018170460600362044,0.009301334406281187,0.017085390614719472,0.01072735644350398,0.023386531032570313
distilbert_sst2,2500,134,0.015797299749203776,0.019232172420696546,0.010765135605480107,0.01951949329869528,0.012054413672217275,0.027922049476643757
distilbert_sst2,2500,135,0.015797299749203776,0.012841782038250642,0.007866649032221283,0.015251199706116702,0.008828163607668645,0.020613791680695142
distilbert_sst2,2500,136,0.015797299749203776,0.020869775145823315,0.010669822320306423,0.02031126614399588,0.013100092261236122,0.026978109666015496
distilbert_sst2,2500,137,0.015797299749203776,0.018248214460951637,0.008828589913608359,0.016885545030930704,0.009963453297832587,0.025765694597457475
distilbert_sst2,2500,138,0.015797299749203776,0.017410552227196938,0.008682703460981154,0.015243050516535772,0.008983018198311179,0.02198146727575088
distilbert_sst2,2500,139,0.015797299749203776,0.01515791933665275,0.007475146905090671,0.015999465536293427,0.009060023737311965,0.02199237114231179
distilbert_sst2,2500,140,0.015797299749203776,0.013329639912917218,0.007421563513846232,0.01581872610468096,0.008593519593695963,0.022025369123774393
distilbert_sst2,2500,141,0.015797299749203776,0.016037229084742834,0.00956727451035116,0.015938220797925992,0.010443908884498768,0.022587907990893937
distilbert_sst2,2500,142,0.015797299749203776,0.018263954115760032,0.009426910170990895,0.018305157755355544,0.011239267725406114,0.026706929589488646
distilbert_sst2,2500,143,0.015797299749203776,0.017892153872089624,0.01137923703104501,0.018894776014500375,0.011770758281655011,0.024748764507397207
distilbert_sst2,2500,144,0.015797299749203776,0.01878827555028968,0.009336347802567481,0.019102090904198576,0.009193618171090788,0.025562324163137067
distilbert_sst2,2500,145,0.015797299749203776,0.013083113612454924,0.008157120673981114,0.018982434500322155,0.009064319226836018,0.024392256329356626
distilbert_sst2,2500,146,0.015797299749203776,0.016640349091930823,0.009938940808514379,0.016399554597564273,0.010963343367223533,0.025187402301689702
distilbert_sst2,2500,147,0.015797299749203776,0.019210817566559197,0.009439206464943523,0.015934296994670548,0.010139359101662776,0.02581537122937226
distilbert_sst2,2500,148,0.015797299749203776,0.014484281222473954,0.008017961247618333,0.015310096961075437,0.009277888033318978,0.02110959112617957
distilbert_sst2,2500,149,0.015797299749203776,0.016533766786146816,0.0070734587088177635,0.014384728675765256,0.007588385316146827,0.02275224823187481
distilbert_sst2,2500,150,0.015797299749203776,0.019075546495045396,0.009203385895790273,0.0181170166525,0.010273108599659846,0.027410459379120546
distilbert_sst2,2500,151,0.015797299749203776,0.01630584933001781,0.010278277677718156,0.018335856714063462,0.012587347731554916,0.025435334195789805
distilbert_sst2,2500,152,0.015797299749203776,0.01597681009746437,0.009494940228488357,0.016749566764269214,0.010500007064599418,0.02412549112964704
distilbert_sst2,2500,153,0.015797299749203776,0.01883234701080547,0.013198370373318979,0.020328912843237807,0.012925725887619978,0.025315034170978024
distilbert_sst2,2500,154,0.015797299749203776,0.022562163323199245,0.009408884084820466,0.021190573867089255,0.012470984472114293,0.02879078442260537
distilbert_sst2,2500,155,0.015797299749203776,0.01982531360319216,0.009752708847181693,0.02040848567802258,0.010704145720130172,0.027038507641061336
distilbert_sst2,2500,156,0.015797299749203776,0.015303020931604856,0.0077047715294270465,0.015024137470960418,0.00853307237105076,0.02370331404853077
distilbert_sst2,2500,157,0.015797299749203776,0.020663322849429584,0.009309190051754582,0.02155472963033059,0.010863935152108284,0.027629606837103332
distilbert_sst2,2500,158,0.015797299749203776,0.014575850016033832,0.01005333351304584,0.019256807728975568,0.011837006962716883,0.026545677380848478
distilbert_sst2,2500,159,0.015797299749203776,0.013990183130292997,0.008062073318085432,0.014561436788647474,0.008804997404483358,0.022198450073114093
distilbert_sst2,2500,160,0.015797299749203776,0.02286971034985102,0.011723278036862664,0.022001932849580127,0.012271406984862296,0.028739406229134113
distilbert_sst2,2500,161,0.015797299749203776,0.014174890395347113,0.009100308783051344,0.014354962886008142,0.01005521978492895,0.022084662515414414
distilbert_sst2,2500,162,0.015797299749203776,0.011369241585939757,0.00805451707813329,0.015150568857084606,0.008902167881898277,0.02056098723808506
distilbert_sst2,2500,163,0.015797299749203776,0.01820737820172233,0.009259101950531817,0.017153371581409376,0.009690322792309802,0.023874152115861406
distilbert_sst2,2500,164,0.015797299749203776,0.01369131765530376,0.008075433843941387,0.014719787599539878,0.00915661303945586,0.02255427511108398
distilbert_sst2,2500,165,0.015797299749203776,0.012251691989572532,0.00691041706553816,0.014071333561470799,0.007283554582796548,0.021061636033097183
distilbert_sst2,2500,166,0.015797299749203776,0.015559035160748035,0.008329792176485353,0.016649567927445798,0.009241766464165297,0.0234231293637618
distilbert_sst2,2500,167,0.015797299749203776,0.015114756595994606,0.009422028353276657,0.016302327912624433,0.01078422101548065,0.023613208319071044
distilbert_sst2,2500,168,0.015797299749203776,0.014193983796429362,0.00903690390496533,0.01598803883182875,0.010391025403373996,0.023479730049805154
distilbert_sst2,2500,169,0.015797299749203776,0.018821724003087126,0.008670101475644957,0.016862241486356042,0.008746209442632408,0.024119332222844327
distilbert_sst2,2500,170,0.015797299749203776,0.021189871017547695,0.009538748287208854,0.018497515748520342,0.010484218023974617,0.029205229427531725
distilbert_sst2,2500,171,0.015797299749203776,0.01608844932179069,0.010100275519196027,0.01748012368131555,0.010161643355754217,0.025800219311728982
distilbert_sst2,2500,172,0.015797299749203776,0.01911710908036099,0.011012906481134873,0.019934962376585798,0.01232914158946105,0.026204352419889748
distilbert_sst2,2500,173,0.015797299749203776,0.018498182216959223,0.009709508580659621,0.019500329934186614,0.01175136298889323,0.026706486943355548
distilbert_sst2,2500,174,0.015797299749203776,0.015035520260650508,0.007902116958564003,0.01573520460014123,0.00827560191617834,0.02241762963140226
distilbert_sst2,2500,175,0.015797299749203776,0.009485740090553058,0.007374222881097769,0.016532054579753756,0.008025033812788093,0.022397393473414802
distilbert_sst2,2500,176,0.015797299749203776,0.014882440895746534,0.0072888927848048304,0.015374760428850179,0.009171214730615333,0.022195322206099145
distilbert_sst2,2500,177,0.015797299749203776,0.01847608999725876,0.006856647456336613,0.016526279087324153,0.009450832721995529,0.023723099805890976
distilbert_sst2,2500,178,0.015797299749203776,0.02019948960782885,0.012363522126576678,0.020747157590496255,0.013331295509893159,0.028067796563623727
distilbert_sst2,2500,179,0.015797299749203776,0.020394218600988424,0.008415004912361863,0.017282034541194913,0.009863674219088278,0.025022877550352284
distilbert_sst2,2500,180,0.015797299749203776,0.014547705786185609,0.007647543378634401,0.014408733382770964,0.008706760928122875,0.022286951212402234
distilbert_sst2,2500,181,0.015797299749203776,0.015239817605410178,0.00921204920533035,0.01600107081332843,0.010803743377908277,0.023683834927300806
distilbert_sst2,2500,182,0.015797299749203776,0.021590200270266476,0.010608563422743933,0.018505185945379185,0.011301890213598337,0.026755168926273398
distilbert_sst2,2500,183,0.015797299749203776,0.016204026671271576,0.009208217323405932,0.015201046415145655,0.010376483322962291,0.02344260320277591
distilbert_sst2,2500,184,0.015797299749203776,0.010072520843807687,0.00884201984408771,0.014117177975742936,0.009128870159914763,0.0210823295871649
distilbert_sst2,2500,185,0.015797299749203776,0.0186147200436571,0.009321994855755493,0.01501827419295983,0.009892617698552703,0.023248482002085177
distilbert_sst2,2500,186,0.015797299749203776,0.013490315815960567,0.008381254215995906,0.014572204466089944,0.009037155486590504,0.022507352707890477
distilbert_sst2,2500,187,0.015797299749203776,0.01996284180806671,0.010083153591663174,0.017015652920690145,0.011872932116980114,0.026158517838754558
distilbert_sst2,2500,188,0.015797299749203776,0.018859167049605552,0.009167284061840246,0.01837810722524754,0.010503137043737443,0.02602767276341615
distilbert_sst2,2500,189,0.015797299749203776,0.011738178414719498,0.008178842203191034,0.013993095726868465,0.007917271431520802,0.018997898675538086
distilbert_sst2,2500,190,0.015797299749203776,0.01164008655368502,0.007112597394244784,0.013715289286798396,0.0078183361035301,0.01816698177750164
distilbert_sst2,2500,191,0.015797299749203776,0.014559028570338042,0.009434062304300815,0.01649287462796306,0.01004480636065138,0.022240393883948044
distilbert_sst2,2500,192,0.015797299749203776,0.016285594352693805,0.008790792983952706,0.016541250636925908,0.010076197144792794,0.02645058011136635
distilbert_sst2,2500,193,0.015797299749203776,0.016231518316788027,0.008362552491318651,0.012330944174186583,0.008009383640756334,0.021834723899834825
distilbert_sst2,2500,194,0.015797299749203776,0.01812659062527751,0.009693475641328877,0.01697630704983985,0.011737116091495518,0.024235822693790546
distilbert_sst2,2500,195,0.015797299749203776,0.010211169382694231,0.007680471459104386,0.013310985305112563,0.008394091271428579,0.020300451591030742
distilbert_sst2,2500,196,0.015797299749203776,0.021846470323083157,0.009259081602551407,0.0190579129986841,0.01007490704338713,0.025039407896845316
distilbert_sst2,2500,197,0.015797299749203776,0.015344722010634984,0.007358105688203729,0.014923414390434469,0.008719217244695076,0.02287497353865556
distilbert_sst2,2500,198,0.015797299749203776,0.02009413991653307,0.010601527560553346,0.01891774586483438,0.011476175366419957,0.029086815768436865
distilbert_sst2,2500,199,0.015797299749203776,0.019280849402077145,0.010489453523928046,0.01912104543765801,0.01164080192850903,0.02550127864572719
distilbert_sst2,5000,0,0.015797299749203776,0.017625205602995152,0.009186929724389378,0.01756976766374454,0.011070173399862967,0.02514516459522567
distilbert_sst2,5000,1,0.015797299749203776,0.018236873954718416,0.00922538380250298,0.016354630722396707,0.011415071366267912,0.024768868254739243
distilbert_sst2,5000,2,0.015797299749203776,0.01876653378734082,0.00935238318696086,0.016998268934660977,0.010032838985797685,0.02528699012216673
distilbert_sst2,5000,3,0.015797299749203776,0.01636457087245491,0.008354320638972778,0.016438016403602554,0.010558914304472174,0.025063275794912142
distilbert_sst2,5000,4,0.015797299749203776,0.014418829853675562,0.007611151896858313,0.015043685050441838,0.008904488859745817,0.023128230151090008
distilbert_sst2,5000,5,0.015797299749203776,0.0218654070910546,0.008675289688588059,0.018098579838385562,0.010975145802134156,0.02626678520545638
distilbert_sst2,5000,6,0.015797299749203776,0.01490454582130194,0.007712999501937762,0.014855206612782803,0.008665784029629147,0.024317161122781754
distilbert_sst2,5000,7,0.015797299749203776,0.017960956070235144,0.008789078995456535,0.016665491958660964,0.010517215852789653,0.02499805995755449
distilbert_sst2,5000,8,0.015797299749203776,0.016259433235953177,0.00887558517506744,0.016874659078790814,0.00985454649519372,0.024706628524527166
distilbert_sst2,5000,9,0.015797299749203776,0.01424818112701301,0.008874711148574993,0.016430760396981207,0.011085507933217125,0.024250357329187896
distilbert_sst2,5000,10,0.015797299749203776,0.018805069943336177,0.009362998782164912,0.01763638389681505,0.01128883979072983,0.02641106536783078
distilbert_sst2,5000,11,0.015797299749203776,0.01636797364832253,0.00791716049887767,0.016442221724953222,0.00933133236217352,0.02357247008768539
distilbert_sst2,5000,12,0.015797299749203776,0.015144291871202909,0.007637664592081207,0.015550332068285596,0.008957283288839187,0.023291590123973416
distilbert_sst2,5000,13,0.015797299749203776,0.014207123372406136,0.008334768333788942,0.01565645633762147,0.010326176466314795,0.023045867406400664
distilbert_sst2,5000,14,0.015797299749203776,0.013156205165027047,0.007777582100470036,0.016400439045429052,0.01057221651937023,0.02450314675047762
distilbert_sst2,5000,15,0.015797299749203776,0.015187896582926533,0.007251829540122488,0.014159087207477696,0.008354152024678846,0.0225132821405974
distilbert_sst2,5000,16,0.015797299749203776,0.01625382715309293,0.009566497703992996,0.01651998619639126,0.011054947112081808,0.02535000499733559
distilbert_sst2,5000,17,0.015797299749203776,0.01702070944544623,0.008994699685992359,0.017608279117761715,0.010617400489070198,0.027369188521767347
distilbert_sst2,5000,18,0.015797299749203776,0.013458023015037821,0.00750547980788926,0.014290900868755133,0.009316320559696268,0.02228086424555056
distilbert_sst2,5000,19,0.015797299749203776,0.017458474897720833,0.007005105265296742,0.014970955511422968,0.009072892837653135,0.024002492361643923
distilbert_sst2,5000,20,0.015797299749203776,0.013208043155439532,0.008218144636050508,0.013705032463352388,0.00885335660178928,0.022329399781614672
distilbert_sst2,5000,21,0.015797299749203776,0.018895967116658967,0.008738261192410174,0.017363124370942246,0.010244373395329211,0.026055719701275862
distilbert_sst2,5000,22,0.015797299749203776,0.016627068162429856,0.007649425709317842,0.016176463969203067,0.008627369931950658,0.024842431465109657
distilbert_sst2,5000,23,0.015797299749203776,0.016113686103805584,0.008263174437307091,0.01567472376004686,0.00929412428458267,0.023781768872247935
distilbert_sst2,5000,24,0.015797299749203776,0.014357694933417878,0.007873752513343556,0.016028942188789207,0.009136397653148115,0.024381577360378937
distilbert_sst2,5000,25,0.015797299749203776,0.01801755245652088,0.008239855374009099,0.014819507658069279,0.009395227833031693,0.023579238794163383
distilbert_sst2,5000,26,0.015797299749203776,0.019671239932618295,0.007880904233807915,0.01595100305664877,0.010238566012572517,0.024762064630545637
distilbert_sst2,5000,27,0.015797299749203776,0.017546687024649732,0.00851899192811622,0.018093337382365487,0.011328968927422977,0.025829517178949952
distilbert_sst2,5000,28,0.015797299749203776,0.01882423776204127,0.00923232196425325,0.017214361267588723,0.010749278177635631,0.02521239127441586
distilbert_sst2,5000,29,0.015797299749203776,0.014802449671487267,0.008576806274634153,0.01634252187314891,0.010645490481148056,0.023217940865155117
distilbert_sst2,5000,30,0.015797299749203776,0.01836173765744322,0.007368798864292672,0.01600980800139555,0.00855651025348365,0.024145817481171755
distilbert_sst2,5000,31,0.015797299749203776,0.013168555688157028,0.006854697879601888,0.014003677687839274,0.008139482406008354,0.021506027684277014
distilbert_sst2,5000,32,0.015797299749203776,0.016607845753264894,0.008365973494713049,0.015472402192941898,0.01022356693260733,0.02504149705236381
distilbert_sst2,5000,33,0.015797299749203776,0.017541156863673458,0.0086370115773429,0.01646697979914783,0.010465196753320374,0.0236841546806489
distilbert_sst2,5000,34,0.015797299749203776,0.01789826083382862,0.009563668383959912,0.018630460882690807,0.011359008250922877,0.027422821592494432
distilbert_sst2,5000,35,0.015797299749203776,0.013298175022709859,0.008244868278451625,0.014880587791188617,0.00948549387028178,0.023409644346059615
distilbert_sst2,5000,36,0.015797299749203776,0.01440059823613126,0.007739456188268275,0.015010248147264994,0.009088876837212137,0.02427744115302958
distilbert_sst2,5000,37,0.015797299749203776,0.015036506404886572,0.008132424701414745,0.013801992971916631,0.00980709744717218,0.02305570391959127
distilbert_sst2,5000,38,0.015797299749203776,0.011533999804189583,0.007579187164162303,0.014299946024953717,0.008944473789332691,0.022819500218524472
distilbert_sst2,5000,39,0.015797299749203776,0.016299041525852903,0.008291386757575873,0.016745115764866408,0.01038197153741215,0.024873452999452046
distilbert_sst2,5000,40,0.015797299749203776,0.01606065865952495,0.009213994430370874,0.016831223691759708,0.011747390810906106,0.02475125905922693
distilbert_sst2,5000,41,0.015797299749203776,0.014295691729848977,0.009819382632757726,0.016789971250946233,0.010990163414829139,0.025089878428214557
distilbert_sst2,5000,42,0.015797299749203776,0.014958968940840969,0.008535205136939103,0.017014163381780308,0.010906703965549682,0.025401041903945636
distilbert_sst2,5000,43,0.015797299749203776,0.019379128895044433,0.009507402606153006,0.017096439399987208,0.010900241131572092,0.026926201910807638
distilbert_sst2,5000,44,0.015797299749203776,0.017977149916965147,0.008314556934159199,0.016189943633460626,0.010051498971867377,0.02547129391264945
distilbert_sst2,5000,45,0.015797299749203776,0.014672186007828748,0.007868056048863224,0.014608794774387411,0.008909237038634062,0.023009161546480746
distilbert_sst2,5000,46,0.015797299749203776,0.01810402409636404,0.008510592153470943,0.015652353007740673,0.010377856124830828,0.024168857883638397
distilbert_sst2,5000,47,0.015797299749203776,0.013085815834932464,0.008348544239737427,0.01589406102540624,0.009647942894938553,0.024604405536834874
distilbert_sst2,5000,48,0.015797299749203776,0.01806895869610185,0.009377257569915844,0.018287104472625833,0.011912200208722789,0.027979477240663148
distilbert_sst2,5000,49,0.015797299749203776,0.017347917738900754,0.007683209000326862,0.01640278839685862,0.009673880514760435,0.025469293048531762
distilbert_sst2,5000,50,0.015797299749203776,0.01807863455036286,0.007917057864553326,0.014962733940483735,0.008864622293861889,0.02304301459326732
distilbert_sst2,5000,51,0.015797299749203776,0.01761891650345059,0.007730102400965711,0.01562578535143729,0.009561333884287874,0.02482197018683405
distilbert_sst2,5000,52,0.015797299749203776,0.018383652713109957,0.009336778789977204,0.01752039883793216,0.011409828229401986,0.025711653895154608
distilbert_sst2,5000,53,0.015797299749203776,0.01936090180442311,0.007439215064206903,0.014610488963001187,0.008985524028345907,0.024324840609874967
distilbert_sst2,5000,54,0.015797299749203776,0.013569658810926302,0.009009854044238564,0.016301976535089496,0.010168611650075769,0.024423401391986534
distilbert_sst2,5000,55,0.015797299749203776,0.015243044408497889,0.009337279033120472,0.016945099917223882,0.011048975317116811,0.025218987270331356
distilbert_sst2,5000,56,0.015797299749203776,0.017346652935965493,0.009141433569083078,0.016988529384443313,0.009815450731534147,0.02510546395856991
distilbert_sst2,5000,57,0.015797299749203776,0.013678168000292737,0.008471205364968462,0.016448959616158165,0.010622407785314402,0.024668553570589526
distilbert_sst2,5000,58,0.015797299749203776,0.014169752944564724,0.007794698847492928,0.015501727140068897,0.009477967039492358,0.02272247929604668
distilbert_sst2,5000,59,0.015797299749203776,0.015915751708276384,0.00855676645010852,0.017536088631650033,0.010026161183427149,0.026868347596659174
distilbert_sst2,5000,60,0.015797299749203776,0.017729156060657475,0.008177887626529183,0.017864991775709996,0.010629596342484436,0.025345611504798186
distilbert_sst2,5000,61,0.015797299749203776,0.01352551216396522,0.00748227565942349,0.01652887691067738,0.009433926717442432,0.02413704156876589
distilbert_sst2,5000,62,0.015797299749203776,0.019622160894118924,0.008752137512379061,0.017984590749334468,0.011127159950088096,0.02703422217620302
distilbert_sst2,5000,63,0.015797299749203776,0.015680193621310647,0.009326130184317993,0.017429721323382285,0.010253604139006549,0.026308496951296112
distilbert_sst2,5000,64,0.015797299749203776,0.014972177808378034,0.008285297124474152,0.016561720757684015,0.010316377769301088,0.025146238423251414
distilbert_sst2,5000,65,0.015797299749203776,0.013454566138632149,0.008053549774879373,0.01450845549461043,0.008724224392560063,0.021948145830309494
distilbert_sst2,5000,66,0.015797299749203776,0.017674657337363422,0.009307197141535035,0.01581987426636197,0.010624677566454062,0.025290574051535956
distilbert_sst2,5000,67,0.015797299749203776,0.016849525940772835,0.008771513790197678,0.016795983782182996,0.011188018322599226,0.02515448551831511
distilbert_sst2,5000,68,0.015797299749203776,0.016438661214893513,0.008485142064517438,0.01648979151625203,0.010229527526917283,0.02474018634699938
distilbert_sst2,5000,69,0.015797299749203776,0.014549737102354016,0.008174539224547315,0.01565072114638146,0.00904742497210983,0.02360628331782676
distilbert_sst2,5000,70,0.015797299749203776,0.017560924861488972,0.008030552107208407,0.016173487425022764,0.009796376673381811,0.024421413713027057
distilbert_sst2,5000,71,0.015797299749203776,0.015051855210664785,0.008625149126328013,0.015836155222662695,0.009532030478039516,0.024438199643349583
distilbert_sst2,5000,72,0.015797299749203776,0.021301480338831665,0.010583983896026411,0.01893357293083798,0.012643021166688894,0.029741392452069904
distilbert_sst2,5000,73,0.015797299749203776,0.017835129587526297,0.009531100855667928,0.017371446488343607,0.011290974877911178,0.02649895900770061
distilbert_sst2,5000,74,0.015797299749203776,0.01640914749627377,0.008430601997716737,0.014530928839092357,0.009849492338118519,0.023645282910739914
distilbert_sst2,5000,75,0.015797299749203776,0.015520373967821268,0.00842095144959414,0.015552737744998784,0.009578357938582124,0.02452578186467056
distilbert_sst2,5000,76,0.015797299749203776,0.015690136130733685,0.008041465081579251,0.016307163823473095,0.00915922789996128,0.024034458846569535
distilbert_sst2,5000,77,0.015797299749203776,0.013728177473465646,0.009216228482797075,0.01653318824712205,0.010775054301029464,0.024058966806353277
distilbert_sst2,5000,78,0.015797299749203776,0.014832144621699978,0.007065399577174814,0.014819828223628243,0.008842546953060908,0.023655239598304127
distilbert_sst2,5000,79,0.015797299749203776,0.01732082905336751,0.007969791952844665,0.016228256818113598,0.00894352245082743,0.024250515003740272
distilbert_sst2,5000,80,0.015797299749203776,0.015140974091824529,0.008303819800128303,0.01636243613429933,0.009512205064824565,0.02530183755934372
distilbert_sst2,5000,81,0.015797299749203776,0.016149459528826876,0.009988557531863902,0.017876616472811236,0.011998507417786509,0.026634185132437916
distilbert_sst2,5000,82,0.015797299749203776,0.016099354603629972,0.009907473727556355,0.017909268896970698,0.011133079103647655,0.026999287470206787
distilbert_sst2,5000,83,0.015797299749203776,0.01792130745514863,0.008472197882637032,0.017235318820057917,0.009382651828541769,0.025606010310939054
distilbert_sst2,5000,84,0.015797299749203776,0.013979625816377078,0.008674790266153372,0.016417369170981896,0.01133099462567716,0.024057879809990374
distilbert_sst2,5000,85,0.015797299749203776,0.01645147027048398,0.00848507049414499,0.015736254333781452,0.009367598342346059,0.023816093475554162
distilbert_sst2,5000,86,0.015797299749203776,0.018813792192504765,0.009142513803066072,0.016621542449640994,0.010407215715858394,0.024668931461122354
distilbert_sst2,5000,87,0.015797299749203776,0.015416258131842017,0.008282823961910008,0.017857031893027737,0.010060070088407553,0.025586714781107356
distilbert_sst2,5000,88,0.015797299749203776,0.01882560668410366,0.009926771956131586,0.016336675759263203,0.010988868865406072,0.026081304226495034
distilbert_sst2,5000,89,0.015797299749203776,0.018743737566126514,0.009907506664326035,0.017321259514176093,0.011889274664256806,0.026529309077764324
distilbert_sst2,5000,90,0.015797299749203776,0.016781230976600704,0.00918624784914554,0.016838125059821994,0.012145590352503203,0.025421380231246668
distilbert_sst2,5000,91,0.015797299749203776,0.016008099811916005,0.007557522947485231,0.01517399276453234,0.009860406035932264,0.024496890186369732
distilbert_sst2,5000,92,0.015797299749203776,0.01669285840202224,0.008668398040332726,0.016455419375176243,0.010322348189909984,0.025574630545867283
distilbert_sst2,5000,93,0.015797299749203776,0.021285917449497482,0.010106178713166228,0.019416114412047908,0.011922311345296168,0.028422173733307972
distilbert_sst2,5000,94,0.015797299749203776,0.017057590968066676,0.009605071364896264,0.01701643414563456,0.011912280794881998,0.02610381866151889
distilbert_sst2,5000,95,0.015797299749203776,0.015317237729089992,0.007254621071561787,0.014342588995634644,0.009453452478305837,0.0244540288852195
distilbert_sst2,5000,96,0.015797299749203776,0.014401204965911848,0.008147338160205027,0.014865015925299242,0.009772972253308235,0.02301182986741266
distilbert_sst2,5000,97,0.015797299749203776,0.014544511116085115,0.008290192498307862,0.016439164786517028,0.010070921588541837,0.0254566134519117
distilbert_sst2,5000,98,0.015797299749203776,0.0173537718995066,0.009058585658096656,0.01716821936907177,0.011086044831210926,0.024318225644362337
distilbert_sst2,5000,99,0.015797299749203776,0.014322691151910243,0.007678831659587855,0.01469607314509982,0.009087752770140668,0.02228119301925261
distilbert_sst2,5000,100,0.015797299749203776,0.01885836748624074,0.010161535819069239,0.017043407733199338,0.011453198989658464,0.026553969362483724
distilbert_sst2,5000,101,0.015797299749203776,0.016898459641332284,0.007863193342655502,0.014416792129023002,0.009238971928570705,0.0243425847509745
distilbert_sst2,5000,102,0.015797299749203776,0.01710912082992316,0.009411407917770181,0.01621466927072702,0.01072270790838893,0.024693885271857754
distilbert_sst2,5000,103,0.015797299749203776,0.012616484775573422,0.008127941707324613,0.014675860897409871,0.00907046123832158,0.02320144749441247
distilbert_sst2,5000,104,0.015797299749203776,0.014576273232605961,0.009037408497123273,0.017573133334414036,0.011345970483511212,0.027194290156659844
distilbert_sst2,5000,105,0.015797299749203776,0.015865006964181503,0.009709545446451962,0.016699918410140208,0.010123504826435906,0.024732539049097016
distilbert_sst2,5000,106,0.015797299749203776,0.011400309129303106,0.006565833272695876,0.01512306875371409,0.0083315694524674,0.022053555862974895
distilbert_sst2,5000,107,0.015797299749203776,0.014945959982663334,0.00884929230040568,0.01672973819071333,0.010348785958479002,0.02504779141361064
distilbert_sst2,5000,108,0.015797299749203776,0.014165573868214147,0.008114231862412578,0.016467930940963688,0.010056390803250173,0.02610579794301821
distilbert_sst2,5000,109,0.015797299749203776,0.015218305697380249,0.008872379737686977,0.015272181213143641,0.009682029480990648,0.023839401134345718
distilbert_sst2,5000,110,0.015797299749203776,0.017221583458415582,0.008872160951954337,0.016733542552748195,0.01034008268798419,0.026350705603996098
distilbert_sst2,5000,111,0.015797299749203776,0.015506795843778525,0.007256485584496168,0.014276113844699876,0.00866994587114315,0.022957527407247182
distilbert_sst2,5000,112,0.015797299749203776,0.013315641660137087,0.007010008735619016,0.013820813350917845,0.00829204755542044,0.021810534475669056
distilbert_sst2,5000,113,0.015797299749203776,0.01412552397987285,0.0068213348813110945,0.014644502623627978,0.008444817160709887,0.022616842819806908
distilbert_sst2,5000,114,0.015797299749203776,0.017895980599491816,0.01009855476926905,0.01844565815656621,0.012476500759227706,0.02719935875494551
distilbert_sst2,5000,115,0.015797299749203776,0.01791578040877589,0.007940892989350558,0.016056316709542412,0.009081591059782828,0.025858223838389496
distilbert_sst2,5000,116,0.015797299749203776,0.019385874793103393,0.009310812812651514,0.018384951235082415,0.01177431276648777,0.02643000446645144
distilbert_sst2,5000,117,0.015797299749203776,0.013675720719157678,0.008495436587370082,0.015061157462486017,0.009941433802481964,0.024419597906178862
distilbert_sst2,5000,118,0.015797299749203776,0.014179124361809261,0.008078723022221086,0.016262843799541415,0.009623090026976706,0.025525156556743176
distilbert_sst2,5000,119,0.015797299749203776,0.014827722841362571,0.00916060993939635,0.016333649911493046,0.01103690757057607,0.023334469944224
distilbert_sst2,5000,120,0.015797299749203776,0.01674911031648098,0.007773569549729109,0.015697248640155568,0.009370146911509954,0.023767725603223048
distilbert_sst2,5000,121,0.015797299749203776,0.017195375566699936,0.008822475129767334,0.01676758616887008,0.009890180132491053,0.02485636961478795
distilbert_sst2,5000,122,0.015797299749203776,0.01674976674660616,0.008328561006284424,0.015144924453468444,0.010119561603939495,0.02267661369623607
distilbert_sst2,5000,123,0.015797299749203776,0.021174361836752996,0.009137501866432057,0.018842380209477448,0.011394294390058677,0.028424041612499246
distilbert_sst2,5000,124,0.015797299749203776,0.01370862294751636,0.007935293117992532,0.01594299942902991,0.009083983985680668,0.02300317508973229
distilbert_sst2,5000,125,0.015797299749203776,0.01577959061045644,0.007773500409761866,0.014787723323373652,0.009372331389792054,0.02313335007426502
distilbert_sst2,5000,126,0.015797299749203776,0.01783720521395708,0.009320904488690655,0.016431567459110646,0.010434692660028866,0.024758048130168235
distilbert_sst2,5000,127,0.015797299749203776,0.016984826399560612,0.008030988142273255,0.01599318931741442,0.00955593645285217,0.02375261504305193
distilbert_sst2,5000,128,0.015797299749203776,0.01811771958018982,0.008645899746114585,0.01670571581477779,0.010028461403977569,0.02541114079715396
distilbert_sst2,5000,129,0.015797299749203776,0.018611184186165777,0.0084627116426996,0.015499000380575343,0.0095607703864091,0.02493609683234106
distilbert_sst2,5000,130,0.015797299749203776,0.021834379656903668,0.009858767564502319,0.018819923116485504,0.01209679409016847,0.028427050638114154
distilbert_sst2,5000,131,0.015797299749203776,0.01759723190849768,0.009674817833540137,0.01809208090667064,0.011664743487653973,0.026648321703778875
distilbert_sst2,5000,132,0.015797299749203776,0.015770230808041238,0.008530749803378649,0.015313510239691394,0.009834677947109379,0.02353437278233294
distilbert_sst2,5000,133,0.015797299749203776,0.018285425695365853,0.008172806001099608,0.016733716743005164,0.008923032015277185,0.02439941541429308
distilbert_sst2,5000,134,0.015797299749203776,0.01571923670503384,0.008699107706740565,0.017419104537925674,0.010662829253504435,0.02676093643934238
distilbert_sst2,5000,135,0.015797299749203776,0.016027199744488307,0.006948277118106576,0.014093722773741948,0.007843290828626484,0.021876586798856845
distilbert_sst2,5000,136,0.015797299749203776,0.020542977332016585,0.011036467229847757,0.01880983250177158,0.012592349853828027,0.028057355537923243
distilbert_sst2,5000,137,0.015797299749203776,0.018802323533405697,0.01045868996566299,0.017646691230115533,0.012109001033882323,0.02719657633376325
distilbert_sst2,5000,138,0.015797299749203776,0.01654661043739648,0.007740405863616039,0.016521307000233194,0.009518789419202414,0.02335079887359641
distilbert_sst2,5000,139,0.015797299749203776,0.013871097383426928,0.007744651096162105,0.013733020955488248,0.008802094014058568,0.023247852976596498
distilbert_sst2,5000,140,0.015797299749203776,0.018788823550133792,0.009591729996269125,0.01922232904238841,0.011414092837268913,0.028379577962446053
distilbert_sst2,5000,141,0.015797299749203776,0.014651837469587974,0.007742267085669566,0.016594157647468296,0.009397705408702672,0.0241434448752258
distilbert_sst2,5000,142,0.015797299749203776,0.015334919255164902,0.007717790098916466,0.016448329913411573,0.009150841912276405,0.0236915486237974
distilbert_sst2,5000,143,0.015797299749203776,0.015508960975065645,0.007084072771787171,0.015418688081030517,0.008992150730475084,0.022796523781932556
distilbert_sst2,5000,144,0.015797299749203776,0.01778943746050805,0.009543172714414277,0.018318477198836246,0.011620701703860335,0.026983574619605478
distilbert_sst2,5000,145,0.015797299749203776,0.01604481462624301,0.009538687309930363,0.01915095043067761,0.0119238127358618,0.026771739303785756
distilbert_sst2,5000,146,0.015797299749203776,0.015620430671845148,0.007790518587286762,0.01707778469710041,0.010604099817225727,0.025095291514776134
distilbert_sst2,5000,147,0.015797299749203776,0.01697987084825331,0.008308042658574733,0.015713758557230336,0.0093704701715893,0.024072516380327817
distilbert_sst2,5000,148,0.015797299749203776,0.017816218292372156,0.0068110528261900805,0.017210013813929646,0.008580699196567669,0.024884430448429886
distilbert_sst2,5000,149,0.015797299749203776,0.017164617082485723,0.009062602976965125,0.01901581028223064,0.01169824714486764,0.026912818667962447
distilbert_sst2,5000,150,0.015797299749203776,0.014870830443155418,0.007356640423217778,0.014639865600499947,0.008534500843449686,0.02330224108728581
distilbert_sst2,5000,151,0.015797299749203776,0.01628586363349861,0.00838263826767362,0.017024361302591624,0.009965943194729095,0.0246560198953868
distilbert_sst2,5000,152,0.015797299749203776,0.0125956285718984,0.008408942698181578,0.015510708484128114,0.009881288805224264,0.024416252687722132
distilbert_sst2,5000,153,0.015797299749203776,0.01847266341337343,0.00917257146876316,0.018063478521895462,0.010969479294073168,0.02642977332165614
distilbert_sst2,5000,154,0.015797299749203776,0.015323900197238583,0.0074938042640706175,0.014790894597308823,0.009433619626263379,0.023397820985354135
distilbert_sst2,5000,155,0.015797299749203776,0.018164527277272278,0.008667987427642418,0.016915525679801074,0.010313641495903969,0.023761905832647458
distilbert_sst2,5000,156,0.015797299749203776,0.014956062633095343,0.007531084249913126,0.014785590362993406,0.009098255696111,0.022064094047428016
distilbert_sst2,5000,157,0.015797299749203776,0.015757897279495284,0.008524867200397402,0.01730430061186647,0.009809383884336156,0.024435129779960835
distilbert_sst2,5000,158,0.015797299749203776,0.018843860812608162,0.009825578783044828,0.018209766200097885,0.011596580105045924,0.02890873223107361
distilbert_sst2,5000,159,0.015797299749203776,0.01729712512335834,0.008681328602444898,0.017326942759448273,0.010392841469526503,0.024500924313906457
distilbert_sst2,5000,160,0.015797299749203776,0.015490133678788374,0.008499727089818644,0.016852299009449696,0.01046311716184398,0.025026927332933664
distilbert_sst2,5000,161,0.015797299749203776,0.016804904504383898,0.009634911816020462,0.016519528012793373,0.010568021043726396,0.025315915021152494
distilbert_sst2,5000,162,0.015797299749203776,0.01493703202947479,0.007603110484322453,0.014589118393368654,0.00901007523903195,0.023053857004364322
distilbert_sst2,5000,163,0.015797299749203776,0.019013474591616723,0.008572144245168169,0.01709432450449948,0.010426472328113785,0.02655422208454594
distilbert_sst2,5000,164,0.015797299749203776,0.017279504832937633,0.008575525039450242,0.01616770623589464,0.009466176486915315,0.02464081522423269
distilbert_sst2,5000,165,0.015797299749203776,0.01674879177822323,0.009504158056072898,0.016302092379144654,0.011622666932244714,0.026048532040546614
distilbert_sst2,5000,166,0.015797299749203776,0.013090156153933044,0.008845471675341485,0.015094853795317952,0.01048363427464281,0.023332668525366286
distilbert_sst2,5000,167,0.015797299749203776,0.015551933270942595,0.008138049981843613,0.01684676158698962,0.009462224487710435,0.025826423236599012
distilbert_sst2,5000,168,0.015797299749203776,0.020061267780797042,0.008962250662211268,0.01828484178888242,0.009835489723065811,0.026732644760846126
distilbert_sst2,5000,169,0.015797299749203776,0.01668686211100756,0.008486519229448517,0.018025527382670888,0.010195151989639712,0.02522892378133091
distilbert_sst2,5000,170,0.015797299749203776,0.014313337523702932,0.008261834839168793,0.016724567730453634,0.009447677462833844,0.025543835722224784
distilbert_sst2,5000,171,0.015797299749203776,0.016465949151876567,0.009314278014353024,0.017637107452280462,0.011361380372636253,0.0251376433322008
distilbert_sst2,5000,172,0.015797299749203776,0.017150499943841244,0.009206142103141279,0.01656020159369258,0.011278299743690203,0.025169776616310285
distilbert_sst2,5000,173,0.015797299749203776,0.015083533351238201,0.008594928712350776,0.01661133464232347,0.010035744580450088,0.024825974821686133
distilbert_sst2,5000,174,0.015797299749203776,0.01634618881607744,0.008750875491382775,0.01695993553533574,0.010242640981724525,0.02452849553277564
distilbert_sst2,5000,175,0.015797299749203776,0.01948645193956125,0.009866490896477812,0.018359364472005115,0.010822887175284974,0.027176217568319273
distilbert_sst2,5000,176,0.015797299749203776,0.015083866362340733,0.008416431382309566,0.01743205132925136,0.010524378251977903,0.02612006974608438
distilbert_sst2,5000,177,0.015797299749203776,0.01949208527776127,0.009293834488384625,0.018923393923323692,0.011582927802338936,0.02671771281779236
distilbert_sst2,5000,178,0.015797299749203776,0.017506483063690067,0.009055995534604974,0.016785053301234466,0.010904680887257332,0.025361906676204707
distilbert_sst2,5000,179,0.015797299749203776,0.015350274866052456,0.008753287215934016,0.018578937819151434,0.010395078423795036,0.026808210747724256
distilbert_sst2,5000,180,0.015797299749203776,0.019222765076273823,0.009288237527843777,0.017511429168225984,0.011222971334425874,0.027778771114536555
distilbert_sst2,5000,181,0.015797299749203776,0.01736489593308757,0.007932387900543533,0.01670938406547194,0.009237927239324257,0.026245424371645967
distilbert_sst2,5000,182,0.015797299749203776,0.017768305613211827,0.008640324397591777,0.01684430329666096,0.009790496925939134,0.02507279916818921
distilbert_sst2,5000,183,0.015797299749203776,0.015754689792040276,0.008468274389265309,0.015025188262144155,0.009453177439909083,0.02496367184949236
distilbert_sst2,5000,184,0.015797299749203776,0.015145582759583675,0.007932271835813548,0.0157875152953798,0.009804553149750695,0.023511031854679648
distilbert_sst2,5000,185,0.015797299749203776,0.01793770238125942,0.008220146897120613,0.01791903190779473,0.011084794782670224,0.0269614880661449
distilbert_sst2,5000,186,0.015797299749203776,0.015972692529870686,0.008052599965732847,0.01615605847147588,0.009847538894428918,0.024022972290763632
distilbert_sst2,5000,187,0.015797299749203776,0.011982401308743292,0.007997296846855257,0.015977275507769877,0.009479084605159331,0.025364229098389982
distilbert_sst2,5000,188,0.015797299749203776,0.015621016877843326,0.008298193814885071,0.015807818470563968,0.009384155662479732,0.025472275146332227
distilbert_sst2,5000,189,0.015797299749203776,0.016410067186125758,0.008165424637285137,0.016647380507928695,0.011456755208005953,0.024743093932140296
distilbert_sst2,5000,190,0.015797299749203776,0.015463932397733367,0.007066206157302517,0.015423171442917348,0.009138011713846348,0.023402859640647544
distilbert_sst2,5000,191,0.015797299749203776,0.010757417128730585,0.00855389518297191,0.014280916697907289,0.009258606892986541,0.022636535090782794
distilbert_sst2,5000,192,0.015797299749203776,0.013552488893938801,0.00689991234102286,0.01417745316855422,0.009642702815741753,0.021830500662889333
distilbert_sst2,5000,193,0.015797299749203776,0.014533035878201622,0.007583623697077286,0.015308278066901408,0.00848775716998733,0.02268842945311109
distilbert_sst2,5000,194,0.015797299749203776,0.015639281768468388,0.007547475276478173,0.0156257455541693,0.00908907583287341,0.024754732184169705
distilbert_sst2,5000,195,0.015797299749203776,0.017701126762975743,0.009069250971784102,0.01844934120549019,0.011472620650722071,0.027541532724334933
distilbert_sst2,5000,196,0.015797299749203776,0.014703028924591495,0.009379774156026451,0.016935864088103336,0.010240129889731343,0.025431110023611515
distilbert_sst2,5000,197,0.015797299749203776,0.016203328243482196,0.008795262764171924,0.01653120291777208,0.010171268023028611,0.025681251901751884
distilbert_sst2,5000,198,0.015797299749203776,0.01709271416809168,0.011130540081956752,0.019117270074574415,0.01277453511893945,0.02808426266559047
distilbert_sst2,5000,199,0.015797299749203776,0.014268196452500558,0.008166322649010623,0.015383412264426334,0.01079599751165036,0.02307888979388633
distilbert_sst2,7500,0,0.015797299749203776,0.016224810827434107,0.008305986367187665,0.018134926583772908,0.009578732730370168,0.025801475828291145
distilbert_sst2,7500,1,0.015797299749203776,0.015647745510247828,0.00818444350497304,0.015292410910546617,0.010189042229181097,0.02556746567580283
distilbert_sst2,7500,2,0.015797299749203776,0.01714023765497728,0.008039560312676945,0.015282532027731967,0.009543321882887024,0.024139224106051915
distilbert_sst2,7500,3,0.015797299749203776,0.017110787549254686,0.008501503590599152,0.016472137433993318,0.009668137899014937,0.02608240659790027
distilbert_sst2,7500,4,0.015797299749203776,0.01772670386662669,0.008241514993743742,0.017636727887113967,0.010257034505159524,0.02632907091320415
distilbert_sst2,7500,5,0.015797299749203776,0.016874941147596363,0.007745029707333566,0.016366128223951015,0.009557174813373074,0.026543363024315147
distilbert_sst2,7500,6,0.015797299749203776,0.016996523006785905,0.008519867891508241,0.01603581193599741,0.01016370012600026,0.024292726879593208
distilbert_sst2,7500,7,0.015797299749203776,0.017426517360134664,0.008339899824566102,0.017681528794374526,0.010538823371595361,0.02606304077194469
distilbert_sst2,7500,8,0.015797299749203776,0.01663137596649366,0.008349122747330308,0.016970687114578296,0.010604118018777827,0.025730257443163276
distilbert_sst2,7500,9,0.015797299749203776,0.016848177480435943,0.007630746205954118,0.016724205868885997,0.009606222479360313,0.02556007518618409
distilbert_sst2,7500,10,0.015797299749203776,0.01257909361782327,0.007993262430369014,0.014241595230104194,0.00948253045832427,0.02335023308575558
distilbert_sst2,7500,11,0.015797299749203776,0.018196404641938085,0.008274513719896832,0.016609419631311625,0.010390074347509545,0.025847844124184578
distilbert_sst2,7500,12,0.015797299749203776,0.01759948990363909,0.008382747578504324,0.018098270878550995,0.010115770844503269,0.025562246476640845
distilbert_sst2,7500,13,0.015797299749203776,0.016019358866604307,0.00884244113367981,0.016803868454765402,0.010705336628757792,0.02619315129343998
distilbert_sst2,7500,14,0.015797299749203776,0.013711541808064708,0.006475357321400501,0.014782424666581926,0.008019355860976532,0.02186696468386062
distilbert_sst2,7500,15,0.015797299749203776,0.017515667352594636,0.011069465759703028,0.018428056823304263,0.012456525368769211,0.026572512385162155
distilbert_sst2,7500,16,0.015797299749203776,0.019479286438331897,0.00915339779311378,0.018630130009672438,0.010458249837472393,0.026698302541447356
distilbert_sst2,7500,17,0.015797299749203776,0.014635550379460346,0.006836442598107758,0.01398802437337821,0.008655135086032184,0.022599425137325612
distilbert_sst2,7500,18,0.015797299749203776,0.018293545842825165,0.009839719354448587,0.017526829680382734,0.011425484270570952,0.027929453303902563
distilbert_sst2,7500,19,0.015797299749203776,0.018129624874601836,0.0098086223030755,0.01739546356779168,0.011078712045820633,0.026214567341110908
distilbert_sst2,7500,20,0.015797299749203776,0.020251059118582465,0.008765157901107308,0.019119423554356536,0.010389024423538444,0.027548238415174075
distilbert_sst2,7500,21,0.015797299749203776,0.014584229116261402,0.008126331902154652,0.014889816654384984,0.009359157537071379,0.023945884404781813
distilbert_sst2,7500,22,0.015797299749203776,0.014039768245569703,0.00662631427153733,0.015002343455645599,0.00839900275521077,0.022205606264150798
distilbert_sst2,7500,23,0.015797299749203776,0.018841226887660854,0.008556923171320466,0.017218501399561475,0.010304419605021911,0.026199182778275775
distilbert_sst2,7500,24,0.015797299749203776,0.01696298052829966,0.00898690122847736,0.017228155179279007,0.01047811763306449,0.02634376472172544
distilbert_sst2,7500,25,0.015797299749203776,0.017865564780293927,0.008222468683664925,0.016509553237917127,0.010166339694586798,0.024374699447889236
distilbert_sst2,7500,26,0.015797299749203776,0.01722363754879872,0.008882985505946756,0.01619279667597731,0.010560615113439484,0.026036385232426865
distilbert_sst2,7500,27,0.015797299749203776,0.017082357221942606,0.008249153906180558,0.016710563497726608,0.00958513043886563,0.024511088653970985
distilbert_sst2,7500,28,0.015797299749203776,0.01474415172794229,0.007944312518072573,0.015385601451029449,0.009048538168440682,0.023430537054070524
distilbert_sst2,7500,29,0.015797299749203776,0.014118326864839922,0.007820990588491424,0.015486184167056272,0.009513598489126574,0.024345449548850002
distilbert_sst2,7500,30,0.015797299749203776,0.014898061037349085,0.007779090736588946,0.015128278404931337,0.009834124850443516,0.02358005467829893
distilbert_sst2,7500,31,0.015797299749203776,0.01447338454490922,0.00918956614889161,0.015900675252295424,0.010479735059451734,0.02531479910612202
distilbert_sst2,7500,32,0.015797299749203776,0.015472823265518814,0.00839907779973535,0.01576935855433196,0.00991157202680454,0.02532434880215075
distilbert_sst2,7500,33,0.015797299749203776,0.016904605421762798,0.00812910849939432,0.01706684225214121,0.010174250770403293,0.024706840621293778
distilbert_sst2,7500,34,0.015797299749203776,0.01584825973470145,0.00808935833592066,0.015916272374196665,0.009686970484607448,0.025441662131278672
distilbert_sst2,7500,35,0.015797299749203776,0.017003306357642963,0.008453885967386986,0.016368728642926694,0.010288603000427582,0.024375317523127982
distilbert_sst2,7500,36,0.015797299749203776,0.01461943300715605,0.007635634211363505,0.015479769107995601,0.009258140807706927,0.02482049732890189
distilbert_sst2,7500,37,0.015797299749203776,0.018808090622650382,0.008962963437069732,0.01855113275149664,0.011297075065533358,0.0282063943857436
distilbert_sst2,7500,38,0.015797299749203776,0.023257584833686205,0.00987221978443174,0.019701359232665378,0.012038638866353368,0.028531249844153575
distilbert_sst2,7500,39,0.015797299749203776,0.016387613775006103,0.00835086347368912,0.01744573425328688,0.010825706508864422,0.025183267740632585
distilbert_sst2,7500,40,0.015797299749203776,0.018850598219701517,0.008013196215301053,0.015810548890607234,0.010004232822131151,0.025171405546671664
distilbert_sst2,7500,41,0.015797299749203776,0.015238443353604672,0.007935541378063796,0.01648366780574817,0.010761258730236714,0.0243179115147031
distilbert_sst2,7500,42,0.015797299749203776,0.018779025218715863,0.008910553994314133,0.017532695218704812,0.01046275735054452,0.026329951332319856
distilbert_sst2,7500,43,0.015797299749203776,0.016542649452464052,0.008637432422091708,0.01744263553849695,0.010846968827926084,0.02574677218858989
distilbert_sst2,7500,44,0.015797299749203776,0.018097439928327814,0.008933699135822076,0.01635621624321384,0.011020585849288325,0.02486896115023049
distilbert_sst2,7500,45,0.015797299749203776,0.015524010178842576,0.009040840314883565,0.016138439842677644,0.010415756938713931,0.02436579021835167
distilbert_sst2,7500,46,0.015797299749203776,0.01790411615932961,0.008474671914949522,0.017456045730212144,0.01008175040624335,0.025786384223295045
distilbert_sst2,7500,47,0.015797299749203776,0.015261297730175817,0.008697183530370519,0.016255995303840642,0.010015516680485559,0.0240285044745584
distilbert_sst2,7500,48,0.015797299749203776,0.018314251204351952,0.008253535353117326,0.0160787610603857,0.010332346597487614,0.024390215066979474
distilbert_sst2,7500,49,0.015797299749203776,0.014249459070304822,0.0077168019218114975,0.015409394948393489,0.00914277346921093,0.023430588188430926
distilbert_sst2,7500,50,0.015797299749203776,0.016828133480107282,0.008307449522114532,0.017163483134907818,0.009985912765431726,0.026162490214796247
distilbert_sst2,7500,51,0.015797299749203776,0.016130869072956345,0.008056250266722843,0.016512814829959054,0.009316542209328831,0.023885889915917717
distilbert_sst2,7500,52,0.015797299749203776,0.016809138667654853,0.00871485109976881,0.01732042029341115,0.010812899615995308,0.02591306840446554
distilbert_sst2,7500,53,0.015797299749203776,0.013826242005181788,0.007118355026521976,0.01417631802003449,0.008597360536778946,0.021882081551569045
distilbert_sst2,7500,54,0.015797299749203776,0.015258104175572482,0.006702045284574303,0.014997262745193963,0.008833226744002142,0.02295453162231179
distilbert_sst2,7500,55,0.015797299749203776,0.016714766422834988,0.007342022904747178,0.01574271385273192,0.009179163505759284,0.024838737146615025
distilbert_sst2,7500,56,0.015797299749203776,0.01480608814227423,0.008022060008241757,0.014875642013905543,0.009301648491197977,0.023429727905207996
distilbert_sst2,7500,57,0.015797299749203776,0.01644705044482541,0.008380296903860295,0.016854460632554837,0.010139134072385161,0.025440011845948386
distilbert_sst2,7500,58,0.015797299749203776,0.016839531903293643,0.007563494569468142,0.015436396434132542,0.009283581849105913,0.023501393609058868
distilbert_sst2,7500,59,0.015797299749203776,0.015684328153017613,0.009140452100053199,0.01807386168467794,0.010667901068878763,0.026038559999418096
distilbert_sst2,7500,60,0.015797299749203776,0.01579225059475329,0.007800079911436474,0.0169350635368334,0.009965334820927398,0.02605135373094798
distilbert_sst2,7500,61,0.015797299749203776,0.01749476997329794,0.00794523439614038,0.01513179448704683,0.009710975658194485,0.02416778122616148
distilbert_sst2,7500,62,0.015797299749203776,0.01823444601182101,0.009260156806550684,0.01701873419855696,0.010618891663662661,0.0267116800874798
distilbert_sst2,7500,63,0.015797299749203776,0.01780259767651666,0.00799563572279398,0.01622715500525831,0.010067338339964649,0.02538542276457542
distilbert_sst2,7500,64,0.015797299749203776,0.014880430906970464,0.008760127882650737,0.01591632471943275,0.010611661822862982,0.0237936094303362
distilbert_sst2,7500,65,0.015797299749203776,0.015838301896139793,0.008200081369573257,0.016128742927938224,0.01001664825260324,0.024988397609000117
distilbert_sst2,7500,66,0.015797299749203776,0.016017245094983257,0.00823827175881573,0.015839466507580776,0.009636611086638084,0.02431004196407408
distilbert_sst2,7500,67,0.015797299749203776,0.01948432843749196,0.010334272830755803,0.019665076355224017,0.012101589612621784,0.027814847208595814
distilbert_sst2,7500,68,0.015797299749203776,0.016309040669654877,0.00894508855944591,0.017017725621816027,0.011037083901542883,0.026290553375585245
distilbert_sst2,7500,69,0.015797299749203776,0.019013715505390345,0.009395870810325179,0.017107251943820654,0.011032874833989022,0.025773636194258792
distilbert_sst2,7500,70,0.015797299749203776,0.015549003461104799,0.007721375514057635,0.015935295917548612,0.009480183397369269,0.024480366786565927
distilbert_sst2,7500,71,0.015797299749203776,0.016746986922980118,0.008707131303926727,0.01694414307401296,0.011192323696284168,0.026729588536177722
distilbert_sst2,7500,72,0.015797299749203776,0.018022677079030207,0.008376559998454573,0.016688961456465628,0.010623007009642697,0.024893641456783727
distilbert_sst2,7500,73,0.015797299749203776,0.01714490646705594,0.009002824764447503,0.017489037100199605,0.010843862740687266,0.026508380617194745
distilbert_sst2,7500,74,0.015797299749203776,0.01652718489808488,0.008582105793361272,0.018621758590688473,0.010188398891224575,0.026721784549042255
distilbert_sst2,7500,75,0.015797299749203776,0.01700711151897808,0.008020091525487136,0.017223074881449814,0.009274168363755334,0.02562959092868327
distilbert_sst2,7500,76,0.015797299749203776,0.013694209835587659,0.007377164606754749,0.01427882251580067,0.008394559186184605,0.022042876765614162
distilbert_sst2,7500,77,0.015797299749203776,0.016228823758006095,0.0096438280623912,0.0172591471272881,0.010809977844427754,0.02668884981723749
distilbert_sst2,7500,78,0.015797299749203776,0.0141634447270846,0.007760206966485635,0.016387718829194164,0.009759247044064988,0.02480221948204212
distilbert_sst2,7500,79,0.015797299749203776,0.015870527104927895,0.00844976783756336,0.016157457118467167,0.009804140338372286,0.02493595528712284
distilbert_sst2,7500,80,0.015797299749203776,0.016351098410164976,0.008877908773507302,0.017574848820548907,0.010565515100783188,0.02593634839156718
distilbert_sst2,7500,81,0.015797299749203776,0.01418063731381583,0.007951950122367473,0.016118342802206108,0.010030446970993973,0.024466137584622055
distilbert_sst2,7500,82,0.015797299749203776,0.019668800731633185,0.008763512029577558,0.018012822884474505,0.010588623442436836,0.026904197323154945
distilbert_sst2,7500,83,0.015797299749203776,0.014418227551248145,0.008041358761941994,0.015773364402252354,0.009741523949430954,0.024309860443007317
distilbert_sst2,7500,84,0.015797299749203776,0.014769515372697654,0.008009416583073397,0.015362534411307836,0.009531312785806937,0.023436172780837317
distilbert_sst2,7500,85,0.015797299749203776,0.01526125893243896,0.008510240955369643,0.016223859638056393,0.00944041405101817,0.0245130224871989
distilbert_sst2,7500,86,0.015797299749203776,0.014019936180476304,0.007862155776666834,0.01586349185131348,0.009153403255426028,0.023988407411400025
distilbert_sst2,7500,87,0.015797299749203776,0.016716697066129386,0.008586290687330023,0.016737725784739112,0.010063775484355785,0.025369784840415313
distilbert_sst2,7500,88,0.015797299749203776,0.01530897144888434,0.008128607487829792,0.015751875251057187,0.00997071351930276,0.023518852572937222
distilbert_sst2,7500,89,0.015797299749203776,0.01575671982968216,0.008913297121017927,0.016453681059471585,0.011042336425669631,0.024785190457743796
distilbert_sst2,7500,90,0.015797299749203776,0.015035263566018905,0.008747097970455767,0.017068501135694792,0.01056482461678608,0.024346469322547713
distilbert_sst2,7500,91,0.015797299749203776,0.017560391122834255,0.010980317123557425,0.018280407208868785,0.012056461932852671,0.02764646780122021
distilbert_sst2,7500,92,0.015797299749203776,0.015530074391855277,0.00834720086425266,0.01664175346522598,0.010501338317680199,0.025762148930359587
distilbert_sst2,7500,93,0.015797299749203776,0.018970154251026734,0.008800437006504605,0.015626982800766943,0.009944980713668564,0.025080750023295975
distilbert_sst2,7500,94,0.015797299749203776,0.016040656953199662,0.00877516236221771,0.016840998597595382,0.01064922514307486,0.025684854580988205
distilbert_sst2,7500,95,0.015797299749203776,0.017844925398581558,0.00981040388992545,0.01780414091511666,0.012194026166743399,0.0261027008943581
distilbert_sst2,7500,96,0.015797299749203776,0.016214736664644475,0.008530828860026181,0.015793488272494608,0.009997222460612843,0.024910640689937643
distilbert_sst2,7500,97,0.015797299749203776,0.018028469190719834,0.008163281648179593,0.016748901238742217,0.01005769593289105,0.025197262173215787
distilbert_sst2,7500,98,0.015797299749203776,0.016814071897957174,0.008852861295054056,0.017858299519941806,0.011052098305344307,0.025796020406076186
distilbert_sst2,7500,99,0.015797299749203776,0.016607502564474498,0.008981975055363252,0.01794246144517489,0.010385218976432384,0.02722252849975997
distilbert_sst2,7500,100,0.015797299749203776,0.015710210197015077,0.00859061676169766,0.016602302258306473,0.010584938885700305,0.025367825484198872
distilbert_sst2,7500,101,0.015797299749203776,0.016425253856805933,0.007450757086934838,0.015275335252315137,0.00900911176937205,0.024432640755447765
distilbert_sst2,7500,102,0.015797299749203776,0.017515573776416195,0.008929595903266654,0.017939056113185955,0.010824720590053162,0.028363299499870955
distilbert_sst2,7500,103,0.015797299749203776,0.019800352364487912,0.008357645207029947,0.017089402927803775,0.010592934734800427,0.02606719742733705
distilbert_sst2,7500,104,0.015797299749203776,0.015818170529496026,0.008053417913091486,0.01517916658950704,0.00926473666217268,0.023646171951308373
distilbert_sst2,7500,105,0.015797299749203776,0.016374808173535232,0.00815663335203074,0.016310996917449336,0.009594716821721482,0.024417507375645776
distilbert_sst2,7500,106,0.015797299749203776,0.015262173164317026,0.008608112538352688,0.01627314804701982,0.010003029367720241,0.024670087380189457
distilbert_sst2,7500,107,0.015797299749203776,0.017303106087480678,0.009221946521532598,0.016989669776859496,0.0106935833595201,0.02627829734242847
distilbert_sst2,7500,108,0.015797299749203776,0.01361998621060405,0.007812146507186075,0.014612968392334278,0.008884459421337311,0.023165239163752065
distilbert_sst2,7500,109,0.015797299749203776,0.016439063939202445,0.010113426372959644,0.017970759857775017,0.012480599992842623,0.027066007358143702
distilbert_sst2,7500,110,0.015797299749203776,0.01588270676711809,0.008090176845942836,0.01662591140615688,0.009463980811241704,0.02463993327469617
distilbert_sst2,7500,111,0.015797299749203776,0.017514839086089824,0.008587699510296106,0.017083897321727545,0.010231106664323416,0.02544538388187174
distilbert_sst2,7500,112,0.015797299749203776,0.01604562378436993,0.008303625199880853,0.015502691030616125,0.009738481195087922,0.022752367485788818
distilbert_sst2,7500,113,0.015797299749203776,0.019114957897291424,0.009018010451064254,0.016786469327293385,0.010941322464536885,0.026379338095968274
distilbert_sst2,7500,114,0.015797299749203776,0.014829891264196798,0.007892736076270487,0.016369443451052727,0.009792956720787739,0.025070623557922975
distilbert_sst2,7500,115,0.015797299749203776,0.017607707631170172,0.008183696910723367,0.016428163886647203,0.009882407499222302,0.02491839383732001
distilbert_sst2,7500,116,0.015797299749203776,0.013857437171897734,0.007555194938793291,0.014798760336437991,0.009513990444453814,0.02358689873609352
distilbert_sst2,7500,117,0.015797299749203776,0.016966934325320687,0.008582408230986372,0.016801397238149073,0.010317600717883364,0.02541827625538623
distilbert_sst2,7500,118,0.015797299749203776,0.012796426957179667,0.007759427748088401,0.014706677406330887,0.009556755975417068,0.02264919646890733
distilbert_sst2,7500,119,0.015797299749203776,0.018971934738478743,0.00866067272214073,0.017307039170848026,0.01029057462416574,0.025947173880991523
distilbert_sst2,7500,120,0.015797299749203776,0.01501881082846692,0.008657153259686285,0.01712586187818393,0.01023578942995573,0.025813055413352413
distilbert_sst2,7500,121,0.015797299749203776,0.01591736596385203,0.008843045559761467,0.018070687534423296,0.010386161346365122,0.027260949784154845
distilbert_sst2,7500,122,0.015797299749203776,0.015171297457110294,0.008330791911456284,0.015436985037576846,0.009911365698133057,0.02459538933951091
distilbert_sst2,7500,123,0.015797299749203776,0.014059989208968476,0.006707351832837944,0.01548065242064871,0.008368291898313457,0.023931870093821913
distilbert_sst2,7500,124,0.015797299749203776,0.0163977072138561,0.008119565526200002,0.015955314199205792,0.00953184775887609,0.024555145490581545
distilbert_sst2,7500,125,0.015797299749203776,0.013219505283955648,0.007325085720179162,0.015093035503184552,0.008402774684313066,0.024222526581598052
distilbert_sst2,7500,126,0.015797299749203776,0.018650241969711972,0.00786009122261095,0.016338908700595543,0.01024841453501766,0.02544214578350989
distilbert_sst2,7500,127,0.015797299749203776,0.017214273901180435,0.008677619480162553,0.0184828084489739,0.011071364785338211,0.026318621224655427
distilbert_sst2,7500,128,0.015797299749203776,0.014787614817639355,0.008526193598853857,0.016868970443413102,0.010384538933920847,0.026348481219258743
distilbert_sst2,7500,129,0.015797299749203776,0.014867980493961685,0.008833274447571498,0.01754530300864763,0.01139314659862956,0.026652455527112668
distilbert_sst2,7500,130,0.015797299749203776,0.017237168407180214,0.009310904466647233,0.01612185311407568,0.01045440932896727,0.025065036500050007
distilbert_sst2,7500,131,0.015797299749203776,0.014937315522039148,0.008248174216747573,0.014968736740333482,0.010167410915059545,0.02484595675161152
distilbert_sst2,7500,132,0.015797299749203776,0.015410968153378606,0.008724189549234432,0.01707755796087466,0.010513576039017073,0.026597542411947502
distilbert_sst2,7500,133,0.015797299749203776,0.015038573312795038,0.007675369229432858,0.01628774865383671,0.010380375754447066,0.024569440987954154
distilbert_sst2,7500,134,0.015797299749203776,0.016982457744644106,0.008924136123430945,0.017449997423408175,0.01096239236067396,0.026896123775064774
distilbert_sst2,7500,135,0.015797299749203776,0.015526130223169309,0.007943886719758885,0.017273993242745332,0.009441838985318817,0.02516336847471347
distilbert_sst2,7500,136,0.015797299749203776,0.01704657671739636,0.00913732955804246,0.01833017832861637,0.010569285152403041,0.02669546333281071
distilbert_sst2,7500,137,0.015797299749203776,0.01622562615737467,0.00884342422100507,0.01733825576059041,0.010556499156489707,0.025912389772013485
distilbert_sst2,7500,138,0.015797299749203776,0.01793180919472705,0.008181417391904944,0.016702917201905584,0.009505343986908,0.025183361322173532
distilbert_sst2,7500,139,0.015797299749203776,0.013827382692594696,0.008044333828981499,0.016192753394038813,0.009971222689266361,0.024562724562973627
distilbert_sst2,7500,140,0.015797299749203776,0.014797287940971496,0.007791331276526653,0.014434219922278346,0.009038631171293839,0.022730099163545
distilbert_sst2,7500,141,0.015797299749203776,0.018946669589222483,0.009267078600658318,0.017729844645819347,0.01107185789813396,0.026462994387770868
distilbert_sst2,7500,142,0.015797299749203776,0.015896380029006313,0.008548640570390986,0.01706675505190388,0.01100962466155286,0.025663765786366935
distilbert_sst2,7500,143,0.015797299749203776,0.01537627891470417,0.008888063374257169,0.017330698798259877,0.01084150191445004,0.02642634192737037
distilbert_sst2,7500,144,0.015797299749203776,0.012611821452689595,0.007236277220322206,0.014350532119433034,0.008709555295418366,0.022802226884685743
distilbert_sst2,7500,145,0.015797299749203776,0.01682268383692921,0.008524881093343392,0.016799234202400627,0.009378886984087379,0.025733801540902764
distilbert_sst2,7500,146,0.015797299749203776,0.014834159303967937,0.00796242128922995,0.015668838361117085,0.009944365865117178,0.023241315287151537
distilbert_sst2,7500,147,0.015797299749203776,0.016300012064352158,0.009274170313642947,0.017614251102872312,0.011123933242803195,0.026329709441850733
distilbert_sst2,7500,148,0.015797299749203776,0.016539060851120033,0.009355585398458495,0.016997851501861568,0.010815517469512972,0.025873164323037268
distilbert_sst2,7500,149,0.015797299749203776,0.01524527234144035,0.008575590107257225,0.01574907277857146,0.009863797767411725,0.023661972950184375
distilbert_sst2,7500,150,0.015797299749203776,0.01440341711198026,0.007706295704808524,0.01640532103772706,0.009497228583854397,0.023967121100609785
distilbert_sst2,7500,151,0.015797299749203776,0.017716312380540073,0.008580970475971998,0.017506755761360192,0.010694050436922693,0.027463714382716203
distilbert_sst2,7500,152,0.015797299749203776,0.015152525634364858,0.00831935692191303,0.017847934498132403,0.009823389126597228,0.025108733232755392
distilbert_sst2,7500,153,0.015797299749203776,0.014639545759876879,0.007876632523987393,0.015920031074847504,0.009774714117419876,0.024671058384011218
distilbert_sst2,7500,154,0.015797299749203776,0.016601492564381412,0.00948188531817641,0.017118859950152096,0.010535305392731072,0.026245624143160687
distilbert_sst2,7500,155,0.015797299749203776,0.014899116365619133,0.008775321782628569,0.016748663036627094,0.010563646694218583,0.025916274722243435
distilbert_sst2,7500,156,0.015797299749203776,0.01798950343175709,0.00824501166818954,0.016548491516500452,0.009453341096559546,0.02578185913894243
distilbert_sst2,7500,157,0.015797299749203776,0.016900340422014343,0.009267911424960341,0.017294529258565366,0.011649232490431006,0.02595734391275519
distilbert_sst2,7500,158,0.015797299749203776,0.020451103190733223,0.009487532379666819,0.017760309070414277,0.01140016113201818,0.027219111655609054
distilbert_sst2,7500,159,0.015797299749203776,0.014646560828413585,0.008222277504143862,0.015535723354557291,0.009506832951880928,0.024661345713491423
distilbert_sst2,7500,160,0.015797299749203776,0.01858970534667334,0.009586444030888373,0.018246174356798085,0.011863486580525365,0.02694075876905005
distilbert_sst2,7500,161,0.015797299749203776,0.014941857670835581,0.00768248703474236,0.016026682428948304,0.00940679152145913,0.02512247391704966
distilbert_sst2,7500,162,0.015797299749203776,0.018214325329340832,0.010023429292062581,0.01842143769335131,0.012398411486315718,0.02707322175983869
distilbert_sst2,7500,163,0.015797299749203776,0.015764284901193235,0.008177705061629969,0.017335112987598326,0.009769115194980665,0.025738576144998745
distilbert_sst2,7500,164,0.015797299749203776,0.014298111107978092,0.008261381686732397,0.014121870198153938,0.009166820750704225,0.02385728509701474
distilbert_sst2,7500,165,0.015797299749203776,0.01701455109525775,0.00794905902026851,0.016697776318937027,0.010026546989179616,0.0262127308085059
distilbert_sst2,7500,166,0.015797299749203776,0.016181907005874057,0.008118615098811248,0.015320401260967684,0.008956202113912445,0.024375612596252705
distilbert_sst2,7500,167,0.015797299749203776,0.018400949799644212,0.009683698183755456,0.018859875265763344,0.011262502909747544,0.026882925280405204
distilbert_sst2,7500,168,0.015797299749203776,0.016084726075045904,0.008775564667936516,0.01581283256119916,0.009809579576922705,0.025299107828629427
distilbert_sst2,7500,169,0.015797299749203776,0.017507231152810426,0.009417814930900761,0.015501628076176738,0.010503107208871487,0.025578338176886303
distilbert_sst2,7500,170,0.015797299749203776,0.017617120062135245,0.008930247272393147,0.017022401703876727,0.010771226127849757,0.02598604987765078
distilbert_sst2,7500,171,0.015797299749203776,0.01379366964381373,0.008388869170975276,0.016515291488563007,0.009882557959108985,0.025003868058316312
distilbert_sst2,7500,172,0.015797299749203776,0.018319417993809164,0.009197607963642329,0.01799782424399138,0.010992606480235704,0.026651873480662273
distilbert_sst2,7500,173,0.015797299749203776,0.01662882505567115,0.008761003181109984,0.01666497780046105,0.010429954401599235,0.02518500308103154
distilbert_sst2,7500,174,0.015797299749203776,0.015488411043281651,0.00840427794736132,0.01625550008255866,0.01012175564215708,0.025303530954111947
distilbert_sst2,7500,175,0.015797299749203776,0.017725004186543127,0.009748464653331696,0.01675236073200599,0.01117773196369923,0.025973473849728736
distilbert_sst2,7500,176,0.015797299749203776,0.016649868874825276,0.00827636539554491,0.015142627061012898,0.009569964136991025,0.02496721688678844
distilbert_sst2,7500,177,0.015797299749203776,0.014622079201070972,0.008427352870831796,0.015627273496933144,0.00987629602714803,0.024506129067681084
distilbert_sst2,7500,178,0.015797299749203776,0.01724355138324244,0.007531700130618784,0.015642217976899412,0.009140195304046507,0.023215940501806417
distilbert_sst2,7500,179,0.015797299749203776,0.020517706261547787,0.010809169864092564,0.019155195044533273,0.012789898118626304,0.02818237334327696
distilbert_sst2,7500,180,0.015797299749203776,0.015321240388589353,0.0078047443646735125,0.016610800041125345,0.010333489061187329,0.02497444966831947
distilbert_sst2,7500,181,0.015797299749203776,0.014295332331419684,0.008899225642057317,0.01716265647975008,0.010616044723208323,0.025021491782948657
distilbert_sst2,7500,182,0.015797299749203776,0.018544036482834567,0.008717874306446018,0.018038114718916146,0.011460320374449757,0.02797262007611398
distilbert_sst2,7500,183,0.015797299749203776,0.018660967682601365,0.009613056196714967,0.01852059921917151,0.011814091152144986,0.027896837624347564
distilbert_sst2,7500,184,0.015797299749203776,0.01634787566879025,0.008856918930822511,0.016503182261200497,0.01012894389696191,0.02585692000385756
distilbert_sst2,7500,185,0.015797299749203776,0.017904793832399533,0.008509590482198732,0.0173925307485191,0.01037015777246137,0.025970555089951445
distilbert_sst2,7500,186,0.015797299749203776,0.01699429342228137,0.007703676876428404,0.01682088248941847,0.01060136256885599,0.024862749207027583
distilbert_sst2,7500,187,0.015797299749203776,0.019112855167930362,0.010061128027201445,0.019548976620617674,0.01181503384383793,0.029651221282093552
distilbert_sst2,7500,188,0.015797299749203776,0.01735535303181388,0.008543913273615677,0.018561967671110156,0.010535428955374241,0.02710953472271431
distilbert_sst2,7500,189,0.015797299749203776,0.016054154315319636,0.007759861775380761,0.014897962936203435,0.008820514386909024,0.023293187217668487
distilbert_sst2,7500,190,0.015797299749203776,0.016272433882994708,0.00799488556630959,0.0162705289004082,0.009733031509751636,0.024641250913555034
distilbert_sst2,7500,191,0.015797299749203776,0.018007471015019604,0.008403471663956592,0.016834035469764114,0.010831860737965299,0.026152945127994102
distilbert_sst2,7500,192,0.015797299749203776,0.01540456559913886,0.008538915268064239,0.015774191009709598,0.010192368328081639,0.023390582222469432
distilbert_sst2,7500,193,0.015797299749203776,0.017971920619908155,0.008655232112700514,0.017258517666375647,0.010792761057123703,0.0273199511350214
distilbert_sst2,7500,194,0.015797299749203776,0.01762346170334962,0.008111578264621597,0.017166997184359795,0.010745204943493887,0.025817498512055958
distilbert_sst2,7500,195,0.015797299749203776,0.01618190007352136,0.008914318337908473,0.016578411731867852,0.010692793805318169,0.025367537073212678
distilbert_sst2,7500,196,0.015797299749203776,0.017740249258906503,0.007692561494025559,0.016437757053375888,0.009617478540716349,0.02529107567747138
distilbert_sst2,7500,197,0.015797299749203776,0.016275667582108067,0.00899382425694183,0.01755143034886066,0.010747827815977438,0.0268771639680228
distilbert_sst2,7500,198,0.015797299749203776,0.019996414746776665,0.009808740350386206,0.018164759533708056,0.011908461069332474,0.02806026573291248
distilbert_sst2,7500,199,0.015797299749203776,0.017760103650914506,0.009430941374474512,0.020039924456163784,0.010760053503409295,0.028036604192252994
distilbert_sst2,10000,0,0.015797299749203776,0.011122846691297974,0.007504315995611157,0.013753781049283965,0.008347687046139128,0.021905032861237152
distilbert_sst2,10000,1,0.015797299749203776,0.015621540760358965,0.007745520489844827,0.01654545538753894,0.010039654392482717,0.02574922469160401
distilbert_sst2,10000,2,0.015797299749203776,0.015234900317166998,0.008441188086474614,0.015721005483363217,0.009997736620007499,0.023699301439784493
distilbert_sst2,10000,3,0.015797299749203776,0.017206229946082306,0.00912908369672403,0.017592910610937075,0.011403676659294523,0.026053144386556523
distilbert_sst2,10000,4,0.015797299749203776,0.015593108770359888,0.008198520476579176,0.016072230283569904,0.010829073992138755,0.02531499491473229
distilbert_sst2,10000,5,0.015797299749203776,0.019248145350793153,0.00865550941126058,0.01737311736045273,0.010424810278413688,0.02633304238404039
distilbert_sst2,10000,6,0.015797299749203776,0.013629316071886976,0.008711972762584928,0.01644791290422155,0.010517590402947991,0.024643511664648225
distilbert_sst2,10000,7,0.015797299749203776,0.01699114913910837,0.008323148490718104,0.016839323410281465,0.010670746931905235,0.025450791168872715
distilbert_sst2,10000,8,0.015797299749203776,0.02086409784024744,0.009958891190982562,0.01843935953437987,0.012365668514372808,0.028124407217733422
distilbert_sst2,10000,9,0.015797299749203776,0.019598728393858882,0.00812630787485292,0.016569060687736118,0.010487194393674105,0.025567769085642334
distilbert_sst2,10000,10,0.015797299749203776,0.016689865518846336,0.009417481521697187,0.018088556984365643,0.011784221312609906,0.027352889878682105
distilbert_sst2,10000,11,0.015797299749203776,0.01684592070725918,0.0082911663236814,0.01754765458920163,0.010617726764583732,0.02596971144066098
distilbert_sst2,10000,12,0.015797299749203776,0.014593479796376192,0.00860355444081841,0.016728755056625754,0.010339591715826216,0.025629244967670387
distilbert_sst2,10000,13,0.015797299749203776,0.017720357211048574,0.008606814829472549,0.01762511385690759,0.010534987974506058,0.02620644378279157
distilbert_sst2,10000,14,0.015797299749203776,0.018482129014868322,0.009291595443910092,0.018420581612541554,0.012073848964471792,0.02764661551746794
distilbert_sst2,10000,15,0.015797299749203776,0.01504543078470784,0.007974282579961344,0.015990678906521543,0.010236013804099522,0.02497468645860683
distilbert_sst2,10000,16,0.015797299749203776,0.015803860429141697,0.008329003398471384,0.01622505456232948,0.009731053450968944,0.025346616974565816
distilbert_sst2,10000,17,0.015797299749203776,0.014046746812856975,0.007903268704744521,0.014617046685632577,0.008917375568481548,0.02280842725542009
distilbert_sst2,10000,18,0.015797299749203776,0.018027132224741678,0.00842783105924232,0.01798184484404377,0.01160022891981059,0.027150556580856258
distilbert_sst2,10000,19,0.015797299749203776,0.014726112148718454,0.008136947830938072,0.015299565721151492,0.009627709819732388,0.024049288346199908
distilbert_sst2,10000,20,0.015797299749203776,0.01707244532304413,0.00851535637119977,0.016196916990600413,0.010805308611364648,0.024098934556765168
distilbert_sst2,10000,21,0.015797299749203776,0.016751682720576925,0.009292846306012544,0.016930120245235127,0.010797574622653506,0.027072748241571565
distilbert_sst2,10000,22,0.015797299749203776,0.015181891042769752,0.007816745999791796,0.01619533971823511,0.009463938254536586,0.02470413902748167
distilbert_sst2,10000,23,0.015797299749203776,0.017615288187693694,0.008345408658964808,0.01627285877779878,0.01022703399398636,0.026049150148448396
distilbert_sst2,10000,24,0.015797299749203776,0.01647972924440766,0.008563746817495,0.01745990532138083,0.010523514241072889,0.02613785224689129
distilbert_sst2,10000,25,0.015797299749203776,0.018268943024090774,0.008846165455610991,0.01745123611094436,0.010715505195084234,0.026051215018966747
distilbert_sst2,10000,26,0.015797299749203776,0.016172117643304857,0.008642960372617923,0.016785718171255834,0.009731269300180258,0.025305022855080603
distilbert_sst2,10000,27,0.015797299749203776,0.01469654204098581,0.007853930916710359,0.01641750472833285,0.009909790280206414,0.024348396361636136
distilbert_sst2,10000,28,0.015797299749203776,0.014946616563683159,0.008585265077754877,0.015702914967034808,0.010130855994258725,0.02418626327591267
distilbert_sst2,10000,29,0.015797299749203776,0.015391454466909179,0.008267243353688147,0.01737578107363273,0.010276541479435592,0.025910739865111266
distilbert_sst2,10000,30,0.015797299749203776,0.017188096689044557,0.008305308090139556,0.016603961161013894,0.0107245979406787,0.025696499368848064
distilbert_sst2,10000,31,0.015797299749203776,0.018655716002501054,0.008687571423666374,0.018324493448782956,0.011065367103856439,0.026760656572722856
distilbert_sst2,10000,32,0.015797299749203776,0.015435980722444868,0.007961245820872685,0.01619565320929404,0.010442189512280032,0.025013391277512464
distilbert_sst2,10000,33,0.015797299749203776,0.017239546391828228,0.008966014012505633,0.01820535518221931,0.011304973145293058,0.026244129892908176
distilbert_sst2,10000,34,0.015797299749203776,0.016727065785879906,0.008556963400817345,0.017623328876632698,0.010796922320378205,0.025977374741385173
distilbert_sst2,10000,35,0.015797299749203776,0.01580639994786341,0.00853260915681699,0.016111301966947014,0.011042613091109505,0.02438271067327761
distilbert_sst2,10000,36,0.015797299749203776,0.014448767510799399,0.008011660791784897,0.014758482593841965,0.009450632733784915,0.02383771806144737
distilbert_sst2,10000,37,0.015797299749203776,0.015416989944731625,0.008397742556474597,0.01635874681924358,0.010240488644522601,0.02470550528976077
distilbert_sst2,10000,38,0.015797299749203776,0.01779471814809945,0.00886505153531327,0.017165978861089577,0.011102839398019815,0.025672099210599018
distilbert_sst2,10000,39,0.015797299749203776,0.014608694314765105,0.008435447386751947,0.016680462267459763,0.01028283729758035,0.025268726795779142
distilbert_sst2,10000,40,0.015797299749203776,0.01693081984250114,0.009056262851787893,0.017861307057657125,0.011218387205112972,0.026473221289388366
distilbert_sst2,10000,41,0.015797299749203776,0.019412467953569268,0.008851273985142055,0.018807878397987903,0.011421515774551036,0.027879379186254646
distilbert_sst2,10000,42,0.015797299749203776,0.01695448978275719,0.008938445167826825,0.017233442845017804,0.010824471908817844,0.025991395421174453
distilbert_sst2,10000,43,0.015797299749203776,0.015560691729124068,0.008553416220137618,0.016522548798099935,0.00976291710631792,0.02544760468645687
distilbert_sst2,10000,44,0.015797299749203776,0.01595561267922704,0.008028341560192848,0.015961850474711513,0.010407794266084156,0.02523705289815633
distilbert_sst2,10000,45,0.015797299749203776,0.015297659825937246,0.00747562098490613,0.015620919185029265,0.009696512085190255,0.024326907364442096
distilbert_sst2,10000,46,0.015797299749203776,0.015381558221706478,0.007240236099451654,0.015033859572242972,0.009088151698647245,0.023588165479654106
distilbert_sst2,10000,47,0.015797299749203776,0.013441350912162624,0.008450599794373714,0.015665456989519277,0.009810497292376022,0.024072637053186068
distilbert_sst2,10000,48,0.015797299749203776,0.01705920149447163,0.008255725481540199,0.01709865104283679,0.01031964409417007,0.025347659755713736
distilbert_sst2,10000,49,0.015797299749203776,0.01577484433102929,0.009080272878797433,0.016811016400416514,0.0106514134575154,0.024321205658846847
distilbert_sst2,10000,50,0.015797299749203776,0.01691844712905699,0.008016665600819511,0.016496276575137452,0.010587761598237697,0.02595325603561735
distilbert_sst2,10000,51,0.015797299749203776,0.012355270909342004,0.0071783723997293075,0.014620048709862247,0.008897737496791805,0.02293600584542248
distilbert_sst2,10000,52,0.015797299749203776,0.013891605902763737,0.007599825898893266,0.015198525740124218,0.009693312305282456,0.024609541383353764
distilbert_sst2,10000,53,0.015797299749203776,0.014201814406228174,0.007023189150319742,0.015144180634805951,0.009057308427965037,0.02380892857013476
distilbert_sst2,10000,54,0.015797299749203776,0.019375083648619083,0.009669858143790882,0.018525456760323147,0.01192965625774402,0.028340195389817916
distilbert_sst2,10000,55,0.015797299749203776,0.017665050291069493,0.009353356465150162,0.01775933629564128,0.011280590294279871,0.02595038625315319
distilbert_sst2,10000,56,0.015797299749203776,0.017056134443147238,0.008208532167356172,0.01644271391180209,0.009630487339039673,0.025239805250119957
distilbert_sst2,10000,57,0.015797299749203776,0.016247895301316435,0.008540490465793733,0.017076559043850376,0.01032849465609239,0.026271886590879073
distilbert_sst2,10000,58,0.015797299749203776,0.015359296741656417,0.008111139071977472,0.015399749678725004,0.009852813668833088,0.024627940265041177
distilbert_sst2,10000,59,0.015797299749203776,0.019176186356031466,0.00798565764805045,0.01734444128414563,0.010471144274228843,0.027337956174282016
distilbert_sst2,10000,60,0.015797299749203776,0.016570630853075054,0.008407853921470606,0.01686735313053246,0.009874419378910522,0.025193182993004656
distilbert_sst2,10000,61,0.015797299749203776,0.01816173509298584,0.00835572699284725,0.01698694563634741,0.010832782455168034,0.02580458135897695
distilbert_sst2,10000,62,0.015797299749203776,0.01669936287080994,0.00852235314999227,0.016304306205402307,0.010809234196488488,0.02450814134065035
distilbert_sst2,10000,63,0.015797299749203776,0.01576552737732867,0.008314660744662895,0.016310905888143316,0.010197376552142687,0.024672838961376543
distilbert_sst2,10000,64,0.015797299749203776,0.016714123048654998,0.00968870328200527,0.0183455307214238,0.010941899189052882,0.02705214587316433
distilbert_sst2,10000,65,0.015797299749203776,0.019944112736089193,0.009586231811185666,0.019369638404732725,0.011571761706449477,0.028862370186489964
distilbert_sst2,10000,66,0.015797299749203776,0.01544485549448001,0.007886679015339286,0.015991571852180968,0.01031693728239332,0.024502919506878287
distilbert_sst2,10000,67,0.015797299749203776,0.01579724843068129,0.007858928191169571,0.015145265636480536,0.009836611902968218,0.024998328155203593
distilbert_sst2,10000,68,0.015797299749203776,0.015689776109811204,0.00832743800062945,0.015981279875276543,0.009915768166638092,0.02349576331482382
distilbert_sst2,10000,69,0.015797299749203776,0.013227449451189676,0.007425709543924524,0.01406855784831439,0.008852687569898711,0.022576830815325202
distilbert_sst2,10000,70,0.015797299749203776,0.016064039782593947,0.008527165670454247,0.016816683351093483,0.010219268437733037,0.02535695381024661
distilbert_sst2,10000,71,0.015797299749203776,0.017004726256087323,0.008718469460104262,0.017673302988146403,0.011220815126145022,0.025610826720024214
distilbert_sst2,10000,72,0.015797299749203776,0.016207911295748664,0.007955896470978352,0.017555567965141298,0.01032749912589327,0.02603224466308768
distilbert_sst2,10000,73,0.015797299749203776,0.01756852946631624,0.009124011607930239,0.0181792774732734,0.01142506857372523,0.026523461499135963
distilbert_sst2,10000,74,0.015797299749203776,0.01550926105907597,0.007641125104956029,0.015971928650030824,0.009693446015768301,0.02511196032872994
distilbert_sst2,10000,75,0.015797299749203776,0.016244055910183814,0.00830730366796648,0.016702886750876153,0.010058719473292977,0.025789650201077312
distilbert_sst2,10000,76,0.015797299749203776,0.017280485362985733,0.008506334398112657,0.016346706765747513,0.010423438852423212,0.025622182410237854
distilbert_sst2,10000,77,0.015797299749203776,0.01812404997349101,0.009264564685211519,0.016951300269473113,0.010839875694342426,0.025936110021170113
distilbert_sst2,10000,78,0.015797299749203776,0.01661675987586644,0.008773938770500192,0.01801929631714621,0.010923461033844369,0.02611148286744701
distilbert_sst2,10000,79,0.015797299749203776,0.018927751631250208,0.008368791788263353,0.019102024746994548,0.010874174759389583,0.028216230308597698
distilbert_sst2,10000,80,0.015797299749203776,0.018306969348268313,0.008885343940261156,0.016047823324194164,0.010322506495500473,0.02532567336865901
distilbert_sst2,10000,81,0.015797299749203776,0.0183460270618274,0.008609701722850176,0.017393850557328314,0.010736494817511717,0.02568072824986062
distilbert_sst2,10000,82,0.015797299749203776,0.015142038120854443,0.008969793178159038,0.016359719479574344,0.010426587608755035,0.024632302534025523
distilbert_sst2,10000,83,0.015797299749203776,0.01620805898754179,0.008966493444966969,0.01674473558019137,0.011003324999341185,0.02532582471286728
distilbert_sst2,10000,84,0.015797299749203776,0.01726803204775532,0.008112581276688197,0.01645280099679296,0.01028108077600934,0.024714308375860427
distilbert_sst2,10000,85,0.015797299749203776,0.02163013309751075,0.010191235285574227,0.0205938863854835,0.01216050128840009,0.02999052488369433
distilbert_sst2,10000,86,0.015797299749203776,0.01853483127143921,0.009180370047343133,0.01714486730720843,0.010709659600965971,0.025990360192696675
distilbert_sst2,10000,87,0.015797299749203776,0.015687630872311606,0.00779910879562444,0.016193618201290727,0.009577047595779634,0.024267262123169965
distilbert_sst2,10000,88,0.015797299749203776,0.016200429308192186,0.00826170010274235,0.015938547786156644,0.010569571619131364,0.02457857158402738
distilbert_sst2,10000,89,0.015797299749203776,0.018018661265030052,0.008998336606932715,0.01743387185218528,0.011381055184363484,0.02655109474409917
distilbert_sst2,10000,90,0.015797299749203776,0.015850570210214805,0.007741000774231964,0.016578994791046575,0.01009860939289972,0.024692868592175427
distilbert_sst2,10000,91,0.015797299749203776,0.0159837051668659,0.008385730960403823,0.017100576487656744,0.010428091171852593,0.02538525419733297
distilbert_sst2,10000,92,0.015797299749203776,0.01555509965146461,0.007349748282084091,0.014990957083193342,0.009026054135524,0.024034405406581166
distilbert_sst2,10000,93,0.015797299749203776,0.017137935856630607,0.008265032140845646,0.016543594663219873,0.010455645208006509,0.02466558524641848
distilbert_sst2,10000,94,0.015797299749203776,0.014477688479200975,0.008564749750443404,0.017603953849709374,0.010499812873128511,0.025842514472289295
distilbert_sst2,10000,95,0.015797299749203776,0.016241589461741136,0.008583140832600861,0.016135731818636284,0.010489378464730593,0.025381295826939078
distilbert_sst2,10000,96,0.015797299749203776,0.01809398867012779,0.008721114724124875,0.016800572285089455,0.010610411668728325,0.025739018440744575
distilbert_sst2,10000,97,0.015797299749203776,0.016941593047328524,0.008478764319735465,0.015659547208774476,0.00978383087411986,0.024982847878058833
distilbert_sst2,10000,98,0.015797299749203776,0.01669216221138949,0.008212685052635331,0.01673109045900686,0.010656060039116684,0.025477607068602037
distilbert_sst2,10000,99,0.015797299749203776,0.01706377027048444,0.008709734682768153,0.01670704802364867,0.010537668670210472,0.025203370283531704
distilbert_sst2,10000,100,0.015797299749203776,0.01738409431399557,0.007875313661137206,0.016898368595546234,0.010045429260420924,0.025667760804319706
distilbert_sst2,10000,101,0.015797299749203776,0.016826288518673814,0.00797098848853269,0.015949209305586427,0.009682662813181952,0.023711499563149645
distilbert_sst2,10000,102,0.015797299749203776,0.017240187431467463,0.007999700881834498,0.017005025829643746,0.010063945736167408,0.025695786160290307
distilbert_sst2,10000,103,0.015797299749203776,0.01901784208520353,0.00878308087080272,0.018045290716206426,0.010917370369255105,0.027111516211546074
distilbert_sst2,10000,104,0.015797299749203776,0.013966990612485781,0.00737829063939424,0.015616619853592946,0.009144847515430694,0.023588140070407854
distilbert_sst2,10000,105,0.015797299749203776,0.015060516391579137,0.007930868317583625,0.015514807529342207,0.00946462715543673,0.024444566914369054
distilbert_sst2,10000,106,0.015797299749203776,0.0172301565913717,0.009870039007093335,0.017886557982091874,0.011644404142480939,0.02619931095761159
distilbert_sst2,10000,107,0.015797299749203776,0.014194044405398759,0.0082964885086152,0.016171174269117003,0.009975100944656033,0.02445324736731854
distilbert_sst2,10000,108,0.015797299749203776,0.017518628018607346,0.008304655505325725,0.01731058378648532,0.010622513775570752,0.026484857861175642
distilbert_sst2,10000,109,0.015797299749203776,0.016829752137329367,0.008313305964076272,0.017139701199455945,0.010003381480449176,0.026164651159859404
distilbert_sst2,10000,110,0.015797299749203776,0.014870016428045323,0.007613522911510661,0.014958628292448558,0.00966505089661577,0.023810875257111216
distilbert_sst2,10000,111,0.015797299749203776,0.01678841222071972,0.008921597594612486,0.017507803123869042,0.010831357947354568,0.025552560817806158
distilbert_sst2,10000,112,0.015797299749203776,0.017758065458340702,0.007743218859762053,0.01575497289084116,0.009342914764982287,0.024337003194558848
distilbert_sst2,10000,113,0.015797299749203776,0.014753495809364262,0.00832766893711279,0.016541190514912773,0.009993037921828254,0.02488999772833758
distilbert_sst2,10000,114,0.015797299749203776,0.018788079071100486,0.009327465657311658,0.016531941790228474,0.011273192590530294,0.0270267511473562
distilbert_sst2,10000,115,0.015797299749203776,0.016088867414355522,0.008593887271654962,0.016661414558134115,0.010779077678656651,0.025373217261388657
distilbert_sst2,10000,116,0.015797299749203776,0.018334989555133865,0.00915155185869191,0.019125353686653662,0.011243515884863206,0.027099565650054617
distilbert_sst2,10000,117,0.015797299749203776,0.017433332438923727,0.010489324192939345,0.018834661908119957,0.012445082458496718,0.027122054233642334
distilbert_sst2,10000,118,0.015797299749203776,0.01777996787480229,0.00805319218041601,0.01716652337161949,0.009856201464050562,0.02566289810781682
distilbert_sst2,10000,119,0.015797299749203776,0.01679107559947984,0.009199619495194265,0.017818582534858032,0.010964769754907943,0.026340439436877115
distilbert_sst2,10000,120,0.015797299749203776,0.01720008790304366,0.008110251621527165,0.01611315894299151,0.009720145303273184,0.02597562503659072
distilbert_sst2,10000,121,0.015797299749203776,0.01712991340120695,0.009384769640940907,0.017688573020823346,0.011662459558184787,0.026221725741915385
distilbert_sst2,10000,122,0.015797299749203776,0.01639718838076457,0.007927130046359627,0.016470960250323317,0.01045623711478496,0.02482744094927285
distilbert_sst2,10000,123,0.015797299749203776,0.014082904238730782,0.00820258390779954,0.017102387603022448,0.010279997733592295,0.025133888848784553
distilbert_sst2,10000,124,0.015797299749203776,0.0163874646114997,0.007686411936572837,0.01593254755812366,0.009784114794917517,0.02504397170350091
distilbert_sst2,10000,125,0.015797299749203776,0.016421244244560346,0.008968758505028191,0.016946406040270836,0.010902073089961026,0.02571955662585039
distilbert_sst2,10000,126,0.015797299749203776,0.016369182173477374,0.009165315469075355,0.016452866553037127,0.010777633680055486,0.025670738498854595
distilbert_sst2,10000,127,0.015797299749203776,0.017838456559310326,0.00811347780266725,0.01570236869136612,0.009656988284242576,0.024398917766970715
distilbert_sst2,10000,128,0.015797299749203776,0.019427261223189753,0.00923430931771147,0.018040331441817613,0.011495783927801071,0.026704380264528628
distilbert_sst2,10000,129,0.015797299749203776,0.015073186794824563,0.007835987989662951,0.01576298085610605,0.00968731866274075,0.02481379331630979
distilbert_sst2,10000,130,0.015797299749203776,0.01522006606178895,0.008097617106820837,0.016061378005454673,0.009490777735116106,0.02524559597473446
distilbert_sst2,10000,131,0.015797299749203776,0.015586451559696044,0.007725423666825009,0.015723590620490318,0.009221562207560534,0.023149270121505194
distilbert_sst2,10000,132,0.015797299749203776,0.017595791963718795,0.00932914111088966,0.018884832179968045,0.011445465925765152,0.02724705824958585
distilbert_sst2,10000,133,0.015797299749203776,0.016281790744062163,0.008123988811957049,0.016441080357646444,0.009528618153782715,0.025141727905947035
distilbert_sst2,10000,134,0.015797299749203776,0.013445650494094212,0.008030309405432767,0.016104479391760428,0.009355857556927033,0.0243887857223194
distilbert_sst2,10000,135,0.015797299749203776,0.016701977655643668,0.00850621722667976,0.01756071685554992,0.010565043006652175,0.026220245884943434
distilbert_sst2,10000,136,0.015797299749203776,0.017640983156419418,0.008779371020890474,0.018508330385790767,0.010877740782094362,0.02661404734818662
distilbert_sst2,10000,137,0.015797299749203776,0.017114464357320867,0.008359956342718352,0.016415334556894333,0.009770445852239821,0.025612284069915447
distilbert_sst2,10000,138,0.015797299749203776,0.015489821400289207,0.008889333514796493,0.016877521761025308,0.010894072983644082,0.026217400935331765
distilbert_sst2,10000,139,0.015797299749203776,0.013963682500253477,0.008035637356329195,0.016343135905909717,0.010299216040694267,0.02553327420292295
distilbert_sst2,10000,140,0.015797299749203776,0.01621987789725586,0.007628274900175347,0.014809157777597077,0.009539936505715328,0.02380150633950522
distilbert_sst2,10000,141,0.015797299749203776,0.018837936514102212,0.010264082559833583,0.019257378387879064,0.01276390078805098,0.02818556112617713
distilbert_sst2,10000,142,0.015797299749203776,0.017534692038147424,0.008773990290342759,0.017802564781601814,0.010746638997368453,0.026079828014138356
distilbert_sst2,10000,143,0.015797299749203776,0.01645833186233208,0.008652890200186406,0.01556772636758478,0.010139868850957924,0.023754093222988475
distilbert_sst2,10000,144,0.015797299749203776,0.01628960367887579,0.00751814888996979,0.015772226642606083,0.009193507313601468,0.024469538493368748
distilbert_sst2,10000,145,0.015797299749203776,0.017089268142913172,0.008542764133980559,0.018063254832272373,0.010750580082635953,0.027201332301419006
distilbert_sst2,10000,146,0.015797299749203776,0.017346236485783872,0.00827342211559556,0.016966364101167638,0.009698378777603567,0.02554478058539922
distilbert_sst2,10000,147,0.015797299749203776,0.02004376150079788,0.008625934413991662,0.016915445250267534,0.010409207193989986,0.02566965981186818
distilbert_sst2,10000,148,0.015797299749203776,0.019025652284808018,0.009169936113208292,0.018999355877200013,0.011094753862999782,0.027907435790529258
distilbert_sst2,10000,149,0.015797299749203776,0.01436820868443207,0.007669565646176326,0.015599108058323374,0.009437739123691714,0.025040493270170296
distilbert_sst2,10000,150,0.015797299749203776,0.01689542026209619,0.008496820359237257,0.01740482073948274,0.010500938817888498,0.026028280583631557
distilbert_sst2,10000,151,0.015797299749203776,0.015124832831790502,0.008220515358662611,0.01636937664165573,0.010436078152815791,0.025661337614417266
distilbert_sst2,10000,152,0.015797299749203776,0.018447400046960688,0.009187260735430964,0.01848959858449908,0.011071369281394652,0.02754257413124183
distilbert_sst2,10000,153,0.015797299749203776,0.016243541902540574,0.007962971645538108,0.01584122978944819,0.00980360816424098,0.024403602131421898
distilbert_sst2,10000,154,0.015797299749203776,0.01624337169275587,0.00844591071620437,0.017045825605731157,0.010333245005137041,0.025708693376419248
distilbert_sst2,10000,155,0.015797299749203776,0.017023104588981097,0.00821763321867251,0.016914159823372906,0.010094597427370974,0.025849160528062857
distilbert_sst2,10000,156,0.015797299749203776,0.017240558602298086,0.008568039654071132,0.01759324072144356,0.010429003094784766,0.025583383353970365
distilbert_sst2,10000,157,0.015797299749203776,0.019289977147776746,0.009038853545141603,0.018539009225694257,0.011351534624021362,0.02790339943166459
distilbert_sst2,10000,158,0.015797299749203776,0.015039745357611387,0.009220875194313053,0.01720510710964693,0.011322637248016972,0.02588490068217737
distilbert_sst2,10000,159,0.015797299749203776,0.016339052865801586,0.008502325227566675,0.01651649028099245,0.010568687326968668,0.026147703392104194
distilbert_sst2,10000,160,0.015797299749203776,0.01724526617595084,0.007758487091948278,0.01627771378951997,0.009281754935008185,0.02462439648774554
distilbert_sst2,10000,161,0.015797299749203776,0.016501618395943496,0.00870960301863713,0.016949322450734126,0.010557107219758183,0.025478666484359286
distilbert_sst2,10000,162,0.015797299749203776,0.018604229451501347,0.008556244189706247,0.0172265450204013,0.010135172429818085,0.026500179603415084
distilbert_sst2,10000,163,0.015797299749203776,0.017872227776879357,0.008886446819946409,0.017127881373161347,0.010909300820151978,0.025415263704427322
distilbert_sst2,10000,164,0.015797299749203776,0.014901572790876335,0.008036396337613182,0.015341187155281487,0.009969176185940166,0.02449672325189518
distilbert_sst2,10000,165,0.015797299749203776,0.01632651267697765,0.008327854531074041,0.015829698335471962,0.010385366723512406,0.024152569031283405
distilbert_sst2,10000,166,0.015797299749203776,0.014921681331262284,0.007985891763350626,0.01557611072817529,0.009843203170375264,0.024718565738179116
distilbert_sst2,10000,167,0.015797299749203776,0.016080844037988366,0.008063525216937466,0.01510791929009854,0.009702019492119726,0.024405962378729957
distilbert_sst2,10000,168,0.015797299749203776,0.01762700343870829,0.008583640220639602,0.017852008321695024,0.010829466791940266,0.027592930199460974
distilbert_sst2,10000,169,0.015797299749203776,0.014840720982320237,0.007760519042155713,0.016082138961112206,0.009767969081338708,0.02467094900228915
distilbert_sst2,10000,170,0.015797299749203776,0.01757345880075017,0.007979267009104918,0.015511022792427878,0.009462810979305332,0.024535489419802676
distilbert_sst2,10000,171,0.015797299749203776,0.015005097216541924,0.007865943086820062,0.01540938782498648,0.010186237577818849,0.02404397540690819
distilbert_sst2,10000,172,0.015797299749203776,0.016156929939125268,0.008558478576007254,0.016389815926646942,0.010315559166662026,0.025625563423747916
distilbert_sst2,10000,173,0.015797299749203776,0.017410480135685493,0.008514408087592394,0.015733999645552624,0.009923176406003247,0.025184954647330282
distilbert_sst2,10000,174,0.015797299749203776,0.017777448593049996,0.007822268465173967,0.016489413574548206,0.009772111228682268,0.02516096779600154
distilbert_sst2,10000,175,0.015797299749203776,0.015139682417261702,0.008455778580335672,0.016451717581100506,0.009957004556487153,0.026164614633689045
distilbert_sst2,10000,176,0.015797299749203776,0.01837510226075306,0.008675265181158125,0.017596395231912577,0.010547415813582322,0.02619481503414531
distilbert_sst2,10000,177,0.015797299749203776,0.01587449719950477,0.009403266003505372,0.01713570999712466,0.011057232118574133,0.02637999208211819
distilbert_sst2,10000,178,0.015797299749203776,0.015317859958704964,0.008514012617090559,0.016973115725028378,0.011264116698980954,0.02526602311480669
distilbert_sst2,10000,179,0.015797299749203776,0.01675332926403885,0.008707623031068087,0.018210676467066034,0.010748287563866542,0.02689663293777834
distilbert_sst2,10000,180,0.015797299749203776,0.018357574495667602,0.00918638237659369,0.018119757886193584,0.010617959166512782,0.027107912874149955
distilbert_sst2,10000,181,0.015797299749203776,0.019538799601145997,0.0097074378275749,0.01880845928883853,0.011990328189314971,0.026767137930824293
distilbert_sst2,10000,182,0.015797299749203776,0.0171644958459465,0.008257848410002253,0.01676830427039301,0.010475606188200433,0.026771284122980472
distilbert_sst2,10000,183,0.015797299749203776,0.015668031209737723,0.008369085584683453,0.01728127602130864,0.010176695380753399,0.02492281468374243
distilbert_sst2,10000,184,0.015797299749203776,0.013808413448129027,0.008093955162797734,0.015625677428467995,0.010031146880402426,0.023739441796192678
distilbert_sst2,10000,185,0.015797299749203776,0.015379690159634698,0.007286571827902288,0.01547497262150058,0.009010443571008924,0.02389986047981834
distilbert_sst2,10000,186,0.015797299749203776,0.017669589090912957,0.008700304762529715,0.016526608473574202,0.011087052808078987,0.02649391209434144
distilbert_sst2,10000,187,0.015797299749203776,0.014923810423684241,0.007920274310768007,0.015545628886863679,0.009251214613471932,0.024051895358828446
distilbert_sst2,10000,188,0.015797299749203776,0.014896744354830127,0.00719122730315178,0.014790471003842046,0.009398038073918976,0.023440506389198562
distilbert_sst2,10000,189,0.015797299749203776,0.016868271716385098,0.00887984667386133,0.016824471741670757,0.01078521476234723,0.025703089879185886
distilbert_sst2,10000,190,0.015797299749203776,0.014226343065170852,0.007327901214743109,0.014842427406303465,0.008913756819981872,0.022794639827232913
distilbert_sst2,10000,191,0.015797299749203776,0.016170783092678387,0.008297540074903468,0.016251853640244333,0.010073328498197205,0.024073755538648548
distilbert_sst2,10000,192,0.015797299749203776,0.017821653498171757,0.007911369183137092,0.016098594187258057,0.009260400556704112,0.02505381347508599
distilbert_sst2,10000,193,0.015797299749203776,0.016391393909039233,0.008184285322425839,0.01634306243812063,0.010304421845471706,0.025032748403620516
distilbert_sst2,10000,194,0.015797299749203776,0.019418383626709522,0.009150899177225518,0.01753016151977242,0.011003631773976506,0.027261484244707212
distilbert_sst2,10000,195,0.015797299749203776,0.017137693767556857,0.008263661611126192,0.0162374260324631,0.009857576026403483,0.0244004339207561
distilbert_sst2,10000,196,0.015797299749203776,0.015571941805944746,0.00856614991087364,0.01575967198524254,0.009821051395437149,0.024847973135839634
distilbert_sst2,10000,197,0.015797299749203776,0.016959337755826115,0.008405924948388082,0.016946063830978172,0.010408587080691095,0.02567501790647233
distilbert_sst2,10000,198,0.015797299749203776,0.017398073033683032,0.008893111877982607,0.018198112107258548,0.011601537560568347,0.027607475507812076
distilbert_sst2,10000,199,0.015797299749203776,0.01546225786951062,0.00762892173749601,0.015591545804053322,0.009554902076247724,0.025342502801645492
