model,n,rep,reference,rank_ece,hist_10,hist_sqrt,hist_cube_root,hist_n_over_20
roberta_twitter_sentiment,100,0,0.003402082805937027,-0.015227753998996571,0.012843466717069214,0.012843466717069214,0.0002236430175220667,0.00017625910634378432
roberta_twitter_sentiment,100,1,0.003402082805937027,0.011110396227651089,0.011371302082194456,0.011371302082194456,0.012598118311235848,0.010044783150446346
roberta_twitter_sentiment,100,2,0.003402082805937027,-0.0190808296817253,0.016411002791632313,0.016411002791632313,0.00456659385625251,0.006194303873382172
roberta_twitter_sentiment,100,3,0.003402082805937027,0.019989364896319278,0.01994705898000075,0.01994705898000075,0.002084578553058328,0.012479704133107554
roberta_twitter_sentiment,100,4,0.003402082805937027,0.010253213190823673,0.013949686654145895,0.013949686654145895,0.005980203989140686,0.0039655486869366015
roberta_twitter_sentiment,100,5,0.003402082805937027,-0.006261233868522351,0.009005849941050999,0.009005849941050999,0.006368289009847392,0.006564487519851263
roberta_twitter_sentiment,100,6,0.003402082805937027,0.015405065970378775,0.023301264109666327,0.023301264109666327,0.006980980549460914,0.008653536861592245
roberta_twitter_sentiment,100,7,0.003402082805937027,-0.005527488056268145,0.01391377002995341,0.01391377002995341,0.0048150052874077415,0.002761465843793248
roberta_twitter_sentiment,100,8,0.003402082805937027,0.000374343488338027,0.011060704978022076,0.011060704978022076,0.001102675664980972,0.005982635628451254
roberta_twitter_sentiment,100,9,0.003402082805937027,0.018376348367174163,0.019786207709807598,0.019786207709807598,0.01557746374343269,0.010904981231441199
roberta_twitter_sentiment,100,10,0.003402082805937027,0.011189929088647915,0.01739890447152962,0.01739890447152962,0.015437062809609062,0.016100180440452118
roberta_twitter_sentiment,100,11,0.003402082805937027,0.004578992431810317,0.01487787295331666,0.01487787295331666,0.00421543709343867,0.008122064818383202
roberta_twitter_sentiment,100,12,0.003402082805937027,-0.012164912689283625,0.009728297217980934,0.009728297217980934,0.005220047941864164,0.005852591937406213
roberta_twitter_sentiment,100,13,0.003402082805937027,-0.0112105793428035,0.0071380371022594525,0.0071380371022594525,0.0036633718292571186,0.002439391398552281
roberta_twitter_sentiment,100,14,0.003402082805937027,-0.0020417320058480235,0.020634405853548737,0.020634405853548737,0.007545283800134068,0.01282171761826778
roberta_twitter_sentiment,100,15,0.003402082805937027,-0.004812050604775836,0.01400175435410367,0.01400175435410367,0.009725560515607287,0.009874549627258835
roberta_twitter_sentiment,100,16,0.003402082805937027,-0.008706012719738303,0.01503969264550986,0.01503969264550986,0.0008450456080707409,0.00195366350825693
roberta_twitter_sentiment,100,17,0.003402082805937027,-0.01024373155377111,0.008174743219801368,0.008174743219801368,0.004977347517250258,0.005999153322669321
roberta_twitter_sentiment,100,18,0.003402082805937027,0.013916091196357713,0.031517350264487445,0.031517350264487445,0.019772407495798165,0.019424913229266726
roberta_twitter_sentiment,100,19,0.003402082805937027,0.007726328578127733,0.013649463864165124,0.013649463864165124,0.010547661191120822,0.012082516567013568
roberta_twitter_sentiment,100,20,0.003402082805937027,-0.011055850145911435,0.02166906796480452,0.02166906796480452,0.010450836734823414,0.0164136901032874
roberta_twitter_sentiment,100,21,0.003402082805937027,0.0032220215760807467,0.017723313487833302,0.017723313487833302,0.0026926589075498726,0.0074762881564603015
roberta_twitter_sentiment,100,22,0.003402082805937027,0.006106451936553325,0.01421581685450276,0.01421581685450276,0.006467641597209339,0.0071760070067020355
roberta_twitter_sentiment,100,23,0.003402082805937027,0.0013027140285310323,0.015236084052703413,0.015236084052703413,0.0029776481946087435,0.013528348048824197
roberta_twitter_sentiment,100,24,0.003402082805937027,-0.012249926536996834,0.023626539663490608,0.023626539663490608,0.008042537253471269,0.003621632153823076
roberta_twitter_sentiment,100,25,0.003402082805937027,0.005553895777026757,0.02564662812923932,0.02564662812923932,0.012422589543961384,0.008385734753543416
roberta_twitter_sentiment,100,26,0.003402082805937027,0.004079533472450364,0.023300414915415055,0.023300414915415055,0.00430739007096536,0.0038326058133128942
roberta_twitter_sentiment,100,27,0.003402082805937027,-0.007292263949898381,0.008355332173231433,0.008355332173231433,0.0049718255377503105,0.006117393852723551
roberta_twitter_sentiment,100,28,0.003402082805937027,-0.003887504429313535,0.013146868602094339,0.013146868602094339,0.009302555397138422,0.0033113526345172058
roberta_twitter_sentiment,100,29,0.003402082805937027,-0.003494826271850513,0.00924755366605315,0.00924755366605315,0.004137128274067788,0.0017128798014036844
roberta_twitter_sentiment,100,30,0.003402082805937027,0.003848247310449386,0.015258085825408692,0.015258085825408692,0.00667931966282038,0.004956008864328769
roberta_twitter_sentiment,100,31,0.003402082805937027,-0.003087438495077756,0.01467045080278955,0.01467045080278955,0.0018343658970562831,0.0032298668715250727
roberta_twitter_sentiment,100,32,0.003402082805937027,-0.002201389741500262,0.005827921022127794,0.005827921022127794,0.0031892606051554385,0.004152910381868562
roberta_twitter_sentiment,100,33,0.003402082805937027,0.007600685041168581,0.01687042934772986,0.01687042934772986,0.006624083948266409,0.012397395269551904
roberta_twitter_sentiment,100,34,0.003402082805937027,0.006682757326433528,0.01608633814045902,0.01608633814045902,0.007958926804531254,0.009105517878364121
roberta_twitter_sentiment,100,35,0.003402082805937027,-0.007609323586146216,0.01118747263700491,0.01118747263700491,0.0056909733226965,0.007886074434863803
roberta_twitter_sentiment,100,36,0.003402082805937027,0.024529147117980356,0.017682868308444823,0.017682868308444823,0.010684659233560942,0.011093775918884021
roberta_twitter_sentiment,100,37,0.003402082805937027,-0.010789844416396424,0.010045676912291837,0.010045676912291837,0.0018065856379881641,0.005722663134974232
roberta_twitter_sentiment,100,38,0.003402082805937027,0.022772040720087598,0.02195168750900188,0.02195168750900188,0.01634674366675478,0.019178053866197545
roberta_twitter_sentiment,100,39,0.003402082805937027,0.007183838510506731,0.01831091098967457,0.01831091098967457,0.012824211744692851,0.012369308298077263
roberta_twitter_sentiment,100,40,0.003402082805937027,-0.0016633330104022554,0.019741374007308857,0.019741374007308857,0.004261297424364581,0.009598704048462893
roberta_twitter_sentiment,100,41,0.003402082805937027,0.016200570838094244,0.01923045170208791,0.01923045170208791,0.017460917842654335,0.018191015167274987
roberta_twitter_sentiment,100,42,0.003402082805937027,0.001105000276267105,0.015088993589247028,0.015088993589247028,0.006783810300995346,0.011705575470313775
roberta_twitter_sentiment,100,43,0.003402082805937027,-0.012149887500211684,0.021592514716435703,0.021592514716435703,0.0013209862159255282,0.005901745530547849
roberta_twitter_sentiment,100,44,0.003402082805937027,0.003130213197323991,0.022301346217630674,0.022301346217630674,0.018967242465075612,0.018894403233100075
roberta_twitter_sentiment,100,45,0.003402082805937027,0.03249561919626238,0.036712062731013094,0.036712062731013094,0.015401385251245027,0.015870953580897896
roberta_twitter_sentiment,100,46,0.003402082805937027,0.0022953498968306097,0.017057312108821793,0.017057312108821793,0.00239875852465229,0.0022006388821721474
roberta_twitter_sentiment,100,47,0.003402082805937027,0.02619884351301205,0.029838335286915596,0.029838335286915596,0.01087614067683209,0.009809285335973585
roberta_twitter_sentiment,100,48,0.003402082805937027,-0.0030130908934810265,0.015838381248741405,0.015838381248741405,0.012281219495993513,0.0055349159641603024
roberta_twitter_sentiment,100,49,0.003402082805937027,-0.002744024241234205,0.01349722863299158,0.01349722863299158,0.006328166439983633,0.003578049390941733
roberta_twitter_sentiment,100,50,0.003402082805937027,0.0041187690171784795,0.009598060699332844,0.009598060699332844,0.005740266718081147,0.008611329094352324
roberta_twitter_sentiment,100,51,0.003402082805937027,0.0025523856249131042,0.013405658380276433,0.013405658380276433,0.0006348161772053514,0.006621038817014579
roberta_twitter_sentiment,100,52,0.003402082805937027,0.018628056722968578,0.017455366659821284,0.017455366659821284,0.016044131151879925,0.01478580533947224
roberta_twitter_sentiment,100,53,0.003402082805937027,0.011808562746519877,0.02595150006688127,0.02595150006688127,0.020139451978042913,0.021655738867000462
roberta_twitter_sentiment,100,54,0.003402082805937027,-0.0004181186513226798,0.011396374159612836,0.011396374159612836,0.007666928754938897,0.009651911736399543
roberta_twitter_sentiment,100,55,0.003402082805937027,0.016884533721619542,0.022408478515343826,0.022408478515343826,0.014929447330980826,0.020324428433003573
roberta_twitter_sentiment,100,56,0.003402082805937027,-0.0072456247155611095,0.009588896471360252,0.009588896471360252,0.0008138739652252035,0.0020190306476844675
roberta_twitter_sentiment,100,57,0.003402082805937027,0.016782183982114535,0.01617033345357233,0.01617033345357233,0.007988386352297719,0.014625589627045717
roberta_twitter_sentiment,100,58,0.003402082805937027,-0.008535474642412744,0.015754210925524297,0.015754210925524297,0.006255319862836694,0.008828805736737458
roberta_twitter_sentiment,100,59,0.003402082805937027,0.015586106958580785,0.024349055913616968,0.024349055913616968,0.015436283141294938,0.022961055728464713
roberta_twitter_sentiment,100,60,0.003402082805937027,0.02748254247465177,0.015564614689486883,0.015564614689486883,0.005135714324794136,0.0045120617663672825
roberta_twitter_sentiment,100,61,0.003402082805937027,0.00990826888865949,0.0313154198329323,0.0313154198329323,0.015270819725851308,0.027973629124211283
roberta_twitter_sentiment,100,62,0.003402082805937027,-0.014908500281476424,0.006096348836446727,0.006096348836446727,0.0024590870790285116,0.002295136665720593
roberta_twitter_sentiment,100,63,0.003402082805937027,0.013924574323613836,0.02038065351335147,0.02038065351335147,0.020604782427946278,0.011358296751945291
roberta_twitter_sentiment,100,64,0.003402082805937027,-0.003474335912659095,0.01913853119550174,0.01913853119550174,0.004985281478281113,0.009449537074229183
roberta_twitter_sentiment,100,65,0.003402082805937027,-0.003931644030476977,0.01011578347354729,0.01011578347354729,0.0028046975344722946,0.0071946436413439525
roberta_twitter_sentiment,100,66,0.003402082805937027,-0.002464685560734586,0.03439960843579381,0.03439960843579381,0.013222617840574886,0.018930938720303023
roberta_twitter_sentiment,100,67,0.003402082805937027,-0.004995219176731825,0.011147729981313834,0.011147729981313834,0.005038324427791609,0.007333902647799399
roberta_twitter_sentiment,100,68,0.003402082805937027,0.004210986127910546,0.02829000081296156,0.02829000081296156,0.005831815478577248,0.010997024610695471
roberta_twitter_sentiment,100,69,0.003402082805937027,0.015371199280240819,0.01629744332764599,0.01629744332764599,0.01076413827420678,0.012752343562776658
roberta_twitter_sentiment,100,70,0.003402082805937027,0.0002591639058636508,0.0217346045155019,0.0217346045155019,0.0057997002743022255,0.013809759605462421
roberta_twitter_sentiment,100,71,0.003402082805937027,-0.005939063071923833,0.0044013617954748434,0.0044013617954748434,0.0027243481961741027,0.0024574167503717834
roberta_twitter_sentiment,100,72,0.003402082805937027,0.00718085389482358,0.01325820568963986,0.01325820568963986,0.008536671721205882,0.011925087843942235
roberta_twitter_sentiment,100,73,0.003402082805937027,-0.008239087071695485,0.026877360425602327,0.026877360425602327,0.009089355156257443,0.004365598509055841
roberta_twitter_sentiment,100,74,0.003402082805937027,0.001837229381011387,0.0077804126648092385,0.0077804126648092385,0.002956516818130763,0.0051833860346173185
roberta_twitter_sentiment,100,75,0.003402082805937027,0.009998736790723228,0.014591417149561112,0.014591417149561112,0.011567207470363439,0.011567207470363439
roberta_twitter_sentiment,100,76,0.003402082805937027,-0.0027920301727321355,0.013545402873820453,0.013545402873820453,0.00286485892426242,0.0029959816266036613
roberta_twitter_sentiment,100,77,0.003402082805937027,-0.008881653820182552,0.01166864733820754,0.01166864733820754,0.0036353437024784835,0.00926566198779898
roberta_twitter_sentiment,100,78,0.003402082805937027,0.006085564290496345,0.00500300845535127,0.00500300845535127,0.003485716341943691,0.003088358456144124
roberta_twitter_sentiment,100,79,0.003402082805937027,0.008866508511837153,0.020651010142238,0.020651010142238,0.005049610336807529,0.0076885831422043435
roberta_twitter_sentiment,100,80,0.003402082805937027,0.024280669527707865,0.020603698796772277,0.020603698796772277,0.009959003559499763,0.011332067022897609
roberta_twitter_sentiment,100,81,0.003402082805937027,0.011527155816079285,0.029170974604233117,0.029170974604233117,0.0209113533949633,0.028037218338000994
roberta_twitter_sentiment,100,82,0.003402082805937027,0.01831745331833812,0.054620923059278965,0.054620923059278965,0.0051678865796493546,0.010237745427948123
roberta_twitter_sentiment,100,83,0.003402082805937027,-0.005413302974831906,0.007234977618789603,0.007234977618789603,0.003241771489830265,0.002740291757527399
roberta_twitter_sentiment,100,84,0.003402082805937027,-0.017531059287343453,0.009904723062832169,0.009904723062832169,0.0029772212806304984,0.0011841003480408557
roberta_twitter_sentiment,100,85,0.003402082805937027,0.0067778673470164355,0.01297358525090431,0.01297358525090431,0.003691255088255416,0.010217143704775515
roberta_twitter_sentiment,100,86,0.003402082805937027,0.00039825516452772237,0.018585601572969953,0.018585601572969953,0.008812602645863336,0.007263898560515862
roberta_twitter_sentiment,100,87,0.003402082805937027,0.009865375036191216,0.02281259397337238,0.02281259397337238,0.01408476947305856,0.016266710417918176
roberta_twitter_sentiment,100,88,0.003402082805937027,0.003743560345019945,0.011226358679037455,0.011226358679037455,0.009406367755661551,0.008356829204137335
roberta_twitter_sentiment,100,89,0.003402082805937027,0.0026682169848934937,0.014663538837850796,0.014663538837850796,0.008701861337904258,0.012623320415859444
roberta_twitter_sentiment,100,90,0.003402082805937027,0.0026544625535247167,0.022930539688384793,0.022930539688384793,0.008513274627737709,0.015094248844161905
roberta_twitter_sentiment,100,91,0.003402082805937027,0.01689418526349436,0.018377488048241797,0.018377488048241797,0.001041850177195079,0.012420767651154052
roberta_twitter_sentiment,100,92,0.003402082805937027,-0.00027062258387270944,0.024825905864183862,0.024825905864183862,0.006614273472183959,0.007643182050679476
roberta_twitter_sentiment,100,93,0.003402082805937027,-0.006323150238969296,0.011910698744599511,0.011910698744599511,0.0032864910794054816,0.0029326426652086807
roberta_twitter_sentiment,100,94,0.003402082805937027,-0.011734837121970734,0.007186459887208761,0.007186459887208761,0.0010467228474943802,0.002614775461174882
roberta_twitter_sentiment,100,95,0.003402082805937027,0.0019705129412939336,0.02207325399895974,0.02207325399895974,0.007453381201808801,0.014058079778929039
roberta_twitter_sentiment,100,96,0.003402082805937027,0.022875742978968123,0.0180651540945034,0.0180651540945034,0.010137852520918443,0.015566444500172992
roberta_twitter_sentiment,100,97,0.003402082805937027,-0.004372816043937677,0.01670234458885421,0.01670234458885421,0.005252954597383213,0.01077925768755675
roberta_twitter_sentiment,100,98,0.003402082805937027,0.007043024737850988,0.020469784137608586,0.020469784137608586,0.006829485369442347,0.009549383318585966
roberta_twitter_sentiment,100,99,0.003402082805937027,0.006538789148627473,0.019922441595669603,0.019922441595669603,0.009825549326395754,0.011845674303534854
roberta_twitter_sentiment,100,100,0.003402082805937027,-0.0031171045171606965,0.01048973731990001,0.01048973731990001,0.004711397336937975,0.004299188855342971
roberta_twitter_sentiment,100,101,0.003402082805937027,0.009576634597145046,0.01791328057010225,0.01791328057010225,0.01145351314540326,0.013963954145544168
roberta_twitter_sentiment,100,102,0.003402082805937027,0.007573130425777001,0.011609472212167628,0.011609472212167628,0.00897500528379971,0.010567169254760056
roberta_twitter_sentiment,100,103,0.003402082805937027,0.003968671211701845,0.025696638008265226,0.025696638008265226,0.008553335282372532,0.015013900735748214
roberta_twitter_sentiment,100,104,0.003402082805937027,0.003433504548046365,0.010867136054596079,0.010867136054596079,0.006517726320785163,0.008365758485704287
roberta_twitter_sentiment,100,105,0.003402082805937027,-0.004236728415833798,0.007385486392715535,0.007385486392715535,0.000936637100562329,0.0023959286166270674
roberta_twitter_sentiment,100,106,0.003402082805937027,-0.002696782254123596,0.012697251531649318,0.012697251531649318,0.003208671877887142,0.007133674525970888
roberta_twitter_sentiment,100,107,0.003402082805937027,0.0036123084868846743,0.019608158104035163,0.019608158104035163,0.014243709521744568,0.014987379690701866
roberta_twitter_sentiment,100,108,0.003402082805937027,0.0012296024003966568,0.012723010623388549,0.012723010623388549,0.006276728557935768,0.007164344762280787
roberta_twitter_sentiment,100,109,0.003402082805937027,0.016590927086179444,0.026368056333132064,0.026368056333132064,0.002518565212841394,0.018204179363940188
roberta_twitter_sentiment,100,110,0.003402082805937027,0.004605314460537194,0.02358667011065125,0.02358667011065125,0.015397715253951961,0.0080139005296822
roberta_twitter_sentiment,100,111,0.003402082805937027,0.0002966107282560582,0.015603298312290457,0.015603298312290457,0.004846250930966953,0.006137994776497728
roberta_twitter_sentiment,100,112,0.003402082805937027,0.0015245344621477475,0.020957735106869192,0.020957735106869192,0.011039399649587984,0.01705574526071746
roberta_twitter_sentiment,100,113,0.003402082805937027,-0.0015757336477839302,0.017132045472542948,0.017132045472542948,0.004394896759321266,0.007376360870896892
roberta_twitter_sentiment,100,114,0.003402082805937027,-0.012893932574195258,0.016245323435626464,0.016245323435626464,0.0012229210335980717,0.0038224020156827324
roberta_twitter_sentiment,100,115,0.003402082805937027,-0.010207571179407593,0.021001273417274875,0.021001273417274875,0.0017175223822095014,0.007348589838576881
roberta_twitter_sentiment,100,116,0.003402082805937027,0.004511643575343237,0.026610411576380777,0.026610411576380777,0.0076292780599161334,0.011209690296882376
roberta_twitter_sentiment,100,117,0.003402082805937027,-0.006222540624401345,0.030153749326427975,0.030153749326427975,0.0037813695705209184,0.0110775099929678
roberta_twitter_sentiment,100,118,0.003402082805937027,0.004232314156921809,0.013825453888911547,0.013825453888911547,0.00530041635920649,0.009184988151910772
roberta_twitter_sentiment,100,119,0.003402082805937027,0.01756147249056179,0.019271440212779163,0.019271440212779163,0.01056572712359461,0.017342318684652133
roberta_twitter_sentiment,100,120,0.003402082805937027,0.02745028193210617,0.0457544407359918,0.0457544407359918,0.00963388018362049,0.015437634561668006
roberta_twitter_sentiment,100,121,0.003402082805937027,-0.009322079110398942,0.009090761274269261,0.009090761274269261,0.004266768664225262,0.004552213689576482
roberta_twitter_sentiment,100,122,0.003402082805937027,0.00730983006006777,0.013120215549438256,0.013120215549438256,0.002107833829503485,0.0029281013013387736
roberta_twitter_sentiment,100,123,0.003402082805937027,0.027447291879725003,0.024919626455883557,0.024919626455883557,0.011403591177202684,0.021617863372545735
roberta_twitter_sentiment,100,124,0.003402082805937027,-0.009478080847044223,0.01967348453453878,0.01967348453453878,0.003514574017281675,0.00482957297114872
roberta_twitter_sentiment,100,125,0.003402082805937027,-0.011275961878024782,0.011465188800530659,0.011465188800530659,0.0011616852705796255,0.009522926170292661
roberta_twitter_sentiment,100,126,0.003402082805937027,0.016396687327719477,0.028158145104720034,0.028158145104720034,0.015364841185541942,0.0168538971629901
roberta_twitter_sentiment,100,127,0.003402082805937027,-0.006041620702876169,0.014149300031823782,0.014149300031823782,0.005489116121751977,0.010621407240009947
roberta_twitter_sentiment,100,128,0.003402082805937027,-0.00026808625509540103,0.024420544742868925,0.024420544742868925,0.0009721737626673172,0.006698294148009562
roberta_twitter_sentiment,100,129,0.003402082805937027,-0.010502071423884459,0.01129772007117437,0.01129772007117437,0.009407544615765154,0.00864816431923807
roberta_twitter_sentiment,100,130,0.003402082805937027,-0.03424756534670162,0.011194120427782396,0.011194120427782396,0.0042272465628784535,0.004819076174166953
roberta_twitter_sentiment,100,131,0.003402082805937027,0.0075532147295238935,0.020777314682169624,0.020777314682169624,0.003367624521800857,0.004249030703790221
roberta_twitter_sentiment,100,132,0.003402082805937027,-0.01594213704440075,0.004771697104562311,0.004771697104562311,0.0015588726552423064,0.0031202524507130827
roberta_twitter_sentiment,100,133,0.003402082805937027,-0.002838543933662789,0.008952901726868112,0.008952901726868112,0.005251698278840937,0.006453775786314446
roberta_twitter_sentiment,100,134,0.003402082805937027,-0.0003245245622537435,0.007880891541128338,0.007880891541128338,0.0037359331364808816,0.003271662062063697
roberta_twitter_sentiment,100,135,0.003402082805937027,0.0020471462965557167,0.009202385045928857,0.009202385045928857,0.004602762572462304,0.005625523154332759
roberta_twitter_sentiment,100,136,0.003402082805937027,-0.003253292597082888,0.019876213576375094,0.019876213576375094,0.00537901004981805,0.007454485047334142
roberta_twitter_sentiment,100,137,0.003402082805937027,0.003730654031009798,0.025050008018575456,0.025050008018575456,0.007351960029563821,0.011681494131962069
roberta_twitter_sentiment,100,138,0.003402082805937027,0.015328185746440157,0.017983330022825886,0.017983330022825886,0.003891970842465567,0.009314062034452286
roberta_twitter_sentiment,100,139,0.003402082805937027,-0.002944622188340286,0.0017874826701608278,0.0017874826701608278,0.0009058586740243075,0.0009058586740243075
roberta_twitter_sentiment,100,140,0.003402082805937027,0.004112526145706886,0.020182553930302986,0.020182553930302986,0.0070943718070235135,0.01026029945034537
roberta_twitter_sentiment,100,141,0.003402082805937027,0.0028261931816794305,0.02597692787091813,0.02597692787091813,0.0029867175341842305,0.01844785258548834
roberta_twitter_sentiment,100,142,0.003402082805937027,7.251743978445629e-05,0.01945281096903727,0.01945281096903727,0.007862511503598483,0.00624644274203754
roberta_twitter_sentiment,100,143,0.003402082805937027,0.00423185794936295,0.011709319590475407,0.011709319590475407,0.003288268918951937,0.005360427986600666
roberta_twitter_sentiment,100,144,0.003402082805937027,0.010258250892633552,0.019520829402526214,0.019520829402526214,0.01924465860225666,0.017652111371011137
roberta_twitter_sentiment,100,145,0.003402082805937027,-0.012147293356153171,0.016639410254064634,0.016639410254064634,0.003054323578096277,0.005820114497658826
roberta_twitter_sentiment,100,146,0.003402082805937027,-0.00949839241507245,0.015008827001233549,0.015008827001233549,0.004784762172509737,0.008271444461445693
roberta_twitter_sentiment,100,147,0.003402082805937027,-0.004210792830779715,0.015672330903242153,0.015672330903242153,0.0064603218850325,0.008524946065163864
roberta_twitter_sentiment,100,148,0.003402082805937027,-0.008763808711708797,0.007463901654505892,0.007463901654505892,0.003613015246582508,0.0005654659040132031
roberta_twitter_sentiment,100,149,0.003402082805937027,0.017797443248240525,0.02803320229367713,0.02803320229367713,0.016725408299609557,0.022447216613365493
roberta_twitter_sentiment,100,150,0.003402082805937027,-0.004456929353396045,0.022625285530935655,0.022625285530935655,0.002823027521147922,0.01370583245901244
roberta_twitter_sentiment,100,151,0.003402082805937027,0.015749396989778782,0.02907600763974819,0.02907600763974819,0.003721355702837734,0.017916215584527835
roberta_twitter_sentiment,100,152,0.003402082805937027,-0.0014956424732853152,0.01034484926455162,0.01034484926455162,0.009961473715548856,0.005776910600163529
roberta_twitter_sentiment,100,153,0.003402082805937027,0.0352695446580653,0.03829509105110957,0.03829509105110957,0.023229287503663647,0.021781021899358398
roberta_twitter_sentiment,100,154,0.003402082805937027,-0.012649206351973148,0.006238530214327726,0.006238530214327726,0.0009020246091873479,0.0014139694710734454
roberta_twitter_sentiment,100,155,0.003402082805937027,-0.009145892275868898,0.0091089496834198,0.0091089496834198,0.004932882147773121,0.004359655642113831
roberta_twitter_sentiment,100,156,0.003402082805937027,0.0011980729891324562,0.011746772383886172,0.011746772383886172,0.005947541988272343,0.007009998280982344
roberta_twitter_sentiment,100,157,0.003402082805937027,0.007748563359564135,0.01686811089506897,0.01686811089506897,0.008177873780426406,0.005945070438628415
roberta_twitter_sentiment,100,158,0.003402082805937027,-0.0012093801411966266,0.014490654525329301,0.014490654525329301,0.0038386553361594057,0.008586763094134274
roberta_twitter_sentiment,100,159,0.003402082805937027,0.010243073996150176,0.023658336552011033,0.023658336552011033,0.00758559847564905,0.010628643772526598
roberta_twitter_sentiment,100,160,0.003402082805937027,0.02135275421573662,0.02523791152708894,0.02523791152708894,0.006877718445618517,0.008439296139618864
roberta_twitter_sentiment,100,161,0.003402082805937027,0.017234956762956045,0.03206896098978654,0.03206896098978654,0.013808560767309698,0.017199709398888565
roberta_twitter_sentiment,100,162,0.003402082805937027,-0.011322770518459657,0.014176663850395819,0.014176663850395819,0.005964003329843689,0.006585111598295272
roberta_twitter_sentiment,100,163,0.003402082805937027,-0.0052886981859053585,0.00650957438986619,0.00650957438986619,0.002309485405551155,0.0029566261249584463
roberta_twitter_sentiment,100,164,0.003402082805937027,0.007852022559357859,0.022066030772604512,0.022066030772604512,0.0032859503730084273,0.009796204681032972
roberta_twitter_sentiment,100,165,0.003402082805937027,0.006384688246961115,0.021698040380018612,0.021698040380018612,0.017565612208817825,0.018653554064616877
roberta_twitter_sentiment,100,166,0.003402082805937027,0.0007892542865815696,0.010131163431816631,0.010131163431816631,0.005137009984564116,0.0060625528875795694
roberta_twitter_sentiment,100,167,0.003402082805937027,0.012389473019443016,0.01843114785485309,0.01843114785485309,0.016652090193383533,0.01106565292349404
roberta_twitter_sentiment,100,168,0.003402082805937027,0.023088568109208552,0.03935465464913937,0.03935465464913937,0.011554657075859672,0.015889226298867888
roberta_twitter_sentiment,100,169,0.003402082805937027,0.00167784448032739,0.021827315856348475,0.021827315856348475,0.005285731806866351,0.004604960603633974
roberta_twitter_sentiment,100,170,0.003402082805937027,0.010355516476765404,0.03177319000799855,0.03177319000799855,0.01665418072407172,0.01926187090012119
roberta_twitter_sentiment,100,171,0.003402082805937027,0.002027422136326557,0.021856530896988132,0.021856530896988132,0.009708083626423752,0.009425367616709415
roberta_twitter_sentiment,100,172,0.003402082805937027,-0.003891641057545162,0.011292545868542371,0.011292545868542371,0.002344411224954376,0.006078548089907714
roberta_twitter_sentiment,100,173,0.003402082805937027,-0.001750649046294509,0.018071726271336228,0.018071726271336228,0.0013126751504907365,0.0049615121157458916
roberta_twitter_sentiment,100,174,0.003402082805937027,-0.004320753895169962,0.015046300421971975,0.015046300421971975,0.0024004140969633696,0.004729722523063234
roberta_twitter_sentiment,100,175,0.003402082805937027,-0.003982043859626514,0.006623842454316509,0.006623842454316509,0.010471467009271783,0.005340704969098319
roberta_twitter_sentiment,100,176,0.003402082805937027,0.008347416303345121,0.01857225372955592,0.01857225372955592,0.01285052690462886,0.014475645290844028
roberta_twitter_sentiment,100,177,0.003402082805937027,-0.005659823717855338,0.016081694410592193,0.016081694410592193,0.0035040693927159495,0.006923044486691279
roberta_twitter_sentiment,100,178,0.003402082805937027,-0.0015896387797660167,0.013790938074792779,0.013790938074792779,0.012387684828289766,0.009652643696793488
roberta_twitter_sentiment,100,179,0.003402082805937027,0.023033461895470148,0.023415288338561217,0.023415288338561217,0.01984350205642158,0.022351258601233527
roberta_twitter_sentiment,100,180,0.003402082805937027,-0.002716404946901525,0.014678293055968015,0.014678293055968015,0.005577610489181197,0.002985447036168611
roberta_twitter_sentiment,100,181,0.003402082805937027,0.014690398723872518,0.026082695280340438,0.026082695280340438,0.010759102501002019,0.01583022832091703
roberta_twitter_sentiment,100,182,0.003402082805937027,-0.004778616640866697,0.008075598031738084,0.008075598031738084,0.005483469186710777,0.004874009753346527
roberta_twitter_sentiment,100,183,0.003402082805937027,-0.013084480275902777,0.007077792749247388,0.007077792749247388,0.0021911379474241336,0.0037723499250115287
roberta_twitter_sentiment,100,184,0.003402082805937027,0.0020700486415515117,0.006462992608474733,0.006462992608474733,0.0018656310155866717,0.004542737244429604
roberta_twitter_sentiment,100,185,0.003402082805937027,0.0009468270552443148,0.012268869876001962,0.012268869876001962,0.0025875078783833133,0.0027714852867238605
roberta_twitter_sentiment,100,186,0.003402082805937027,0.02423263835999751,0.03655506967095261,0.03655506967095261,0.01619634787358825,0.016379999657697
roberta_twitter_sentiment,100,187,0.003402082805937027,0.003450746065600656,0.02881431114272685,0.02881431114272685,0.014278860946431384,0.01541347690005428
roberta_twitter_sentiment,100,188,0.003402082805937027,0.020565722744894294,0.016531580129841413,0.016531580129841413,0.01304904912690857,0.013607582977304501
roberta_twitter_sentiment,100,189,0.003402082805937027,0.008412497737431754,0.01927007459331501,0.01927007459331501,0.017100639970013057,0.011973853843129125
roberta_twitter_sentiment,100,190,0.003402082805937027,-0.011079691071322818,0.017154999407991197,0.017154999407991197,0.005717542711677122,0.009123002262105898
roberta_twitter_sentiment,100,191,0.003402082805937027,0.0027243477377503844,0.01535017519815622,0.01535017519815622,0.011098537353981629,0.013507854167833412
roberta_twitter_sentiment,100,192,0.003402082805937027,-0.005427570308197508,0.016334668878943425,0.016334668878943425,0.0025632793201343135,0.010291786091216514
roberta_twitter_sentiment,100,193,0.003402082805937027,-0.010538964301087497,0.012709999532941722,0.012709999532941722,0.008498447805829064,0.004141994784880129
roberta_twitter_sentiment,100,194,0.003402082805937027,0.016373691611672722,0.030007322166177373,0.030007322166177373,0.019409189008084568,0.016599698753481554
roberta_twitter_sentiment,100,195,0.003402082805937027,0.005261125903458505,0.021693847336231274,0.021693847336231274,0.010033329216793544,0.016015008453358473
roberta_twitter_sentiment,100,196,0.003402082805937027,0.009109992303692914,0.01837915001129541,0.01837915001129541,0.0014903490893851093,0.014101008988908877
roberta_twitter_sentiment,100,197,0.003402082805937027,-0.005196692562294344,0.009039224806851806,0.009039224806851806,0.0062800235032369235,0.005896768374142127
roberta_twitter_sentiment,100,198,0.003402082805937027,-0.004358589645398389,0.015743515826192704,0.015743515826192704,0.0015139089517277073,0.0031740074684256346
roberta_twitter_sentiment,100,199,0.003402082805937027,0.018097190265248263,0.02594397034803213,0.02594397034803213,0.02235965234900292,0.02425183238110868
roberta_twitter_sentiment,250,0,0.003402082805937027,0.002272672976903834,0.012014104132880331,0.018088694959941476,0.006003738709041513,0.017985002686481316
roberta_twitter_sentiment,250,1,0.003402082805937027,0.005311861644855127,0.007914496978560183,0.011778137773906964,0.005981555681608249,0.015805887333127232
roberta_twitter_sentiment,250,2,0.003402082805937027,0.004435266873288525,0.011708500569008887,0.015289861090424748,0.008920976367143662,0.012089093381860804
roberta_twitter_sentiment,250,3,0.003402082805937027,0.013760526803710186,0.00852664247263137,0.02394617932890902,0.004895546107167862,0.01271471555882009
roberta_twitter_sentiment,250,4,0.003402082805937027,-0.002992965258081015,0.005352418266886662,0.011721903176341145,0.004436409812955401,0.009785114169242338
roberta_twitter_sentiment,250,5,0.003402082805937027,0.00466649162265251,0.013738934926047792,0.019876611106393924,0.013482051247633516,0.01827208571020029
roberta_twitter_sentiment,250,6,0.003402082805937027,0.004753128776805718,0.00889849097392261,0.023067642577558566,0.0074192074589303925,0.009085055771145567
roberta_twitter_sentiment,250,7,0.003402082805937027,-0.008591585593082976,0.0055880074093934435,0.010333403509906766,0.005697574893259269,0.007572790009790402
roberta_twitter_sentiment,250,8,0.003402082805937027,-0.005682616903016501,0.010613608939608039,0.01326598150842204,0.008315610814780654,0.01113115276766548
roberta_twitter_sentiment,250,9,0.003402082805937027,-0.0034002710544880307,0.002647013302453096,0.0043506275181518705,0.0010896952180894333,0.004443630938454958
roberta_twitter_sentiment,250,10,0.003402082805937027,0.0023975423247500132,0.012562154728143019,0.013550311832498293,0.006296900608264118,0.013627140353668412
roberta_twitter_sentiment,250,11,0.003402082805937027,-0.000629443432421584,0.010100060648331933,0.012352497288564718,0.0030904771727151806,0.009490390104556505
roberta_twitter_sentiment,250,12,0.003402082805937027,-0.002327739197416042,0.009141114623321196,0.01269956924945554,0.005300480797894352,0.006253351250196239
roberta_twitter_sentiment,250,13,0.003402082805937027,0.00041646638078716514,0.005791720632955395,0.009906742114288944,0.005001376191157569,0.012712099391195043
roberta_twitter_sentiment,250,14,0.003402082805937027,0.004775797012988661,0.008360011136048222,0.011666541859259822,0.0068401693040118896,0.010137336920184217
roberta_twitter_sentiment,250,15,0.003402082805937027,0.00966658091464106,0.012305159264782194,0.015456748179748018,0.011870579314044899,0.013979260747072885
roberta_twitter_sentiment,250,16,0.003402082805937027,-0.00024208277306412085,0.009811815680660162,0.012193424024631003,0.008449003708964864,0.010681618748358771
roberta_twitter_sentiment,250,17,0.003402082805937027,0.0013667790535270695,0.005374679708982615,0.009827853192020642,0.00360229294113988,0.008364605502400304
roberta_twitter_sentiment,250,18,0.003402082805937027,0.002870424763618309,0.008474404551269068,0.01350238096462657,0.00633221427322742,0.007326277192099673
roberta_twitter_sentiment,250,19,0.003402082805937027,0.012812047517285994,0.01359572575232694,0.012976185734884472,0.0033329106019372038,0.010543694818494383
roberta_twitter_sentiment,250,20,0.003402082805937027,0.004556412282558748,0.01090681448694065,0.01597287008060488,0.0074362103861523475,0.009657291503385474
roberta_twitter_sentiment,250,21,0.003402082805937027,-0.0005247948277312171,0.009497301176181496,0.012809890112377216,0.007583634774014522,0.011894253411172048
roberta_twitter_sentiment,250,22,0.003402082805937027,0.000805772300116241,0.007839976564443633,0.012761320580332832,0.004528978314271786,0.009483559416104338
roberta_twitter_sentiment,250,23,0.003402082805937027,0.001971623604168214,0.004118752268251161,0.008734990811299097,0.00303861970868563,0.0056521416014789485
roberta_twitter_sentiment,250,24,0.003402082805937027,-0.00034467954498837374,0.00916289912211309,0.01042169275331501,0.0058057337200026204,0.010940831493621107
roberta_twitter_sentiment,250,25,0.003402082805937027,0.005815176607846735,0.00782590724194818,0.012522978166845925,0.005496069560796366,0.009145191658756394
roberta_twitter_sentiment,250,26,0.003402082805937027,0.001567648486775572,0.008851414151839945,0.014376513633629035,0.006725009969050109,0.009579290917811007
roberta_twitter_sentiment,250,27,0.003402082805937027,0.014165334667664292,0.01626531873683227,0.017106847869131372,0.013711056520332584,0.02029770087510574
roberta_twitter_sentiment,250,28,0.003402082805937027,0.008559239090009243,0.012582394605754665,0.02048348191782338,0.013485864150110789,0.016467519427500993
roberta_twitter_sentiment,250,29,0.003402082805937027,0.00042871456344026093,0.007415292629315236,0.011974809336504457,0.0021841684035277314,0.008595875530095082
roberta_twitter_sentiment,250,30,0.003402082805937027,-0.0012026106264360807,0.013457486319561502,0.01435764281541193,0.010154819863731825,0.01074889001446807
roberta_twitter_sentiment,250,31,0.003402082805937027,0.004404940465383285,0.01966147880045739,0.022499483133793078,0.009447671866354049,0.016073739742263574
roberta_twitter_sentiment,250,32,0.003402082805937027,-0.005313617982852918,0.005570403290425976,0.00996629006315131,0.0037602176397240495,0.00862922119113115
roberta_twitter_sentiment,250,33,0.003402082805937027,-0.003391057230935821,0.004428746012968305,0.008009141493553319,0.0018596213402815088,0.007264694445356938
roberta_twitter_sentiment,250,34,0.003402082805937027,-0.0031761298363537217,0.010231334568554193,0.016252179384991277,0.004988923653072235,0.012744410013758287
roberta_twitter_sentiment,250,35,0.003402082805937027,0.002982320856881108,0.011376460809516277,0.013254896204704858,0.00744456030856304,0.011653937157767788
roberta_twitter_sentiment,250,36,0.003402082805937027,0.012336418525161463,0.01233986820301037,0.018565332765617414,0.0056454370811020345,0.01864691703000062
roberta_twitter_sentiment,250,37,0.003402082805937027,0.007301978895495884,0.009920461932389758,0.011717168373850685,0.004931595140006132,0.012809052720151414
roberta_twitter_sentiment,250,38,0.003402082805937027,0.006862671765259904,0.008689961856890664,0.015840083823198757,0.0072881640638392114,0.011796495877067768
roberta_twitter_sentiment,250,39,0.003402082805937027,0.013774198120880127,0.011056339412336467,0.0234952295933751,0.008640032424479877,0.01548425793372091
roberta_twitter_sentiment,250,40,0.003402082805937027,0.004893762209071702,0.008900724504771992,0.01919793900741446,0.004579149473280495,0.014004318098641643
roberta_twitter_sentiment,250,41,0.003402082805937027,0.0023639540509048924,0.00876110252262922,0.011523538767540066,0.004140971621884378,0.007705362474095319
roberta_twitter_sentiment,250,42,0.003402082805937027,-0.0045555688450372635,0.007413123733122849,0.010944646961145735,0.005220294657917639,0.007078172965706228
roberta_twitter_sentiment,250,43,0.003402082805937027,0.0017362206625443708,0.003492881703801155,0.007552242468033988,0.0033282072495003775,0.005836099845191635
roberta_twitter_sentiment,250,44,0.003402082805937027,-0.0007978101533299155,0.007634297803470893,0.008772732548828386,0.003946084554598737,0.009177512849213415
roberta_twitter_sentiment,250,45,0.003402082805937027,0.013601210319415948,0.005182516907745807,0.018878675686830194,0.004548725788360038,0.011694253641898309
roberta_twitter_sentiment,250,46,0.003402082805937027,0.0029593047096355784,0.00893230267860287,0.013941567544687398,0.00654033440132529,0.01349595106628104
roberta_twitter_sentiment,250,47,0.003402082805937027,0.0026512421989721524,0.009736651667856734,0.016566878269108503,0.0031465272843264535,0.01153036885051055
roberta_twitter_sentiment,250,48,0.003402082805937027,0.007982380909964242,0.010136149052082974,0.013057302575701257,0.005809329141838991,0.012342672547839374
roberta_twitter_sentiment,250,49,0.003402082805937027,0.019827550461418746,0.022645351019559792,0.02332661781157899,0.010799199584993598,0.015110430099305582
roberta_twitter_sentiment,250,50,0.003402082805937027,0.009967027461059501,0.00415227652292713,0.01032768033862634,0.004211697492769089,0.007430076231589056
roberta_twitter_sentiment,250,51,0.003402082805937027,0.0011414182535971643,0.013455803878340847,0.016559687600854158,0.006786083492908138,0.01214736865781314
roberta_twitter_sentiment,250,52,0.003402082805937027,0.009343858022105926,0.011605942018523009,0.013332209359822697,0.009227560743427184,0.010700439624205835
roberta_twitter_sentiment,250,53,0.003402082805937027,0.0017309853274678209,0.00645563489489206,0.009988382620148664,0.004160783410593525,0.007666578818517565
roberta_twitter_sentiment,250,54,0.003402082805937027,-0.006093515113204946,0.0028258071910534648,0.006024340400560198,0.0020665618708048685,0.007934212660795975
roberta_twitter_sentiment,250,55,0.003402082805937027,0.011757900275773815,0.015936336991492273,0.02002797549524732,0.006973345936029016,0.023738793902799243
roberta_twitter_sentiment,250,56,0.003402082805937027,0.015820803456194184,0.02010039564015831,0.01857149551591668,0.011759863973528805,0.018825654437557286
roberta_twitter_sentiment,250,57,0.003402082805937027,-0.010372489409428733,0.006759738295466066,0.014204319024385842,0.0035114061885964986,0.01005838113404887
roberta_twitter_sentiment,250,58,0.003402082805937027,-0.0012010161055275696,0.00584864944053432,0.00626713961695758,0.003819128835111564,0.0071819880390433695
roberta_twitter_sentiment,250,59,0.003402082805937027,0.0014181502292126425,0.01247900739470537,0.01776846224854093,0.003304536928718418,0.013392114743408805
roberta_twitter_sentiment,250,60,0.003402082805937027,-0.010765872320786848,0.005760545432019326,0.0035609124867499167,0.0007463684915943914,0.003337896493524042
roberta_twitter_sentiment,250,61,0.003402082805937027,-0.005783149304918851,0.005253846484022652,0.004311507068673355,0.0013919578451393564,0.0029122842684913587
roberta_twitter_sentiment,250,62,0.003402082805937027,-0.0006612509742174948,0.007150088765425712,0.010278481523575933,0.0084300436778687,0.01422428066695302
roberta_twitter_sentiment,250,63,0.003402082805937027,0.011929598572372949,0.013255488521411868,0.016733256242240466,0.010467827643527211,0.015476243059120934
roberta_twitter_sentiment,250,64,0.003402082805937027,0.005754962077704512,0.004161294759403356,0.00678842944362683,0.003861232293449374,0.005869312930388721
roberta_twitter_sentiment,250,65,0.003402082805937027,-0.003329547800101299,0.011959326766668513,0.015350800918169965,0.004928059760941695,0.01580917658701525
roberta_twitter_sentiment,250,66,0.003402082805937027,-0.0014489108120250194,0.006846976285923751,0.007253087359275838,0.004130409781414708,0.0060311999696154835
roberta_twitter_sentiment,250,67,0.003402082805937027,0.012043245076943659,0.00835327506733476,0.012295659840651691,0.008101838309088581,0.009344815798405822
roberta_twitter_sentiment,250,68,0.003402082805937027,0.006775026325441678,0.014591246067624465,0.015402299377908213,0.011196249788792984,0.01560426702015289
roberta_twitter_sentiment,250,69,0.003402082805937027,0.0012050387091764251,0.009859466486767814,0.013610056269123684,0.0037093330585357205,0.009260163310903098
roberta_twitter_sentiment,250,70,0.003402082805937027,0.010866932017637143,0.015068747951946026,0.01793700999750143,0.005524870969155486,0.01345533343221243
roberta_twitter_sentiment,250,71,0.003402082805937027,0.00409482651450334,0.00796046120442535,0.010071017060325732,0.002402957530691803,0.007230272556815975
roberta_twitter_sentiment,250,72,0.003402082805937027,-0.001518634700285225,0.006198875969663844,0.012551894820655819,0.006046936608055577,0.00875432617528164
roberta_twitter_sentiment,250,73,0.003402082805937027,0.013268244807443657,0.007533612321322936,0.014005371539325216,0.00918877491237311,0.014363643706641194
roberta_twitter_sentiment,250,74,0.003402082805937027,0.01195801908795622,0.01721167359488985,0.017331930928815995,0.014346373819371028,0.02102787287756991
roberta_twitter_sentiment,250,75,0.003402082805937027,0.009055047091810507,0.0070565041599981735,0.010186781158840683,0.006968609981619353,0.009323142013689029
roberta_twitter_sentiment,250,76,0.003402082805937027,-0.006974256918229609,0.007765229252826379,0.01011471266120282,0.0023365773771637215,0.0069300966647823726
roberta_twitter_sentiment,250,77,0.003402082805937027,0.005606805217587116,0.004748268898064814,0.009403133063950759,0.0036967215216444963,0.007571536030654501
roberta_twitter_sentiment,250,78,0.003402082805937027,0.0034120915422442047,0.00914919617976372,0.013171466636041611,0.008608947682413414,0.015072599351671137
roberta_twitter_sentiment,250,79,0.003402082805937027,0.0010243671723143292,0.005002977867111311,0.005087687322351433,0.002575009689727639,0.006072642517946463
roberta_twitter_sentiment,250,80,0.003402082805937027,0.0024918270082164794,0.011425964518426555,0.01133855694845403,0.0023300846544737413,0.008730167054657977
roberta_twitter_sentiment,250,81,0.003402082805937027,0.013950465929216171,0.011442269331677026,0.01907283121690381,0.010353303536573908,0.013129729587267056
roberta_twitter_sentiment,250,82,0.003402082805937027,0.0029809615123786645,0.013874959839523178,0.017442392779142415,0.008711927946097988,0.01106715374297094
roberta_twitter_sentiment,250,83,0.003402082805937027,-0.005233860632791742,0.009176521647756654,0.010831999981450659,0.0029710155271071795,0.009055256246078234
roberta_twitter_sentiment,250,84,0.003402082805937027,0.0012733472331880732,0.007450032741191584,0.010507643497310542,0.0042231163463879486,0.006435295742954
roberta_twitter_sentiment,250,85,0.003402082805937027,0.0073030411008128465,0.012714460115089959,0.015517460946677029,0.00751255761176375,0.019058877583992797
roberta_twitter_sentiment,250,86,0.003402082805937027,0.003815103339610765,0.010535335105056802,0.009613492634356213,0.008777162928834924,0.011320502457012304
roberta_twitter_sentiment,250,87,0.003402082805937027,-0.001973006592542121,0.0067014100520315,0.01039555213567285,0.006351729913865629,0.008791530080882197
roberta_twitter_sentiment,250,88,0.003402082805937027,0.005713530194021815,0.008421240909794413,0.009749877905231501,0.0051837891885835735,0.009325567506631017
roberta_twitter_sentiment,250,89,0.003402082805937027,0.006889071438506406,0.013917976615614983,0.017163289363281348,0.009303879786098316,0.0179294921612925
roberta_twitter_sentiment,250,90,0.003402082805937027,0.003680770360505746,0.00845464653547842,0.009948974933172264,0.0040409992663465715,0.008760829094396277
roberta_twitter_sentiment,250,91,0.003402082805937027,0.0018618902029246998,0.00900386561178091,0.01429764137250437,0.008734860275540726,0.014357753489570182
roberta_twitter_sentiment,250,92,0.003402082805937027,0.0010208574105948825,0.004595044279218942,0.007275321855924938,0.0030378433629557194,0.003652811945827541
roberta_twitter_sentiment,250,93,0.003402082805937027,-0.0022445159154943946,0.01121361232376452,0.012863613349222935,0.0085181591793768,0.013468553642542305
roberta_twitter_sentiment,250,94,0.003402082805937027,-0.009362500885915203,0.00627745523735007,0.010683329068813013,0.003765758774154591,0.005211600446992097
roberta_twitter_sentiment,250,95,0.003402082805937027,0.007094246018124955,0.013906394173355143,0.01485288128985712,0.0114137264118724,0.017357903082359894
roberta_twitter_sentiment,250,96,0.003402082805937027,0.010718035205851961,0.008764417432571564,0.015173826081916508,0.007037578783846694,0.009521257384579087
roberta_twitter_sentiment,250,97,0.003402082805937027,-0.005520298106786699,0.004484547783461929,0.008532143907792564,0.002867823306132157,0.005848027293784783
roberta_twitter_sentiment,250,98,0.003402082805937027,-0.001372796559786429,0.014071858727517393,0.01656900803748458,0.007864260828901666,0.012050909384533367
roberta_twitter_sentiment,250,99,0.003402082805937027,0.0017091618782998808,0.005497084708553159,0.009067019470480999,0.002358480114141907,0.004726360187512266
roberta_twitter_sentiment,250,100,0.003402082805937027,0.005408641749192382,0.01650021433721629,0.017846021071392968,0.002669852711661907,0.01661069793830496
roberta_twitter_sentiment,250,101,0.003402082805937027,0.006388523149540276,0.010716321644580544,0.017574311231921273,0.00671214818614196,0.010276444107652844
roberta_twitter_sentiment,250,102,0.003402082805937027,8.446761800275176e-05,0.00790159334545556,0.006980850657345815,0.0048837322214566065,0.008958859607029399
roberta_twitter_sentiment,250,103,0.003402082805937027,0.00354879065679231,0.008647178274233065,0.015097771882590186,0.009251032031708196,0.012921540139367296
roberta_twitter_sentiment,250,104,0.003402082805937027,-0.002348290991486109,0.003876796997100501,0.005632852737093466,0.0016481222070275523,0.0019376931178047708
roberta_twitter_sentiment,250,105,0.003402082805937027,0.006420505412483804,0.005131729425707781,0.010204226626983086,0.00534299148743891,0.0072377211976673555
roberta_twitter_sentiment,250,106,0.003402082805937027,0.003124623355191349,0.013772700290805575,0.016796943558170036,0.010735373977702908,0.014453246955483222
roberta_twitter_sentiment,250,107,0.003402082805937027,-0.0064148892872295474,0.008109915248002008,0.012106371984320095,0.006706904063138712,0.01152403606122502
roberta_twitter_sentiment,250,108,0.003402082805937027,0.014764057543039862,0.013464985667003646,0.015512881923011446,0.005908204711507181,0.01716722907200528
roberta_twitter_sentiment,250,109,0.003402082805937027,-0.002191890199435198,0.006379655093220518,0.009834349420351472,0.001353590067806732,0.0076483341093707465
roberta_twitter_sentiment,250,110,0.003402082805937027,0.007496273817581045,0.007638136535651605,0.01386816537141099,0.008388139165774753,0.011902618257551262
roberta_twitter_sentiment,250,111,0.003402082805937027,0.00013527747526143074,0.006114833835124462,0.006673047202956511,0.0017362255760101524,0.006093197411420002
roberta_twitter_sentiment,250,112,0.003402082805937027,0.002185885723763387,0.011323994675404889,0.016211290942460155,0.004428195734646139,0.012736733759386639
roberta_twitter_sentiment,250,113,0.003402082805937027,0.004960276043759645,0.012807602700006837,0.013893300195156224,0.008739378794127338,0.011718657189380912
roberta_twitter_sentiment,250,114,0.003402082805937027,0.0031413167307852855,0.011236299762515283,0.021921594134116304,0.009452097832253085,0.014859935599314214
roberta_twitter_sentiment,250,115,0.003402082805937027,-0.006835501278721873,0.004032751278872164,0.006432959530819503,0.0014874522348390267,0.0024459932811454264
roberta_twitter_sentiment,250,116,0.003402082805937027,0.004845238138059119,0.018924745155415926,0.02267853996579744,0.0102953090371818,0.014540669871744877
roberta_twitter_sentiment,250,117,0.003402082805937027,-0.009057272965600466,0.005655695657628491,0.011006480054649806,0.004393015306471102,0.007441776436179363
roberta_twitter_sentiment,250,118,0.003402082805937027,0.0003988742040645645,0.009264474907462891,0.01061707951111875,0.00920744720107837,0.011670594007267637
roberta_twitter_sentiment,250,119,0.003402082805937027,0.005883246150902999,0.01662610596039904,0.017411568822738872,0.01189558196793946,0.015744222254441637
roberta_twitter_sentiment,250,120,0.003402082805937027,0.008060665873509634,0.006269295220044306,0.011019922565228915,0.0041671568054406465,0.007268808664391682
roberta_twitter_sentiment,250,121,0.003402082805937027,-0.005897246308604182,0.009311197629428164,0.013773204004130844,0.002609905114369768,0.011114854683241714
roberta_twitter_sentiment,250,122,0.003402082805937027,-0.00208254576586614,0.006446737373674029,0.01112190336404569,0.003605799203280973,0.009007381858565052
roberta_twitter_sentiment,250,123,0.003402082805937027,0.006975263087026005,0.0063363844122785165,0.017322961827847257,0.005679508979365537,0.011688242690447197
roberta_twitter_sentiment,250,124,0.003402082805937027,-0.003709415440465436,0.009657531216858957,0.010156733734738561,0.004050874562402132,0.005123310750676223
roberta_twitter_sentiment,250,125,0.003402082805937027,-0.004124462385551793,0.003263887257148594,0.003708074616052448,0.002751017709209822,0.004371004268854971
roberta_twitter_sentiment,250,126,0.003402082805937027,0.007197373439384818,0.00662864454322085,0.008981616409907715,0.0045256638232454285,0.005819027920117235
roberta_twitter_sentiment,250,127,0.003402082805937027,0.011274612719587839,0.007129257914803041,0.01302800104649635,0.0017666873517924182,0.01497194202952978
roberta_twitter_sentiment,250,128,0.003402082805937027,0.005021037799850511,0.010540361837646966,0.015769025623203127,0.009630370572125506,0.010459228229505322
roberta_twitter_sentiment,250,129,0.003402082805937027,-0.0001754497509418389,0.0141203907131257,0.016463002660920403,0.007013793191020899,0.014718320388959
roberta_twitter_sentiment,250,130,0.003402082805937027,0.0012883387407375553,0.007894545271093534,0.01229533363962907,0.004965442035499756,0.00853574694231068
roberta_twitter_sentiment,250,131,0.003402082805937027,0.0002557829016168731,0.009817209120379823,0.013511787266024462,0.0056220704655454085,0.011448798456172657
roberta_twitter_sentiment,250,132,0.003402082805937027,-0.0009754108394052495,0.007895451404680355,0.009938835502700251,0.005167567658240878,0.00662443128455082
roberta_twitter_sentiment,250,133,0.003402082805937027,0.009063575506316392,0.008837250747274344,0.010674615413749866,0.0066502583926697474,0.0077400314137142275
roberta_twitter_sentiment,250,134,0.003402082805937027,0.0015907052835057863,0.0020360394442815776,0.007879431558135435,0.0017783395771734265,0.010115201213099776
roberta_twitter_sentiment,250,135,0.003402082805937027,0.02059238081625972,0.018176847989728108,0.022675190122422383,0.010902060892078343,0.021274770415217827
roberta_twitter_sentiment,250,136,0.003402082805937027,0.011656043977687916,0.014863858905205696,0.018031176948068686,0.009922354978115822,0.017060684897502915
roberta_twitter_sentiment,250,137,0.003402082805937027,-0.004305259701922164,0.008815814289482122,0.011778433232807617,0.004095072290112799,0.012930048463913319
roberta_twitter_sentiment,250,138,0.003402082805937027,-0.004541954007609412,0.007554068192146894,0.014450461145145874,0.011601650035444834,0.013458709993633243
roberta_twitter_sentiment,250,139,0.003402082805937027,0.0028456675895941357,0.014252429773885284,0.011611864965331724,0.007797435125727527,0.011338900149773247
roberta_twitter_sentiment,250,140,0.003402082805937027,0.02165467546622289,0.016952954516338076,0.02189656963381784,0.015052752956548114,0.01870415423944462
roberta_twitter_sentiment,250,141,0.003402082805937027,0.003592755240992836,0.00748917630897782,0.014933155666963679,0.0009087657116706091,0.006448604313244857
roberta_twitter_sentiment,250,142,0.003402082805937027,0.01113468383068364,0.013836827605924659,0.018165201738824965,0.010019966085799515,0.013994784999141223
roberta_twitter_sentiment,250,143,0.003402082805937027,0.008029264498650738,0.012781530292640843,0.018407368862355004,0.011644386512549896,0.015849953278670777
roberta_twitter_sentiment,250,144,0.003402082805937027,0.008665175598372855,0.007093105114760638,0.01900944211676151,0.007590972132494168,0.01601929862357826
roberta_twitter_sentiment,250,145,0.003402082805937027,-0.012540187511102148,0.007526928751962087,0.007532448968594634,0.0030794805451007227,0.005942093858510281
roberta_twitter_sentiment,250,146,0.003402082805937027,-0.010865247600769389,0.004472268879034943,0.008854349134998425,0.0027895922883692838,0.005314366026674442
roberta_twitter_sentiment,250,147,0.003402082805937027,0.005197858887407984,0.006103391118830734,0.011896428992913467,0.0039515869737701565,0.008735734888152264
roberta_twitter_sentiment,250,148,0.003402082805937027,0.0160879471871992,0.019744265944841712,0.019981283620600497,0.004581299379775138,0.017908016893546517
roberta_twitter_sentiment,250,149,0.003402082805937027,0.0012326234241395277,0.011392928059969321,0.015839707252514417,0.010562378621259997,0.012541605045187141
roberta_twitter_sentiment,250,150,0.003402082805937027,-0.006867833269308744,0.004279219113796746,0.011571206771274609,0.0021659107017929402,0.004180601301616673
roberta_twitter_sentiment,250,151,0.003402082805937027,-0.0030494685870605005,0.014923215212042745,0.01367694260697054,0.010907966967236888,0.012604394598227995
roberta_twitter_sentiment,250,152,0.003402082805937027,0.004237882731206316,0.009793480740940629,0.014663661275918763,0.007438114315829425,0.011651044470236488
roberta_twitter_sentiment,250,153,0.003402082805937027,0.004613172993823454,0.009441866549003685,0.014591076354432266,0.0022077982317700202,0.014508495158537171
roberta_twitter_sentiment,250,154,0.003402082805937027,0.000492260298332351,0.005838444908657622,0.012498207651168257,0.004343586186963831,0.008386093773939389
roberta_twitter_sentiment,250,155,0.003402082805937027,-0.007725823629754616,0.00827979467542327,0.00989762324585461,0.003913044456020681,0.008111967972488546
roberta_twitter_sentiment,250,156,0.003402082805937027,0.00012883654197621143,0.01216006561905983,0.01374552414054148,0.006992896648370543,0.015003225350668552
roberta_twitter_sentiment,250,157,0.003402082805937027,0.005739248864322004,0.00796515264344523,0.0113114354459937,0.00444563731489533,0.010540150948701905
roberta_twitter_sentiment,250,158,0.003402082805937027,-0.0034106250281110717,0.00972475918778391,0.019936598727841755,0.009872709250435971,0.015564882493237129
roberta_twitter_sentiment,250,159,0.003402082805937027,-0.0005197280392685406,0.010763533832435758,0.020212906101631862,0.00750933488896162,0.015146182405612668
roberta_twitter_sentiment,250,160,0.003402082805937027,0.008678101652877654,0.005668449893857213,0.011804184081409017,0.004032456887978771,0.011514174916417113
roberta_twitter_sentiment,250,161,0.003402082805937027,-0.0019137586565373692,0.007011157200887116,0.009374299640704603,0.003277920822807205,0.007698573718572693
roberta_twitter_sentiment,250,162,0.003402082805937027,-0.012744336300823837,0.0020316372919863485,0.004355150398331902,0.001265393011264453,0.002312820380094011
roberta_twitter_sentiment,250,163,0.003402082805937027,0.008510121776560402,0.01333763408740305,0.015409740873448098,0.0066832460217892305,0.011503894411610642
roberta_twitter_sentiment,250,164,0.003402082805937027,0.004467896882223677,0.010328148700873084,0.012739505236457208,0.008157428886548924,0.016531105103811592
roberta_twitter_sentiment,250,165,0.003402082805937027,0.0028606809837077715,0.008297734258716986,0.008067802959478487,0.003200385712545108,0.008328097997741337
roberta_twitter_sentiment,250,166,0.003402082805937027,0.003810754068199495,0.009107153723519912,0.016339019245335464,0.003410678691832352,0.010509566664550423
roberta_twitter_sentiment,250,167,0.003402082805937027,-0.008317647069888107,0.005080857352660848,0.008295789393027355,0.0028197025581855346,0.0052566423580891935
roberta_twitter_sentiment,250,168,0.003402082805937027,0.005331453153140752,0.014096987215723616,0.0168683490329472,0.013121390415627765,0.013452375520201771
roberta_twitter_sentiment,250,169,0.003402082805937027,-0.006473568319989767,0.006812914144088196,0.009718237741900454,0.004424306155681278,0.010580069147873836
roberta_twitter_sentiment,250,170,0.003402082805937027,0.01282870137822117,0.0058705258757577716,0.014659783955678119,0.003653322239901194,0.010634697289829393
roberta_twitter_sentiment,250,171,0.003402082805937027,0.0077567004420389775,0.011044438505301742,0.013335444794095154,0.005311367274443578,0.006129080123371
roberta_twitter_sentiment,250,172,0.003402082805937027,0.019136843452866825,0.018148651136805936,0.023595878170502,0.020727864755543963,0.024021415281196203
roberta_twitter_sentiment,250,173,0.003402082805937027,-0.0055103324337851135,0.01150445056359034,0.016238912994934736,0.010288428802084781,0.013225331453155773
roberta_twitter_sentiment,250,174,0.003402082805937027,0.004235914405669193,0.013405748853187181,0.014505908082801796,0.0035300157635984584,0.011735364407375617
roberta_twitter_sentiment,250,175,0.003402082805937027,-0.0003636659563922766,0.0076576239581091065,0.011137193238196133,0.004294333724876462,0.008713022454581368
roberta_twitter_sentiment,250,176,0.003402082805937027,0.01091124170479338,0.01587805130261193,0.021126868506470338,0.015151585303200656,0.016396501314395844
roberta_twitter_sentiment,250,177,0.003402082805937027,0.00602973055909432,0.006485341688698055,0.015444835409486296,0.00289121062201439,0.011983365343755747
roberta_twitter_sentiment,250,178,0.003402082805937027,0.00019697061073392508,0.006065275537473004,0.007124429196847252,0.004632149745873744,0.0052962954094467945
roberta_twitter_sentiment,250,179,0.003402082805937027,-0.001468608137316572,0.004939877639172422,0.007812034933792428,0.0016999953465865344,0.0047925203241316995
roberta_twitter_sentiment,250,180,0.003402082805937027,0.006014147095989305,0.017058594808291007,0.018945313931310853,0.011426730269747408,0.015886037550161047
roberta_twitter_sentiment,250,181,0.003402082805937027,-0.00022828478237907034,0.00616329581095228,0.010982601322061513,0.0030172651619819824,0.005981624595235386
roberta_twitter_sentiment,250,182,0.003402082805937027,0.014932278880779365,0.012631103083164955,0.025804026454315357,0.009355553484247428,0.019353092217650997
roberta_twitter_sentiment,250,183,0.003402082805937027,0.0003135800184329138,0.00730250800218825,0.008445238541455584,0.00465592147076373,0.009282180576489331
roberta_twitter_sentiment,250,184,0.003402082805937027,0.004626686161059455,0.010036287738426918,0.01607621461457312,0.0073564766086787955,0.012987428681928813
roberta_twitter_sentiment,250,185,0.003402082805937027,0.0002958849294443999,0.01080923960895994,0.017600904282070763,0.005798943722997316,0.011505929347876748
roberta_twitter_sentiment,250,186,0.003402082805937027,0.007913553761361254,0.006812639979752239,0.009400676781604656,0.005061263062082326,0.010434150168339316
roberta_twitter_sentiment,250,187,0.003402082805937027,0.014987181733913304,0.008458501479415874,0.014623706214514264,0.00772848666239215,0.010140271903747158
roberta_twitter_sentiment,250,188,0.003402082805937027,0.006743334937008958,0.011868747801985541,0.012639679258576139,0.007257976661942445,0.011060700740721486
roberta_twitter_sentiment,250,189,0.003402082805937027,-0.010248957868821072,0.004981714944130751,0.007657731185201514,0.002325803422621365,0.004462499236521237
roberta_twitter_sentiment,250,190,0.003402082805937027,0.0130203992947598,0.021130443040802957,0.019377678350169947,0.013135354303728457,0.01743769723186949
roberta_twitter_sentiment,250,191,0.003402082805937027,0.020105429361585058,0.014704151505629995,0.017895616574905564,0.012766831721593697,0.015563367518005427
roberta_twitter_sentiment,250,192,0.003402082805937027,0.024595243836822583,0.015385225994543856,0.024310320298461217,0.014467016368441997,0.01838372801855723
roberta_twitter_sentiment,250,193,0.003402082805937027,-0.0018398768593844812,0.006384907108069106,0.008759008738626787,0.0021585783842813073,0.005341778107154721
roberta_twitter_sentiment,250,194,0.003402082805937027,-0.004383932949844166,0.004946335301023084,0.0075753461004390375,0.001773761273277832,0.007621858165835454
roberta_twitter_sentiment,250,195,0.003402082805937027,0.012993843705169891,0.020856766211382622,0.019084800502886065,0.006291559473782995,0.011886744800195484
roberta_twitter_sentiment,250,196,0.003402082805937027,0.019131373005464903,0.018302639955215257,0.028173759409048815,0.009858524727937022,0.02075332356042995
roberta_twitter_sentiment,250,197,0.003402082805937027,0.0006312354828162841,0.016468025670138397,0.020594752045860434,0.010622626309631941,0.012652867472323142
roberta_twitter_sentiment,250,198,0.003402082805937027,0.0008320445775140942,0.009032765923444637,0.01501069449106899,0.008732737067493175,0.010859647626876816
roberta_twitter_sentiment,250,199,0.003402082805937027,0.010521607858614659,0.016566769920826827,0.015103553773437828,0.01036985455144491,0.012244943726839663
roberta_twitter_sentiment,500,0,0.003402082805937027,0.009596608804368535,0.009310186738814737,0.012582911727935154,0.005366105229888808,0.01679024308486318
roberta_twitter_sentiment,500,1,0.003402082805937027,-0.001594886947653558,0.0022165360809831432,0.0072474761783404805,0.002071337350783659,0.008145786978302181
roberta_twitter_sentiment,500,2,0.003402082805937027,0.012533712726540292,0.010628844636582604,0.015172991825997918,0.007024999438540082,0.015268870722868585
roberta_twitter_sentiment,500,3,0.003402082805937027,0.0015779448201080108,0.004945795143016273,0.009648212588753768,0.004581350966547374,0.010402575230768853
roberta_twitter_sentiment,500,4,0.003402082805937027,-0.0017481748680139336,0.00724511430899163,0.011605264929446716,0.004881051200043927,0.012073128155449775
roberta_twitter_sentiment,500,5,0.003402082805937027,-0.0006723050399910675,0.00413681734323891,0.009944604062598743,0.003992036049602939,0.012001094580836489
roberta_twitter_sentiment,500,6,0.003402082805937027,0.005127501487053138,0.005743012566643222,0.012821194068088487,0.004810883648168535,0.01711509241193304
roberta_twitter_sentiment,500,7,0.003402082805937027,-0.0011092288482248038,0.007309648034474942,0.011070935196411204,0.0063656739554901216,0.01078413563142178
roberta_twitter_sentiment,500,8,0.003402082805937027,0.006142292160387774,0.0036124312954037637,0.007159703091189481,0.0038714846516535676,0.00822547431883711
roberta_twitter_sentiment,500,9,0.003402082805937027,0.00697749737849837,0.004113632262914364,0.00975331814399764,0.0025011343933498006,0.009304278427604097
roberta_twitter_sentiment,500,10,0.003402082805937027,0.0006323443722308059,0.0072427149742999375,0.011715915408917312,0.007370844684959277,0.013823070098080847
roberta_twitter_sentiment,500,11,0.003402082805937027,0.007136590143871745,0.008755003613113353,0.013150306247431806,0.006556505411895352,0.013817138563249376
roberta_twitter_sentiment,500,12,0.003402082805937027,-0.0006976697030227124,0.0027719968101296544,0.008046289970286754,0.0012556625662332216,0.007696209760487364
roberta_twitter_sentiment,500,13,0.003402082805937027,0.007418929669545136,0.006898198507975361,0.013321104152154229,0.00571342630766599,0.012813849913856565
roberta_twitter_sentiment,500,14,0.003402082805937027,-0.0045067665728758845,0.0027571510941980268,0.008023072759513953,0.001914152941435912,0.006129016885009372
roberta_twitter_sentiment,500,15,0.003402082805937027,-0.0030636335753581787,0.006118575527502693,0.010531239687262713,0.003386307682158981,0.008991836398020616
roberta_twitter_sentiment,500,16,0.003402082805937027,0.0020195023588508655,0.005533849374194143,0.0070271042942502745,0.004283913626090057,0.007016191544015858
roberta_twitter_sentiment,500,17,0.003402082805937027,-0.0026981675341116954,0.002603931899774519,0.007061391879117195,0.003257337919071215,0.007305417359819891
roberta_twitter_sentiment,500,18,0.003402082805937027,0.006944611164506676,0.004970454110193961,0.008589016398350748,0.0037180431746191974,0.010281398149516473
roberta_twitter_sentiment,500,19,0.003402082805937027,0.0010190386589239541,0.008568357639221539,0.011636259724203265,0.0065043983513426605,0.015423221403049097
roberta_twitter_sentiment,500,20,0.003402082805937027,0.002074350658058292,0.008602524185616285,0.014325796855603154,0.006596201727529005,0.012409509840236399
roberta_twitter_sentiment,500,21,0.003402082805937027,0.007204150592132087,0.006356591024398371,0.011468973905284374,0.003724343559165498,0.01379669473379338
roberta_twitter_sentiment,500,22,0.003402082805937027,0.0008149208928705203,0.00936733329421046,0.01086193449465248,0.006544969842002979,0.01017384414763738
roberta_twitter_sentiment,500,23,0.003402082805937027,0.004704076013513982,0.002858356499392984,0.007230389068200061,0.0017526759432803917,0.010208356905364485
roberta_twitter_sentiment,500,24,0.003402082805937027,-0.0004924546538130308,0.0053863901190174795,0.00809820623631979,0.005181556370570591,0.010767543651434532
roberta_twitter_sentiment,500,25,0.003402082805937027,0.0003221242289764481,0.005493705565047554,0.009889483005666387,0.004310476314485978,0.012069536082234444
roberta_twitter_sentiment,500,26,0.003402082805937027,-0.0009081964509385399,0.004938520413704851,0.011760487921546445,0.0033708246800044934,0.010405275393800439
roberta_twitter_sentiment,500,27,0.003402082805937027,0.0036443507770620416,0.005536958563026976,0.00825967884699909,0.005746606126782964,0.008354841948576577
roberta_twitter_sentiment,500,28,0.003402082805937027,0.006124087929099916,0.004584447917186502,0.010467796198652396,0.001718886660548156,0.01004256981246429
roberta_twitter_sentiment,500,29,0.003402082805937027,-0.0006580927751674762,0.005345964911302379,0.009349949455290883,0.004527968386590301,0.009722030195531037
roberta_twitter_sentiment,500,30,0.003402082805937027,0.0009938456874484562,0.005080399129499953,0.008738581499963384,0.0029790218394614297,0.011790768027253597
roberta_twitter_sentiment,500,31,0.003402082805937027,0.01326052374220627,0.006868766086665402,0.015355507190859766,0.003619794059389096,0.017183222887104624
roberta_twitter_sentiment,500,32,0.003402082805937027,0.012356749128693974,0.007757552756830052,0.014353313546107754,0.00897626012849748,0.015290278841567976
roberta_twitter_sentiment,500,33,0.003402082805937027,0.007227731098526944,0.0034319168512370254,0.009530288327931688,0.002563229330712897,0.011841863733434965
roberta_twitter_sentiment,500,34,0.003402082805937027,0.022533816448767417,0.01039607294540515,0.019732625247634746,0.009065648164910393,0.017426984639789738
roberta_twitter_sentiment,500,35,0.003402082805937027,-0.001463685514095642,0.005320475667119941,0.008511811967231104,0.0037025947766650856,0.01029435895551096
roberta_twitter_sentiment,500,36,0.003402082805937027,0.0019343947979297408,0.004673910534932568,0.00946820135476868,0.004636175080662887,0.01145091419280904
roberta_twitter_sentiment,500,37,0.003402082805937027,0.0004681050242757978,0.007899825490703281,0.00987100888356041,0.004758085794704082,0.009774528716709086
roberta_twitter_sentiment,500,38,0.003402082805937027,0.005542262014353729,0.00609614128166034,0.010596648880348381,0.004176125790135582,0.014998876488770553
roberta_twitter_sentiment,500,39,0.003402082805937027,0.007912773036741544,0.01179544026304305,0.012029731243620357,0.007288979283713201,0.017266435687151294
roberta_twitter_sentiment,500,40,0.003402082805937027,0.0025869559091919896,0.0017347418046567043,0.008306601496257508,0.001737816813940262,0.012514151988939999
roberta_twitter_sentiment,500,41,0.003402082805937027,-0.0007571381748277815,0.0037113354173285416,0.00763035606091994,0.004132502017227663,0.008296257000582645
roberta_twitter_sentiment,500,42,0.003402082805937027,0.0038547493098122316,0.005993336324147988,0.01304048146381542,0.005204822739233768,0.012352712229871906
roberta_twitter_sentiment,500,43,0.003402082805937027,-0.0004446892955734735,0.006030826830500591,0.008867605735447842,0.0036232052161415396,0.01023197833044218
roberta_twitter_sentiment,500,44,0.003402082805937027,0.00127003303744951,0.008522981947581745,0.01183463856219972,0.005126933399144256,0.012426297886795343
roberta_twitter_sentiment,500,45,0.003402082805937027,0.013265855789336697,0.004487494964189378,0.00659441647227761,0.004147816155650089,0.01118331345741998
roberta_twitter_sentiment,500,46,0.003402082805937027,-2.8426093363140558e-05,0.005160748976578913,0.008877844999134825,0.005656474419221353,0.011203544481230173
roberta_twitter_sentiment,500,47,0.003402082805937027,0.004600590509261062,0.00467809365224386,0.00829420556624352,0.0056168510602270984,0.011815046417672186
roberta_twitter_sentiment,500,48,0.003402082805937027,0.0033328788960728744,0.006414076310064732,0.010293465986942474,0.005435325305274345,0.011841300108118059
roberta_twitter_sentiment,500,49,0.003402082805937027,0.0004889274927005572,0.0022075225111716492,0.005167978060569943,0.001304913424027107,0.006596626227381221
roberta_twitter_sentiment,500,50,0.003402082805937027,-0.0008934150196112922,0.007371239283577627,0.011199389697558815,0.007200329596335955,0.00976160187606757
roberta_twitter_sentiment,500,51,0.003402082805937027,0.007650263148127659,0.0069732281821058275,0.011029950094473042,0.004487354675211665,0.012127097557104767
roberta_twitter_sentiment,500,52,0.003402082805937027,0.016616154028109214,0.00951017448880689,0.013289847616763292,0.008696285143543876,0.01486017795673483
roberta_twitter_sentiment,500,53,0.003402082805937027,0.00519396327565401,0.008294075681231125,0.008943829300414565,0.007196173304735468,0.011975284705834439
roberta_twitter_sentiment,500,54,0.003402082805937027,-0.012152318285393988,0.0031648922179063356,0.0051193766679215975,0.002089527005584086,0.006387386767523542
roberta_twitter_sentiment,500,55,0.003402082805937027,-0.002474071305863559,0.00435852931709703,0.010024300158536602,0.0028319536187440004,0.008472334925664248
roberta_twitter_sentiment,500,56,0.003402082805937027,0.01156839163002474,0.005294470578266707,0.011979653676943649,0.00363589619359437,0.01251196528808569
roberta_twitter_sentiment,500,57,0.003402082805937027,0.000707730074670992,0.007047545049120542,0.012504218532123993,0.006032391987785578,0.012868220597456344
roberta_twitter_sentiment,500,58,0.003402082805937027,-0.0012138633270696254,0.007199791364813744,0.012213702801173018,0.005752011795039038,0.009676175841719254
roberta_twitter_sentiment,500,59,0.003402082805937027,-0.004245461234721268,0.004937138845357687,0.008274607265609267,0.0035645978399599723,0.008798941782069948
roberta_twitter_sentiment,500,60,0.003402082805937027,0.004024482293288225,0.006919171781447358,0.010778586439473329,0.006139457366821024,0.013710524993387428
roberta_twitter_sentiment,500,61,0.003402082805937027,0.0061977616818986786,0.005006033418859925,0.00878671967932735,0.004178657570490586,0.011811330727674586
roberta_twitter_sentiment,500,62,0.003402082805937027,-0.0018873311604656413,0.002463960138286229,0.007351364017398919,0.0010562275001288468,0.009514620283761911
roberta_twitter_sentiment,500,63,0.003402082805937027,0.00017689030028937203,0.002579790680477351,0.00831802989723814,0.0021433587697809934,0.009562961993868
roberta_twitter_sentiment,500,64,0.003402082805937027,0.004849573750317072,0.011249603691485942,0.014275488840737673,0.0067561364521681435,0.013657800337587971
roberta_twitter_sentiment,500,65,0.003402082805937027,0.005174907534666742,0.005046085836962342,0.007936402127354603,0.0031851950234605296,0.012138835958215511
roberta_twitter_sentiment,500,66,0.003402082805937027,0.006159912695492164,0.005746804675586026,0.009449299895928248,0.0028919087529953526,0.008904268861209498
roberta_twitter_sentiment,500,67,0.003402082805937027,0.004875424485598724,0.00678028703523465,0.009704426922709715,0.006642808100357386,0.010824364465367442
roberta_twitter_sentiment,500,68,0.003402082805937027,0.012740589437441862,0.004945033579279887,0.009356555171981416,0.00539694861517865,0.01460357203266885
roberta_twitter_sentiment,500,69,0.003402082805937027,0.0037918459319531282,0.004478106345983173,0.010776916393853399,0.0011538658344270314,0.011046017055846537
roberta_twitter_sentiment,500,70,0.003402082805937027,0.008204190577600884,0.007394515664314353,0.010470750755032327,0.005143126742832447,0.011975452173341934
roberta_twitter_sentiment,500,71,0.003402082805937027,-0.002163821724067477,0.003722929498143227,0.007303717987274319,0.004136833527789726,0.00659765228138807
roberta_twitter_sentiment,500,72,0.003402082805937027,0.002477313519876109,0.008936530153150967,0.016570137373129328,0.006519968595964097,0.017283199031981635
roberta_twitter_sentiment,500,73,0.003402082805937027,-0.004301555930516548,0.008211062389336584,0.010793680314989267,0.006498007181968449,0.012130103214328218
roberta_twitter_sentiment,500,74,0.003402082805937027,0.01308871336455487,0.007575451240683355,0.012152785787550486,0.005768042575425162,0.012492231279657833
roberta_twitter_sentiment,500,75,0.003402082805937027,0.007726928993819469,0.006772558784683782,0.010724924313107707,0.00529144944269867,0.012580558123297383
roberta_twitter_sentiment,500,76,0.003402082805937027,-0.0026277443153080314,0.0021290175489281768,0.004456513777999566,0.0012086482291885211,0.005026547470851455
roberta_twitter_sentiment,500,77,0.003402082805937027,0.0021052499635362248,0.005651878581659056,0.010615878047731248,0.0028419615788483005,0.00882155380804242
roberta_twitter_sentiment,500,78,0.003402082805937027,0.0016593466747915674,0.0067509919848290365,0.00981735123306233,0.003952943170083425,0.014661555799600387
roberta_twitter_sentiment,500,79,0.003402082805937027,0.008903483858731888,0.007241127591902063,0.01053977727637426,0.004063045035675472,0.010417180695608477
roberta_twitter_sentiment,500,80,0.003402082805937027,0.001814714330423806,0.00769112254023107,0.01177985022245977,0.0063151085450957045,0.015086241296772482
roberta_twitter_sentiment,500,81,0.003402082805937027,0.0051270168767532445,0.004922449442132304,0.011427613315469242,0.005591934008901739,0.009383825904615952
roberta_twitter_sentiment,500,82,0.003402082805937027,0.0037869732329095505,0.006709273210489988,0.011793605570506283,0.007568205487945075,0.01212298202071371
roberta_twitter_sentiment,500,83,0.003402082805937027,-0.005400917861430808,0.0025705800743435897,0.007363674536506878,0.0016107145086401988,0.00763862799311155
roberta_twitter_sentiment,500,84,0.003402082805937027,0.008210629456475995,0.007544316743956828,0.015544370628552606,0.002584055475703203,0.015388178873531
roberta_twitter_sentiment,500,85,0.003402082805937027,-0.002637704326831182,0.005528532072728217,0.011960365089226025,0.0031571137656973744,0.008497050721571578
roberta_twitter_sentiment,500,86,0.003402082805937027,-0.002420584188812533,0.006260042268214883,0.009420776520727406,0.0031193644184714883,0.011777405335218379
roberta_twitter_sentiment,500,87,0.003402082805937027,0.0013253741645953116,0.00649708485976421,0.008352237613830988,0.004161646424355402,0.015879688088358494
roberta_twitter_sentiment,500,88,0.003402082805937027,0.001235837012029102,0.006611742094509025,0.00846989355597497,0.004366257783383761,0.007458858513190122
roberta_twitter_sentiment,500,89,0.003402082805937027,0.0018769240554557907,0.00718079273731212,0.010554705756142872,0.0071003790436229685,0.011831966027532708
roberta_twitter_sentiment,500,90,0.003402082805937027,-0.0011721624714653284,0.003320481668244159,0.008336399249494093,0.0025800671484893217,0.006044613353245102
roberta_twitter_sentiment,500,91,0.003402082805937027,0.004682664775612972,0.0044054823693239036,0.012182492588402842,0.00539110752409382,0.013397366245694455
roberta_twitter_sentiment,500,92,0.003402082805937027,0.009410994183213695,0.00840808627294105,0.01630017059520911,0.008100576731077499,0.014378424774664805
roberta_twitter_sentiment,500,93,0.003402082805937027,0.004621234890297805,0.010078038375832748,0.014502254347808467,0.008254884801015152,0.013780335078468075
roberta_twitter_sentiment,500,94,0.003402082805937027,0.005448635309355389,0.01001008903705322,0.015326258691913971,0.008187388280799672,0.015509012136184951
roberta_twitter_sentiment,500,95,0.003402082805937027,0.0038574958101751386,0.009401297174765734,0.010774841100735157,0.005198297296947771,0.012214680050977204
roberta_twitter_sentiment,500,96,0.003402082805937027,0.0034810361400652006,0.007192114271328107,0.01628913300758293,0.005805376745673023,0.016621806664610172
roberta_twitter_sentiment,500,97,0.003402082805937027,0.004283292059508261,0.0049981138822326795,0.011989924235455165,0.006908480098476293,0.010412706933728968
roberta_twitter_sentiment,500,98,0.003402082805937027,-0.0019966841988509976,0.0064353330328169,0.008072289218597938,0.0056217411097338075,0.011795649840303554
roberta_twitter_sentiment,500,99,0.003402082805937027,-0.001188341260302392,0.005795139358261238,0.00935381454357257,0.0028945585537673854,0.012565713573630557
roberta_twitter_sentiment,500,100,0.003402082805937027,0.004667258361223423,0.005446151586752809,0.012014905056062437,0.004969319770674234,0.013582943560730134
roberta_twitter_sentiment,500,101,0.003402082805937027,0.0026578196747886655,0.006150365241582154,0.009894634264284616,0.005240144452788072,0.014055450818262078
roberta_twitter_sentiment,500,102,0.003402082805937027,0.0011636845130463434,0.003039043420437851,0.004898454457936471,0.0034258500127396273,0.008094536873237471
roberta_twitter_sentiment,500,103,0.003402082805937027,0.010573342639025322,0.00421914708199545,0.011832384730655097,0.007270004384911984,0.014289229050771473
roberta_twitter_sentiment,500,104,0.003402082805937027,0.009134786643695783,0.005946262610678318,0.010548621183620082,0.004339551055166837,0.011473300563369955
roberta_twitter_sentiment,500,105,0.003402082805937027,0.007234864504041093,0.01157762816668065,0.017040775525363736,0.009201828811580458,0.014806534510613966
roberta_twitter_sentiment,500,106,0.003402082805937027,0.006323566301923782,0.008265817407465749,0.013599399540499407,0.009248066951755837,0.011849457236200086
roberta_twitter_sentiment,500,107,0.003402082805937027,0.004742392618893027,0.006534750037320802,0.00940490374791637,0.00745551529277457,0.010130588010542833
roberta_twitter_sentiment,500,108,0.003402082805937027,-0.00724148457335591,0.0033768376203284103,0.00815076654299681,0.00338934226762001,0.008692894784278109
roberta_twitter_sentiment,500,109,0.003402082805937027,0.0028388150027259967,0.006903396344195799,0.010719402530141121,0.006466099203213646,0.012189507538059438
roberta_twitter_sentiment,500,110,0.003402082805937027,0.0005406724184243648,0.007421358205160251,0.012325593075471557,0.004695442852610872,0.01415075965977563
roberta_twitter_sentiment,500,111,0.003402082805937027,0.008119965257224134,0.00542531851612284,0.008501181538038832,0.001977006057655732,0.014022544202954903
roberta_twitter_sentiment,500,112,0.003402082805937027,0.0020970799903751334,0.0024221305143939625,0.008009618920118594,0.0024925491979147607,0.010057696867509482
roberta_twitter_sentiment,500,113,0.003402082805937027,0.004135447235738508,0.010489762472696944,0.01450014310108137,0.005862588117823533,0.016617337926372152
roberta_twitter_sentiment,500,114,0.003402082805937027,0.0067949677216412215,0.013252464900458807,0.015523020060115628,0.009717052384766658,0.017650199359638182
roberta_twitter_sentiment,500,115,0.003402082805937027,-0.004060408836203589,0.0040087979977196835,0.006825456400637674,0.0013614915431900895,0.007579512857212006
roberta_twitter_sentiment,500,116,0.003402082805937027,-0.0004963657314080195,0.0032385445871881955,0.011405488887711913,0.0026868350019118464,0.0075701324587960014
roberta_twitter_sentiment,500,117,0.003402082805937027,0.008240611167189264,0.007098829677837554,0.012513810891306732,0.007008903726155114,0.014796331015269122
roberta_twitter_sentiment,500,118,0.003402082805937027,0.0017809022077008429,0.006483397203631754,0.010873698088044203,0.005419430176015217,0.013581484967996774
roberta_twitter_sentiment,500,119,0.003402082805937027,-9.248155726095408e-05,0.005928585814248781,0.011492642521632589,0.005363392639847771,0.009754254477948105
roberta_twitter_sentiment,500,120,0.003402082805937027,-0.0018089736847591116,0.003063456711192592,0.0059157842421613035,0.003269495059985696,0.006316058376631155
roberta_twitter_sentiment,500,121,0.003402082805937027,0.004772919088689033,0.008792575665671992,0.013134952605134847,0.005118751319706437,0.012199097797287594
roberta_twitter_sentiment,500,122,0.003402082805937027,0.005484263475288906,0.008041949714765398,0.012529755987491285,0.0042901283127327145,0.013962572949563637
roberta_twitter_sentiment,500,123,0.003402082805937027,-0.0043908624489574916,0.003678110261525972,0.004886901869300748,0.003837499766230888,0.005505278265085208
roberta_twitter_sentiment,500,124,0.003402082805937027,0.004214152560097996,0.006390038455175435,0.012111017117710794,0.0060158203489236875,0.013539737841518091
roberta_twitter_sentiment,500,125,0.003402082805937027,-0.0009716850871740838,0.005575521731165871,0.006360621547837433,0.0043524457518583845,0.009241468333628263
roberta_twitter_sentiment,500,126,0.003402082805937027,0.008436465605913372,0.006945411548780137,0.012864306711621492,0.003641893066211097,0.016377298540630296
roberta_twitter_sentiment,500,127,0.003402082805937027,-0.0006136131454004139,0.00550723518333605,0.009559303451773284,0.003724177503717247,0.01067757992739686
roberta_twitter_sentiment,500,128,0.003402082805937027,0.006094058011259006,0.008654704082215761,0.011200629340171844,0.007514647591394426,0.014448448879654442
roberta_twitter_sentiment,500,129,0.003402082805937027,0.007973862428988562,0.00735061540095088,0.013613230640497489,0.004953853093360402,0.011861139116153373
roberta_twitter_sentiment,500,130,0.003402082805937027,0.0031341072081714455,0.002576930994963856,0.0073303046408237146,0.002416295516008487,0.006934327840607503
roberta_twitter_sentiment,500,131,0.003402082805937027,-0.003880045344938906,0.0028143775126105368,0.006135546997486301,0.0011121767532327256,0.009414332485271725
roberta_twitter_sentiment,500,132,0.003402082805937027,0.007110670760140723,0.004272175258873461,0.011690184808996548,0.0033922515002125777,0.013081531899270612
roberta_twitter_sentiment,500,133,0.003402082805937027,0.00391103196472458,0.0032414904758034623,0.012230128748877744,0.0032395948499401297,0.00975915299225953
roberta_twitter_sentiment,500,134,0.003402082805937027,0.0008635985560928309,0.003906915517434252,0.007841560792625291,0.0023323949320660452,0.01022164988702494
roberta_twitter_sentiment,500,135,0.003402082805937027,0.005887128667035933,0.006044404352773925,0.013492019339133686,0.00590411117358401,0.015905382523666446
roberta_twitter_sentiment,500,136,0.003402082805937027,0.0024970569533255835,0.00684902958140709,0.011302778165264945,0.0028388477370762163,0.013676955785429913
roberta_twitter_sentiment,500,137,0.003402082805937027,0.0011990148739576267,0.001940381273082832,0.006837618347497831,0.002092515258839621,0.005699628462896766
roberta_twitter_sentiment,500,138,0.003402082805937027,0.012097337512545974,0.007486283587948891,0.012074394189458047,0.004315290987629,0.01435630809958881
roberta_twitter_sentiment,500,139,0.003402082805937027,0.004982162212474948,0.006607495773339705,0.011412079863813901,0.006512583650304652,0.00953574137797619
roberta_twitter_sentiment,500,140,0.003402082805937027,-0.0008162532920052525,0.009517045169818677,0.010674201758041516,0.008290098263880148,0.012367137415437145
roberta_twitter_sentiment,500,141,0.003402082805937027,0.0033396474450620487,0.010303466485550502,0.01213987113872736,0.009826800708976317,0.01317001354529415
roberta_twitter_sentiment,500,142,0.003402082805937027,0.006742139030084488,0.012273719240515053,0.015661439404610226,0.012356568550401502,0.016303459302507217
roberta_twitter_sentiment,500,143,0.003402082805937027,0.003133483176513484,0.01177847463620623,0.013175577147267272,0.006643931523750494,0.01378209611248713
roberta_twitter_sentiment,500,144,0.003402082805937027,0.004514552582857744,0.008148763126977102,0.010937660432360987,0.005384323765645262,0.017215047758216768
roberta_twitter_sentiment,500,145,0.003402082805937027,0.0005896112508771618,0.0033737445299395507,0.007421889455863209,0.0007490544091641823,0.008203749403840397
roberta_twitter_sentiment,500,146,0.003402082805937027,0.005716278210522745,0.005530534951826512,0.010250566071898191,0.003358146940821068,0.011056223686810149
roberta_twitter_sentiment,500,147,0.003402082805937027,0.004165985985418142,0.0036027673344198622,0.011324706052640774,0.0019396033146829035,0.010053194903938715
roberta_twitter_sentiment,500,148,0.003402082805937027,-0.00044814298502310026,0.003913016822697669,0.013370463508316619,0.004554286867063593,0.008964767545084025
roberta_twitter_sentiment,500,149,0.003402082805937027,0.0028578694061047265,0.008823170045483528,0.014443681114472922,0.009995261575718494,0.013851259228386877
roberta_twitter_sentiment,500,150,0.003402082805937027,0.00264980872250078,0.005124696501882362,0.009087983820225867,0.003963447568587791,0.010677111586478999
roberta_twitter_sentiment,500,151,0.003402082805937027,0.0076300677793763915,0.007573426605533028,0.01144563182826027,0.005906685261351615,0.017221137055509955
roberta_twitter_sentiment,500,152,0.003402082805937027,-0.0003685079131494895,0.008450473160136387,0.009596956557154743,0.004651695958213255,0.011017636443008214
roberta_twitter_sentiment,500,153,0.003402082805937027,0.0015817395647088387,0.0038087664839556497,0.008050559979372719,0.0031757167251562617,0.010359962173818205
roberta_twitter_sentiment,500,154,0.003402082805937027,0.004140167380342413,0.00436349813054015,0.011337766058377313,0.0030755264266046577,0.01290261659030416
roberta_twitter_sentiment,500,155,0.003402082805937027,0.015606221579398295,0.009544760112918787,0.018417007392624786,0.0059157544559446905,0.017486615712726677
roberta_twitter_sentiment,500,156,0.003402082805937027,-0.0028479620175104444,0.0036599503572606017,0.007010966843911934,0.002441905619401253,0.00821913804205835
roberta_twitter_sentiment,500,157,0.003402082805937027,-0.0011641766230035318,0.007204723168187052,0.011677631788801646,0.007097654502478987,0.010924153464539128
roberta_twitter_sentiment,500,158,0.003402082805937027,0.009402254004630744,0.007818468148994425,0.013525809301770681,0.005294183807543022,0.01712245643445341
roberta_twitter_sentiment,500,159,0.003402082805937027,0.0030753409650194955,0.006943538791218842,0.010221410768812625,0.005433145282269691,0.012852707819572555
roberta_twitter_sentiment,500,160,0.003402082805937027,0.004637329390498128,0.010427235671977224,0.015050889124122146,0.006178667840118279,0.016654788935678753
roberta_twitter_sentiment,500,161,0.003402082805937027,-0.0011208963596526242,0.004774775108983072,0.010199349026134305,0.0036456080971506905,0.012485545252087218
roberta_twitter_sentiment,500,162,0.003402082805937027,-0.0016880206785665197,0.007788245343445569,0.010441598388741395,0.007343389237758611,0.012339871504434673
roberta_twitter_sentiment,500,163,0.003402082805937027,0.0004123580516353018,0.004176668737945692,0.008372491451034409,0.004183159247795942,0.010446465400839136
roberta_twitter_sentiment,500,164,0.003402082805937027,0.0068905110540303524,0.006954232329322773,0.010898226150799545,0.0064255782594053465,0.012651841055307915
roberta_twitter_sentiment,500,165,0.003402082805937027,0.018228858045880522,0.013555070949491087,0.021970264043058723,0.00623853745456587,0.02048233698397007
roberta_twitter_sentiment,500,166,0.003402082805937027,0.003597087360127454,0.007949937942811063,0.011471680919776496,0.005357631002016424,0.013297500781866438
roberta_twitter_sentiment,500,167,0.003402082805937027,-0.0023831795247203683,0.004966292163311066,0.008507331583870216,0.0029937561231374744,0.008424406761004284
roberta_twitter_sentiment,500,168,0.003402082805937027,0.0021835365020667617,0.0030818237031967582,0.0067412784295873,0.003020305247197031,0.007226852247257157
roberta_twitter_sentiment,500,169,0.003402082805937027,0.003919280145409742,0.007888790253097522,0.016615405101284477,0.007528767605895811,0.015095676689055105
roberta_twitter_sentiment,500,170,0.003402082805937027,-0.0068039907364379456,0.0022059254716375073,0.006033470130808409,0.0013169225200103357,0.004392438029091065
roberta_twitter_sentiment,500,171,0.003402082805937027,0.0047413666763603075,0.005956257326062116,0.011171005627099653,0.0039010234559778566,0.008880695443565598
roberta_twitter_sentiment,500,172,0.003402082805937027,0.0068618105248578,0.00654430311451463,0.011065755317135531,0.006970764152482082,0.011522408073766695
roberta_twitter_sentiment,500,173,0.003402082805937027,0.003614185186706459,0.006898050449614201,0.010942267581485966,0.003970636923681318,0.01194047637010787
roberta_twitter_sentiment,500,174,0.003402082805937027,0.006062389102579963,0.006594572238308907,0.00857342356675445,0.003918146577413178,0.011097426488786612
roberta_twitter_sentiment,500,175,0.003402082805937027,0.00343153125638337,0.0023887038955470404,0.008626199179598724,0.0029219909832388052,0.010364909716908663
roberta_twitter_sentiment,500,176,0.003402082805937027,0.002908048330732764,0.0037806974018675522,0.008238949066293421,0.0037797834123917866,0.012740807622929442
roberta_twitter_sentiment,500,177,0.003402082805937027,0.016060208202818914,0.010850412096464713,0.020585426827922408,0.005318408771439295,0.020760300258836087
roberta_twitter_sentiment,500,178,0.003402082805937027,0.005188305731288428,0.007670519148173502,0.011802088281999874,0.005265029329680283,0.010832175343218637
roberta_twitter_sentiment,500,179,0.003402082805937027,-0.0037122703900437882,0.002686064252052678,0.0054950944415363195,0.002190754383027434,0.0067115686594509776
roberta_twitter_sentiment,500,180,0.003402082805937027,0.01179417031441444,0.010750085926395307,0.01898141096100718,0.006664140762072174,0.017081858572979034
roberta_twitter_sentiment,500,181,0.003402082805937027,0.002403737625624711,0.003888486006240881,0.008553996787122875,0.0022769455395652036,0.008739342175282242
roberta_twitter_sentiment,500,182,0.003402082805937027,-0.00039486238351301985,0.0037792577016210155,0.009016706229003767,0.0032647477426408326,0.008571046348946539
roberta_twitter_sentiment,500,183,0.003402082805937027,0.010340382854472975,0.011484585755376558,0.014851403079946757,0.010602028214156631,0.018907694572899494
roberta_twitter_sentiment,500,184,0.003402082805937027,0.0033280813058038095,0.009990814554631702,0.013212604128916242,0.008100592813022325,0.014277408546847017
roberta_twitter_sentiment,500,185,0.003402082805937027,0.009310771282197636,0.0064800715419279144,0.010137099030974102,0.006226832281891681,0.012539506327428283
roberta_twitter_sentiment,500,186,0.003402082805937027,0.013276738168138583,0.011900762394644689,0.017768249470575127,0.008582443642216157,0.019374792693826266
roberta_twitter_sentiment,500,187,0.003402082805937027,0.001795740322591006,0.0021357376746277816,0.008351707163721982,0.003811308994217965,0.01129044068892462
roberta_twitter_sentiment,500,188,0.003402082805937027,-0.001697994998391355,0.0046091483569479785,0.0090865681921281,0.004850390428562535,0.012296513801914353
roberta_twitter_sentiment,500,189,0.003402082805937027,0.012816331367910223,0.01150952907243693,0.01964733264478776,0.00971314018602967,0.016205382862595995
roberta_twitter_sentiment,500,190,0.003402082805937027,0.0016586592865816478,0.004004924910544243,0.010055175774517712,0.003400202109590143,0.00988206266325613
roberta_twitter_sentiment,500,191,0.003402082805937027,0.0038903361316828104,0.007263845019063925,0.012119028218553297,0.004560209264749401,0.011910299290845106
roberta_twitter_sentiment,500,192,0.003402082805937027,0.012799700904211458,0.0097540812019552,0.014567856070561236,0.00990921861979913,0.01610544617861946
roberta_twitter_sentiment,500,193,0.003402082805937027,0.009253033340379605,0.007854967322199861,0.0179398415890641,0.0041179821386444744,0.019617117061547902
roberta_twitter_sentiment,500,194,0.003402082805937027,0.0018780178238365548,0.006796691739347606,0.007737416125865008,0.002910720448072371,0.011473094969364037
roberta_twitter_sentiment,500,195,0.003402082805937027,0.0002456096425384091,0.005804371791834112,0.008612495938352713,0.005192346886540627,0.010735205745117772
roberta_twitter_sentiment,500,196,0.003402082805937027,0.005546798017814123,0.0066606427897645,0.013590861685025503,0.005155763504644098,0.009461741686712669
roberta_twitter_sentiment,500,197,0.003402082805937027,0.0038210208346267155,0.007931136640957777,0.009667640315726728,0.007855431883826335,0.010638525768477862
roberta_twitter_sentiment,500,198,0.003402082805937027,0.0022875686665160895,0.008049926687398906,0.011162639543544937,0.0031551548180026386,0.012557347411360728
roberta_twitter_sentiment,500,199,0.003402082805937027,0.007890190074571845,0.013189955379625518,0.01839723299502063,0.011212148260036322,0.016143213529473885
roberta_twitter_sentiment,750,0,0.003402082805937027,0.0006917833715245125,0.006245264867721063,0.01089890316945508,0.0037590945746831814,0.012831838465845301
roberta_twitter_sentiment,750,1,0.003402082805937027,0.0003342489581581217,0.003871059961965024,0.008527222149122046,0.004823150588287656,0.009549115920409997
roberta_twitter_sentiment,750,2,0.003402082805937027,-0.002546629968039407,0.0036000380607107947,0.005084777390670483,0.003212915021060411,0.0076194890209179585
roberta_twitter_sentiment,750,3,0.003402082805937027,-0.0028080827182290543,0.004984386157020159,0.009011722203573021,0.006048657409058493,0.009583034052617448
roberta_twitter_sentiment,750,4,0.003402082805937027,0.0021139933319098345,0.005418401282139705,0.011097136073817621,0.006274452154129176,0.011954399246117523
roberta_twitter_sentiment,750,5,0.003402082805937027,0.005223213993703596,0.007910708205772853,0.013375355804191049,0.007134022168859065,0.01355566105994172
roberta_twitter_sentiment,750,6,0.003402082805937027,-0.0013085756420314423,0.004636510152106872,0.00818313924197155,0.004056805873418191,0.009436853608678438
roberta_twitter_sentiment,750,7,0.003402082805937027,-0.0016732227682741273,0.0030686220986955925,0.006006117571308858,0.0022687800139347403,0.01067311778557235
roberta_twitter_sentiment,750,8,0.003402082805937027,0.00557907059500835,0.007126495745989845,0.012433547549094752,0.007152525871018096,0.015710117074415948
roberta_twitter_sentiment,750,9,0.003402082805937027,0.007383511979061251,0.007979154911465414,0.010121790544054094,0.005685147121104158,0.013115884713025498
roberta_twitter_sentiment,750,10,0.003402082805937027,0.005272389667067759,0.005258684986802029,0.009770456316125364,0.005745624357618693,0.011519206288479751
roberta_twitter_sentiment,750,11,0.003402082805937027,0.0019578337619495048,0.0076434750708275915,0.009701011387551228,0.006487942783987376,0.012137995160110686
roberta_twitter_sentiment,750,12,0.003402082805937027,0.005500682278580977,0.006543218058758241,0.008997614647572398,0.004450766203435676,0.012576595941572776
roberta_twitter_sentiment,750,13,0.003402082805937027,0.0025956578200081607,0.005929474363607334,0.008666410934895806,0.0049029381917028375,0.012338229464836264
roberta_twitter_sentiment,750,14,0.003402082805937027,0.008505574643277516,0.005849791541105501,0.010821492982487226,0.0062541102726249844,0.012248504961214251
roberta_twitter_sentiment,750,15,0.003402082805937027,-0.002753912231917876,0.004238329188961641,0.008928190722236565,0.0016731543765474734,0.009648641684445982
roberta_twitter_sentiment,750,16,0.003402082805937027,0.007106841914398848,0.0073171237342485995,0.012275302140649955,0.007061536589640585,0.015580707812180964
roberta_twitter_sentiment,750,17,0.003402082805937027,-0.0044756413525354755,0.004156175262742348,0.006087316997369844,0.004046759058042052,0.008916010397989983
roberta_twitter_sentiment,750,18,0.003402082805937027,0.0030239647614662885,0.004210834470262238,0.00863942887123454,0.0044158630784258916,0.01284848612113538
roberta_twitter_sentiment,750,19,0.003402082805937027,-0.0014901606474608793,0.002080906531055524,0.004399717222372369,0.0019163285267363272,0.005901362342404415
roberta_twitter_sentiment,750,20,0.003402082805937027,-0.0013077943180318206,0.002815534321267464,0.005644651773968822,0.002688739250621091,0.007286315003867557
roberta_twitter_sentiment,750,21,0.003402082805937027,0.007667566563062197,0.00334920152079624,0.010087830708676467,0.0027184522576266757,0.014452520931157875
roberta_twitter_sentiment,750,22,0.003402082805937027,0.0013731102639899767,0.0030590486225914077,0.007694891899711507,0.002177992855319824,0.010263599465566025
roberta_twitter_sentiment,750,23,0.003402082805937027,-0.0016302119877693092,0.0038302355047808026,0.004838663133955118,0.002863180087793689,0.008476795364214397
roberta_twitter_sentiment,750,24,0.003402082805937027,0.0024394314179772975,0.0068675790316519315,0.010882168801345312,0.007085158333735319,0.01200829198368037
roberta_twitter_sentiment,750,25,0.003402082805937027,0.0018290697527617763,0.004296529466519971,0.005515177008544738,0.003869171706468255,0.008468608061166104
roberta_twitter_sentiment,750,26,0.003402082805937027,-0.0036469289917662384,0.004883775453606788,0.010922947196802696,0.004771242914249557,0.012141293123524638
roberta_twitter_sentiment,750,27,0.003402082805937027,-0.003934006140859076,0.002384023833590609,0.008023991735887937,0.0026710631844834233,0.0075738145673923275
roberta_twitter_sentiment,750,28,0.003402082805937027,0.001316729715981568,0.00267535565030481,0.005911445242454796,0.002748948654580278,0.008884500403647671
roberta_twitter_sentiment,750,29,0.003402082805937027,0.005539357628215257,0.006952007706301789,0.010621283520533912,0.006976840365215132,0.010225206842173625
roberta_twitter_sentiment,750,30,0.003402082805937027,-0.0031484026534178114,0.004928194718700784,0.00878481859378438,0.005364807024540232,0.008956988566824912
roberta_twitter_sentiment,750,31,0.003402082805937027,-0.006510681652359916,0.0027314276822542134,0.006308303928457216,0.002519606402478642,0.008151708439383122
roberta_twitter_sentiment,750,32,0.003402082805937027,0.0009000355099897428,0.005721072272970319,0.010938569991019853,0.005548476128778582,0.013169906574366126
roberta_twitter_sentiment,750,33,0.003402082805937027,0.0028136489633784857,0.0049011419619619315,0.008486377102333917,0.003435786356640766,0.009710747142263226
roberta_twitter_sentiment,750,34,0.003402082805937027,0.00241636841856011,0.0028940509834591704,0.007233101638177547,0.0037703317650902603,0.009766279544706082
roberta_twitter_sentiment,750,35,0.003402082805937027,0.005020912993433119,0.004050524647526517,0.008186674619541857,0.0041917435220049796,0.011499169159160315
roberta_twitter_sentiment,750,36,0.003402082805937027,0.002738238794100737,0.006554322202765931,0.012387978268732223,0.006773652961105772,0.01495773927294212
roberta_twitter_sentiment,750,37,0.003402082805937027,-0.0007153547021657867,0.004328415001724787,0.00753007199592957,0.003968099399868487,0.008595545575406762
roberta_twitter_sentiment,750,38,0.003402082805937027,0.0027209420514382283,0.004158853029557452,0.008426670145809506,0.00452608959174994,0.010504769958468354
roberta_twitter_sentiment,750,39,0.003402082805937027,0.0017987929976908358,0.002495378975755047,0.0049131022476270065,0.001773671760543588,0.006486785220751591
roberta_twitter_sentiment,750,40,0.003402082805937027,-8.169915911648574e-05,0.002979358000897253,0.0060026933521227,0.002237371112085126,0.007728537960206395
roberta_twitter_sentiment,750,41,0.003402082805937027,-0.0026576024653164262,0.005033145662717875,0.009789813915124911,0.0028006044654262244,0.009895282321600125
roberta_twitter_sentiment,750,42,0.003402082805937027,0.0019540632753848952,0.008718372984144651,0.011399968540879778,0.007648145627788135,0.012968727327422136
roberta_twitter_sentiment,750,43,0.003402082805937027,0.004331027562132031,0.005555828866599427,0.00816199302058247,0.0050668367267804795,0.009294190712310241
roberta_twitter_sentiment,750,44,0.003402082805937027,0.006690447717960359,0.006181199598297622,0.011568291522406097,0.00582119455323976,0.013168990582789602
roberta_twitter_sentiment,750,45,0.003402082805937027,0.005882869074042978,0.005261720050294235,0.011422736029787122,0.004562406721620543,0.012870853012558907
roberta_twitter_sentiment,750,46,0.003402082805937027,0.0006087641934634895,0.003096654317642985,0.006117732923981246,0.003505972013264616,0.008499041003241172
roberta_twitter_sentiment,750,47,0.003402082805937027,-0.001173432799203625,0.003890526724593038,0.005292608445699948,0.0033307786709959857,0.007718680434295506
roberta_twitter_sentiment,750,48,0.003402082805937027,0.003732051930083672,0.004421951003233885,0.008558758932293478,0.005193072914802502,0.01031798391053551
roberta_twitter_sentiment,750,49,0.003402082805937027,-0.0019848339440916474,0.003616900758497491,0.006548007265033066,0.0030517536087220987,0.010082720707736404
roberta_twitter_sentiment,750,50,0.003402082805937027,0.009719818869261468,0.00944672881659405,0.013958874141310133,0.009210176238883766,0.014771182867381468
roberta_twitter_sentiment,750,51,0.003402082805937027,-0.00017343325293562507,0.0029953891804997204,0.0070533961551176375,0.004089363800594508,0.008255683435139652
roberta_twitter_sentiment,750,52,0.003402082805937027,0.006402980589595336,0.0033738891905991976,0.00750955632341502,0.0031003238826475435,0.010812910153339851
roberta_twitter_sentiment,750,53,0.003402082805937027,-0.003508524942816234,0.0018340707272062702,0.0069257988632470055,0.0030038963106723067,0.008205464322834158
roberta_twitter_sentiment,750,54,0.003402082805937027,0.005973377385878074,0.007462358429013083,0.01081339735696573,0.0056138655491414745,0.013381699303042886
roberta_twitter_sentiment,750,55,0.003402082805937027,0.007339531919807124,0.0034910707298158356,0.010573164146075963,0.003652003948044343,0.011305112236780011
roberta_twitter_sentiment,750,56,0.003402082805937027,0.001144283847939263,0.00279325525539216,0.006700559710744022,0.0018083996776487171,0.00737270209544456
roberta_twitter_sentiment,750,57,0.003402082805937027,0.008164317485537361,0.005080415234751348,0.008386856513326343,0.0055932648238692165,0.010129728320556678
roberta_twitter_sentiment,750,58,0.003402082805937027,0.0003652815144717547,0.0032412019517811088,0.00832999676907952,0.0026558352289927792,0.009430146594727268
roberta_twitter_sentiment,750,59,0.003402082805937027,0.012220055810119005,0.005241749716928348,0.008970520841005419,0.00428604933398913,0.01185061871791471
roberta_twitter_sentiment,750,60,0.003402082805937027,0.0005634223895473518,0.0020849408994188788,0.0072092720541577044,0.0021502940121260992,0.009022537230646652
roberta_twitter_sentiment,750,61,0.003402082805937027,0.00767265822496309,0.004646337470889863,0.009351445695731282,0.0032000020816624584,0.008566143665144514
roberta_twitter_sentiment,750,62,0.003402082805937027,0.004686601783340583,0.004629677903826303,0.010391178220472854,0.002394932365595267,0.009941261332589862
roberta_twitter_sentiment,750,63,0.003402082805937027,0.00531389433698902,0.0053505821602904185,0.007926227390950138,0.004380158877675107,0.009641457910065385
roberta_twitter_sentiment,750,64,0.003402082805937027,0.003511372030237812,0.005829348596465183,0.010805121368914325,0.006840430174552711,0.013536085037755994
roberta_twitter_sentiment,750,65,0.003402082805937027,-8.808233756680769e-05,0.004090425936683832,0.007675966804962342,0.004246374362043726,0.008263767195978194
roberta_twitter_sentiment,750,66,0.003402082805937027,0.006178583694436398,0.007306089070377226,0.013673895045712956,0.006821916536828216,0.01564241740796235
roberta_twitter_sentiment,750,67,0.003402082805937027,0.00523358751794152,0.009027086640053356,0.012802869362053616,0.009787790090352145,0.016679211434577828
roberta_twitter_sentiment,750,68,0.003402082805937027,0.003372729291175987,0.005114894954087622,0.007553575852666414,0.0044781314464898475,0.010338379313317554
roberta_twitter_sentiment,750,69,0.003402082805937027,-0.0029787799477471967,0.002944686745473725,0.008871935161523284,0.004214769217171355,0.008892351812073792
roberta_twitter_sentiment,750,70,0.003402082805937027,0.016701655339427173,0.01133374743959404,0.016367876179961292,0.01042761019889742,0.01850803040481932
roberta_twitter_sentiment,750,71,0.003402082805937027,0.002423442047303672,0.005867456470760019,0.009424185643600222,0.007025772830588127,0.012415273604914163
roberta_twitter_sentiment,750,72,0.003402082805937027,-0.0026098555094380372,0.0047308234253068465,0.007763979657030384,0.004089186183302208,0.010720800329421971
roberta_twitter_sentiment,750,73,0.003402082805937027,0.005561272788025172,0.006641327978435355,0.009642684176554573,0.005100546350669605,0.014174098440795063
roberta_twitter_sentiment,750,74,0.003402082805937027,0.0039167559281112025,0.007462681686110407,0.013043455999355637,0.007799737377872509,0.0164694507199908
roberta_twitter_sentiment,750,75,0.003402082805937027,0.0025582014276006614,0.004408942873959488,0.010212233640014327,0.0036415220647472977,0.013886870043997177
roberta_twitter_sentiment,750,76,0.003402082805937027,0.0066354483000378795,0.005705041756048203,0.009028665633097196,0.003443647069149654,0.01254880870834334
roberta_twitter_sentiment,750,77,0.003402082805937027,0.013745490835999293,0.007959480455441448,0.012424163698004583,0.008770378306469699,0.013695524665058436
roberta_twitter_sentiment,750,78,0.003402082805937027,0.007059905885696958,0.005247461575159621,0.01249769567851647,0.004686948955204833,0.018985268888501192
roberta_twitter_sentiment,750,79,0.003402082805937027,0.003932653891524666,0.012201601174012661,0.01500740347550504,0.012034923057106824,0.017210072809962854
roberta_twitter_sentiment,750,80,0.003402082805937027,0.006655384236023913,0.009355210477830228,0.014256628113542242,0.008085626040932787,0.01491204675117628
roberta_twitter_sentiment,750,81,0.003402082805937027,-0.00022674904104368093,0.007068033572894911,0.011196752880688221,0.004723754162724074,0.010116626022246467
roberta_twitter_sentiment,750,82,0.003402082805937027,0.00771420271470821,0.006753788419001981,0.011091520489525048,0.0053020217557375035,0.010947199355074143
roberta_twitter_sentiment,750,83,0.003402082805937027,0.007306822975904962,0.007517020702198406,0.011324044716391243,0.005235298306796936,0.011910802395799188
roberta_twitter_sentiment,750,84,0.003402082805937027,0.00833526489394942,0.006809546688514386,0.01203075648694146,0.004975165469661041,0.014451515948355347
roberta_twitter_sentiment,750,85,0.003402082805937027,0.004439497612152013,0.007232770388603839,0.008861953969479365,0.006098374442881019,0.011524942809095782
roberta_twitter_sentiment,750,86,0.003402082805937027,0.009002543626337534,0.004355994952786877,0.010502208080858938,0.0034540221651416974,0.013998535347027014
roberta_twitter_sentiment,750,87,0.003402082805937027,0.0038390544636094843,0.0056157325421025295,0.010120149950805296,0.005482437655872585,0.010118456037347295
roberta_twitter_sentiment,750,88,0.003402082805937027,0.0006525426015646234,0.007101794883199398,0.01221086843193223,0.007769160926111989,0.012260461360880569
roberta_twitter_sentiment,750,89,0.003402082805937027,4.8747325321657856e-05,0.0032159036502255123,0.006515971311058737,0.002659824031073493,0.0075122347930292295
roberta_twitter_sentiment,750,90,0.003402082805937027,-0.0011299334218828482,0.004038983730276255,0.008432136441116574,0.0033408642611860067,0.011237077609779414
roberta_twitter_sentiment,750,91,0.003402082805937027,0.0020953918146972756,0.004450946260364563,0.005941660977710049,0.003989310298604116,0.009471321373742412
roberta_twitter_sentiment,750,92,0.003402082805937027,-0.0018833260514115595,0.004987792671842418,0.0060666870842273025,0.002487711505511899,0.007514801868065713
roberta_twitter_sentiment,750,93,0.003402082805937027,0.003279550595887306,0.002585330237118138,0.008030729883135143,0.003427445821236443,0.009663782012326006
roberta_twitter_sentiment,750,94,0.003402082805937027,0.006833671370457592,0.0053314702797233665,0.013391678851555754,0.005320950104792964,0.01544968897796622
roberta_twitter_sentiment,750,95,0.003402082805937027,0.0021477663337235615,0.006456641172122814,0.010406684935141375,0.007142144708020946,0.011999918466532736
roberta_twitter_sentiment,750,96,0.003402082805937027,0.005636703886154275,0.00777360318003066,0.009940625008144322,0.006393841743030985,0.013080719797184271
roberta_twitter_sentiment,750,97,0.003402082805937027,0.0006032749848124948,0.0028018814574633116,0.006440730242937321,0.003437324694233218,0.0071162710685176616
roberta_twitter_sentiment,750,98,0.003402082805937027,0.0034019822931868663,0.003951328653425902,0.009165177177805723,0.004055127372365906,0.010369651253411967
roberta_twitter_sentiment,750,99,0.003402082805937027,0.009696291200020354,0.006913677787960812,0.012215346323922701,0.007562829367309638,0.01295423287184049
roberta_twitter_sentiment,750,100,0.003402082805937027,0.0030382876081784345,0.004379159011622006,0.008713937812329306,0.003909527651241743,0.01029180278515666
roberta_twitter_sentiment,750,101,0.003402082805937027,0.01174499448609009,0.007784998350247032,0.011313542100013856,0.008015157032677606,0.013316083181049609
roberta_twitter_sentiment,750,102,0.003402082805937027,0.005348639730204776,0.005797205460474176,0.008861299371573601,0.004229654892733008,0.01149785131500428
roberta_twitter_sentiment,750,103,0.003402082805937027,0.0065067238061984976,0.007621697232600741,0.010548474604579272,0.007180842471572474,0.014660398070392147
roberta_twitter_sentiment,750,104,0.003402082805937027,-0.00407131410662541,0.0023085915571766247,0.006454741798181382,0.002187778183306331,0.006850726071188876
roberta_twitter_sentiment,750,105,0.003402082805937027,0.003725988359010825,0.005179321419834297,0.009565507622371731,0.004150698440808098,0.01352685890267737
roberta_twitter_sentiment,750,106,0.003402082805937027,0.00013014440225255546,0.003679219444239078,0.008149856464196022,0.003869272477656408,0.010964488706435908
roberta_twitter_sentiment,750,107,0.003402082805937027,-0.0041700738640925205,0.004117243472050928,0.008257340499437037,0.0035880319069863083,0.009559380043119325
roberta_twitter_sentiment,750,108,0.003402082805937027,0.004952121444909416,0.00183946943145048,0.00624086472512406,0.002749531793063307,0.008845122129982615
roberta_twitter_sentiment,750,109,0.003402082805937027,0.016717958590155135,0.007973025869589775,0.020885854314842564,0.010801232489539183,0.025061450644600462
roberta_twitter_sentiment,750,110,0.003402082805937027,0.0009806586100382859,0.007066691228957817,0.011513266746804737,0.0049666242360632586,0.012895073525493687
roberta_twitter_sentiment,750,111,0.003402082805937027,0.009211695119348879,0.006647355836884509,0.014756177272947571,0.007456524014698272,0.014076126784479002
roberta_twitter_sentiment,750,112,0.003402082805937027,0.0034640643793758022,0.005988999653973025,0.009325024544788405,0.0038399264190039674,0.011839042787642227
roberta_twitter_sentiment,750,113,0.003402082805937027,-0.0036477598301882233,0.003223093102656045,0.007022543597080691,0.0024519289772905037,0.009763598628175904
roberta_twitter_sentiment,750,114,0.003402082805937027,-0.0008816453474725169,0.003735410821323216,0.009623623734652002,0.0036868448928395244,0.012059210653456248
roberta_twitter_sentiment,750,115,0.003402082805937027,0.003721757886435103,0.005431628426207427,0.0111266815640336,0.0053392402017983405,0.013151029508436433
roberta_twitter_sentiment,750,116,0.003402082805937027,0.004558249625730812,0.004767144956856663,0.010200598429766507,0.004907134173960476,0.013170433523272428
roberta_twitter_sentiment,750,117,0.003402082805937027,0.004826523422221196,0.0067950983019419145,0.01220719556585425,0.004794954952198149,0.012209305101349925
roberta_twitter_sentiment,750,118,0.003402082805937027,0.007510285148736907,0.011027467359634118,0.012371892601206453,0.010775762397017394,0.014445547083698882
roberta_twitter_sentiment,750,119,0.003402082805937027,0.007781693776315721,0.009559637180511072,0.014252141176631507,0.0093275678308244,0.016317966840719123
roberta_twitter_sentiment,750,120,0.003402082805937027,0.007807456947943124,0.0057562562893526716,0.012180628839722332,0.006065914761907622,0.013037773460533223
roberta_twitter_sentiment,750,121,0.003402082805937027,0.003547393909741713,0.002774936217590077,0.0061941430075443905,0.002665850983285951,0.008709322175908083
roberta_twitter_sentiment,750,122,0.003402082805937027,-0.0022184040421316703,0.003011808750462853,0.007362770978022778,0.0036381563658952915,0.011401774645382032
roberta_twitter_sentiment,750,123,0.003402082805937027,0.00208766744984161,0.0043254054495809316,0.009029740963415495,0.003619421057659492,0.013531002193148218
roberta_twitter_sentiment,750,124,0.003402082805937027,0.009647548852138586,0.0081367746210502,0.0133449711706766,0.008130851976541655,0.013814452794105456
roberta_twitter_sentiment,750,125,0.003402082805937027,0.005310595096886263,0.004356502730322464,0.008442236398163258,0.003985763304530829,0.01097590093226964
roberta_twitter_sentiment,750,126,0.003402082805937027,0.0007793191009811417,0.00409153585827286,0.009643769149311022,0.004023798304803441,0.009479523141073542
roberta_twitter_sentiment,750,127,0.003402082805937027,0.0008682658488228334,0.00345631837531078,0.00837549499929171,0.0028905369338650387,0.010950021114813163
roberta_twitter_sentiment,750,128,0.003402082805937027,-0.005500685188775336,0.0026438479745267574,0.005150297761231086,0.002791391677319978,0.007530020345440127
roberta_twitter_sentiment,750,129,0.003402082805937027,0.008289728718303236,0.004332722295835739,0.012308180702019899,0.0028297878744340693,0.011338807400121697
roberta_twitter_sentiment,750,130,0.003402082805937027,0.013909630494150348,0.010609350883421883,0.014273295311381943,0.010587964969638744,0.01897892666298553
roberta_twitter_sentiment,750,131,0.003402082805937027,0.008021293979540219,0.0023262655575178857,0.01464947324594067,0.0032560512446157307,0.014276879946070386
roberta_twitter_sentiment,750,132,0.003402082805937027,0.008187799416006085,0.006377567972435051,0.012583431648658602,0.004612587992743308,0.01793571477564221
roberta_twitter_sentiment,750,133,0.003402082805937027,0.003941563944104104,0.00642629717662939,0.008861171691375761,0.005446445965007161,0.013896356837782016
roberta_twitter_sentiment,750,134,0.003402082805937027,0.003638658474820338,0.006266216686629815,0.012777700080433102,0.004242327267034275,0.013093298925690939
roberta_twitter_sentiment,750,135,0.003402082805937027,0.000976005556541358,0.0035764302785507283,0.007641814522209547,0.003213707156690664,0.011600504118319376
roberta_twitter_sentiment,750,136,0.003402082805937027,0.012987811466342303,0.00924140217577972,0.01282275743862657,0.008227163960321016,0.01697918543807257
roberta_twitter_sentiment,750,137,0.003402082805937027,-0.0021514025470590675,0.003245209060907428,0.006496333875675067,0.003000215902550152,0.006941268620448372
roberta_twitter_sentiment,750,138,0.003402082805937027,0.0007229884795707512,0.003895041836523965,0.008017614574387362,0.004210434481368221,0.009803224160724629
roberta_twitter_sentiment,750,139,0.003402082805937027,0.008554589292871296,0.005745143524744111,0.008596115984743259,0.005979636501756387,0.011029099267471842
roberta_twitter_sentiment,750,140,0.003402082805937027,0.005807540603981933,0.006060253831074885,0.011171505912600518,0.004702511364332561,0.010467402533392666
roberta_twitter_sentiment,750,141,0.003402082805937027,-0.0020280301068826894,0.0051730064781588085,0.007742989783478397,0.005320115105008214,0.010896742678327138
roberta_twitter_sentiment,750,142,0.003402082805937027,-0.002159195286387921,0.0037932790746246724,0.00814182432392416,0.004404814800225136,0.009832528368321302
roberta_twitter_sentiment,750,143,0.003402082805937027,0.007781453366750289,0.006937499686346189,0.010025760608882014,0.00643448869204922,0.01412323722424058
roberta_twitter_sentiment,750,144,0.003402082805937027,0.007322635306462827,0.005957208744411305,0.011554256855192787,0.004471256488910334,0.012924385912657476
roberta_twitter_sentiment,750,145,0.003402082805937027,-0.00012303326540657984,0.002924270615506689,0.006077879792436671,0.002416970757677193,0.007474492948235036
roberta_twitter_sentiment,750,146,0.003402082805937027,0.0016935891965448148,0.0046160507668351735,0.006837234146713407,0.0034986400507086624,0.009229938246043304
roberta_twitter_sentiment,750,147,0.003402082805937027,0.0020838735343631535,0.00441556939878575,0.008563516448047613,0.005171928847365933,0.01249407250692352
roberta_twitter_sentiment,750,148,0.003402082805937027,0.0037528195740429275,0.0064849182860879885,0.008485360493505019,0.0054767792206737685,0.010167415664795431
roberta_twitter_sentiment,750,149,0.003402082805937027,0.00043214576828680596,0.004688327504574445,0.008508529405243086,0.005549448876597148,0.012066462483266325
roberta_twitter_sentiment,750,150,0.003402082805937027,-0.00029405239567539354,0.005299140803706239,0.009523472323648642,0.004250200889673159,0.012889748185409677
roberta_twitter_sentiment,750,151,0.003402082805937027,0.0057097987799417755,0.003892852824952777,0.009787684792273725,0.0031425465749026892,0.013286374580216715
roberta_twitter_sentiment,750,152,0.003402082805937027,0.0067034460353355765,0.009640568899987803,0.014614999100919469,0.007559006553582958,0.014616304041563152
roberta_twitter_sentiment,750,153,0.003402082805937027,0.008628210028014047,0.012695881393918756,0.016432830492042083,0.013010436180252462,0.02240707279178075
roberta_twitter_sentiment,750,154,0.003402082805937027,0.004707405845178278,0.004149855054536164,0.008431150168770354,0.0031224949042689995,0.011520195910404651
roberta_twitter_sentiment,750,155,0.003402082805937027,0.006489450367834773,0.007369289740799374,0.009803961717987721,0.006833440629049604,0.012814256755297088
roberta_twitter_sentiment,750,156,0.003402082805937027,0.00564203671720428,0.006167185478440212,0.010504487189642807,0.004859730797405713,0.0126739916692558
roberta_twitter_sentiment,750,157,0.003402082805937027,0.0020776708927117134,0.002860265966773614,0.009428326110486347,0.003278713700821485,0.009547845919977517
roberta_twitter_sentiment,750,158,0.003402082805937027,0.00885979062937624,0.005562465127546538,0.007925992228444619,0.0030626100017113866,0.012869169533141258
roberta_twitter_sentiment,750,159,0.003402082805937027,0.005383175730060319,0.004225149263070641,0.008597563922761266,0.0042029408255806625,0.012752929315066261
roberta_twitter_sentiment,750,160,0.003402082805937027,-0.0020913825601372093,0.0029547213280429214,0.005909686292104472,0.0019183412250659568,0.010552400187880003
roberta_twitter_sentiment,750,161,0.003402082805937027,-0.0022580390888946433,0.005492730998370858,0.009407717045830136,0.002389837083025448,0.009122431848222258
roberta_twitter_sentiment,750,162,0.003402082805937027,0.0022744805105048512,0.006951063364759576,0.012677861260711302,0.007999601553976821,0.011618798124729218
roberta_twitter_sentiment,750,163,0.003402082805937027,0.004314536635361096,0.005398353922520023,0.013973408965487712,0.0053072765691669814,0.014117567996033285
roberta_twitter_sentiment,750,164,0.003402082805937027,0.006780605236575707,0.007374535896638165,0.011028811970192778,0.007578579227353918,0.015113524098397016
roberta_twitter_sentiment,750,165,0.003402082805937027,-0.00015689913690839557,0.0049275338610211975,0.009173785803972743,0.004132643468253423,0.01065653787790603
roberta_twitter_sentiment,750,166,0.003402082805937027,0.004598531466800787,0.002048430652868283,0.0068977370258829895,0.0018209865587630403,0.010789414495670575
roberta_twitter_sentiment,750,167,0.003402082805937027,0.006002204966805561,0.005874880539715856,0.011548342020791151,0.005754009587348781,0.017472462603391463
roberta_twitter_sentiment,750,168,0.003402082805937027,0.006142074391475304,0.0034792861513840067,0.007561484852395574,0.0025701122818289146,0.010638632827839972
roberta_twitter_sentiment,750,169,0.003402082805937027,0.00299142140141974,0.005588894543413271,0.009916777145290342,0.00507591388675812,0.013003490582490016
roberta_twitter_sentiment,750,170,0.003402082805937027,0.0038073549535064003,0.005648389738398009,0.007204034249289483,0.004898925894813799,0.009460934791203059
roberta_twitter_sentiment,750,171,0.003402082805937027,0.006332722013107264,0.008632408029184203,0.012449284932458683,0.006577569401060056,0.013952056522270476
roberta_twitter_sentiment,750,172,0.003402082805937027,0.001006359483773699,0.003812889780231873,0.0065142697164794336,0.003051629131187484,0.010061369309165433
roberta_twitter_sentiment,750,173,0.003402082805937027,0.006926747782177477,0.006545934866926814,0.012388506146328249,0.00811979503238408,0.01600834332918037
roberta_twitter_sentiment,750,174,0.003402082805937027,0.006096199089702213,0.007423282043847468,0.014179251547142557,0.007462338778511764,0.015772753703178228
roberta_twitter_sentiment,750,175,0.003402082805937027,0.0065919013305184085,0.005561013359103173,0.011163358899110996,0.005938006870482273,0.012011956757030097
roberta_twitter_sentiment,750,176,0.003402082805937027,0.0023186994934958883,0.005470700398936248,0.008893840900581646,0.0037096772423754944,0.011095055818146047
roberta_twitter_sentiment,750,177,0.003402082805937027,0.010178487180794775,0.006796461018109807,0.009302915395917662,0.006053845511035775,0.01191735935162498
roberta_twitter_sentiment,750,178,0.003402082805937027,-0.0005060302693821693,0.0030770881407673725,0.004823170481131496,0.0009815474377293755,0.007484619910915887
roberta_twitter_sentiment,750,179,0.003402082805937027,-0.005120500114507382,0.0016012063698121947,0.005854259003785106,0.0013366246568597112,0.00673798112475255
roberta_twitter_sentiment,750,180,0.003402082805937027,0.002491934281208589,0.004803778451630529,0.008954607985473916,0.004600193556112199,0.013686087232245589
roberta_twitter_sentiment,750,181,0.003402082805937027,0.0026224941016124003,0.0061452361428894296,0.011018832549949096,0.005156974814768589,0.013672796168871742
roberta_twitter_sentiment,750,182,0.003402082805937027,-0.0036607610104005244,0.0034072095537874296,0.008665573424193423,0.0031128471094202833,0.012237082253731912
roberta_twitter_sentiment,750,183,0.003402082805937027,0.005391424156949017,0.002978174583983439,0.010644060350632286,0.004778898368845932,0.011321722765243944
roberta_twitter_sentiment,750,184,0.003402082805937027,0.006761704402099369,0.005509027593364454,0.010331839429786332,0.004546143993118893,0.014796793539057855
roberta_twitter_sentiment,750,185,0.003402082805937027,-0.006455151704095917,0.0035672972841573943,0.006476377837184234,0.0035053926684290035,0.007761264783568538
roberta_twitter_sentiment,750,186,0.003402082805937027,0.0004389036209351666,0.00715618365093232,0.011549535892920616,0.005925347401089324,0.012052397213884012
roberta_twitter_sentiment,750,187,0.003402082805937027,0.004097484239990875,0.0025599317808919844,0.009205156530935165,0.002419384956575268,0.00885417564040482
roberta_twitter_sentiment,750,188,0.003402082805937027,0.0035967576666275586,0.0037237255026263275,0.006995115457292573,0.004705568693223686,0.010861450995687265
roberta_twitter_sentiment,750,189,0.003402082805937027,-0.0022908160401627045,0.003002382368663171,0.006325164001027449,0.0038994678894491036,0.0075053744444960905
roberta_twitter_sentiment,750,190,0.003402082805937027,0.008393818662633591,0.009733760640730468,0.0108669184919058,0.009367175751674206,0.016141863944448137
roberta_twitter_sentiment,750,191,0.003402082805937027,0.004247158496628867,0.003800215716393166,0.006671389718010111,0.0033665235122515525,0.010915485837226976
roberta_twitter_sentiment,750,192,0.003402082805937027,0.002490840427812594,0.006059189958631537,0.009349948008277934,0.004793460113933677,0.010732016602345629
roberta_twitter_sentiment,750,193,0.003402082805937027,0.008226882983711815,0.0037559117556834835,0.01246809589984211,0.004978259864652373,0.012372316705115401
roberta_twitter_sentiment,750,194,0.003402082805937027,0.00504577006353768,0.0079364935140646,0.012402066843812485,0.007281454122321579,0.01557477479076214
roberta_twitter_sentiment,750,195,0.003402082805937027,1.8576428747092425e-05,0.004199446657072278,0.006078669526132227,0.0026590005464445384,0.008000352863618242
roberta_twitter_sentiment,750,196,0.003402082805937027,-1.8011078084585612e-05,0.002764702065666426,0.008686669750608635,0.0028723705279942026,0.010313335866467349
roberta_twitter_sentiment,750,197,0.003402082805937027,0.0008810018499152031,0.0036922631332249574,0.0055091262187697745,0.002443913766046531,0.007721356498252323
roberta_twitter_sentiment,750,198,0.003402082805937027,0.009623339665473374,0.004103118005440363,0.011564941797641282,0.00439455755485104,0.014090463949192417
roberta_twitter_sentiment,750,199,0.003402082805937027,0.0014558846209511915,0.005636797711329566,0.008629349620880892,0.0033988761167208182,0.01255315924938212
roberta_twitter_sentiment,1000,0,0.003402082805937027,0.0036724773945777775,0.005067605735887146,0.009022337652333836,0.0037622116484005972,0.013166739957743716
roberta_twitter_sentiment,1000,1,0.003402082805937027,0.0008194002904645321,0.0033795641355322445,0.008725706625504443,0.003862271920902259,0.01323336573555164
roberta_twitter_sentiment,1000,2,0.003402082805937027,-0.002892310499865851,0.004822580537131472,0.009706686610151017,0.005287107500200371,0.012699095584079176
roberta_twitter_sentiment,1000,3,0.003402082805937027,0.003316354350182055,0.005525525117433142,0.009515161223496963,0.005790934111373826,0.012307857006369535
roberta_twitter_sentiment,1000,4,0.003402082805937027,0.0023444712645885727,0.0040989955124127045,0.008978094860154088,0.004729113972066841,0.013585499232738253
roberta_twitter_sentiment,1000,5,0.003402082805937027,0.0011991384076204205,0.005840727912033459,0.008189862518820751,0.004627572814225656,0.01445531248786462
roberta_twitter_sentiment,1000,6,0.003402082805937027,0.005665069870573615,0.004175622527466493,0.007943112709849397,0.004382020034384561,0.010661174132032096
roberta_twitter_sentiment,1000,7,0.003402082805937027,0.0005879949986254017,0.00421192284247589,0.006639050410449217,0.004261813195347797,0.009814508779559665
roberta_twitter_sentiment,1000,8,0.003402082805937027,0.003970811641844238,0.007784683567583115,0.009657188184963606,0.006554420163350231,0.013312365029208139
roberta_twitter_sentiment,1000,9,0.003402082805937027,0.004958914210220889,0.003931123663387063,0.010419498454282469,0.003684344985253086,0.012195846133317588
roberta_twitter_sentiment,1000,10,0.003402082805937027,0.0002489795911393762,0.006814059075902832,0.010747159684672672,0.0066468024600455896,0.014424249440857684
roberta_twitter_sentiment,1000,11,0.003402082805937027,0.005348329431529668,0.006235795145804218,0.010585845232202318,0.006717028959276087,0.013343326281582373
roberta_twitter_sentiment,1000,12,0.003402082805937027,0.0015252416196921542,0.005119488366333822,0.008120198608475349,0.004448946360499086,0.011593353611421203
roberta_twitter_sentiment,1000,13,0.003402082805937027,-0.0008919939600645592,0.0009151447809842596,0.006661349398064744,0.0013994324648503107,0.008633911420239006
roberta_twitter_sentiment,1000,14,0.003402082805937027,0.00816386096118171,0.005680186867440667,0.008932136843956178,0.005519674049423333,0.012031600976461892
roberta_twitter_sentiment,1000,15,0.003402082805937027,0.0021608651958925098,0.006705350371913365,0.009918784531958625,0.006459038381611283,0.012573497975287631
roberta_twitter_sentiment,1000,16,0.003402082805937027,0.004856483942132497,0.004269442719128217,0.007618904385888559,0.00432007821330868,0.012899826006840654
roberta_twitter_sentiment,1000,17,0.003402082805937027,-0.00042380282106059243,0.0016973604258656927,0.006251824185329182,0.001531547033085857,0.00791119232715354
roberta_twitter_sentiment,1000,18,0.003402082805937027,0.005305837737562707,0.006200397215335134,0.008956672831490155,0.005145293633698566,0.014362584315959107
roberta_twitter_sentiment,1000,19,0.003402082805937027,-0.003481058962382289,0.003393948007934005,0.006835327364533989,0.0035019464400205765,0.009768768319856775
roberta_twitter_sentiment,1000,20,0.003402082805937027,0.005866665094099614,0.006093423593436369,0.010918993235271254,0.007477579355740787,0.0147045009654445
roberta_twitter_sentiment,1000,21,0.003402082805937027,-0.0010978513333906586,0.0026030076536610485,0.006846833102318253,0.00339330884897438,0.008469316563520035
roberta_twitter_sentiment,1000,22,0.003402082805937027,0.007166172828756407,0.006392692065176016,0.011772526796077452,0.005305649184334183,0.015117648463449086
roberta_twitter_sentiment,1000,23,0.003402082805937027,0.004398212357735403,0.004961872024292105,0.007319109509653561,0.0037948538823162486,0.009587443542958653
roberta_twitter_sentiment,1000,24,0.003402082805937027,0.002725235568358115,0.0039758172140597235,0.00685693647885915,0.003022652109990224,0.010368975486765429
roberta_twitter_sentiment,1000,25,0.003402082805937027,0.006652098642527902,0.00642086918506864,0.009602453746774552,0.005908198110774518,0.011727512956485546
roberta_twitter_sentiment,1000,26,0.003402082805937027,0.0011082339502593314,0.00537291779370584,0.007894193578796753,0.004259171094608179,0.011900599324460573
roberta_twitter_sentiment,1000,27,0.003402082805937027,0.009662650044137525,0.00731343828186214,0.01245481273266303,0.005124786925990493,0.016788207978764593
roberta_twitter_sentiment,1000,28,0.003402082805937027,0.004104673851551997,0.006346208371460132,0.010423372587445032,0.005868785491960049,0.013403534810745299
roberta_twitter_sentiment,1000,29,0.003402082805937027,0.00396741326935111,0.004442985610847228,0.009426568461877104,0.005561189025303366,0.013036170784660208
roberta_twitter_sentiment,1000,30,0.003402082805937027,0.0012680292660515913,0.003695715014932092,0.0071536089585259996,0.0032854716972411267,0.009304464440271732
roberta_twitter_sentiment,1000,31,0.003402082805937027,0.006526652714903484,0.0037162386064143044,0.007693629760137555,0.003547661076733094,0.012002753144893777
roberta_twitter_sentiment,1000,32,0.003402082805937027,0.007607465374236718,0.004096665824544817,0.00804496887609479,0.004151218080884013,0.010694831761803737
roberta_twitter_sentiment,1000,33,0.003402082805937027,-0.0005406045648928834,0.002518437857688221,0.008574519780928748,0.003023826977785084,0.01261912066153711
roberta_twitter_sentiment,1000,34,0.003402082805937027,-0.00321913424631445,0.003052973431127595,0.0073405848598145215,0.003630835003589597,0.011385977717837035
roberta_twitter_sentiment,1000,35,0.003402082805937027,0.009360132471982656,0.006556165202137065,0.013475050270594844,0.00645615246633329,0.014345361622166364
roberta_twitter_sentiment,1000,36,0.003402082805937027,0.00227882262431468,0.0022719046375086842,0.006444696359010306,0.0018021831193278184,0.00862139530397091
roberta_twitter_sentiment,1000,37,0.003402082805937027,0.0034556034682613045,0.004954631494264675,0.00967979470898166,0.004761012337521997,0.012854098538521075
roberta_twitter_sentiment,1000,38,0.003402082805937027,-0.001824647478014191,0.002932788410788576,0.0067268791955385696,0.0024340172295384812,0.009936038042034788
roberta_twitter_sentiment,1000,39,0.003402082805937027,-0.003732685849001714,0.004296682719686128,0.006941196505940041,0.004419459422343219,0.009788681904387891
roberta_twitter_sentiment,1000,40,0.003402082805937027,-0.002785189546748818,0.003287416200954801,0.006662533380195038,0.0031143832285941493,0.00962532165871652
roberta_twitter_sentiment,1000,41,0.003402082805937027,6.133379180623691e-05,0.003068225854647095,0.007816515417185551,0.002968681419164522,0.010785489302932442
roberta_twitter_sentiment,1000,42,0.003402082805937027,0.0028604265475302855,0.005503678630237303,0.011467458941461185,0.004097437884328663,0.014885685269849014
roberta_twitter_sentiment,1000,43,0.003402082805937027,0.0021947593252479134,0.00435014507178215,0.010668452537736853,0.0035158950017606036,0.013112021855878833
roberta_twitter_sentiment,1000,44,0.003402082805937027,0.006841754583332515,0.004984952912002075,0.008391549479337165,0.004254203734039679,0.011213501134917052
roberta_twitter_sentiment,1000,45,0.003402082805937027,0.006998247701469616,0.0038307382790265503,0.00959038300160168,0.0037697275227017843,0.0114391892069351
roberta_twitter_sentiment,1000,46,0.003402082805937027,4.407523141609626e-05,0.0031664584556502593,0.0076213432900374975,0.0028765016795620855,0.00928683878584345
roberta_twitter_sentiment,1000,47,0.003402082805937027,-0.0011523023868678216,0.002570085750677688,0.0061334092034175565,0.0030158176728451854,0.008864444815738413
roberta_twitter_sentiment,1000,48,0.003402082805937027,0.0014440097268172112,0.004741665906814935,0.0070966784732623646,0.004091282169678193,0.01105334684387156
roberta_twitter_sentiment,1000,49,0.003402082805937027,0.004937297894947237,0.006387214396432227,0.010953386506764858,0.0074039729477593285,0.014999437311498444
roberta_twitter_sentiment,1000,50,0.003402082805937027,-0.003668994959036917,0.0030940213567563464,0.006188260286000685,0.003881885006738819,0.010565286318125755
roberta_twitter_sentiment,1000,51,0.003402082805937027,0.0006939347859258771,0.0022357633237889826,0.005703445410199547,0.0019215361979491583,0.008665671823578323
roberta_twitter_sentiment,1000,52,0.003402082805937027,0.0014289858831043744,0.002558498764219636,0.00818615891326877,0.00229350901675806,0.009494385595833448
roberta_twitter_sentiment,1000,53,0.003402082805937027,0.007907182419835186,0.005149716031370842,0.008413128125319119,0.004837147383147437,0.009935730154819317
roberta_twitter_sentiment,1000,54,0.003402082805937027,0.0027965451700671076,0.004076829078598118,0.007429429444814614,0.003151820677209667,0.012618862288192513
roberta_twitter_sentiment,1000,55,0.003402082805937027,0.006097419605900826,0.004129059868172299,0.007090359923327184,0.004393755987992534,0.010680245209605315
roberta_twitter_sentiment,1000,56,0.003402082805937027,0.004443429998115723,0.003958140893463468,0.00662000995929942,0.003131071846010751,0.008497382617027684
roberta_twitter_sentiment,1000,57,0.003402082805937027,0.010500456949262328,0.006631820211331077,0.012119798419205532,0.005843211769053621,0.013858064972481222
roberta_twitter_sentiment,1000,58,0.003402082805937027,0.0010364513930385625,0.0020828061318088767,0.006984387499942377,0.001745214341975717,0.009946702105322617
roberta_twitter_sentiment,1000,59,0.003402082805937027,0.003974056877795906,0.003130595808465057,0.006393793415755824,0.002467119047325886,0.009934608445727822
roberta_twitter_sentiment,1000,60,0.003402082805937027,-0.006516754207026354,0.003212702713717691,0.005431177423194978,0.0029867421497602673,0.0063410099980735855
roberta_twitter_sentiment,1000,61,0.003402082805937027,0.004197915197192162,0.0052297690185065335,0.008765803467539785,0.004319880512369611,0.011175455044850268
roberta_twitter_sentiment,1000,62,0.003402082805937027,0.0010738124977792334,0.0022060982622444797,0.006636367382754153,0.0024324817132779174,0.008823337504232021
roberta_twitter_sentiment,1000,63,0.003402082805937027,-0.001618396857493889,0.0028757693093363207,0.0065053277452502304,0.003055079569093084,0.009068597726486006
roberta_twitter_sentiment,1000,64,0.003402082805937027,0.00038723976652201984,0.0023501006660989272,0.00460520218751868,0.0019999209115512504,0.009346249080151565
roberta_twitter_sentiment,1000,65,0.003402082805937027,0.0031212853304530374,0.0054404437165488624,0.008768045098146505,0.004411610853088157,0.014111949407287237
roberta_twitter_sentiment,1000,66,0.003402082805937027,0.017260220277578536,0.01040455434222606,0.01606495122276533,0.011743298036826406,0.019071857480713845
roberta_twitter_sentiment,1000,67,0.003402082805937027,0.0003004156042963317,0.0050236251482498,0.00807218430178311,0.004864308672776511,0.012395143779386716
roberta_twitter_sentiment,1000,68,0.003402082805937027,0.0024750508423768353,0.005915675646320304,0.009768251505781884,0.0058287500126214305,0.011341783535979632
roberta_twitter_sentiment,1000,69,0.003402082805937027,0.0008199220250744199,0.004178923054223446,0.00884732928222831,0.0040162245751864814,0.010188674840616014
roberta_twitter_sentiment,1000,70,0.003402082805937027,-0.0003881372351895558,0.0031952218668235745,0.008630694613488327,0.004329573058314137,0.010850843248961305
roberta_twitter_sentiment,1000,71,0.003402082805937027,0.007660921070561386,0.006199322555907051,0.011255501155762512,0.005462579781992155,0.01259832589306389
roberta_twitter_sentiment,1000,72,0.003402082805937027,0.002953627203201218,0.002079770431928303,0.006312868853806297,0.0025747545353871117,0.01108453787642012
roberta_twitter_sentiment,1000,73,0.003402082805937027,0.0043980321374791605,0.003974694956868589,0.007240017486602045,0.003578665032973861,0.009533886005660656
roberta_twitter_sentiment,1000,74,0.003402082805937027,-0.000280740570791518,0.0063187514497750775,0.009681508069424302,0.006333090951460511,0.01085525421603789
roberta_twitter_sentiment,1000,75,0.003402082805937027,0.006600510406873753,0.004788893298659254,0.011581531958978493,0.004302368790528275,0.012990132408401273
roberta_twitter_sentiment,1000,76,0.003402082805937027,0.0035275710402832734,0.0034442822458941934,0.0071928166408619446,0.0038077598303727007,0.00914403293588417
roberta_twitter_sentiment,1000,77,0.003402082805937027,-0.0004354087836308007,0.0033647778552542465,0.007283774293193579,0.0023623701015329,0.010001030524453773
roberta_twitter_sentiment,1000,78,0.003402082805937027,0.0037447603965682073,0.0040164390873206725,0.007369255529265378,0.003241148902703452,0.010045716869087184
roberta_twitter_sentiment,1000,79,0.003402082805937027,0.0034351398532394186,0.006082433028936503,0.011296549371309667,0.005881084089179923,0.014136900427469998
roberta_twitter_sentiment,1000,80,0.003402082805937027,0.004945990508182936,0.004233879760021042,0.008340287190295611,0.004607047731721081,0.012763911777747957
roberta_twitter_sentiment,1000,81,0.003402082805937027,0.008017803506237263,0.005569521930193262,0.010566991169742052,0.006852354809905729,0.012007658345768269
roberta_twitter_sentiment,1000,82,0.003402082805937027,0.006753439253655114,0.0060806060471223595,0.013265418549460662,0.006381237314477368,0.01477330869701044
roberta_twitter_sentiment,1000,83,0.003402082805937027,0.004154676850071885,0.005029318663240623,0.008120965442074659,0.005106023977914372,0.013201750528719237
roberta_twitter_sentiment,1000,84,0.003402082805937027,0.006305792845247275,0.005795513544133768,0.011452693250499165,0.004959248606712173,0.014603811269386664
roberta_twitter_sentiment,1000,85,0.003402082805937027,0.0011156491287403695,0.0050965600888737824,0.014508467224781106,0.005126599747714087,0.017144642755202468
roberta_twitter_sentiment,1000,86,0.003402082805937027,0.0064317024110167225,0.004478780403540565,0.008009223397205714,0.00399153276438411,0.012210525585752408
roberta_twitter_sentiment,1000,87,0.003402082805937027,-0.0016112117583612486,0.002631333171811301,0.007838141196304214,0.002727746337307626,0.008310705096249997
roberta_twitter_sentiment,1000,88,0.003402082805937027,0.0005836243697516133,0.004483316653044838,0.0075992127739004855,0.004868515713581649,0.010109864812923856
roberta_twitter_sentiment,1000,89,0.003402082805937027,0.00660882531198902,0.006884557655619761,0.012435498933848715,0.00706590686288754,0.01686937657979004
roberta_twitter_sentiment,1000,90,0.003402082805937027,0.00787601318146477,0.006037142205477392,0.012692722729907773,0.005200329457380517,0.014303378494332103
roberta_twitter_sentiment,1000,91,0.003402082805937027,-7.929549166330419e-05,0.005483027575307299,0.007633281782796166,0.004631167492413956,0.010951232864856253
roberta_twitter_sentiment,1000,92,0.003402082805937027,-0.0016561420425254241,0.0030369142835374716,0.006617361048739967,0.0029675823808673423,0.009606618373577954
roberta_twitter_sentiment,1000,93,0.003402082805937027,0.0011309755310646426,0.0022548898927106102,0.005976150706837878,0.001991255120094624,0.009569645039449563
roberta_twitter_sentiment,1000,94,0.003402082805937027,0.0021967969186510537,0.0051625737882995005,0.008872118518982076,0.004066999724040944,0.011339505308600012
roberta_twitter_sentiment,1000,95,0.003402082805937027,0.002092627966832354,0.007269117834798066,0.010741268375907265,0.006995537005416804,0.012404024789635884
roberta_twitter_sentiment,1000,96,0.003402082805937027,0.0060162889111179734,0.005824454821491335,0.010960915486133396,0.006847850128528875,0.014930709931933201
roberta_twitter_sentiment,1000,97,0.003402082805937027,0.0025355663076036716,0.004827050278833002,0.009957837792294111,0.003625798067542847,0.013554391804649462
roberta_twitter_sentiment,1000,98,0.003402082805937027,0.0031353887545646397,0.006598040292479423,0.009701689468488978,0.005586686159216653,0.014238986031445524
roberta_twitter_sentiment,1000,99,0.003402082805937027,0.005696207534640346,0.005909360035567376,0.008874100716973159,0.005632428910975831,0.014091569948261733
roberta_twitter_sentiment,1000,100,0.003402082805937027,-6.179473656334356e-05,0.004647527183243152,0.008975490999201394,0.0045409116293632975,0.013002792992543463
roberta_twitter_sentiment,1000,101,0.003402082805937027,0.002753004500319264,0.0036888582273164323,0.006682215222905423,0.0037056731122395064,0.009527487662448165
roberta_twitter_sentiment,1000,102,0.003402082805937027,0.004853980450744201,0.002591686305632918,0.00605004071104835,0.0024043681873555907,0.009998701715618941
roberta_twitter_sentiment,1000,103,0.003402082805937027,0.0015705330396987428,0.003980921583112466,0.006595304085269268,0.003627284637954381,0.008607283208132688
roberta_twitter_sentiment,1000,104,0.003402082805937027,0.0023747683588842116,0.003295523874040447,0.007417454893512004,0.0036744239893134233,0.012571498134892214
roberta_twitter_sentiment,1000,105,0.003402082805937027,0.006061334000827336,0.007163300192061339,0.010049819250964879,0.007140720541018109,0.013130754523174124
roberta_twitter_sentiment,1000,106,0.003402082805937027,0.00363665189237409,0.006098400473610751,0.009064788219499636,0.005169660119877214,0.010482606351549094
roberta_twitter_sentiment,1000,107,0.003402082805937027,-0.0011181302051689861,0.0030423835478362482,0.007325344016369474,0.0031251077092243687,0.011579720524731999
roberta_twitter_sentiment,1000,108,0.003402082805937027,0.005574972902010302,0.007245184560089525,0.011114600313315681,0.006331688871981714,0.014920137486299468
roberta_twitter_sentiment,1000,109,0.003402082805937027,0.0038933469286176682,0.0028786479647198333,0.006537806705570017,0.0026180371487575806,0.009824560699758214
roberta_twitter_sentiment,1000,110,0.003402082805937027,0.0025407228857548575,0.0045612082890834635,0.007837843992421704,0.004855855873324005,0.01192827905857466
roberta_twitter_sentiment,1000,111,0.003402082805937027,-0.0029353886201589977,0.004152183606474842,0.010614857806775298,0.003349214255062876,0.012053735650528714
roberta_twitter_sentiment,1000,112,0.003402082805937027,0.005008072575123304,0.005608201468901008,0.00766204202980714,0.00519800422538178,0.010808490006579624
roberta_twitter_sentiment,1000,113,0.003402082805937027,0.0009520528137600821,0.004826474199587393,0.008397888038014552,0.004343875020838832,0.01105527984700144
roberta_twitter_sentiment,1000,114,0.003402082805937027,0.0031632857271657565,0.002592956981784059,0.008390173505392628,0.0031328069876004148,0.010676001878134642
roberta_twitter_sentiment,1000,115,0.003402082805937027,0.009515575565667305,0.004439824541823298,0.00924685374898175,0.006766480222341956,0.014277962824529786
roberta_twitter_sentiment,1000,116,0.003402082805937027,0.0011121611164806474,0.004715918096847994,0.009726245400246233,0.0047616172798399465,0.01139855427118964
roberta_twitter_sentiment,1000,117,0.003402082805937027,0.0034884631682332336,0.003359459049048906,0.009616467300083385,0.004052457118859552,0.011259335779862555
roberta_twitter_sentiment,1000,118,0.003402082805937027,0.0032081188551810404,0.00416066182898228,0.010606271831834256,0.003477000305757474,0.009149269681469742
roberta_twitter_sentiment,1000,119,0.003402082805937027,0.009602065043758419,0.0063501856860308315,0.011021778348787469,0.0053172386412179695,0.013529809100788638
roberta_twitter_sentiment,1000,120,0.003402082805937027,-0.002587143896141842,0.0023782963705460632,0.005325822989772602,0.002213416924914757,0.00937308259403797
roberta_twitter_sentiment,1000,121,0.003402082805937027,0.0050448174267415866,0.00640518054497368,0.009381344268181973,0.0053384766544395095,0.012890562564986352
roberta_twitter_sentiment,1000,122,0.003402082805937027,0.001983473816334887,0.003358567942140548,0.007614466505148476,0.002941246641611374,0.011450018270570805
roberta_twitter_sentiment,1000,123,0.003402082805937027,0.005199075622134796,0.0037656513770299403,0.008215235248304661,0.0043170020599023326,0.013446891878355667
roberta_twitter_sentiment,1000,124,0.003402082805937027,0.004829164354319229,0.005853105204960796,0.011259620559336369,0.0065926117265362755,0.014843394405028026
roberta_twitter_sentiment,1000,125,0.003402082805937027,0.006100263030915609,0.006108150136668446,0.008932507480180445,0.00623679558550502,0.012540640258708543
roberta_twitter_sentiment,1000,126,0.003402082805937027,0.0036756336126792864,0.0048688501257693325,0.011212996266341237,0.005536747184106576,0.015553600870544753
roberta_twitter_sentiment,1000,127,0.003402082805937027,0.0023384504082169704,0.002957724523212173,0.007744961016823113,0.0029764136806592623,0.009005359089277541
roberta_twitter_sentiment,1000,128,0.003402082805937027,0.006483722746374371,0.00260603757539754,0.009920760675815491,0.004362307973823288,0.012215515392449415
roberta_twitter_sentiment,1000,129,0.003402082805937027,0.0018598086678723025,0.005330186333007689,0.009496557254438105,0.005462918257698127,0.012555998459410028
roberta_twitter_sentiment,1000,130,0.003402082805937027,0.005863642232984011,0.005953509697093468,0.009755394783141804,0.005201562406239165,0.012956124683251257
roberta_twitter_sentiment,1000,131,0.003402082805937027,0.0054905261922346855,0.006387176367382979,0.013625333048925492,0.005507144038673966,0.013493428670864928
roberta_twitter_sentiment,1000,132,0.003402082805937027,-0.0014522360777117934,0.003213816909546614,0.006403124870094096,0.0023553260403401514,0.01115629330919635
roberta_twitter_sentiment,1000,133,0.003402082805937027,-0.0014636778051714142,0.0045958135744865476,0.0068831352279852915,0.004232043054209125,0.00967637893449614
roberta_twitter_sentiment,1000,134,0.003402082805937027,0.0007200999102392167,0.0027961939068367157,0.006754310373056499,0.00201675443540739,0.010432149192838506
roberta_twitter_sentiment,1000,135,0.003402082805937027,0.0036106837200939735,0.003965615510671972,0.00808465208291779,0.003421380064487401,0.01250939570440218
roberta_twitter_sentiment,1000,136,0.003402082805937027,-0.002483406206749077,0.004008450359993312,0.007031458397840661,0.0029358510932932717,0.009799974383680932
roberta_twitter_sentiment,1000,137,0.003402082805937027,-0.001484420798428981,0.003663249677564506,0.009375648058840166,0.003625038132334905,0.010661713214672795
roberta_twitter_sentiment,1000,138,0.003402082805937027,0.0030062277179684392,0.0034460509658385536,0.006846488264127993,0.0034588491405467465,0.012377942594539533
roberta_twitter_sentiment,1000,139,0.003402082805937027,0.005822150207386816,0.005881038482748129,0.01002384347663106,0.006959720187001089,0.01232151120782135
roberta_twitter_sentiment,1000,140,0.003402082805937027,0.007015767186642278,0.007428799807164638,0.00902093281004079,0.005670543004752911,0.013841129956730891
roberta_twitter_sentiment,1000,141,0.003402082805937027,0.0006439006752445904,0.004038162034582977,0.007997868173510827,0.004952728723003177,0.009609810727562292
roberta_twitter_sentiment,1000,142,0.003402082805937027,0.005763681169526658,0.0069998116827722015,0.01228758810041952,0.006606966936133439,0.013745764330312884
roberta_twitter_sentiment,1000,143,0.003402082805937027,-0.0031996173334974823,0.0013909738289126687,0.005265957612015849,0.0015266507113196356,0.007713007532648676
roberta_twitter_sentiment,1000,144,0.003402082805937027,0.0013707102045491036,0.004646881572720918,0.008000268316686687,0.003486217285117764,0.011522635702055011
roberta_twitter_sentiment,1000,145,0.003402082805937027,0.002642411641485919,0.00271204978910264,0.008330168687681185,0.004958034375016791,0.009950550098235339
roberta_twitter_sentiment,1000,146,0.003402082805937027,0.002987855595988756,0.005037873056924944,0.008298362851190988,0.00557824490870646,0.013683538100302619
roberta_twitter_sentiment,1000,147,0.003402082805937027,0.00841019031937905,0.006633266896250865,0.008537741690150603,0.006022311374362153,0.0122045534201528
roberta_twitter_sentiment,1000,148,0.003402082805937027,0.01475296318345837,0.007625368623021489,0.011529468370842346,0.007092509104497408,0.014268956362928594
roberta_twitter_sentiment,1000,149,0.003402082805937027,0.00738098881193749,0.007365202211831091,0.013633434542470974,0.008313263739276473,0.016298037276816908
roberta_twitter_sentiment,1000,150,0.003402082805937027,0.0023301797468766516,0.0026951278913741696,0.006385063744576751,0.0018755216880254177,0.010516847175315104
roberta_twitter_sentiment,1000,151,0.003402082805937027,0.0019522636305302251,0.004934332726934945,0.008444431063551888,0.006115776723226394,0.012497526696808389
roberta_twitter_sentiment,1000,152,0.003402082805937027,-0.0015094695739362432,0.005061191738136443,0.007324403616887871,0.004655630400468773,0.009086349814256609
roberta_twitter_sentiment,1000,153,0.003402082805937027,-0.0019502471271842824,0.002375760412371103,0.005797106712293334,0.003095873084346232,0.00933554098001674
roberta_twitter_sentiment,1000,154,0.003402082805937027,0.003947972252190857,0.004531397973195193,0.00960413598675776,0.005137098046663476,0.011748199233174848
roberta_twitter_sentiment,1000,155,0.003402082805937027,0.000970726593537744,0.003007747972786355,0.008263278652236264,0.003660674208133583,0.012222046971579368
roberta_twitter_sentiment,1000,156,0.003402082805937027,-0.0008213747108726921,0.006052027955623491,0.009969948263236548,0.006088369430363267,0.011471394272675548
roberta_twitter_sentiment,1000,157,0.003402082805937027,0.0004272448621360685,0.004895436884938157,0.00972487181721412,0.004304059416633751,0.010755834353555033
roberta_twitter_sentiment,1000,158,0.003402082805937027,0.001004281983532957,0.004111163500077094,0.008939471049496387,0.004357885916794836,0.010432728432530118
roberta_twitter_sentiment,1000,159,0.003402082805937027,0.0018291494830760156,0.005097843533039887,0.008727307473722372,0.005898408043612281,0.00898758921298751
roberta_twitter_sentiment,1000,160,0.003402082805937027,0.0005914292096698737,0.004286794355898934,0.011846420561602556,0.00476360343027097,0.014102588981304781
roberta_twitter_sentiment,1000,161,0.003402082805937027,0.004131701559245792,0.002388161786124988,0.0045782404512005595,0.0021835481289767212,0.010344929492591347
roberta_twitter_sentiment,1000,162,0.003402082805937027,0.005871620923184236,0.005568538736190966,0.010205157747672982,0.004400659459949662,0.012929913231145139
roberta_twitter_sentiment,1000,163,0.003402082805937027,0.0009469537064805611,0.002248072246165582,0.00563397588508208,0.0024615202296399976,0.007304447029365983
roberta_twitter_sentiment,1000,164,0.003402082805937027,0.00606550467022242,0.00502966099573254,0.009733364392902242,0.0038443372585249876,0.012586970102955763
roberta_twitter_sentiment,1000,165,0.003402082805937027,0.002602574167926541,0.003889490053923691,0.005402084393569417,0.0028647097515977944,0.008193437064664648
roberta_twitter_sentiment,1000,166,0.003402082805937027,-0.0038097242552570395,0.0030753003110253565,0.005129858715653952,0.0030246801099359606,0.008661355575706143
roberta_twitter_sentiment,1000,167,0.003402082805937027,0.004083969761305207,0.002915056115676811,0.006093613435390793,0.0023057150011809614,0.009195323518102868
roberta_twitter_sentiment,1000,168,0.003402082805937027,0.004195002042673134,0.004953153583497636,0.007023041959331841,0.0038296335687991795,0.00960430157843094
roberta_twitter_sentiment,1000,169,0.003402082805937027,0.0007980513211156031,0.003187935741800792,0.007150645680759849,0.003020387614148477,0.009644519350719607
roberta_twitter_sentiment,1000,170,0.003402082805937027,0.006549571609271055,0.008651484655160155,0.01258037382541863,0.008871830355905419,0.017146760396511432
roberta_twitter_sentiment,1000,171,0.003402082805937027,0.004775523308914562,0.00531590113032714,0.008259498777189357,0.00438320339610392,0.011647522332854226
roberta_twitter_sentiment,1000,172,0.003402082805937027,0.006252648460729953,0.004068602893632094,0.00674162865092917,0.003237952487276039,0.009311986567304649
roberta_twitter_sentiment,1000,173,0.003402082805937027,0.00567538860810958,0.0024368584634356055,0.006017239323023682,0.0015625026835821686,0.013050715186511432
roberta_twitter_sentiment,1000,174,0.003402082805937027,0.0013367688836236882,0.007921198046921377,0.011187152439635611,0.008001017169924818,0.012550489574591714
roberta_twitter_sentiment,1000,175,0.003402082805937027,0.004631018866322976,0.0034119027535211466,0.007172422783582553,0.003025194173733638,0.008778173891305424
roberta_twitter_sentiment,1000,176,0.003402082805937027,0.008137293991402006,0.0075155841003838745,0.013728066315287921,0.008145906023434953,0.017616683943551946
roberta_twitter_sentiment,1000,177,0.003402082805937027,0.005425541135603966,0.0038684113683936272,0.00883694430678847,0.0036101225171569994,0.00970335133648344
roberta_twitter_sentiment,1000,178,0.003402082805937027,-0.0015185024218420504,0.004346408729237794,0.007442211495486293,0.0036015373105223528,0.008451044127460302
roberta_twitter_sentiment,1000,179,0.003402082805937027,0.0038548562474093034,0.00328827044798507,0.008739420828084718,0.0035633444406301105,0.010466578611959695
roberta_twitter_sentiment,1000,180,0.003402082805937027,0.0017919343110397322,0.002725098804725078,0.005146693555917713,0.002865026035606872,0.013126486994661575
roberta_twitter_sentiment,1000,181,0.003402082805937027,0.001655840451980895,0.004443157712201716,0.0086574612851017,0.0038891208352116896,0.01192654207063196
roberta_twitter_sentiment,1000,182,0.003402082805937027,-0.0008116795878354882,0.003894980378044798,0.007355228760667563,0.002719559200964653,0.008660947543026777
roberta_twitter_sentiment,1000,183,0.003402082805937027,0.002825762014272531,0.005084622270922098,0.01013101521199706,0.005578512059713152,0.011045212996146839
roberta_twitter_sentiment,1000,184,0.003402082805937027,0.0014399657816408264,0.005029777653588818,0.009869704668105878,0.003637817293039218,0.014360569636530427
roberta_twitter_sentiment,1000,185,0.003402082805937027,0.006033051885773126,0.006362647242175096,0.008973216344072736,0.005342484001072653,0.014334917925032971
roberta_twitter_sentiment,1000,186,0.003402082805937027,0.0008932346018551754,0.003713345284441712,0.006472948022020906,0.0032438939826583317,0.00957806010396463
roberta_twitter_sentiment,1000,187,0.003402082805937027,0.001624533863298035,0.006507006321501663,0.009748780085821113,0.0048807531642608695,0.014374860440531009
roberta_twitter_sentiment,1000,188,0.003402082805937027,0.006183073678642314,0.00827156538376226,0.009872136592996784,0.008367478691646692,0.013183834268907013
roberta_twitter_sentiment,1000,189,0.003402082805937027,0.0019529318697419874,0.0030191468807985733,0.00705593420400786,0.0034249587385994976,0.009600560210901948
roberta_twitter_sentiment,1000,190,0.003402082805937027,-0.0004164256320381656,0.0026472444979807074,0.007382130833478169,0.0020744028178111304,0.010218217808134693
roberta_twitter_sentiment,1000,191,0.003402082805937027,0.006535367857203911,0.0042082568380872615,0.008675046721652379,0.004223063589813011,0.012485681953020748
roberta_twitter_sentiment,1000,192,0.003402082805937027,9.158554662764184e-05,0.003562797255395397,0.006622140471401733,0.0030742952992580566,0.009832869865864345
roberta_twitter_sentiment,1000,193,0.003402082805937027,-0.00059317265948326,0.0021275546655500945,0.005874474768388153,0.0021060146945671362,0.00916141665319684
roberta_twitter_sentiment,1000,194,0.003402082805937027,0.005067445501001301,0.004942873714298712,0.007468476419275273,0.004299335378243392,0.010908263215581875
roberta_twitter_sentiment,1000,195,0.003402082805937027,0.0020735245276567865,0.005304918120340059,0.01136978561807366,0.006049987869904845,0.012324595971317983
roberta_twitter_sentiment,1000,196,0.003402082805937027,0.007042777302063558,0.007579981023640657,0.0132778181867956,0.008556720185585136,0.0156932221318363
roberta_twitter_sentiment,1000,197,0.003402082805937027,0.0002927149073339751,0.004675644720575554,0.00862622375763321,0.004006933500355371,0.01056392361762167
roberta_twitter_sentiment,1000,198,0.003402082805937027,0.009322504094803051,0.009303073631950709,0.011681672977470962,0.008480176513421365,0.016270783210133075
roberta_twitter_sentiment,1000,199,0.003402082805937027,-0.0017898686605536496,0.0058661784391935866,0.008917716012899124,0.004925663536095976,0.012815862489881953
roberta_twitter_sentiment,2500,0,0.003402082805937027,0.002098911377758785,0.003716567670050384,0.007616931251712525,0.004885179646508406,0.010633279202643604
roberta_twitter_sentiment,2500,1,0.003402082805937027,0.002644993455957496,0.0036180028730829284,0.006146734675384752,0.0039355766228526086,0.012000605026852178
roberta_twitter_sentiment,2500,2,0.003402082805937027,0.0031362740243599135,0.002851588576847464,0.007396026126967479,0.003283975694166122,0.014742936339093345
roberta_twitter_sentiment,2500,3,0.003402082805937027,0.006965532403947276,0.003352561280779029,0.006715072694294668,0.005136132487956038,0.011740096704620265
roberta_twitter_sentiment,2500,4,0.003402082805937027,0.0007495030708960667,0.0030821642635514403,0.005735964539064284,0.0026176638698039664,0.009958507381677228
roberta_twitter_sentiment,2500,5,0.003402082805937027,0.005771749366471377,0.005702683100021926,0.009423754605429917,0.006109691783946829,0.014392614884657418
roberta_twitter_sentiment,2500,6,0.003402082805937027,0.0031570500335705376,0.0032981395431260865,0.0062890155307026374,0.0038553603096781407,0.01047204973101438
roberta_twitter_sentiment,2500,7,0.003402082805937027,0.0032599425198793688,0.0034428570346441987,0.006639634854914463,0.003922686377931142,0.01174630844486105
roberta_twitter_sentiment,2500,8,0.003402082805937027,0.004038994767551385,0.0024831878344584407,0.0065430280532955114,0.0027645894813626906,0.01161009623821559
roberta_twitter_sentiment,2500,9,0.003402082805937027,0.002619324189745916,0.004846973769621053,0.007806309200732984,0.005361620680424276,0.012813060493942841
roberta_twitter_sentiment,2500,10,0.003402082805937027,0.0020177363013135895,0.002465753654018809,0.00481202867773856,0.0028794951689552514,0.011087117525792766
roberta_twitter_sentiment,2500,11,0.003402082805937027,0.0005412952529541535,0.003826990221249628,0.0059780647480295185,0.0041066419751596365,0.01143452012282327
roberta_twitter_sentiment,2500,12,0.003402082805937027,0.001999967221476194,0.004398438873683136,0.007982999773055863,0.0046435845683438365,0.012918167084368121
roberta_twitter_sentiment,2500,13,0.003402082805937027,0.002461043506992266,0.0026525085111215926,0.00559891599139429,0.0028205560179869094,0.011380636679799699
roberta_twitter_sentiment,2500,14,0.003402082805937027,-0.0004520099462762458,0.0028664997231403868,0.007770732799580996,0.0038727658320163684,0.010791254921096219
roberta_twitter_sentiment,2500,15,0.003402082805937027,-0.0005488028699855663,0.002158427249498308,0.004823439528314167,0.0024804647622444095,0.010622674209115142
roberta_twitter_sentiment,2500,16,0.003402082805937027,0.0005301149407213366,0.0024900276209017798,0.005492109826282016,0.0026960102579932942,0.010134466968139072
roberta_twitter_sentiment,2500,17,0.003402082805937027,0.006510980176391539,0.0035127314287867195,0.008217608287909755,0.00468576383619039,0.014175288262861371
roberta_twitter_sentiment,2500,18,0.003402082805937027,0.002799024634503225,0.0028476098912420325,0.0048661021060216044,0.0031016027785853557,0.009732507005960777
roberta_twitter_sentiment,2500,19,0.003402082805937027,0.00348238221457942,0.004064579734471158,0.007347945259753019,0.004793443646476393,0.012577433190665675
roberta_twitter_sentiment,2500,20,0.003402082805937027,0.00616702373520765,0.0037954807477695173,0.007054915036314182,0.004252145277364375,0.013422413581967052
roberta_twitter_sentiment,2500,21,0.003402082805937027,0.005079942070106884,0.004595925603053146,0.007924719198539591,0.00481418296829667,0.01401916500125662
roberta_twitter_sentiment,2500,22,0.003402082805937027,0.005832342936341704,0.002872991343673563,0.006623560049896441,0.003768644752137167,0.013121761881829966
roberta_twitter_sentiment,2500,23,0.003402082805937027,0.0016133225717046603,0.002424719749382727,0.005537222399903145,0.003099931426185263,0.00861102896236819
roberta_twitter_sentiment,2500,24,0.003402082805937027,0.001088820409196861,0.00314029275697537,0.006577963039831691,0.004219845434838186,0.010621189375348701
roberta_twitter_sentiment,2500,25,0.003402082805937027,0.0001607394876241539,0.0028849891063965722,0.005656468715355065,0.0035347259739129406,0.009530965362832329
roberta_twitter_sentiment,2500,26,0.003402082805937027,0.0023085533450702485,0.002408808550065305,0.005696252752863925,0.002928999512390115,0.010619667078048805
roberta_twitter_sentiment,2500,27,0.003402082805937027,0.0047352863388701125,0.0035543207675300882,0.006454723880296799,0.003996080828357903,0.01297391064717353
roberta_twitter_sentiment,2500,28,0.003402082805937027,0.0010221541638207674,0.0026538248652173716,0.004842433999905223,0.0026994222476405764,0.011779250196047303
roberta_twitter_sentiment,2500,29,0.003402082805937027,0.0021129834471955845,0.003380470001996824,0.0066042334361515465,0.0038604904537824173,0.011423032440830715
roberta_twitter_sentiment,2500,30,0.003402082805937027,0.00026326175804960235,0.002369887745203573,0.005152232952813734,0.003169360596916105,0.00941274422232433
roberta_twitter_sentiment,2500,31,0.003402082805937027,0.003958134160390915,0.004179003373297521,0.008026583546299674,0.0037886232553405877,0.012364297294326941
roberta_twitter_sentiment,2500,32,0.003402082805937027,0.0013989032094523107,0.00232077854136594,0.005215326192451033,0.0029927580301516575,0.010547991070789173
roberta_twitter_sentiment,2500,33,0.003402082805937027,0.005091365468378406,0.004490575209308292,0.007987228516029218,0.004808552927211502,0.012455192873242399
roberta_twitter_sentiment,2500,34,0.003402082805937027,0.005432243982872279,0.0045154842899464784,0.00867865147258508,0.005147153224538048,0.012892211706738233
roberta_twitter_sentiment,2500,35,0.003402082805937027,0.004025853431478273,0.0035446802887249126,0.006850348678419577,0.0034585130102835655,0.011310882953512178
roberta_twitter_sentiment,2500,36,0.003402082805937027,0.0013226527206739132,0.0029690253754724497,0.005775477555463981,0.0033144358369657668,0.01060956745766122
roberta_twitter_sentiment,2500,37,0.003402082805937027,0.005040407155310953,0.002886896754150794,0.006334220576483393,0.003763847783299695,0.010899999508516459
roberta_twitter_sentiment,2500,38,0.003402082805937027,0.003935419606688376,0.0023042474420916443,0.005455421182708429,0.0026816503297313115,0.010361855371541684
roberta_twitter_sentiment,2500,39,0.003402082805937027,0.003942901205588636,0.004114368419860224,0.007126853997980553,0.0043994405894346705,0.011641950771063251
roberta_twitter_sentiment,2500,40,0.003402082805937027,0.002154421200053517,0.002964511095946368,0.005907933912195201,0.003516574832538063,0.011363244318731721
roberta_twitter_sentiment,2500,41,0.003402082805937027,0.0044892823667103225,0.0033816845734652742,0.00884956534193109,0.004072955688334628,0.011886492600591938
roberta_twitter_sentiment,2500,42,0.003402082805937027,0.0007651378210923566,0.003156798882007487,0.006254373653775373,0.004121905266573876,0.010344069064757851
roberta_twitter_sentiment,2500,43,0.003402082805937027,-0.002110533862638499,0.003011960068309287,0.005606809074474296,0.003388102313246458,0.009173184439334613
roberta_twitter_sentiment,2500,44,0.003402082805937027,0.0014107091831155106,0.002156921043024819,0.0052869622434121395,0.0021934573489957097,0.010240133248663042
roberta_twitter_sentiment,2500,45,0.003402082805937027,0.003936980294165987,0.004108377855651522,0.0064393160686638225,0.004736633089845763,0.011679387278229125
roberta_twitter_sentiment,2500,46,0.003402082805937027,0.003277989147364998,0.0020459173855464554,0.0052699574374535825,0.002278377969168819,0.010278003816763725
roberta_twitter_sentiment,2500,47,0.003402082805937027,0.007804616301053085,0.003327199604768561,0.007251829124630886,0.0036430538946278903,0.011744601445169369
roberta_twitter_sentiment,2500,48,0.003402082805937027,0.005377051504909615,0.004685436281062673,0.007827175939555092,0.004937610392591002,0.012935221350457842
roberta_twitter_sentiment,2500,49,0.003402082805937027,-0.0012501495589563,0.0032194611051993274,0.0067616428198537465,0.003540332246265678,0.011050317416978012
roberta_twitter_sentiment,2500,50,0.003402082805937027,0.0015092065956416618,0.004824042197937223,0.006546692470607765,0.004995672892741396,0.011441166289758659
roberta_twitter_sentiment,2500,51,0.003402082805937027,0.004094882719394631,0.004576560630768818,0.007596963361016144,0.00529731212271956,0.011793065128673327
roberta_twitter_sentiment,2500,52,0.003402082805937027,0.00477465520195715,0.004063414967476408,0.007956950108073175,0.005025682521422833,0.011594838591180542
roberta_twitter_sentiment,2500,53,0.003402082805937027,0.0036369939438973794,0.003295116575588146,0.0056997205118915475,0.003428728576281546,0.012279540214044048
roberta_twitter_sentiment,2500,54,0.003402082805937027,0.003470793785213281,0.00412492564440789,0.007473466834027391,0.004300811475121793,0.012245332397277655
roberta_twitter_sentiment,2500,55,0.003402082805937027,0.00407672559226783,0.003560601076289241,0.006617664570703192,0.004272905763086145,0.012626873851350164
roberta_twitter_sentiment,2500,56,0.003402082805937027,0.003954646742788958,0.0024921949612805782,0.006018979979909961,0.002809951292488924,0.010063571654650749
roberta_twitter_sentiment,2500,57,0.003402082805937027,0.0023160634872862154,0.003958670015419381,0.007501244358514209,0.004930522201777141,0.012559299801480156
roberta_twitter_sentiment,2500,58,0.003402082805937027,0.00694427881024071,0.0029440448050130886,0.007739588752084065,0.003563043564599745,0.01320218028519949
roberta_twitter_sentiment,2500,59,0.003402082805937027,0.0041785804587927446,0.004097112052175012,0.007510642084784839,0.0050073704915342375,0.013342563314667674
roberta_twitter_sentiment,2500,60,0.003402082805937027,0.0050908058499163885,0.002782852010860437,0.006545491396486658,0.004174787154015299,0.012359616691525358
roberta_twitter_sentiment,2500,61,0.003402082805937027,0.004611997634401254,0.003825626164337607,0.00802120669491014,0.004042975885778372,0.01331103050594044
roberta_twitter_sentiment,2500,62,0.003402082805937027,0.004695438324982533,0.003071699525041709,0.0077015607254816015,0.0036062106339191232,0.012959931917632514
roberta_twitter_sentiment,2500,63,0.003402082805937027,0.0014941048341198257,0.003301574765659235,0.005621569540310654,0.003788291260478606,0.01025112417242342
roberta_twitter_sentiment,2500,64,0.003402082805937027,0.002700945299339191,0.0020632199400404745,0.00683323757738536,0.0026814790245501662,0.011896245931008924
roberta_twitter_sentiment,2500,65,0.003402082805937027,0.0030916555505636346,0.0029387394219925656,0.006218170151401794,0.003443061287278285,0.012407296077943178
roberta_twitter_sentiment,2500,66,0.003402082805937027,0.004726138395954867,0.002530919365047399,0.004755197392370604,0.0030460530186641557,0.011191422487602897
roberta_twitter_sentiment,2500,67,0.003402082805937027,0.0037598286849036774,0.004620748196011951,0.006531016166276929,0.004727441247763134,0.012915227282970938
roberta_twitter_sentiment,2500,68,0.003402082805937027,0.0030410754372146714,0.004104722042304864,0.00779712330717597,0.004600880705597727,0.012453372680750334
roberta_twitter_sentiment,2500,69,0.003402082805937027,0.000871887284812582,0.0033423571278173576,0.006539980339018903,0.003833948102960675,0.010753655307303527
roberta_twitter_sentiment,2500,70,0.003402082805937027,0.0037284910095258697,0.004934300409617882,0.008308107766768037,0.005076421860016984,0.014439251546616412
roberta_twitter_sentiment,2500,71,0.003402082805937027,0.0038517629608230486,0.001958586851579911,0.004751680262981731,0.0023884216709311058,0.009754104867646272
roberta_twitter_sentiment,2500,72,0.003402082805937027,0.004038472211683534,0.0027335985176009255,0.008019195745524805,0.0038267030225427926,0.012188720176393159
roberta_twitter_sentiment,2500,73,0.003402082805937027,0.0035913220935577463,0.003633497246201652,0.00630787629380298,0.003978316848586226,0.010652220760811553
roberta_twitter_sentiment,2500,74,0.003402082805937027,0.004285180529910374,0.003209755361936054,0.00675108177083592,0.0029674369501584666,0.010644553061414245
roberta_twitter_sentiment,2500,75,0.003402082805937027,0.008334624886271845,0.004479923113990077,0.008522156353613879,0.004715245829088321,0.015009819050290162
roberta_twitter_sentiment,2500,76,0.003402082805937027,0.0026586410809453136,0.0036069132143200094,0.0068097219520441244,0.003282143099576647,0.011908112801213948
roberta_twitter_sentiment,2500,77,0.003402082805937027,0.002827930605392142,0.004611855033660373,0.009014812045245176,0.005487640152259532,0.013961097962166793
roberta_twitter_sentiment,2500,78,0.003402082805937027,0.002099389382483095,0.004360241361443721,0.007555242173336059,0.004606482914803064,0.012941746531572693
roberta_twitter_sentiment,2500,79,0.003402082805937027,0.008896187629462095,0.0064673493930751565,0.010442835282537782,0.007325369564957065,0.01729182076984064
roberta_twitter_sentiment,2500,80,0.003402082805937027,0.000998952377542528,0.0029714546257863387,0.0071186247856142625,0.004107720802817993,0.011790660288161194
roberta_twitter_sentiment,2500,81,0.003402082805937027,0.005887217553765925,0.00502203302401231,0.008616813538025838,0.005736993063287749,0.012632777255891854
roberta_twitter_sentiment,2500,82,0.003402082805937027,0.004904921248276708,0.0030252396003616223,0.00683956519630998,0.003633764250158278,0.011226224416438883
roberta_twitter_sentiment,2500,83,0.003402082805937027,0.002481144032194004,0.004566370938982645,0.007418386162218425,0.005183891674154063,0.011608653623815062
roberta_twitter_sentiment,2500,84,0.003402082805937027,0.0020622514908791635,0.0027743669436930954,0.006656564851171171,0.0030088829660591,0.011730231730776364
roberta_twitter_sentiment,2500,85,0.003402082805937027,0.0014102571719019474,0.0038873825479599474,0.0056373343872472385,0.003957773896459539,0.011255577419596341
roberta_twitter_sentiment,2500,86,0.003402082805937027,0.0044274622679751005,0.002352248113167547,0.005657847201961488,0.003031284736681829,0.009853138304356522
roberta_twitter_sentiment,2500,87,0.003402082805937027,0.004771445498257669,0.002893187684865548,0.007793651239689167,0.003991729749228874,0.012092630689783355
roberta_twitter_sentiment,2500,88,0.003402082805937027,0.005618074541108666,0.00400343112332523,0.008126935744265951,0.003559013078066296,0.013250945334630988
roberta_twitter_sentiment,2500,89,0.003402082805937027,0.003928445439412529,0.0042710475768798425,0.006562098853352897,0.0043704609132465275,0.010541060979975335
roberta_twitter_sentiment,2500,90,0.003402082805937027,0.0018424315038242413,0.0036112304852358216,0.006662697759153952,0.003943031205284804,0.011080757412372575
roberta_twitter_sentiment,2500,91,0.003402082805937027,0.005375345746269491,0.0046689457521602515,0.008978274755598311,0.005055982401267407,0.014515635900424487
roberta_twitter_sentiment,2500,92,0.003402082805937027,0.003537962857056943,0.0035160755581857047,0.0062926101481806905,0.003898321178130968,0.013210779660119645
roberta_twitter_sentiment,2500,93,0.003402082805937027,0.0028228427418348565,0.0031991044821288246,0.006853736221232788,0.00376720559789145,0.011574546859631184
roberta_twitter_sentiment,2500,94,0.003402082805937027,0.0026251442317674874,0.004335629997982594,0.007084881106334777,0.004618384307901705,0.01272288100041051
roberta_twitter_sentiment,2500,95,0.003402082805937027,0.0013168348195054325,0.002309423415194845,0.006001931587888857,0.003185338543609216,0.010720112593324446
roberta_twitter_sentiment,2500,96,0.003402082805937027,0.001336212372470805,0.004275514451899348,0.007269862907085051,0.004329249865965207,0.011122403579115361
roberta_twitter_sentiment,2500,97,0.003402082805937027,0.004299213939458417,0.004097545720613888,0.008182361579493062,0.004698812506472132,0.012269187569821711
roberta_twitter_sentiment,2500,98,0.003402082805937027,0.0020972713646206483,0.003149014363528669,0.006047748187352858,0.0037554512826076494,0.011695072501307219
roberta_twitter_sentiment,2500,99,0.003402082805937027,-0.00013424330399377558,0.002056185710594905,0.005094490830691186,0.0022388915175083988,0.009376535199422829
roberta_twitter_sentiment,2500,100,0.003402082805937027,0.003444794937253043,0.003530189729895137,0.00788168381043121,0.004320115402119883,0.013145090604860422
roberta_twitter_sentiment,2500,101,0.003402082805937027,0.004887686105012852,0.003697793321151812,0.0062461392024982,0.003696622908194066,0.011022217030116736
roberta_twitter_sentiment,2500,102,0.003402082805937027,0.00393414344258703,0.0032672817102581257,0.005486267307019033,0.0033909518240379673,0.010050611554256393
roberta_twitter_sentiment,2500,103,0.003402082805937027,0.010821569527852109,0.007057151613589914,0.010849632265597573,0.0070185838604321284,0.01605707302213517
roberta_twitter_sentiment,2500,104,0.003402082805937027,0.0038628953588464333,0.003356388736011087,0.006470512414748433,0.003771420710709014,0.012056501413615032
roberta_twitter_sentiment,2500,105,0.003402082805937027,0.00138131019008973,0.002690609481558713,0.005980562158353921,0.002823402496455274,0.011127732721260736
roberta_twitter_sentiment,2500,106,0.003402082805937027,0.0045527589048827794,0.005149534125113795,0.008082312213946062,0.005540568077401568,0.011678565708275617
roberta_twitter_sentiment,2500,107,0.003402082805937027,0.0018754845196193963,0.0051934105499076315,0.009122121485286913,0.00565897598367388,0.012827214904153195
roberta_twitter_sentiment,2500,108,0.003402082805937027,0.005306112292482513,0.003852235228604725,0.007029820499008409,0.004033503169422268,0.012107748788259244
roberta_twitter_sentiment,2500,109,0.003402082805937027,0.003024180047396664,0.002685500656046618,0.00565070401853948,0.002886614689431624,0.010565182805727717
roberta_twitter_sentiment,2500,110,0.003402082805937027,0.00335189094315584,0.003909883090461741,0.008005817721861937,0.003899301259997336,0.01213400951522972
roberta_twitter_sentiment,2500,111,0.003402082805937027,0.006395266243356677,0.00592033872879138,0.008307510411966075,0.00641518079339493,0.013378620687439906
roberta_twitter_sentiment,2500,112,0.003402082805937027,0.0018408608006341537,0.0036417006026192127,0.006465296869641324,0.004064739666367052,0.010450846465291864
roberta_twitter_sentiment,2500,113,0.003402082805937027,0.002907136702815608,0.005108431195422449,0.008270122491361597,0.006127107258742819,0.013075316645719077
roberta_twitter_sentiment,2500,114,0.003402082805937027,0.003681290541086539,0.0031341735254190014,0.007217057477989811,0.003921321959257827,0.011233177554271806
roberta_twitter_sentiment,2500,115,0.003402082805937027,0.006546550349261982,0.003828523100287521,0.007061989107887937,0.004330938590870708,0.012871841547184149
roberta_twitter_sentiment,2500,116,0.003402082805937027,0.00384876285388135,0.0027499095103980568,0.006022033171252786,0.0035389680257285816,0.010050673998821135
roberta_twitter_sentiment,2500,117,0.003402082805937027,0.003258032640845716,0.0023033919645150482,0.005899640862329046,0.002716532975602331,0.011193131474544165
roberta_twitter_sentiment,2500,118,0.003402082805937027,0.00422813518995128,0.0032461804264938103,0.005980830482580457,0.0033755525983284857,0.012231878815147468
roberta_twitter_sentiment,2500,119,0.003402082805937027,0.0014070655255209268,0.0035274386995543952,0.0054429237560505266,0.0038689258816610463,0.00948754122996407
roberta_twitter_sentiment,2500,120,0.003402082805937027,0.004039369385989109,0.004362214734767132,0.007262881013108327,0.004944027037040624,0.012685224717820862
roberta_twitter_sentiment,2500,121,0.003402082805937027,0.006188500951326641,0.0032571839489380252,0.005991046549574563,0.0034453435401140724,0.010975423457700698
roberta_twitter_sentiment,2500,122,0.003402082805937027,0.005869978172080091,0.0064753884174247175,0.008775349477700011,0.007335446843145422,0.013821120687472408
roberta_twitter_sentiment,2500,123,0.003402082805937027,0.004469367956093989,0.0033161327169744553,0.006571429861465198,0.0036386301962866453,0.012816204350428587
roberta_twitter_sentiment,2500,124,0.003402082805937027,0.004956264334571965,0.0018763436411408925,0.005935594406410955,0.0021422732901659096,0.012583374306040588
roberta_twitter_sentiment,2500,125,0.003402082805937027,0.0041838514271181435,0.003992671287937896,0.006642226248131096,0.0038787170436636806,0.01210942348692031
roberta_twitter_sentiment,2500,126,0.003402082805937027,0.0003218398987000857,0.0031280026939036116,0.005926948556113919,0.0036454033777053854,0.009504226815426162
roberta_twitter_sentiment,2500,127,0.003402082805937027,0.010119193558126079,0.005893847999316079,0.00997922670755046,0.006897145890595748,0.015349595651799712
roberta_twitter_sentiment,2500,128,0.003402082805937027,0.0008811582264071046,0.003514875706587816,0.006571252012003767,0.004064702449625119,0.010467017540863622
roberta_twitter_sentiment,2500,129,0.003402082805937027,0.006460797301697922,0.0034260852645846074,0.007340455370821211,0.004345296233917196,0.013294223926408123
roberta_twitter_sentiment,2500,130,0.003402082805937027,0.004530897739792996,0.003616974546255856,0.0058935998504947695,0.0047982125540848896,0.012414719804580364
roberta_twitter_sentiment,2500,131,0.003402082805937027,0.0023897231179395273,0.0020881597257047463,0.006403213139385258,0.002389162257947466,0.0105930808306264
roberta_twitter_sentiment,2500,132,0.003402082805937027,0.0035841809233333054,0.0035500031207353396,0.007595095172070086,0.0035883998900110804,0.01062052203683465
roberta_twitter_sentiment,2500,133,0.003402082805937027,0.003719417859819076,0.0032923532876518525,0.00620575551676183,0.0035614190065944968,0.01234615650627949
roberta_twitter_sentiment,2500,134,0.003402082805937027,0.0027717886529121925,0.002239648830200959,0.004962112861273238,0.0025860378818609747,0.010311573900475093
roberta_twitter_sentiment,2500,135,0.003402082805937027,0.004150221347011477,0.004405372474264864,0.007992443310493496,0.005126877065422426,0.012594625688916079
roberta_twitter_sentiment,2500,136,0.003402082805937027,5.2033889908902165e-05,0.002696763320877268,0.005114185111539376,0.0025336184291651297,0.011023228455325065
roberta_twitter_sentiment,2500,137,0.003402082805937027,0.0009290373341404535,0.002106470002437542,0.005207848803524119,0.0020499370792984592,0.010744421074277187
roberta_twitter_sentiment,2500,138,0.003402082805937027,-0.0008294186997489783,0.004016027889530347,0.007422204534688111,0.004605055926071959,0.012192349488099843
roberta_twitter_sentiment,2500,139,0.003402082805937027,0.007992577547991533,0.002731073653344705,0.0075989606866398865,0.0034688894486790186,0.011746904154628594
roberta_twitter_sentiment,2500,140,0.003402082805937027,0.003538119366126861,0.003982707320068232,0.007328549401716456,0.004453719467249881,0.012377902347397933
roberta_twitter_sentiment,2500,141,0.003402082805937027,0.0033640815612770553,0.0033585264088732436,0.006128016064517541,0.003719497057516972,0.011023296137312849
roberta_twitter_sentiment,2500,142,0.003402082805937027,0.002668365393446902,0.004346451777862006,0.006959867475174124,0.004981631491301591,0.011526689989307021
roberta_twitter_sentiment,2500,143,0.003402082805937027,-0.0009358237996210805,0.0030367775664437184,0.006028474687497014,0.0029912726593897838,0.00958537941498877
roberta_twitter_sentiment,2500,144,0.003402082805937027,0.006939207884273785,0.0029616227266532867,0.007843419830585226,0.0038642356540935967,0.014057173151262207
roberta_twitter_sentiment,2500,145,0.003402082805937027,0.005087437861930128,0.003575781333030934,0.006555414862705566,0.0036458677161942247,0.010054346163606395
roberta_twitter_sentiment,2500,146,0.003402082805937027,-8.33227122374139e-05,0.0024523461837735396,0.006124403026388823,0.0029609280060096496,0.010879056948558502
roberta_twitter_sentiment,2500,147,0.003402082805937027,0.005169845169423319,0.00508312396499769,0.007826162208632841,0.005577735388601547,0.013086547578018455
roberta_twitter_sentiment,2500,148,0.003402082805937027,0.003412871085191764,0.0031360973573686746,0.005094200273994343,0.003307966629386988,0.00958950321373639
roberta_twitter_sentiment,2500,149,0.003402082805937027,0.00621567798823202,0.004333161003432187,0.007875927442174748,0.00472151523198418,0.01347802042955222
roberta_twitter_sentiment,2500,150,0.003402082805937027,0.0046954241477493415,0.005467788812625421,0.009175222298859956,0.005437922076484912,0.013357424697232475
roberta_twitter_sentiment,2500,151,0.003402082805937027,0.005929113808326397,0.0052355162153094265,0.00849604747409293,0.005159239652749349,0.015131065637186558
roberta_twitter_sentiment,2500,152,0.003402082805937027,0.004131877353265207,0.004380060690334672,0.008128565395484776,0.005214416342030324,0.012427650448958433
roberta_twitter_sentiment,2500,153,0.003402082805937027,0.003873962166493345,0.0045589657905303884,0.008501927108612684,0.005262659555919982,0.012876734057498375
roberta_twitter_sentiment,2500,154,0.003402082805937027,0.005544982627616578,0.0037418549810929124,0.007583092030715092,0.004192854804278384,0.011993760307265806
roberta_twitter_sentiment,2500,155,0.003402082805937027,-0.00041235843810878274,0.003448944418271149,0.0057825708057399694,0.0031546425171817866,0.010687018665508977
roberta_twitter_sentiment,2500,156,0.003402082805937027,0.0012895162273745405,0.003254175822987095,0.006051025117828987,0.0034350724473349034,0.010575983081276776
roberta_twitter_sentiment,2500,157,0.003402082805937027,0.002015727581601989,0.0022817616544410706,0.005742244355589515,0.002938563760109254,0.010236935180569043
roberta_twitter_sentiment,2500,158,0.003402082805937027,0.0045094426527997914,0.003039595357039945,0.00719898847337617,0.0033547483966287032,0.012281625489018904
roberta_twitter_sentiment,2500,159,0.003402082805937027,0.0029184040334983927,0.0040633836183703404,0.007588083668819377,0.004587135377062136,0.01132681799195086
roberta_twitter_sentiment,2500,160,0.003402082805937027,0.007405094206720405,0.0042529665377226454,0.007666878684421697,0.0049502441074582414,0.01194544726415962
roberta_twitter_sentiment,2500,161,0.003402082805937027,0.004838489864573092,0.005344618002073859,0.009385824049357748,0.005948508805255356,0.013472848943163994
roberta_twitter_sentiment,2500,162,0.003402082805937027,0.0007324720142357343,0.0026963041033350008,0.00480916482741612,0.0028485554780877114,0.00958601691467805
roberta_twitter_sentiment,2500,163,0.003402082805937027,0.0025506493468407665,0.0032876073292510384,0.005881891987055725,0.003261547836030788,0.010537141668358887
roberta_twitter_sentiment,2500,164,0.003402082805937027,0.005655393470549899,0.003933060292286687,0.006854661189841986,0.004504216604500641,0.01150888918976378
roberta_twitter_sentiment,2500,165,0.003402082805937027,0.0023476141928969376,0.004407858268994875,0.00941031329434556,0.004587701734767603,0.012326946101648181
roberta_twitter_sentiment,2500,166,0.003402082805937027,0.006625188521543953,0.004598187811441069,0.007224882067123809,0.004147249711281826,0.012820618467477445
roberta_twitter_sentiment,2500,167,0.003402082805937027,0.0021536392615499537,0.003376460099403217,0.00581512378769449,0.003411176333238833,0.010592807447640946
roberta_twitter_sentiment,2500,168,0.003402082805937027,-0.002554944556723801,0.002391608593105669,0.004299832669034907,0.0026262684136807058,0.010187007252973718
roberta_twitter_sentiment,2500,169,0.003402082805937027,0.0060936373623690105,0.0019193731938093772,0.0052543303335496165,0.002485099699599838,0.010550100629777924
roberta_twitter_sentiment,2500,170,0.003402082805937027,-0.0004226689314127555,0.0022380620104531937,0.006407751705326101,0.0024285504544714303,0.009728381123801857
roberta_twitter_sentiment,2500,171,0.003402082805937027,0.002121110870951177,0.002503848639504903,0.005998366026241035,0.002894449561198731,0.011352352913284286
roberta_twitter_sentiment,2500,172,0.003402082805937027,0.0041575213715984265,0.006085319553289287,0.008691283424418886,0.006551910796511695,0.01332304807474183
roberta_twitter_sentiment,2500,173,0.003402082805937027,-7.57884598023269e-05,0.003516443034899516,0.005091270981975741,0.0035908746537297353,0.008858651495714083
roberta_twitter_sentiment,2500,174,0.003402082805937027,0.005486328892287532,0.0047602040324876685,0.006872825929380686,0.004658281592567359,0.012443489183812518
roberta_twitter_sentiment,2500,175,0.003402082805937027,0.0021887290911912207,0.0031738912034722806,0.005910404271422382,0.003250828443996266,0.009767975342955723
roberta_twitter_sentiment,2500,176,0.003402082805937027,0.0021823533769618764,0.0029958324499777134,0.007527744616412324,0.004164073611275758,0.011583049147707558
roberta_twitter_sentiment,2500,177,0.003402082805937027,0.0032914402737596804,0.003324563388054462,0.0059873161423044975,0.0034437804004475354,0.01105283744710001
roberta_twitter_sentiment,2500,178,0.003402082805937027,0.004625903907729645,0.0034706796031961076,0.006028992958873657,0.004101624142833941,0.011006986902876265
roberta_twitter_sentiment,2500,179,0.003402082805937027,0.0019230463425213343,0.003906996517448479,0.005945901797499155,0.00401421142882335,0.010946508530775573
roberta_twitter_sentiment,2500,180,0.003402082805937027,0.006222325867409311,0.0033906970606723025,0.007379642327059839,0.004665618732865319,0.012818724870350516
roberta_twitter_sentiment,2500,181,0.003402082805937027,0.0008464736321262655,0.0033822769628944678,0.005722265637887232,0.002873217843873689,0.01081611385755022
roberta_twitter_sentiment,2500,182,0.003402082805937027,0.0054586230838646575,0.004848661128635671,0.00790516677241434,0.005197911444913863,0.01308639140330151
roberta_twitter_sentiment,2500,183,0.003402082805937027,-0.0006637571540557079,0.0015802587971208467,0.005246373740874289,0.0020592219908924765,0.010626924361342641
roberta_twitter_sentiment,2500,184,0.003402082805937027,0.00385701698581407,0.003291684024196698,0.006073583789686441,0.0032547329132988343,0.011472014722615578
roberta_twitter_sentiment,2500,185,0.003402082805937027,0.006264440122526056,0.0037600310022562772,0.009108049484956951,0.003905205694435788,0.012350540239031867
roberta_twitter_sentiment,2500,186,0.003402082805937027,0.0019137534089857357,0.002700776805534804,0.0062568788951546375,0.00268544812562944,0.011205344230954763
roberta_twitter_sentiment,2500,187,0.003402082805937027,0.007503527819986495,0.0039477690128461255,0.007343996311427031,0.004017818778623002,0.01337166550300144
roberta_twitter_sentiment,2500,188,0.003402082805937027,0.004733277241255023,0.003948088027619254,0.006509101713573624,0.0038264584483389394,0.013022631441869574
roberta_twitter_sentiment,2500,189,0.003402082805937027,0.008409225834612679,0.003973497799217448,0.00815094245251524,0.004938483867727985,0.013615153651381136
roberta_twitter_sentiment,2500,190,0.003402082805937027,0.004770428397633093,0.0038850098564651874,0.0075501787440891525,0.00440827907033207,0.012700974393616346
roberta_twitter_sentiment,2500,191,0.003402082805937027,0.007517936436679665,0.004647610090749869,0.006980649249954507,0.004830139231114757,0.011031978806664833
roberta_twitter_sentiment,2500,192,0.003402082805937027,0.0032929369327273647,0.002554595827500672,0.005963723398133751,0.0027850938392915085,0.010449872778824238
roberta_twitter_sentiment,2500,193,0.003402082805937027,0.002577672592695912,0.0035231745961403042,0.006573462292740909,0.003589043519366575,0.012498790905195178
roberta_twitter_sentiment,2500,194,0.003402082805937027,0.003706052479869065,0.004033711848496574,0.007083728941822655,0.004624783388174607,0.01287416120928958
roberta_twitter_sentiment,2500,195,0.003402082805937027,0.004495254845401187,0.004083240366282945,0.00839632711633276,0.0041262297364203,0.013282984626146818
roberta_twitter_sentiment,2500,196,0.003402082805937027,0.0013901024146526194,0.0035090001904021554,0.0067883191517209935,0.0036504121310029867,0.010413019355567413
roberta_twitter_sentiment,2500,197,0.003402082805937027,0.004223572382813331,0.003999526284012881,0.006960711110259895,0.004113151400009529,0.012580660978952352
roberta_twitter_sentiment,2500,198,0.003402082805937027,0.0015050481665703486,0.0036629260242002732,0.005710946690000295,0.0035880908492109064,0.010890629539541945
roberta_twitter_sentiment,2500,199,0.003402082805937027,0.00412332189289896,0.005262105837171523,0.009082520118444687,0.006259670677467013,0.013931312177531716
roberta_twitter_sentiment,5000,0,0.003402082805937027,0.003726477166728524,0.0040845362933409,0.006954125922659852,0.004344042717544938,0.014002987792985826
roberta_twitter_sentiment,5000,1,0.003402082805937027,0.0054556477480361175,0.004690386044414595,0.007822506046468381,0.004897496021236238,0.013708102736487444
roberta_twitter_sentiment,5000,2,0.003402082805937027,0.002679124565810884,0.0033449977395387546,0.005678491977490855,0.0036700175585626317,0.011205768871249603
roberta_twitter_sentiment,5000,3,0.003402082805937027,0.004949766676297781,0.00386493061380728,0.006196999402616079,0.004293239614674933,0.011849509856793184
roberta_twitter_sentiment,5000,4,0.003402082805937027,0.000997456155118977,0.002380338655982752,0.004623467668779857,0.002877640313435945,0.009681869530360467
roberta_twitter_sentiment,5000,5,0.003402082805937027,0.004411605078731881,0.003428866744112207,0.006289505179759309,0.003992696616907699,0.012472569116881679
roberta_twitter_sentiment,5000,6,0.003402082805937027,0.0026207025635032423,0.0037985018455099877,0.005743999660418382,0.004209929970584158,0.012191125479171819
roberta_twitter_sentiment,5000,7,0.003402082805937027,0.004438657834644046,0.0031200936635345103,0.0050594583028431145,0.003603108995521379,0.011157757693290334
roberta_twitter_sentiment,5000,8,0.003402082805937027,0.004119859179756766,0.0041629652330207,0.006157120246921652,0.004481578261150769,0.012190566571777334
roberta_twitter_sentiment,5000,9,0.003402082805937027,0.0033159632659843226,0.002684403115687411,0.005077244199986755,0.003514103421671625,0.012072089668066123
roberta_twitter_sentiment,5000,10,0.003402082805937027,0.0038554871747009506,0.004256627967978449,0.007359072811552419,0.005017429085095476,0.013086881660135226
roberta_twitter_sentiment,5000,11,0.003402082805937027,0.005778899071634509,0.0036084842592720642,0.006933894607614638,0.003974267579247667,0.01286236521131373
roberta_twitter_sentiment,5000,12,0.003402082805937027,0.004425339786847286,0.0035764424217117146,0.005938378962667866,0.004359904267918921,0.011780666662345635
roberta_twitter_sentiment,5000,13,0.003402082805937027,0.003154866946894936,0.0029402283169408182,0.005160467101069058,0.00346365070374596,0.012520531076296155
roberta_twitter_sentiment,5000,14,0.003402082805937027,0.0023558813705819867,0.002176343169406874,0.005138851499350946,0.0029674653897495853,0.011864543996868869
roberta_twitter_sentiment,5000,15,0.003402082805937027,0.0035169482084955505,0.004749380858016484,0.0073662621301422305,0.004998984049141088,0.01280899810745781
roberta_twitter_sentiment,5000,16,0.003402082805937027,0.004312117347565874,0.0026645390188223205,0.005471775051039275,0.0030215075523715345,0.011726887634378685
roberta_twitter_sentiment,5000,17,0.003402082805937027,0.0030865418948853667,0.003314368127133745,0.0056141420552860005,0.0036477283918186017,0.011566256949347818
roberta_twitter_sentiment,5000,18,0.003402082805937027,0.0039169752906187535,0.0025563809900582893,0.0049106992322574235,0.0032093683164332093,0.011847152458245818
roberta_twitter_sentiment,5000,19,0.003402082805937027,0.0019075235855787176,0.003596045775708458,0.005644050434981259,0.0037421669255710646,0.012116307224502057
roberta_twitter_sentiment,5000,20,0.003402082805937027,0.004641437328687733,0.003690923253657702,0.005985712662312153,0.0038494136156793884,0.012151423011881046
roberta_twitter_sentiment,5000,21,0.003402082805937027,0.004430046163398346,0.0035031933304036263,0.005607484156564123,0.003594083334337826,0.011077232957529808
roberta_twitter_sentiment,5000,22,0.003402082805937027,0.003095634738297354,0.0033364989207316518,0.005978419799721977,0.003849862451595782,0.011609704812499328
roberta_twitter_sentiment,5000,23,0.003402082805937027,0.004148254802229382,0.0032049198748915876,0.004859254528646112,0.003508634483297524,0.012421139932138758
roberta_twitter_sentiment,5000,24,0.003402082805937027,0.006266567725745389,0.0037432795637119577,0.006670467718523233,0.004409691278875127,0.011781735553009728
roberta_twitter_sentiment,5000,25,0.003402082805937027,0.0019783719795271443,0.003243930836508234,0.005413562360374219,0.003966932445509798,0.011243674062340905
roberta_twitter_sentiment,5000,26,0.003402082805937027,0.0015554640444697205,0.003364097296945973,0.006379628514276778,0.003736932385223826,0.011723135690484601
roberta_twitter_sentiment,5000,27,0.003402082805937027,0.005126338827129564,0.004177547072462803,0.007213346085213029,0.004882988139244856,0.012506863850379904
roberta_twitter_sentiment,5000,28,0.003402082805937027,0.003069789612528508,0.005011604482065496,0.007438140509523842,0.0053214301105101915,0.013695608886713484
roberta_twitter_sentiment,5000,29,0.003402082805937027,0.005777190190291362,0.00422824698793132,0.006385007506137264,0.0047632900597796395,0.013212335035451883
roberta_twitter_sentiment,5000,30,0.003402082805937027,0.004191617247149203,0.004127314963062288,0.0070359222867145185,0.004421168557293274,0.0119248437445487
roberta_twitter_sentiment,5000,31,0.003402082805937027,0.0027106308974990897,0.003469826089082145,0.005943268193054608,0.003967360789967976,0.013143042386086533
roberta_twitter_sentiment,5000,32,0.003402082805937027,0.005224625191127982,0.00211761311330166,0.0051850357895370566,0.0034074420760292433,0.0130835593785851
roberta_twitter_sentiment,5000,33,0.003402082805937027,0.0028983424724601955,0.003275892958937588,0.006012365929939339,0.00364053331365389,0.011658871276964515
roberta_twitter_sentiment,5000,34,0.003402082805937027,0.00315744284614309,0.0038837260190885846,0.006648935614747828,0.004624267755500308,0.01278833898641085
roberta_twitter_sentiment,5000,35,0.003402082805937027,0.0037881191644336155,0.003939680976891052,0.005760771762749677,0.00414475485222195,0.011644118346910854
roberta_twitter_sentiment,5000,36,0.003402082805937027,0.002736766313656283,0.0036732271624180367,0.005919968409777143,0.004040293332953869,0.011524669146260144
roberta_twitter_sentiment,5000,37,0.003402082805937027,0.0036410106119393448,0.00418406857538375,0.005890266484707951,0.004363897324270066,0.011833049664445618
roberta_twitter_sentiment,5000,38,0.003402082805937027,0.005932785058684354,0.003472231092796448,0.006765676361947987,0.003914179687477789,0.013220568929283591
roberta_twitter_sentiment,5000,39,0.003402082805937027,0.0026831066197209163,0.002774030113424695,0.004952758163812547,0.003069041059934231,0.011123983153271653
roberta_twitter_sentiment,5000,40,0.003402082805937027,0.0044792761164348365,0.004206265467592212,0.006507502270612881,0.004557976754182527,0.012697430665768946
roberta_twitter_sentiment,5000,41,0.003402082805937027,0.004695061763818829,0.004265713383536486,0.007635737586710602,0.005154565580333626,0.01340814195110186
roberta_twitter_sentiment,5000,42,0.003402082805937027,0.002249675289647135,0.0028047940951839738,0.005270526339031224,0.003609276264631264,0.01167068721208636
roberta_twitter_sentiment,5000,43,0.003402082805937027,0.003542858569264704,0.0028917960003507315,0.006542094624812416,0.0037886040116450674,0.010867671698443234
roberta_twitter_sentiment,5000,44,0.003402082805937027,0.004794960433322289,0.003728527816981883,0.006359909689034754,0.0039037880218585346,0.012857085810899149
roberta_twitter_sentiment,5000,45,0.003402082805937027,0.00434613987432817,0.0029813824912732945,0.005941494817061273,0.0032343527719482486,0.012137491187675955
roberta_twitter_sentiment,5000,46,0.003402082805937027,0.003593735329741584,0.0030692547423350467,0.005722727374190216,0.003605248189720223,0.010713666810763932
roberta_twitter_sentiment,5000,47,0.003402082805937027,0.003405827101197903,0.003440561695835446,0.005668237893124783,0.003929236196128933,0.011288540807055145
roberta_twitter_sentiment,5000,48,0.003402082805937027,0.0059456926956695,0.0036873466945569343,0.006331432330080609,0.004480950510104874,0.011686342566610905
roberta_twitter_sentiment,5000,49,0.003402082805937027,0.003000328748737951,0.0035861829831901346,0.006098651376381462,0.004016753602939922,0.01130702723672864
roberta_twitter_sentiment,5000,50,0.003402082805937027,0.002032390852108343,0.003156429014114815,0.006042472695585225,0.0034028003728458563,0.01171724024266659
roberta_twitter_sentiment,5000,51,0.003402082805937027,0.0019018760172221612,0.003110685115723394,0.005131871430661597,0.003250466532967664,0.011451174227722186
roberta_twitter_sentiment,5000,52,0.003402082805937027,0.004126185487412182,0.0034571452015447093,0.006224616263041673,0.003997795279412435,0.012583342190744166
roberta_twitter_sentiment,5000,53,0.003402082805937027,0.002386663989397891,0.002579484632325623,0.005304004655497208,0.0030065611345926856,0.010295091850261737
roberta_twitter_sentiment,5000,54,0.003402082805937027,0.002909936693731484,0.004173399132718008,0.00589282555859317,0.004529242047713703,0.01127682997834101
roberta_twitter_sentiment,5000,55,0.003402082805937027,0.0033926382486942908,0.002356622298022776,0.004952798373192843,0.0028880075782103023,0.011023403836254766
roberta_twitter_sentiment,5000,56,0.003402082805937027,0.0006929323098887725,0.0039034479841744,0.00597116546437793,0.0042498476200352134,0.01122555220504941
roberta_twitter_sentiment,5000,57,0.003402082805937027,0.0029347716220686983,0.0030762206634961705,0.006201572387250079,0.0038202351221742433,0.012132931915217016
roberta_twitter_sentiment,5000,58,0.003402082805937027,-0.0005839549193171336,0.0022571995193057617,0.00504808409010806,0.002785580870415041,0.010884643536756633
roberta_twitter_sentiment,5000,59,0.003402082805937027,0.0029739862944970644,0.003990555113049869,0.007560167819486134,0.004340954910513027,0.01275576897436113
roberta_twitter_sentiment,5000,60,0.003402082805937027,0.0065787725407079264,0.0038496113338644783,0.006439076209113196,0.004152641363845887,0.011972485220920396
roberta_twitter_sentiment,5000,61,0.003402082805937027,0.0038458781109511333,0.0031748001758344743,0.006139436261185548,0.004391438983596863,0.012122138363279016
roberta_twitter_sentiment,5000,62,0.003402082805937027,0.004280694542408553,0.0025717923980704805,0.005155281196419742,0.0034233610601024224,0.011431118647137445
roberta_twitter_sentiment,5000,63,0.003402082805937027,0.003303932454092572,0.003100412112761363,0.0055131591729086285,0.003561310183429717,0.011162873676213466
roberta_twitter_sentiment,5000,64,0.003402082805937027,0.0043064258856655956,0.003958535620988365,0.007431972260025323,0.004425297124538585,0.012898366606846408
roberta_twitter_sentiment,5000,65,0.003402082805937027,0.004826033067108152,0.0031330946919981705,0.006433256534186099,0.0041712101808238445,0.012789311843634998
roberta_twitter_sentiment,5000,66,0.003402082805937027,0.0029480009947557007,0.0028799095459667748,0.004501263936658696,0.003437211142421685,0.010187304535648006
roberta_twitter_sentiment,5000,67,0.003402082805937027,0.0005890978461810104,0.0029493600871557703,0.004635936846220138,0.0031497984418321005,0.011639063217504832
roberta_twitter_sentiment,5000,68,0.003402082805937027,0.0037405804767837616,0.0026675019047204232,0.005413808207329145,0.0031216658412966318,0.011223546588856964
roberta_twitter_sentiment,5000,69,0.003402082805937027,0.005083747758066533,0.0029316975261068764,0.004958715563994305,0.003464638007398592,0.0108553500543953
roberta_twitter_sentiment,5000,70,0.003402082805937027,0.006840313622772274,0.003904405091743132,0.006213053737066682,0.004797369648575432,0.013745563143561545
roberta_twitter_sentiment,5000,71,0.003402082805937027,0.003362862889958327,0.003212494235701908,0.006192478315905721,0.003333211943547905,0.012928024715797012
roberta_twitter_sentiment,5000,72,0.003402082805937027,0.005983630359428196,0.004677871763397326,0.00722879099933189,0.004273134705724894,0.012737699652225955
roberta_twitter_sentiment,5000,73,0.003402082805937027,0.0011607337914581986,0.002538120047052651,0.0044897135512623485,0.00295118239495068,0.010549490370845816
roberta_twitter_sentiment,5000,74,0.003402082805937027,0.004782242135138636,0.0030150481248622553,0.005568342763420559,0.0033980279123311447,0.012393886986827826
roberta_twitter_sentiment,5000,75,0.003402082805937027,0.004381694420587754,0.0038825755692694797,0.006005767725254542,0.004424695210390125,0.011832950610049282
roberta_twitter_sentiment,5000,76,0.003402082805937027,0.004980346567757609,0.003508672418751299,0.0072495702058481696,0.004233084907002539,0.013365993988288786
roberta_twitter_sentiment,5000,77,0.003402082805937027,0.0048643736778215246,0.004052821775211454,0.007414348622233961,0.004701224486583277,0.01381174051083702
roberta_twitter_sentiment,5000,78,0.003402082805937027,0.0074696511813031235,0.002670318259555425,0.006937592413352569,0.003977818338292066,0.013093273900517283
roberta_twitter_sentiment,5000,79,0.003402082805937027,0.005038511386807318,0.004901373090223835,0.007795571087438408,0.005204730719041492,0.014386661440804829
roberta_twitter_sentiment,5000,80,0.003402082805937027,0.003902184681068679,0.0038973607435026664,0.00617697859484625,0.0043434726008028945,0.01201509786288231
roberta_twitter_sentiment,5000,81,0.003402082805937027,0.0021544741687860485,0.002930768258729118,0.004580284206597328,0.0030523921725637503,0.010526765647776914
roberta_twitter_sentiment,5000,82,0.003402082805937027,0.0054969486609998015,0.003684679187835417,0.0063148249997385855,0.004177856819139927,0.01326921992414423
roberta_twitter_sentiment,5000,83,0.003402082805937027,0.0019226867880861754,0.0037391497803411994,0.005576466298425631,0.00392548384021802,0.011563013541820018
roberta_twitter_sentiment,5000,84,0.003402082805937027,0.004609335099007102,0.0028873848173084854,0.005765624565466555,0.0035782252898657156,0.012584383547066265
roberta_twitter_sentiment,5000,85,0.003402082805937027,0.00270851370321204,0.003230777981700544,0.005788900082406782,0.003672953395157665,0.01083850980286496
roberta_twitter_sentiment,5000,86,0.003402082805937027,0.0010675623887318733,0.0031742478714398433,0.005434521973937124,0.00363875858730277,0.010713654984507291
roberta_twitter_sentiment,5000,87,0.003402082805937027,0.0025132285585040435,0.003099544020700511,0.006426828616001898,0.003921770043948231,0.011271102159046241
roberta_twitter_sentiment,5000,88,0.003402082805937027,0.0023540004802290833,0.0029510864972945978,0.005177613870281893,0.0033782043018362345,0.012529340929510755
roberta_twitter_sentiment,5000,89,0.003402082805937027,0.009353528329937574,0.003929221140812615,0.006856297523773687,0.004508763724530047,0.014310807678303191
roberta_twitter_sentiment,5000,90,0.003402082805937027,0.0014258060397946103,0.00266760600183746,0.0045692305045174604,0.003103163270083669,0.010637844959294384
roberta_twitter_sentiment,5000,91,0.003402082805937027,0.0029646501536378577,0.002979434333213752,0.005620399057426971,0.0037351833537448156,0.011242197776394297
roberta_twitter_sentiment,5000,92,0.003402082805937027,0.0032700769518548794,0.002876687888609143,0.005636294582771076,0.0038517589459037727,0.013253636768269109
roberta_twitter_sentiment,5000,93,0.003402082805937027,0.006027314157110907,0.0030431688255256914,0.005966395421895365,0.003411743223211022,0.0127290239905851
roberta_twitter_sentiment,5000,94,0.003402082805937027,0.003132112355792765,0.0030776542513104937,0.005955757227753203,0.003740894727527697,0.01224683511379255
roberta_twitter_sentiment,5000,95,0.003402082805937027,0.0026087183287374503,0.004145563279169783,0.006072201737143257,0.0046163034696960654,0.01176944822868986
roberta_twitter_sentiment,5000,96,0.003402082805937027,0.0029678051698156416,0.003147932603148807,0.006132217104033022,0.003374314013809215,0.012299140736861582
roberta_twitter_sentiment,5000,97,0.003402082805937027,0.0041397616184939276,0.0026552299059628827,0.005751986293546644,0.002947952091793593,0.010888264790703504
roberta_twitter_sentiment,5000,98,0.003402082805937027,0.0020619413511482453,0.002252544000943946,0.004615759094606414,0.0025759313754127704,0.01058129260527463
roberta_twitter_sentiment,5000,99,0.003402082805937027,0.002329708490570568,0.003292245694760366,0.006044823061732169,0.0035624285116830014,0.011586541969869366
roberta_twitter_sentiment,5000,100,0.003402082805937027,0.002768357716498773,0.0022412645562083352,0.005950341850045911,0.0028374246403426832,0.011624820243961392
roberta_twitter_sentiment,5000,101,0.003402082805937027,0.004069642007492045,0.0031627091004604365,0.0061580094343037925,0.003655867974092219,0.011518163400331759
roberta_twitter_sentiment,5000,102,0.003402082805937027,0.0021471133350327355,0.003745698291489337,0.0062816658617528736,0.004386434181137768,0.011659823827671466
roberta_twitter_sentiment,5000,103,0.003402082805937027,0.0028634233895881364,0.0034656591724487604,0.006189273624922959,0.004265660896210374,0.011770937104755633
roberta_twitter_sentiment,5000,104,0.003402082805937027,0.0038632595503125785,0.003786379583665695,0.005973895474187017,0.004011856429867164,0.011649139075360635
roberta_twitter_sentiment,5000,105,0.003402082805937027,0.0034220878766091246,0.0036680609071868754,0.00554734673239339,0.0038573224139763326,0.012020373147525356
roberta_twitter_sentiment,5000,106,0.003402082805937027,0.0025829982287239447,0.0031224039897277214,0.005698662865349632,0.003690731936758199,0.010896497502453572
roberta_twitter_sentiment,5000,107,0.003402082805937027,0.00283931319273143,0.0024516029733185024,0.004634745045056286,0.002815452499641574,0.011259804671818505
roberta_twitter_sentiment,5000,108,0.003402082805937027,0.0037507768850155976,0.002714383966888119,0.005496064152058661,0.0030979628810993407,0.011563639941816544
roberta_twitter_sentiment,5000,109,0.003402082805937027,0.003112535083397695,0.0037199547892507907,0.0067725196023235255,0.004289787082582151,0.012375161601692868
roberta_twitter_sentiment,5000,110,0.003402082805937027,0.0014546730513408028,0.003252590733069086,0.005275273835160966,0.0034512044522309925,0.011071383377293192
roberta_twitter_sentiment,5000,111,0.003402082805937027,0.0023085407569923746,0.0038767026691405772,0.006138583616352758,0.004122905768015459,0.012040231361713786
roberta_twitter_sentiment,5000,112,0.003402082805937027,0.0043372433355096255,0.002730483449422153,0.005929316424686703,0.0032902891901617293,0.011869421376059537
roberta_twitter_sentiment,5000,113,0.003402082805937027,0.0019092152019406121,0.002528972191523598,0.004599719877216481,0.002785162947646109,0.010608429694388459
roberta_twitter_sentiment,5000,114,0.003402082805937027,0.0071384690765255755,0.005328704428853905,0.008438309423173354,0.005747396824480137,0.014738140489200878
roberta_twitter_sentiment,5000,115,0.003402082805937027,0.004452248867017998,0.0028174995720941514,0.005775027030770675,0.003208531368086507,0.010652630694702618
roberta_twitter_sentiment,5000,116,0.003402082805937027,0.0032860258083167834,0.002390840926964696,0.005296089428440423,0.0027387083294169623,0.011403152711055714
roberta_twitter_sentiment,5000,117,0.003402082805937027,0.005787248612168859,0.003934474001069461,0.0055760900603558155,0.00396955133212208,0.010684092283343343
roberta_twitter_sentiment,5000,118,0.003402082805937027,0.0027271258395839657,0.0036507674445590338,0.00596667850514534,0.0042087725197459125,0.01219939754740378
roberta_twitter_sentiment,5000,119,0.003402082805937027,0.002204210707992438,0.004884912949298502,0.007547694470942684,0.005398205664482749,0.012526850516438256
roberta_twitter_sentiment,5000,120,0.003402082805937027,0.003403169425596296,0.0027986066749152334,0.005280641252162158,0.0031543112247935687,0.01140732740117841
roberta_twitter_sentiment,5000,121,0.003402082805937027,0.004474615473916185,0.004357189027707755,0.007830587735978353,0.005278461989449543,0.013923032268082485
roberta_twitter_sentiment,5000,122,0.003402082805937027,0.003847098994591096,0.0027734923727353905,0.005033242242304928,0.003452297384700516,0.01069719653749779
roberta_twitter_sentiment,5000,123,0.003402082805937027,0.0038723103108449365,0.004732284505293356,0.007178725594111123,0.005257117513514609,0.012383060356975933
roberta_twitter_sentiment,5000,124,0.003402082805937027,0.002877055958506343,0.003643892896653187,0.0061407536229889596,0.004115341552659716,0.012053059173871263
roberta_twitter_sentiment,5000,125,0.003402082805937027,0.004539538826813284,0.0033280741847737374,0.006451700890566295,0.00428765255631291,0.012872085124219201
roberta_twitter_sentiment,5000,126,0.003402082805937027,0.005284981205029252,0.0038007159780553057,0.006609612191792707,0.004344305742735301,0.012883487624703148
roberta_twitter_sentiment,5000,127,0.003402082805937027,0.0018857257204407285,0.0038742954844805883,0.005836746198989384,0.004379972238015541,0.011670334159760347
roberta_twitter_sentiment,5000,128,0.003402082805937027,0.00340233973865787,0.003554361434413566,0.00660676972712043,0.00450731212144704,0.013188799931435399
roberta_twitter_sentiment,5000,129,0.003402082805937027,0.0016366947075673562,0.002693172121225011,0.00451595663538996,0.0029542822225637243,0.0099225967604301
roberta_twitter_sentiment,5000,130,0.003402082805937027,0.004266320859412047,0.0034391399206243844,0.005768365103954468,0.0038377471727854507,0.012169030743184997
roberta_twitter_sentiment,5000,131,0.003402082805937027,0.003299815098105298,0.0021311510883822707,0.004393601651335133,0.0028857521246685803,0.010222549422059215
roberta_twitter_sentiment,5000,132,0.003402082805937027,0.0009049561619212833,0.002161433529329359,0.004675149996868604,0.00268296062825524,0.010440743378622898
roberta_twitter_sentiment,5000,133,0.003402082805937027,0.0022927423132340346,0.0037663228129366684,0.006940350327351999,0.004255069666561182,0.01264646151662139
roberta_twitter_sentiment,5000,134,0.003402082805937027,0.001771318033913326,0.0033964659568727954,0.005579146321952207,0.0037884289424658458,0.011699142038680723
roberta_twitter_sentiment,5000,135,0.003402082805937027,0.005197653571947248,0.0035053346802182556,0.00574748408364291,0.0038790585582007043,0.011850154606022971
roberta_twitter_sentiment,5000,136,0.003402082805937027,0.0032557102742499042,0.003469020297790245,0.006034216117726295,0.004119772315670606,0.012372266226634659
roberta_twitter_sentiment,5000,137,0.003402082805937027,0.004414021569261651,0.0036926840752128038,0.0052681774837302145,0.00392113423023588,0.01176947255832361
roberta_twitter_sentiment,5000,138,0.003402082805937027,0.0018112766706395683,0.002912157813683357,0.005321565709913099,0.00330152274596522,0.011694879072167267
roberta_twitter_sentiment,5000,139,0.003402082805937027,0.005461924669488533,0.0034278134020938994,0.005821500336408862,0.004090399273533702,0.013020903607990075
roberta_twitter_sentiment,5000,140,0.003402082805937027,0.003641256280659285,0.003280501227993826,0.005516475034949369,0.0037965035290344075,0.012207147856170646
roberta_twitter_sentiment,5000,141,0.003402082805937027,0.0045923166501348955,0.0033048888836462844,0.005898253224241383,0.0038165322911432992,0.0110382114921727
roberta_twitter_sentiment,5000,142,0.003402082805937027,0.0016623681960370891,0.0023449221394795756,0.004818983549013324,0.0027845404223992704,0.010740213431880637
roberta_twitter_sentiment,5000,143,0.003402082805937027,0.002143907819567405,0.002991088444892101,0.005895187378852673,0.003168131501564952,0.010609736978621586
roberta_twitter_sentiment,5000,144,0.003402082805937027,0.003659736733381651,0.002400426004693925,0.004949228131274715,0.00285586052555226,0.011817075786963865
roberta_twitter_sentiment,5000,145,0.003402082805937027,0.0026523318303810395,0.004385965649738334,0.007390223382095818,0.004453870086947139,0.013146429941511247
roberta_twitter_sentiment,5000,146,0.003402082805937027,0.0008720165319418417,0.0029757912162949006,0.005167950277295402,0.003348591943814998,0.010603959958328605
roberta_twitter_sentiment,5000,147,0.003402082805937027,0.0028742522510726,0.0037000477496940435,0.005912541063497393,0.004098349748319687,0.011953156677248463
roberta_twitter_sentiment,5000,148,0.003402082805937027,0.002169642791175176,0.002043621482058437,0.0041924533183945525,0.0025331734743049826,0.010483172016315071
roberta_twitter_sentiment,5000,149,0.003402082805937027,0.0008492426561962866,0.0020644415102863563,0.0043799456271278545,0.0023132875493411067,0.011111511317526858
roberta_twitter_sentiment,5000,150,0.003402082805937027,0.0051084277255364005,0.005331428342008223,0.007909572216319945,0.0061444182854293915,0.013443561837240917
roberta_twitter_sentiment,5000,151,0.003402082805937027,0.002243681331446513,0.0025038800405696245,0.005137560720896629,0.0034568388321449786,0.01020895970989987
roberta_twitter_sentiment,5000,152,0.003402082805937027,0.005480316102953244,0.003973518977363111,0.006317734630166524,0.004533787224799071,0.013933675879210341
roberta_twitter_sentiment,5000,153,0.003402082805937027,0.004665849596132321,0.004307449613566927,0.007509731976416525,0.005190385906908331,0.013399828207245099
roberta_twitter_sentiment,5000,154,0.003402082805937027,-0.00045191347263483445,0.001696586995890748,0.004718778940936033,0.002101032950570483,0.009164953964247425
roberta_twitter_sentiment,5000,155,0.003402082805937027,0.004586350764130832,0.0040467889687289356,0.006687767213317508,0.0043209613388769386,0.011459725806335837
roberta_twitter_sentiment,5000,156,0.003402082805937027,0.001143346846747676,0.0032798581577810947,0.005604200451308726,0.0036223317987702525,0.01055483044461622
roberta_twitter_sentiment,5000,157,0.003402082805937027,0.00555347113968652,0.00243993548950675,0.004949044445675381,0.002921835704167804,0.01138691920892126
roberta_twitter_sentiment,5000,158,0.003402082805937027,0.00397281305662531,0.003965307962003716,0.006155107185135099,0.004373452237831363,0.011902779971982502
roberta_twitter_sentiment,5000,159,0.003402082805937027,0.004763870215507589,0.003918505872495113,0.006413211231634132,0.004379245606866073,0.012538752896267127
roberta_twitter_sentiment,5000,160,0.003402082805937027,0.005164856023624381,0.00361622274871385,0.006961568760899563,0.004342999845414366,0.013620113247837896
roberta_twitter_sentiment,5000,161,0.003402082805937027,0.00413299226058613,0.0032839456196831823,0.0057470504132451266,0.003847129861293175,0.012112817176378408
roberta_twitter_sentiment,5000,162,0.003402082805937027,0.004114362914036102,0.003682408223772068,0.005463361333264864,0.0037139618679841555,0.012071812361690979
roberta_twitter_sentiment,5000,163,0.003402082805937027,0.00963686313179487,0.005147228727352658,0.007976635938943728,0.005626620665412216,0.01452970848058841
roberta_twitter_sentiment,5000,164,0.003402082805937027,0.0015363611859679194,0.0028584377685199154,0.005552657500789904,0.003140162028377751,0.010481440563091051
roberta_twitter_sentiment,5000,165,0.003402082805937027,0.004128755895060839,0.0038947509715308833,0.006906112160443754,0.004760719145326329,0.012169871748230556
roberta_twitter_sentiment,5000,166,0.003402082805937027,0.00491051612956352,0.004223166671140855,0.0067861944752642955,0.004605284799087646,0.012253589380079921
roberta_twitter_sentiment,5000,167,0.003402082805937027,0.0061862020763932875,0.003578544827862137,0.005817651442052019,0.00402083751258604,0.013111340877110397
roberta_twitter_sentiment,5000,168,0.003402082805937027,0.004522531213341879,0.003206980122252563,0.006399316214372316,0.003938829443691214,0.01331425689503738
roberta_twitter_sentiment,5000,169,0.003402082805937027,0.0046854679964199245,0.0029628285527935,0.0062047616249097815,0.0035420030398373354,0.012008051979321746
roberta_twitter_sentiment,5000,170,0.003402082805937027,0.0031671360355897144,0.003370292854075401,0.00609760124386452,0.0040353584391601355,0.013220604906107446
roberta_twitter_sentiment,5000,171,0.003402082805937027,0.004243021572231653,0.0031855240430765917,0.006444187642984708,0.003753079542308541,0.012778599629951646
roberta_twitter_sentiment,5000,172,0.003402082805937027,0.00413235830378491,0.0025487810007715993,0.0049760070923826,0.0028387298449610897,0.010267713524772923
roberta_twitter_sentiment,5000,173,0.003402082805937027,0.002565097326930411,0.0022635925031291894,0.005099299266791008,0.003235178695243786,0.011051140933740001
roberta_twitter_sentiment,5000,174,0.003402082805937027,0.002238676763103816,0.0029554854460682248,0.005337985453169903,0.003307562463969341,0.01033922280029317
roberta_twitter_sentiment,5000,175,0.003402082805937027,0.006509740551503325,0.0030992744356262386,0.00597765848137443,0.0034680124469270842,0.012898478211332448
roberta_twitter_sentiment,5000,176,0.003402082805937027,0.004198497895458673,0.003227532873838646,0.005594070055853617,0.0038659530620092936,0.012108024809219098
roberta_twitter_sentiment,5000,177,0.003402082805937027,0.003152042027583153,0.003180375104235383,0.005026736815833903,0.003908637900935523,0.010897397974659578
roberta_twitter_sentiment,5000,178,0.003402082805937027,0.005191969306332268,0.0034799456196444524,0.0061018169537588604,0.004044546247769721,0.012044010578024407
roberta_twitter_sentiment,5000,179,0.003402082805937027,0.004010366632103655,0.002710749512192994,0.005900830162886687,0.0033702422514334637,0.012695641680954816
roberta_twitter_sentiment,5000,180,0.003402082805937027,0.005090891076119184,0.003989963573720052,0.006816646131476637,0.004931564944490095,0.013158086063520036
roberta_twitter_sentiment,5000,181,0.003402082805937027,0.002403244468859648,0.003222800239216728,0.005443894361164133,0.003960599331779545,0.011725958411196613
roberta_twitter_sentiment,5000,182,0.003402082805937027,0.0017451902856275598,0.0037507544667810203,0.006070546571615962,0.003761386317583181,0.011237759296929325
roberta_twitter_sentiment,5000,183,0.003402082805937027,0.0012636841863467917,0.0034793901125174,0.005767765964874063,0.003864308939620133,0.011757902426667839
roberta_twitter_sentiment,5000,184,0.003402082805937027,0.002204342712753396,0.003967847986889678,0.006863412046823249,0.004231034255591397,0.0127327516490942
roberta_twitter_sentiment,5000,185,0.003402082805937027,0.002626673409788663,0.0033143646741259675,0.005557516990763943,0.004012750827199524,0.011619959450269021
roberta_twitter_sentiment,5000,186,0.003402082805937027,0.005958108887818513,0.0032622687259395112,0.005742188776368216,0.0034890527489888725,0.011201412088317675
roberta_twitter_sentiment,5000,187,0.003402082805937027,0.007254242226605719,0.004245274248422038,0.00684347669930413,0.004887345174475808,0.013184767267501013
roberta_twitter_sentiment,5000,188,0.003402082805937027,0.0029823621610960797,0.003181967098357828,0.005813873673966142,0.0036370700704621193,0.012185464449776959
roberta_twitter_sentiment,5000,189,0.003402082805937027,0.001039255968557797,0.002855316184914289,0.0048317967229226,0.0033055744974457056,0.0118835071106607
roberta_twitter_sentiment,5000,190,0.003402082805937027,0.006766432743027038,0.005136609617861878,0.008044829306391275,0.005548385175219788,0.014284756479416509
roberta_twitter_sentiment,5000,191,0.003402082805937027,0.0024156708950266344,0.003300482702921418,0.0056340324736173855,0.003816933624310861,0.011807852913352332
roberta_twitter_sentiment,5000,192,0.003402082805937027,0.004845225174289943,0.004205280768894492,0.007360266575121054,0.004645252975786438,0.012292192462117603
roberta_twitter_sentiment,5000,193,0.003402082805937027,0.005810692494887476,0.0038204546098196215,0.005762203655776022,0.0039014799283438603,0.012149618511003808
roberta_twitter_sentiment,5000,194,0.003402082805937027,0.0033509807666112315,0.004253939180752709,0.006277977003414878,0.004646088017806171,0.011873401495075509
roberta_twitter_sentiment,5000,195,0.003402082805937027,0.00402395100359043,0.0034332224097750152,0.005893650760314691,0.0039038621769757437,0.011249167921046872
roberta_twitter_sentiment,5000,196,0.003402082805937027,0.002720993971759565,0.0033800653679622915,0.006061731580879773,0.0036420436117167955,0.012351822808570043
roberta_twitter_sentiment,5000,197,0.003402082805937027,0.005443850163227623,0.003408861809658639,0.005679093233718033,0.004264125583443976,0.012496672649348034
roberta_twitter_sentiment,5000,198,0.003402082805937027,0.003661347519411955,0.0035288410673375986,0.006333579435555065,0.004080318950272792,0.012943450109210063
roberta_twitter_sentiment,5000,199,0.003402082805937027,0.0026116098717984112,0.0034560561822695067,0.006133204637198307,0.003936651953607681,0.01171120111778942
roberta_twitter_sentiment,7500,0,0.003402082805937027,0.0033177406149011946,0.0028407841987386153,0.005498230992423376,0.0032810503579101345,0.011833524494286889
roberta_twitter_sentiment,7500,1,0.003402082805937027,0.004853070258001257,0.0035647381734627255,0.0057968348005578724,0.004054108378051417,0.01325251440217602
roberta_twitter_sentiment,7500,2,0.003402082805937027,0.0024151371470413,0.0027692163117898406,0.004845957965784582,0.0029574542453102153,0.010673606466114493
roberta_twitter_sentiment,7500,3,0.003402082805937027,0.003520463545990126,0.002906340134783007,0.005119097655452973,0.003358272104669966,0.011501677629713736
roberta_twitter_sentiment,7500,4,0.003402082805937027,0.003236222972249499,0.0035442530681134648,0.005477988602195184,0.0040142052709010246,0.011843524164389756
roberta_twitter_sentiment,7500,5,0.003402082805937027,0.005572792215576068,0.003184542169192966,0.005309413975098087,0.003714563553132274,0.01190863809733677
roberta_twitter_sentiment,7500,6,0.003402082805937027,0.004048113873222919,0.0022799046132323158,0.004753329932682494,0.0030531570750286117,0.011358142708693252
roberta_twitter_sentiment,7500,7,0.003402082805937027,0.0043361907570278,0.0035348865735661157,0.005503501831869695,0.004012302711789323,0.012448274512394482
roberta_twitter_sentiment,7500,8,0.003402082805937027,0.005543973769643414,0.0034821632785493333,0.0058437581129487754,0.004010313897374343,0.012548111708825256
roberta_twitter_sentiment,7500,9,0.003402082805937027,0.0033703540426058354,0.002833301603043206,0.005356781959846696,0.0034321008482480313,0.01220789028037892
roberta_twitter_sentiment,7500,10,0.003402082805937027,0.00472899551337226,0.003277628363162978,0.005068313399427824,0.0036491535789324714,0.011508171025158234
roberta_twitter_sentiment,7500,11,0.003402082805937027,0.0017006663812552626,0.002885675241247213,0.005357637512826572,0.0030763848856396833,0.012061320330365114
roberta_twitter_sentiment,7500,12,0.003402082805937027,0.0024214055080328013,0.002946401557972742,0.005698602410218453,0.003865641022746623,0.011880763607527007
roberta_twitter_sentiment,7500,13,0.003402082805937027,0.008104375820883618,0.004247387715580216,0.006792364690959613,0.004557493548193238,0.013507234087759681
roberta_twitter_sentiment,7500,14,0.003402082805937027,0.006288007141605909,0.0034298244270629993,0.006019652170830509,0.004069183603731452,0.01281775418551042
roberta_twitter_sentiment,7500,15,0.003402082805937027,0.0019917921960843714,0.0029918825723277763,0.005028162462969682,0.003512114071749032,0.011983944980042686
roberta_twitter_sentiment,7500,16,0.003402082805937027,0.0031910078407656633,0.0031631707732295805,0.005766522416165501,0.003877813637756926,0.012214658944195654
roberta_twitter_sentiment,7500,17,0.003402082805937027,0.006150582992295985,0.0037197659780426797,0.006387746879048229,0.004307887167120002,0.013767264291679482
roberta_twitter_sentiment,7500,18,0.003402082805937027,0.0015637599344494868,0.002922201853859466,0.005451373228533762,0.0037472041746627505,0.011807925030360366
roberta_twitter_sentiment,7500,19,0.003402082805937027,0.002380758748949097,0.0029662148831736184,0.0054214732164424625,0.003682827648786692,0.01248027446973294
roberta_twitter_sentiment,7500,20,0.003402082805937027,0.002420711992828232,0.0033119891147366126,0.005220034787424033,0.003733779357208492,0.011548992339657286
roberta_twitter_sentiment,7500,21,0.003402082805937027,0.0029342083090691984,0.002834355702346172,0.0062019235097123355,0.0034073576341578592,0.012413472446869552
roberta_twitter_sentiment,7500,22,0.003402082805937027,0.002594538053216336,0.0035919842533719644,0.005275275841669296,0.004001186962219493,0.01204699355013975
roberta_twitter_sentiment,7500,23,0.003402082805937027,0.0013755619784795482,0.0030241357559655582,0.005034378368870701,0.0033809710518405986,0.010583364468776947
roberta_twitter_sentiment,7500,24,0.003402082805937027,0.001107647840042479,0.0024450416251320453,0.004605269640177786,0.003103977562746018,0.010378997204634763
roberta_twitter_sentiment,7500,25,0.003402082805937027,0.002838904266501737,0.002585899000393119,0.004299506747517623,0.0031203932710972323,0.01064805761096521
roberta_twitter_sentiment,7500,26,0.003402082805937027,0.0030755463286600577,0.003065725740309227,0.005088446062929726,0.0034365420696935004,0.011379555586791178
roberta_twitter_sentiment,7500,27,0.003402082805937027,0.0022609806657099985,0.0027575199881057634,0.004842605091722249,0.0029375081165403283,0.009967517047020445
roberta_twitter_sentiment,7500,28,0.003402082805937027,0.0029379188324235354,0.0034081972451776217,0.005505972060704419,0.0038650228360338655,0.011799747713545972
roberta_twitter_sentiment,7500,29,0.003402082805937027,0.002368775622029191,0.002764615504428972,0.004963381133111398,0.0034089223380749027,0.011906816269713415
roberta_twitter_sentiment,7500,30,0.003402082805937027,0.004565985262320034,0.003251311418619777,0.005829577279908589,0.004007855041584015,0.011708168966073568
roberta_twitter_sentiment,7500,31,0.003402082805937027,0.004485402045981823,0.003325293136572358,0.0059451947040754785,0.0037987473549737174,0.01217289879668516
roberta_twitter_sentiment,7500,32,0.003402082805937027,0.0038378006457417077,0.0022823262781913414,0.004891897395183077,0.0031443680201740922,0.01187366319855796
roberta_twitter_sentiment,7500,33,0.003402082805937027,0.0036077230412604458,0.003579466193958807,0.00596961584121113,0.004205887600506801,0.012138172224158143
roberta_twitter_sentiment,7500,34,0.003402082805937027,0.0022682936389060897,0.001849007410957208,0.0036654764565109913,0.002196702376203883,0.010826913217993178
roberta_twitter_sentiment,7500,35,0.003402082805937027,0.0022207407846375695,0.0020552382756922685,0.00437289526408169,0.002526371413195744,0.010458758568604665
roberta_twitter_sentiment,7500,36,0.003402082805937027,0.004791296106141519,0.0036786173607706416,0.006289051694250617,0.004062277801366627,0.01225959652906961
roberta_twitter_sentiment,7500,37,0.003402082805937027,0.0008787367669711236,0.0031593120217347816,0.0047754332641478225,0.0032914382256811095,0.011080929806989027
roberta_twitter_sentiment,7500,38,0.003402082805937027,0.002419132324162756,0.0033371420686305205,0.005042354796020024,0.0038583312179497177,0.01183195494914972
roberta_twitter_sentiment,7500,39,0.003402082805937027,0.002727536555209446,0.003828093480710281,0.006228907368635183,0.004540075717732452,0.012759314921090678
roberta_twitter_sentiment,7500,40,0.003402082805937027,0.004648449912757627,0.004235221780214185,0.006363140425184827,0.004722195705311427,0.01212796440213889
roberta_twitter_sentiment,7500,41,0.003402082805937027,0.004593496958600599,0.0036487739363960598,0.005943050056308093,0.00417251220232148,0.01184270102995656
roberta_twitter_sentiment,7500,42,0.003402082805937027,0.0037530718716438705,0.003584720193986528,0.00569071986307022,0.0041052108267359425,0.012279526042793703
roberta_twitter_sentiment,7500,43,0.003402082805937027,0.005302800873452069,0.0033332280682685095,0.00599755377284021,0.004058342123344507,0.013154941813889674
roberta_twitter_sentiment,7500,44,0.003402082805937027,0.003047223891907674,0.0025296094866327293,0.0047637237842914635,0.002943846438794517,0.01118610634195757
roberta_twitter_sentiment,7500,45,0.003402082805937027,0.0025442904057274437,0.0029892173874032646,0.004896295840999094,0.003376701493613874,0.012292244930108344
roberta_twitter_sentiment,7500,46,0.003402082805937027,0.002696393568399959,0.003759042576427042,0.005537591973785807,0.003826717986188544,0.01204627958364404
roberta_twitter_sentiment,7500,47,0.003402082805937027,0.002791677159133774,0.0035372107522642733,0.005632864858466462,0.0037984359366134424,0.012390882699263285
roberta_twitter_sentiment,7500,48,0.003402082805937027,0.0051630932748128544,0.004003625558189924,0.006421113703169689,0.00446170024684802,0.013026382583760501
roberta_twitter_sentiment,7500,49,0.003402082805937027,0.003480279914146274,0.003883045495070799,0.006040761868835921,0.004433061001240605,0.01191793113895649
roberta_twitter_sentiment,7500,50,0.003402082805937027,0.0022689018501224115,0.002309915199227134,0.004011653135085528,0.0025966108659680135,0.00959385795434179
roberta_twitter_sentiment,7500,51,0.003402082805937027,0.004968574674739411,0.0030053919038672936,0.0057821249605494816,0.003544995899984122,0.011834834895489341
roberta_twitter_sentiment,7500,52,0.003402082805937027,0.0021991594185942057,0.002596305282955921,0.004680159378251297,0.0030800662069355245,0.011790158033953266
roberta_twitter_sentiment,7500,53,0.003402082805937027,0.005654413395734757,0.004234143648859517,0.006174150713745627,0.0043910490376629085,0.01319271098536211
roberta_twitter_sentiment,7500,54,0.003402082805937027,0.004014561787855516,0.002444599726618314,0.005233190801509072,0.003113664579742462,0.011601040491193997
roberta_twitter_sentiment,7500,55,0.003402082805937027,0.0009553901011691314,0.0028195485162370863,0.00451952752512834,0.003137924879992891,0.010671794006829586
roberta_twitter_sentiment,7500,56,0.003402082805937027,0.0025566939342375862,0.0032892688397668764,0.005014115327208858,0.003554598676868936,0.010865122191326343
roberta_twitter_sentiment,7500,57,0.003402082805937027,0.004247318341140904,0.0034414990889036247,0.006066888829939655,0.003866204363834809,0.012154717935709578
roberta_twitter_sentiment,7500,58,0.003402082805937027,0.005095217820432248,0.0034546182854194862,0.005749132993934769,0.004232807578186351,0.012524494392283557
roberta_twitter_sentiment,7500,59,0.003402082805937027,0.00400251746958951,0.0033884733040200807,0.006057949013651707,0.004098411289490967,0.011941482317482292
roberta_twitter_sentiment,7500,60,0.003402082805937027,0.003955944226472483,0.0028778637097413885,0.005514445087990277,0.0034797052612935368,0.011329669813009634
roberta_twitter_sentiment,7500,61,0.003402082805937027,0.0023373397902621564,0.0024256893999163942,0.004754735349110023,0.0030391872493535465,0.01114735722725379
roberta_twitter_sentiment,7500,62,0.003402082805937027,0.0024161253553942772,0.002535068156788578,0.004841545286703413,0.0030520373315987724,0.011350147898030682
roberta_twitter_sentiment,7500,63,0.003402082805937027,0.003714008950936373,0.0033708087819537005,0.005452273750856583,0.003919612289108158,0.011978088478191954
roberta_twitter_sentiment,7500,64,0.003402082805937027,0.0049255325707548625,0.002987447938773234,0.0056149194112934,0.0037589614215625877,0.011624142488641988
roberta_twitter_sentiment,7500,65,0.003402082805937027,0.0036648480799645654,0.003758487253389889,0.006388077831773126,0.004215490104110954,0.012683458708768086
roberta_twitter_sentiment,7500,66,0.003402082805937027,0.0020892587266103588,0.0025561055501461807,0.004084144915233907,0.002653743974066189,0.01088396645186504
roberta_twitter_sentiment,7500,67,0.003402082805937027,0.004071442038746756,0.003535576123704559,0.006063008912217403,0.004026074557641546,0.012494506440388362
roberta_twitter_sentiment,7500,68,0.003402082805937027,0.002591946256796667,0.0031958792394998943,0.004826508042006512,0.0035229859179036075,0.011323734167123768
roberta_twitter_sentiment,7500,69,0.003402082805937027,0.004050994130534937,0.003733359172077755,0.005945212552736834,0.004194315784294642,0.011940747099639193
roberta_twitter_sentiment,7500,70,0.003402082805937027,0.0032960525228465736,0.002730258207449398,0.005135864602543557,0.00318248204426502,0.010586470532352552
roberta_twitter_sentiment,7500,71,0.003402082805937027,0.0023657272254060057,0.002748539079736417,0.005022850961083098,0.0029869332814841366,0.011217872417466433
roberta_twitter_sentiment,7500,72,0.003402082805937027,0.001664511066599094,0.0031135920535256788,0.004946573142562909,0.0034074056037813327,0.010328369631960628
roberta_twitter_sentiment,7500,73,0.003402082805937027,0.003517947243936592,0.00393888864891295,0.006972356231318257,0.004598200352143365,0.01242564728564684
roberta_twitter_sentiment,7500,74,0.003402082805937027,0.004732848358800211,0.0039730305123672404,0.006545639257667215,0.004363730150795655,0.012328044536838043
roberta_twitter_sentiment,7500,75,0.003402082805937027,0.004425832102893662,0.0036805527044051875,0.006272149288891834,0.004344347088219982,0.012677181299211802
roberta_twitter_sentiment,7500,76,0.003402082805937027,0.004789216224069075,0.0035314102819747253,0.005559926292818258,0.0038781468012082437,0.01254725055811328
roberta_twitter_sentiment,7500,77,0.003402082805937027,0.0012203511050804057,0.0028506284503193803,0.005041471799960364,0.003534034357923872,0.01150481808081235
roberta_twitter_sentiment,7500,78,0.003402082805937027,0.004118279545422688,0.003267490467573682,0.005409478724112976,0.0037868685947318563,0.012212069378266315
roberta_twitter_sentiment,7500,79,0.003402082805937027,0.0073168760907501304,0.0027687612848522835,0.005842060971558768,0.0032246747418549124,0.012531038529760258
roberta_twitter_sentiment,7500,80,0.003402082805937027,0.002518902627762578,0.0025581972003352327,0.004941054928934465,0.0028029161833859097,0.010899191772372164
roberta_twitter_sentiment,7500,81,0.003402082805937027,0.003804738106364696,0.003193099796786536,0.005070485610527929,0.0034466523226992407,0.011731713573556912
roberta_twitter_sentiment,7500,82,0.003402082805937027,0.003850206119921355,0.004085775860014383,0.006130489843741817,0.004627115989439882,0.012099838152589125
roberta_twitter_sentiment,7500,83,0.003402082805937027,0.004917703046436631,0.004008160383294548,0.006435406807257996,0.004635217764929925,0.012368574658281539
roberta_twitter_sentiment,7500,84,0.003402082805937027,0.0028216896195958174,0.003236082623745675,0.005483591328540631,0.003504130659619805,0.011167098788077433
roberta_twitter_sentiment,7500,85,0.003402082805937027,0.0034642699685860216,0.0031583055236202714,0.0047468225507589605,0.003542701152204942,0.011221101882635537
roberta_twitter_sentiment,7500,86,0.003402082805937027,0.0029455085273673264,0.003335801422599866,0.0057129939091992606,0.0037182795573584898,0.011575077590692939
roberta_twitter_sentiment,7500,87,0.003402082805937027,0.003168786347082883,0.004051231400059127,0.005841963077114597,0.004295466690597229,0.011668040773186738
roberta_twitter_sentiment,7500,88,0.003402082805937027,0.004599367970441475,0.0036511505403496658,0.0064124081456802305,0.004213866658887256,0.013413514321275698
roberta_twitter_sentiment,7500,89,0.003402082805937027,0.003593895237857985,0.0036566724498219363,0.006187289700578763,0.004240374875170244,0.012218403591235478
roberta_twitter_sentiment,7500,90,0.003402082805937027,0.0031192737900760485,0.002919732239760192,0.004849302548318498,0.0031644001087360553,0.010958389052309189
roberta_twitter_sentiment,7500,91,0.003402082805937027,0.004692128982501076,0.0036324306833595177,0.006045424654458244,0.004167739675796548,0.01347993782983223
roberta_twitter_sentiment,7500,92,0.003402082805937027,0.0028896290775397375,0.0027735150228776627,0.004702011301695464,0.0029866094993202833,0.01258168779178004
roberta_twitter_sentiment,7500,93,0.003402082805937027,0.0031168539188730473,0.002784134324582295,0.004898029593268451,0.003451591478360214,0.011586570562016599
roberta_twitter_sentiment,7500,94,0.003402082805937027,0.004669543126915433,0.00277146095377843,0.00491979539526844,0.0027087797716828766,0.012109773154100705
roberta_twitter_sentiment,7500,95,0.003402082805937027,0.0026757026565282626,0.003003530523974505,0.004753024667378816,0.0032815714109651283,0.01108322525527102
roberta_twitter_sentiment,7500,96,0.003402082805937027,0.0056728007819326605,0.0030980768964783438,0.004741312931824295,0.0036714939221209036,0.012016311060550762
roberta_twitter_sentiment,7500,97,0.003402082805937027,0.003418833559543314,0.003069306618568007,0.005592385214112882,0.003928103000088675,0.012303123671352294
roberta_twitter_sentiment,7500,98,0.003402082805937027,0.004065498005684738,0.002243912812556399,0.004080746556053586,0.0028109275793407004,0.010834278207410406
roberta_twitter_sentiment,7500,99,0.003402082805937027,0.002629963581220829,0.0030019307749511496,0.005730227694927321,0.003588040246696708,0.012194644221932492
roberta_twitter_sentiment,7500,100,0.003402082805937027,0.006237250331394756,0.004060391696657004,0.006805145126767128,0.004301110795958964,0.013048764673595581
roberta_twitter_sentiment,7500,101,0.003402082805937027,0.003163427962372429,0.0031061353467331776,0.00527652225011364,0.0034030947740700196,0.011161126507232402
roberta_twitter_sentiment,7500,102,0.003402082805937027,0.0039294564578303375,0.003396891055857073,0.005489421798645883,0.004011480444371617,0.01161586865862181
roberta_twitter_sentiment,7500,103,0.003402082805937027,0.0034922312275850716,0.00307578650709137,0.00512121012614659,0.003771820742126573,0.01140170028571918
roberta_twitter_sentiment,7500,104,0.003402082805937027,0.0029946513813668522,0.0029025042957326426,0.004909705687758015,0.003089388672107516,0.010901903250241492
roberta_twitter_sentiment,7500,105,0.003402082805937027,0.004731012710172092,0.0033468834227182707,0.005388835316733281,0.003872299416279064,0.011681792023528044
roberta_twitter_sentiment,7500,106,0.003402082805937027,0.0020977250437121276,0.0031311724036724438,0.0052099297391196365,0.003754252124347806,0.012152317734942178
roberta_twitter_sentiment,7500,107,0.003402082805937027,0.003221698488673957,0.002476067558248461,0.004438517388188373,0.002716748569011252,0.011276322440430643
roberta_twitter_sentiment,7500,108,0.003402082805937027,0.0018063313339326378,0.0027408314191363125,0.0046668681603390496,0.0031032566146200796,0.011626071782798602
roberta_twitter_sentiment,7500,109,0.003402082805937027,0.005971119757616637,0.002383396921420923,0.0048009061521828355,0.0027088852578697883,0.011805695102463366
roberta_twitter_sentiment,7500,110,0.003402082805937027,0.0030830362184698324,0.003462499233297134,0.005881728410450229,0.004224560235726551,0.012787266327362858
roberta_twitter_sentiment,7500,111,0.003402082805937027,0.004833474125830219,0.00359694268054649,0.005735631927995066,0.004176445333768497,0.01198777710899604
roberta_twitter_sentiment,7500,112,0.003402082805937027,0.002506885189642972,0.0036994546960643256,0.005734697855910595,0.004199314071714054,0.012044795633029286
roberta_twitter_sentiment,7500,113,0.003402082805937027,0.00255300625746561,0.0028739865381125444,0.005569299711546236,0.0037158740475696775,0.01159325695219363
roberta_twitter_sentiment,7500,114,0.003402082805937027,0.004026612440745275,0.002710822131883715,0.0051136506913101445,0.0029416416445268378,0.011030092441809558
roberta_twitter_sentiment,7500,115,0.003402082805937027,0.0035728033412112726,0.002952596538987363,0.005238716804731505,0.003541644037354783,0.01140903793307712
roberta_twitter_sentiment,7500,116,0.003402082805937027,0.00472266309922703,0.003634419150620004,0.005737179365135034,0.0041372821652941845,0.012107619375074812
roberta_twitter_sentiment,7500,117,0.003402082805937027,0.002797223421623991,0.003272530078102177,0.005352732602477485,0.003480128122842445,0.01142400635628459
roberta_twitter_sentiment,7500,118,0.003402082805937027,0.0052503303289553075,0.003393431475554706,0.00594032077051977,0.003933402942003823,0.01221491323936789
roberta_twitter_sentiment,7500,119,0.003402082805937027,0.0003475700608908853,0.001741461370662486,0.004229400159164882,0.0022321028739558453,0.010397422092637663
roberta_twitter_sentiment,7500,120,0.003402082805937027,0.004165984408938015,0.003302490274060555,0.005663987652189353,0.00384369018967627,0.01294554010367316
roberta_twitter_sentiment,7500,121,0.003402082805937027,0.003876834372352816,0.003650224715547727,0.005398214956037369,0.003912822265503341,0.012293742097430685
roberta_twitter_sentiment,7500,122,0.003402082805937027,0.001981628704236865,0.002641826750053032,0.004402220315412619,0.002831253241788022,0.01097468077652274
roberta_twitter_sentiment,7500,123,0.003402082805937027,0.003210758111930154,0.0030179715121072957,0.0053862987268677165,0.0034007141177801884,0.011607129896543451
roberta_twitter_sentiment,7500,124,0.003402082805937027,0.003230334146708284,0.0030706393945897224,0.005857410408160244,0.003920959346344169,0.01323901368094502
roberta_twitter_sentiment,7500,125,0.003402082805937027,0.0070961614591296416,0.004538384721819916,0.006634698696827228,0.00483199258237782,0.013103946259799182
roberta_twitter_sentiment,7500,126,0.003402082805937027,0.004105511710667204,0.003588105654299089,0.006010860318446716,0.003910156438774255,0.012616406065471646
roberta_twitter_sentiment,7500,127,0.003402082805937027,0.004207900689317376,0.0035145270003850426,0.0051025242358869625,0.004135945453872736,0.011270034626560963
roberta_twitter_sentiment,7500,128,0.003402082805937027,0.005258061983505995,0.0030110155493651633,0.005053364826376193,0.00342610792202459,0.011480821718799826
roberta_twitter_sentiment,7500,129,0.003402082805937027,0.0039238425163712785,0.0032725192715937395,0.006348631894686008,0.004316342243407289,0.013770083185675032
roberta_twitter_sentiment,7500,130,0.003402082805937027,0.00440511024165737,0.0034747241401410097,0.00537212595338148,0.0037815500264346564,0.01139679650010415
roberta_twitter_sentiment,7500,131,0.003402082805937027,0.0019758600487071545,0.003274526013826424,0.005182250577999018,0.0036871353676763475,0.011229106512984111
roberta_twitter_sentiment,7500,132,0.003402082805937027,0.0026598687973743633,0.004076055224334749,0.006149616388034167,0.004338051723309753,0.013124998675538945
roberta_twitter_sentiment,7500,133,0.003402082805937027,0.0021420178097226908,0.0030154962689351705,0.004982431968820705,0.0032799414609397184,0.010803139925080479
roberta_twitter_sentiment,7500,134,0.003402082805937027,0.002255293410347357,0.0023864461450646074,0.004338193226851141,0.002770812706614654,0.011699611510107333
roberta_twitter_sentiment,7500,135,0.003402082805937027,0.005465322747219973,0.0038198395822960406,0.006098577884221954,0.004261690977481168,0.012781697555748652
roberta_twitter_sentiment,7500,136,0.003402082805937027,0.004290513406832162,0.004090590682139857,0.006781897687283247,0.004726458523642901,0.01271805613741256
roberta_twitter_sentiment,7500,137,0.003402082805937027,0.0030713445332128412,0.0036267201829940413,0.006221153998411682,0.004094212067753496,0.012799594259352726
roberta_twitter_sentiment,7500,138,0.003402082805937027,0.0033919063349903415,0.003184908388702479,0.00533521955069822,0.0038514958899459498,0.010940346660405666
roberta_twitter_sentiment,7500,139,0.003402082805937027,0.002660768422821553,0.0030086227824723793,0.0054667944275692305,0.0037135902004265726,0.011601264602663554
roberta_twitter_sentiment,7500,140,0.003402082805937027,0.0021800197487846836,0.0024386910200578774,0.004788939022470276,0.0027779018729369677,0.010866048254006045
roberta_twitter_sentiment,7500,141,0.003402082805937027,0.002528766285989584,0.0029803383041669402,0.005046002062965898,0.0031735469171758303,0.010830255094344321
roberta_twitter_sentiment,7500,142,0.003402082805937027,0.0043511041994307035,0.003943512517214495,0.0055355329378167055,0.004294381017824102,0.011940740610569144
roberta_twitter_sentiment,7500,143,0.003402082805937027,0.002253155352076889,0.00228544292582251,0.003979290900220688,0.0025279872063737763,0.010252589296169018
roberta_twitter_sentiment,7500,144,0.003402082805937027,0.002594975092546474,0.0028200048916918654,0.004750990100715456,0.0035175511356224805,0.011541355634257245
roberta_twitter_sentiment,7500,145,0.003402082805937027,0.0004981872414370516,0.0026349854604787856,0.00477622325876152,0.002876356870575262,0.011181276099472734
roberta_twitter_sentiment,7500,146,0.003402082805937027,0.003361891125323174,0.0029503270537758505,0.005692813955088759,0.0035442927875939515,0.011565095200748884
roberta_twitter_sentiment,7500,147,0.003402082805937027,0.0038271084384723917,0.004175236711992595,0.006518747453782061,0.004865142057902335,0.013489822068087475
roberta_twitter_sentiment,7500,148,0.003402082805937027,0.004486917547390962,0.0023835426798239604,0.003949157363483057,0.002813603332319271,0.012146785390823592
roberta_twitter_sentiment,7500,149,0.003402082805937027,0.0034785796051372084,0.0025707670844439014,0.004541539989466955,0.002995735466898442,0.01088464573470585
roberta_twitter_sentiment,7500,150,0.003402082805937027,0.0021564933394708843,0.003340266570010645,0.005374814507272657,0.0037741623534007043,0.011672554562232719
roberta_twitter_sentiment,7500,151,0.003402082805937027,0.002380384394740849,0.0027019288432459454,0.0052457234806800365,0.0031044289339030263,0.011104435462284396
roberta_twitter_sentiment,7500,152,0.003402082805937027,0.001943176819601756,0.0026620655674996917,0.004833751797879876,0.003010449710043248,0.010553733443239162
roberta_twitter_sentiment,7500,153,0.003402082805937027,0.002824980805382861,0.003276237951898536,0.005107125939607912,0.004046137098291229,0.012104553513196295
roberta_twitter_sentiment,7500,154,0.003402082805937027,0.004260831350300254,0.002859245254996516,0.005422078876678356,0.003488682448236662,0.011058469743114717
roberta_twitter_sentiment,7500,155,0.003402082805937027,0.003973255465049608,0.0033017075923289906,0.005999607163374607,0.004028024762843842,0.011851530723427383
roberta_twitter_sentiment,7500,156,0.003402082805937027,0.0025852550639934445,0.0032602295068059083,0.005042455231868289,0.003682933591905322,0.011548779836797463
roberta_twitter_sentiment,7500,157,0.003402082805937027,0.0023682250292071756,0.0036300654960015983,0.005974442694877816,0.003995945943445473,0.012636754135827858
roberta_twitter_sentiment,7500,158,0.003402082805937027,0.003601716616302602,0.0033875618286945295,0.005674401057536169,0.0038773244570523588,0.011841696411191737
roberta_twitter_sentiment,7500,159,0.003402082805937027,0.0034415051316873026,0.0030692960276363394,0.005261016022115961,0.0033889422348380603,0.010881291203609976
roberta_twitter_sentiment,7500,160,0.003402082805937027,0.003034623841762359,0.003265999786740848,0.006237053247168764,0.004179017230148835,0.01261385291615335
roberta_twitter_sentiment,7500,161,0.003402082805937027,0.003313810384269005,0.003347656283488336,0.005900827757586912,0.003701116612591674,0.01179281738076162
roberta_twitter_sentiment,7500,162,0.003402082805937027,0.004884024882172561,0.0030184181747999906,0.005114951067349349,0.0033311243563992356,0.011334921416412819
roberta_twitter_sentiment,7500,163,0.003402082805937027,0.0017481265556397196,0.0028448179531982694,0.005463903623851043,0.003416839285500092,0.010847908823409892
roberta_twitter_sentiment,7500,164,0.003402082805937027,0.002986984075989653,0.0030476214871740306,0.0054420657157957545,0.003942820846005356,0.01135341318579345
roberta_twitter_sentiment,7500,165,0.003402082805937027,0.004646982496976057,0.0030033775547742073,0.0058248326720280975,0.0036316192803650584,0.012029150688033499
roberta_twitter_sentiment,7500,166,0.003402082805937027,0.004326100514974359,0.003153255476297338,0.0053319402385560676,0.0036262517879873403,0.011994086963275497
roberta_twitter_sentiment,7500,167,0.003402082805937027,0.0019252358747082615,0.002553307002336601,0.0042921289203053745,0.0027100813202634295,0.009867071899553995
roberta_twitter_sentiment,7500,168,0.003402082805937027,0.0018307130294046357,0.0029144422796469295,0.005007422861112531,0.0031986110958479148,0.011018705902358601
roberta_twitter_sentiment,7500,169,0.003402082805937027,0.0047007750474579195,0.003821822626807954,0.005836258642236738,0.0046457965830165775,0.011979923405087873
roberta_twitter_sentiment,7500,170,0.003402082805937027,0.003231468292762615,0.003459400618728938,0.005800540532383551,0.004141719370500705,0.01239401410665007
roberta_twitter_sentiment,7500,171,0.003402082805937027,0.0036589354330916384,0.002541881611137935,0.005266197426788262,0.0032924080560077806,0.011842186660870254
roberta_twitter_sentiment,7500,172,0.003402082805937027,0.0046353161537581984,0.003280573361698472,0.005512016533565716,0.0037666785247019927,0.01231782660931812
roberta_twitter_sentiment,7500,173,0.003402082805937027,0.005938996257853574,0.0031822975376300184,0.005240875227535774,0.0032971485854661167,0.01234273794794133
roberta_twitter_sentiment,7500,174,0.003402082805937027,0.004870302724777236,0.003551542758018104,0.005939529609193424,0.00401614938260406,0.013129502913132104
roberta_twitter_sentiment,7500,175,0.003402082805937027,0.003302716604256106,0.00359103007468534,0.0060969975762531,0.004231696571904795,0.011842125591723212
roberta_twitter_sentiment,7500,176,0.003402082805937027,0.0031893162056164594,0.0030217602378878037,0.005195767489398942,0.0037924576991843818,0.012186866959145802
roberta_twitter_sentiment,7500,177,0.003402082805937027,0.005696200072484963,0.0037156482725315297,0.006169002817190665,0.004293263154729278,0.012193845513203835
roberta_twitter_sentiment,7500,178,0.003402082805937027,0.005763652010958439,0.0032414363422485467,0.005391521168407858,0.0036416898741784822,0.012419329900156045
roberta_twitter_sentiment,7500,179,0.003402082805937027,0.0029177505070034984,0.00365279412815374,0.00592980952581577,0.004229640709531637,0.012956395133904532
roberta_twitter_sentiment,7500,180,0.003402082805937027,0.0029736506410760104,0.0019831975773965237,0.00456739198739689,0.002632373107387268,0.011095585016011331
roberta_twitter_sentiment,7500,181,0.003402082805937027,0.0032931462159900777,0.004039317058854835,0.006545981603048336,0.00457035233275112,0.012017161010598167
roberta_twitter_sentiment,7500,182,0.003402082805937027,0.003539383535094495,0.002594176089346787,0.0048237569514178935,0.0029871847478246233,0.01129684346245481
roberta_twitter_sentiment,7500,183,0.003402082805937027,0.0038544390826647547,0.0029165056444080185,0.005000662259402727,0.003454921224799588,0.011465337671636258
roberta_twitter_sentiment,7500,184,0.003402082805937027,0.0023157607337171812,0.003093848262297662,0.0053985964809633285,0.0036565951434950968,0.011353087621988476
roberta_twitter_sentiment,7500,185,0.003402082805937027,0.0021657237307859626,0.0020157159352533725,0.0038337787633836054,0.0022423432014030006,0.009807190381073697
roberta_twitter_sentiment,7500,186,0.003402082805937027,0.004901405279314872,0.002937157476001466,0.005439946464338809,0.0032702193814688344,0.012606982820811892
roberta_twitter_sentiment,7500,187,0.003402082805937027,0.0025149570470375505,0.0030755588314605644,0.005586634546398407,0.0034991483625450566,0.0123690817713219
roberta_twitter_sentiment,7500,188,0.003402082805937027,0.0027007530490640516,0.0026226472853299355,0.004484296004793424,0.0032822535529141673,0.010647560396239597
roberta_twitter_sentiment,7500,189,0.003402082805937027,0.002905056134553132,0.003663370091483258,0.005670317018817105,0.004095663672433156,0.012708075451331013
roberta_twitter_sentiment,7500,190,0.003402082805937027,0.0037953840399879432,0.0038661229665363523,0.005890610969007763,0.004324363400816097,0.012173497579745386
roberta_twitter_sentiment,7500,191,0.003402082805937027,0.0017338499058585583,0.0031286310371231685,0.00505842292544372,0.0034359142627319148,0.011794157724836158
roberta_twitter_sentiment,7500,192,0.003402082805937027,0.004000912276061535,0.003955083335786784,0.006315692243054324,0.004620737303347485,0.012281765453366586
roberta_twitter_sentiment,7500,193,0.003402082805937027,0.0029954605712046974,0.0022129739214085784,0.004192949559548466,0.0026681631342475544,0.010621977723838615
roberta_twitter_sentiment,7500,194,0.003402082805937027,0.007090885480345628,0.003450567015490815,0.006218907711790126,0.004391023144419343,0.013204068179591265
roberta_twitter_sentiment,7500,195,0.003402082805937027,0.0049511002720222935,0.003311277625949567,0.00565697421468341,0.003607990821919667,0.012371750857554898
roberta_twitter_sentiment,7500,196,0.003402082805937027,0.0014715969396848672,0.0026871396608969065,0.004896796043721043,0.0030838607536598115,0.012085990235352636
roberta_twitter_sentiment,7500,197,0.003402082805937027,0.00180698925746435,0.0027489898211014055,0.004794443470905737,0.003105316813937967,0.010900995945900778
roberta_twitter_sentiment,7500,198,0.003402082805937027,0.0029890908330145786,0.0034210441698403642,0.0055871959192721095,0.0036929675169671944,0.011189041697827166
roberta_twitter_sentiment,7500,199,0.003402082805937027,0.0022462268467324685,0.0023491137300793974,0.00416391302849022,0.0026051205803622793,0.010455183129597133
roberta_twitter_sentiment,10000,0,0.003402082805937027,0.0034219672043583954,0.003078258421574256,0.0048536669910760775,0.0034361257845661815,0.01164917984992472
roberta_twitter_sentiment,10000,1,0.003402082805937027,0.0038829296236300216,0.0028134444754357247,0.005030697593624769,0.0033365250717823335,0.011316592966065443
roberta_twitter_sentiment,10000,2,0.003402082805937027,0.0029161588457490956,0.0034463872709342377,0.005136991019191175,0.0037974948510457727,0.011015655402984693
roberta_twitter_sentiment,10000,3,0.003402082805937027,0.0026907384347205575,0.003552517548966504,0.005387369972784373,0.004110528985387963,0.011366007559359853
roberta_twitter_sentiment,10000,4,0.003402082805937027,0.004450509902104496,0.0035936856095255694,0.005145932542966921,0.004000929380661314,0.012089789938466171
roberta_twitter_sentiment,10000,5,0.003402082805937027,0.0033095913564208444,0.003651113976985076,0.005361640880592374,0.004105331950683662,0.01207719974762869
roberta_twitter_sentiment,10000,6,0.003402082805937027,0.003732752110419486,0.0028878060473136145,0.0047470368341946964,0.003106066226635553,0.011084239186972919
roberta_twitter_sentiment,10000,7,0.003402082805937027,0.004843900089546808,0.003821778340821098,0.006470545528652199,0.004593749964876866,0.013510593294357534
roberta_twitter_sentiment,10000,8,0.003402082805937027,0.002679609960354472,0.0031203431550595098,0.005118089898574658,0.0038903833408842517,0.011870838800776605
roberta_twitter_sentiment,10000,9,0.003402082805937027,0.004960766364496794,0.003313053623423946,0.005094097744535782,0.0035941827915460843,0.011553411656932052
roberta_twitter_sentiment,10000,10,0.003402082805937027,0.0010359516554347152,0.0026751027518355135,0.0044244374284279,0.003124531164438642,0.010905943105290953
roberta_twitter_sentiment,10000,11,0.003402082805937027,0.002604873932210175,0.003266008363939121,0.0054319742805014875,0.003789231605764629,0.011115557280842387
roberta_twitter_sentiment,10000,12,0.003402082805937027,0.00115301321735794,0.002901306242748412,0.0046563457202505815,0.003510500344712791,0.010753214197385152
roberta_twitter_sentiment,10000,13,0.003402082805937027,0.00302807335292076,0.002721228836595861,0.004704828432430212,0.0029813069931763935,0.011798977683074295
roberta_twitter_sentiment,10000,14,0.003402082805937027,0.004885590124043214,0.003556724073644923,0.005763575568511622,0.003995762816306953,0.012750525140296747
roberta_twitter_sentiment,10000,15,0.003402082805937027,0.0038158042453876107,0.0038688173722260374,0.00552567935110696,0.004313544988856749,0.012248826429838702
roberta_twitter_sentiment,10000,16,0.003402082805937027,0.0067173993988193115,0.005176566360981313,0.0069557473083255396,0.005711928740906117,0.013985252055851905
roberta_twitter_sentiment,10000,17,0.003402082805937027,0.0034982132162409817,0.0030205386401949527,0.004867831387965344,0.0034171581667406265,0.011276099150886428
roberta_twitter_sentiment,10000,18,0.003402082805937027,0.0035284885578836167,0.0024326720621864638,0.004623340946191912,0.0029223139403944383,0.011980272845573552
roberta_twitter_sentiment,10000,19,0.003402082805937027,0.006031165264416492,0.0042966081768815514,0.006349058118639665,0.00461479972036972,0.012795251892326082
roberta_twitter_sentiment,10000,20,0.003402082805937027,0.002753045157126843,0.0029048255252130287,0.005121706490744536,0.003432022390193059,0.011079998151206954
roberta_twitter_sentiment,10000,21,0.003402082805937027,0.004010295729037242,0.003322239024970123,0.00532192736262452,0.00374453154499777,0.012543297837385637
roberta_twitter_sentiment,10000,22,0.003402082805937027,0.004594908008931437,0.003182535396359913,0.005291857319982782,0.003707218284199231,0.011321645120967264
roberta_twitter_sentiment,10000,23,0.003402082805937027,0.0032795740927346593,0.0033492059007017884,0.005909653776011006,0.004113872543645553,0.012296258681561721
roberta_twitter_sentiment,10000,24,0.003402082805937027,0.003046285740991747,0.0031939230974266644,0.004853037452755473,0.003481370607195234,0.011574594025054665
roberta_twitter_sentiment,10000,25,0.003402082805937027,0.0026249949702963774,0.003175874986665431,0.00495266849524464,0.0034751914898842233,0.010700906013050472
roberta_twitter_sentiment,10000,26,0.003402082805937027,0.004527610963750213,0.0034995242446444197,0.005156374341081335,0.004094570235066298,0.011389068660111638
roberta_twitter_sentiment,10000,27,0.003402082805937027,0.002385367008182635,0.003228569303440374,0.00526249428595076,0.0037618825628288957,0.011166931753244921
roberta_twitter_sentiment,10000,28,0.003402082805937027,0.002664851458888499,0.00363511204073497,0.005732770098924731,0.004132818208191924,0.011983873373762263
roberta_twitter_sentiment,10000,29,0.003402082805937027,0.003961703832565853,0.0029129181062012457,0.005030358270114234,0.003389707455886997,0.011779973053623667
roberta_twitter_sentiment,10000,30,0.003402082805937027,0.0037883408693359477,0.0036122350405680894,0.005700095141714772,0.004143652824533954,0.012317779326893602
roberta_twitter_sentiment,10000,31,0.003402082805937027,0.005290852372347908,0.0036957152472345627,0.005886872309531005,0.004232174554643056,0.012832460510400998
roberta_twitter_sentiment,10000,32,0.003402082805937027,0.005206948223305075,0.0024020843096737698,0.004836955732256152,0.0030216762555860515,0.01199415328319318
roberta_twitter_sentiment,10000,33,0.003402082805937027,0.0022965547525489447,0.0035262885572878285,0.0049122191164514845,0.0036972823825495616,0.011102696078532879
roberta_twitter_sentiment,10000,34,0.003402082805937027,0.005789170066478877,0.004053897928187811,0.006368898303991964,0.004553935072313173,0.013077736089946336
roberta_twitter_sentiment,10000,35,0.003402082805937027,0.005407308421541797,0.0034765972139525507,0.005558329058744745,0.004006156268277423,0.012684051065548041
roberta_twitter_sentiment,10000,36,0.003402082805937027,0.00426096976768184,0.0034163273951071625,0.005358147442992739,0.0037382411725857137,0.011904232604810555
roberta_twitter_sentiment,10000,37,0.003402082805937027,0.005755576083523914,0.0034791179927076907,0.005772256889757947,0.003958453712301258,0.01236102401298902
roberta_twitter_sentiment,10000,38,0.003402082805937027,0.00285090493541521,0.003126685149724744,0.005357860485523145,0.0035889411030440087,0.01150674055623521
roberta_twitter_sentiment,10000,39,0.003402082805937027,0.0017021591772371605,0.0026906274255604555,0.00425778320260327,0.003132538399232116,0.011520552941164735
roberta_twitter_sentiment,10000,40,0.003402082805937027,0.00442317833565195,0.0035277354296211075,0.005646524727820325,0.0037546127596738013,0.01209746612010744
roberta_twitter_sentiment,10000,41,0.003402082805937027,0.0035838372666587427,0.002486890978363929,0.0052940915020822195,0.0029229918092635726,0.011800483238585204
roberta_twitter_sentiment,10000,42,0.003402082805937027,0.0021531552381181727,0.002458340937612676,0.004680944700855639,0.0029308910204649025,0.010773382539728184
roberta_twitter_sentiment,10000,43,0.003402082805937027,0.0030619593252260067,0.002511531755877758,0.004583177969744366,0.0028547778367272016,0.011312807595081657
roberta_twitter_sentiment,10000,44,0.003402082805937027,0.004082122832536586,0.0031072782138241543,0.005539599007794664,0.0036485771609896917,0.011901071240783124
roberta_twitter_sentiment,10000,45,0.003402082805937027,0.0024722164861931896,0.00321973617877731,0.0051401897666640195,0.0037486393276152915,0.0115339422937154
roberta_twitter_sentiment,10000,46,0.003402082805937027,0.002122550578381554,0.002607500459713742,0.0045901868757948884,0.0032337538469522278,0.011061269756018927
roberta_twitter_sentiment,10000,47,0.003402082805937027,0.002139430119055547,0.002802044543905861,0.004751141626991803,0.003088818701215181,0.010978191539744664
roberta_twitter_sentiment,10000,48,0.003402082805937027,0.002667842666794614,0.0025339248310527877,0.004654794416181107,0.0029750570168419928,0.010914046702053223
roberta_twitter_sentiment,10000,49,0.003402082805937027,0.002178327546758415,0.002156685920426205,0.004345281688355937,0.002649864728448271,0.010686906205135538
roberta_twitter_sentiment,10000,50,0.003402082805937027,0.0025492263493116073,0.0024764191317412287,0.004485335543884917,0.0027340380935347458,0.011474494335009558
roberta_twitter_sentiment,10000,51,0.003402082805937027,0.003413894202648988,0.003116735232799841,0.005744277824441929,0.0038469270299688846,0.012100226429489002
roberta_twitter_sentiment,10000,52,0.003402082805937027,0.002900118182599623,0.0028845235139527896,0.004683678744912605,0.0032220803056339166,0.011139776362764545
roberta_twitter_sentiment,10000,53,0.003402082805937027,0.002914715808278094,0.0031183710019222492,0.004974351963192658,0.0036290598014327487,0.011286602014332212
roberta_twitter_sentiment,10000,54,0.003402082805937027,0.003807416866281372,0.0030134054464782175,0.004339984073709823,0.0032437240399825927,0.011148231239981501
roberta_twitter_sentiment,10000,55,0.003402082805937027,0.004208812176086079,0.0033138360152926284,0.005488051390536529,0.0038532044136744105,0.011807497552873244
roberta_twitter_sentiment,10000,56,0.003402082805937027,0.0011971244824553282,0.0023750543854684637,0.004852643991077808,0.002658416765740643,0.01160144607706157
roberta_twitter_sentiment,10000,57,0.003402082805937027,0.004250442199555856,0.0030790911754422653,0.004628240412465794,0.003321583558857109,0.011235729436478943
roberta_twitter_sentiment,10000,58,0.003402082805937027,0.005272944762611357,0.003169730663955556,0.005526175118717374,0.003583546325445231,0.012505138308020856
roberta_twitter_sentiment,10000,59,0.003402082805937027,0.002101148334379901,0.0033640084830452114,0.005125247592116237,0.003674473041104736,0.011120988789826819
roberta_twitter_sentiment,10000,60,0.003402082805937027,0.005345774599854276,0.0028920698095269994,0.005173972810017144,0.0034839162644364026,0.011629371491538618
roberta_twitter_sentiment,10000,61,0.003402082805937027,0.004189321658062249,0.003351079286516263,0.005246732148910204,0.0038464957740346785,0.012290646962489564
roberta_twitter_sentiment,10000,62,0.003402082805937027,0.004454394640165488,0.004327596527725962,0.006448653134423762,0.0047697378417082765,0.013550893424714097
roberta_twitter_sentiment,10000,63,0.003402082805937027,0.005061461914055764,0.0037199861279281206,0.005854609322635052,0.003887181784164652,0.012705771632527717
roberta_twitter_sentiment,10000,64,0.003402082805937027,0.0047526779860692595,0.0036877862017160416,0.0054497743343844395,0.004141684055250523,0.013026441126583228
roberta_twitter_sentiment,10000,65,0.003402082805937027,0.0050016357164024946,0.003345613656094452,0.005036162968481528,0.003814170866311523,0.012354538141688713
roberta_twitter_sentiment,10000,66,0.003402082805937027,0.004328108181522093,0.0031030912446277795,0.0052241310028710965,0.003675095042157446,0.011348067220314692
roberta_twitter_sentiment,10000,67,0.003402082805937027,0.0023431707106991895,0.0025000820328860357,0.004360261422472599,0.002809205865758305,0.010713947302164628
roberta_twitter_sentiment,10000,68,0.003402082805937027,0.0046224374009595556,0.002715981323933697,0.004551691977739921,0.00310149093249641,0.01211448167827651
roberta_twitter_sentiment,10000,69,0.003402082805937027,0.0038990667034867208,0.003024958142346158,0.005353699911753224,0.003558527443361439,0.012093415129490198
roberta_twitter_sentiment,10000,70,0.003402082805937027,0.004306128921609846,0.0037395444395640267,0.005562713910548783,0.004290859794366929,0.013244186311791617
roberta_twitter_sentiment,10000,71,0.003402082805937027,0.005118453296135634,0.0037411807161382006,0.0059109219110763155,0.0042036463369808175,0.01240594325663793
roberta_twitter_sentiment,10000,72,0.003402082805937027,0.005263122324825796,0.003666478223327367,0.005080453473164086,0.003996055535855956,0.011977002411534467
roberta_twitter_sentiment,10000,73,0.003402082805937027,0.0018930663593216578,0.0034866077611305914,0.0054616544704370685,0.003864834311636989,0.012320992665505357
roberta_twitter_sentiment,10000,74,0.003402082805937027,0.003934669160783327,0.0031631734008173273,0.005066920924696046,0.003697243311865718,0.011920603320787527
roberta_twitter_sentiment,10000,75,0.003402082805937027,0.0041823513100196445,0.004091027306504122,0.006466489082029954,0.004808005136191956,0.013552191541658386
roberta_twitter_sentiment,10000,76,0.003402082805937027,0.003025876364598016,0.002717570121902834,0.004691001056928562,0.0032484636180970384,0.01091158012323387
roberta_twitter_sentiment,10000,77,0.003402082805937027,0.0034679354764270776,0.0030290434440099073,0.004737533336081097,0.0034258303299288784,0.011345371386667741
roberta_twitter_sentiment,10000,78,0.003402082805937027,0.004964723139020492,0.0033820665652796464,0.00554788482650117,0.003876665800210405,0.011584759407444623
roberta_twitter_sentiment,10000,79,0.003402082805937027,0.0021304956348288428,0.002438306608166178,0.004544604189492573,0.002949355691351227,0.011543429157452642
roberta_twitter_sentiment,10000,80,0.003402082805937027,0.0021714829728014806,0.002552222007410413,0.004433572086935651,0.0030212051479439855,0.010830414659970344
roberta_twitter_sentiment,10000,81,0.003402082805937027,0.0029222648263612905,0.0029878330121405746,0.0051449695710360736,0.0034675350601880714,0.012073899769537341
roberta_twitter_sentiment,10000,82,0.003402082805937027,0.005129888506618781,0.0034210236899445546,0.005409275805495075,0.004097736608692648,0.012150069194916263
roberta_twitter_sentiment,10000,83,0.003402082805937027,0.004277287415114029,0.0030638574552073077,0.004883340863343159,0.0034064519917339484,0.011916770935270516
roberta_twitter_sentiment,10000,84,0.003402082805937027,0.004246645996187303,0.0031718871425517403,0.0051428545876022105,0.0033999857571785337,0.01165869656353777
roberta_twitter_sentiment,10000,85,0.003402082805937027,0.002843086011862361,0.0035063012356084658,0.0053683777053893595,0.003955594757181977,0.012058891499622878
roberta_twitter_sentiment,10000,86,0.003402082805937027,0.0020769147138829077,0.003504110843153397,0.005481663280733188,0.00422141287389673,0.011752351574001361
roberta_twitter_sentiment,10000,87,0.003402082805937027,0.004735616257901746,0.0033301566941506015,0.00578687494871191,0.0037779747466698205,0.01254767787658183
roberta_twitter_sentiment,10000,88,0.003402082805937027,0.004602688213893429,0.00362848198690113,0.0057035895739268785,0.004334803175101101,0.012382329857141154
roberta_twitter_sentiment,10000,89,0.003402082805937027,0.003897407634384811,0.0036088791744678834,0.005433720269921535,0.004242866744250538,0.01246489915353835
roberta_twitter_sentiment,10000,90,0.003402082805937027,0.004779162652547702,0.0035433018385275837,0.0062630503991564085,0.0040813549574738265,0.012905139295181079
roberta_twitter_sentiment,10000,91,0.003402082805937027,0.002837602057791492,0.003002436825261506,0.004964905646649139,0.003516353944245717,0.011481278082846134
roberta_twitter_sentiment,10000,92,0.003402082805937027,0.0028136725920377367,0.0030069201523379623,0.004863923175802679,0.0032262671260930736,0.011525875525642524
roberta_twitter_sentiment,10000,93,0.003402082805937027,0.003077203297148592,0.0031887006491237327,0.005345094230028226,0.003994388887568965,0.01121591426371476
roberta_twitter_sentiment,10000,94,0.003402082805937027,0.0020856040366807925,0.002518239836027231,0.004781169362417345,0.0033932191479584617,0.010867037256218952
roberta_twitter_sentiment,10000,95,0.003402082805937027,0.002978823998237648,0.003184126132896382,0.004945901111999398,0.003593931409509974,0.011806201578935926
roberta_twitter_sentiment,10000,96,0.003402082805937027,0.0029300803049535054,0.002889676620657667,0.004850865420803559,0.0033875510179513955,0.0115569672172707
roberta_twitter_sentiment,10000,97,0.003402082805937027,0.0022829902175427086,0.0026437737314551845,0.004883868324570839,0.0031936220337433012,0.010996164568592367
roberta_twitter_sentiment,10000,98,0.003402082805937027,0.003971814147958186,0.0028986600876824337,0.004745143515486375,0.0033424097895739216,0.011206086628745246
roberta_twitter_sentiment,10000,99,0.003402082805937027,0.0023463232576539862,0.003224966934810397,0.005227242121464484,0.003787392656478507,0.012059456718319012
roberta_twitter_sentiment,10000,100,0.003402082805937027,0.0022353674389409034,0.002766637660309501,0.00477722141396083,0.003181508981130704,0.010892471350265059
roberta_twitter_sentiment,10000,101,0.003402082805937027,0.0033447430341737297,0.002790930497225472,0.004751458948756248,0.003342376783487365,0.010653137456460291
roberta_twitter_sentiment,10000,102,0.003402082805937027,0.0010802445430627811,0.0027122262410635718,0.004606062112752845,0.0031099437223361145,0.010843571042082818
roberta_twitter_sentiment,10000,103,0.003402082805937027,0.0030623387479193193,0.003092414219297416,0.004598261618401805,0.003416488150693442,0.011323418738922762
roberta_twitter_sentiment,10000,104,0.003402082805937027,0.004079010328451622,0.0034763598922446094,0.005315456664750169,0.0038075291682161177,0.0125424634695771
roberta_twitter_sentiment,10000,105,0.003402082805937027,0.0029782480075318495,0.003579666883611822,0.005299897507606057,0.003912898792151317,0.011204154340236059
roberta_twitter_sentiment,10000,106,0.003402082805937027,0.004022314284063225,0.003049647052724649,0.005011855194036869,0.0038544298143234684,0.011581751455265686
roberta_twitter_sentiment,10000,107,0.003402082805937027,0.00368164643024852,0.00328028483176052,0.0052229754168314334,0.004011429224859542,0.012089292576989758
roberta_twitter_sentiment,10000,108,0.003402082805937027,0.0042032767948671805,0.0023552125547095237,0.004079256149786609,0.0028343245469547537,0.011582032255775403
roberta_twitter_sentiment,10000,109,0.003402082805937027,0.0033376961344439926,0.0033998991141960164,0.005274462551341783,0.003855000773779752,0.011278903687957753
roberta_twitter_sentiment,10000,110,0.003402082805937027,0.0012453739828048927,0.0025632992851801284,0.004561318685230184,0.002988271314741396,0.011201186909835355
roberta_twitter_sentiment,10000,111,0.003402082805937027,0.0032044633242607943,0.002718790465622723,0.004929854246398364,0.0034441392189692274,0.011680420059424828
roberta_twitter_sentiment,10000,112,0.003402082805937027,0.005926590360888283,0.0033411219272603612,0.005954733577454378,0.003808019707619108,0.013221796889313742
roberta_twitter_sentiment,10000,113,0.003402082805937027,0.003371303219760718,0.003044307947289542,0.005448082521242669,0.0034499046424382213,0.011789998951216131
roberta_twitter_sentiment,10000,114,0.003402082805937027,0.004884880435011913,0.0032177896703314106,0.005022306138869388,0.0037037020948944765,0.012820079224354028
roberta_twitter_sentiment,10000,115,0.003402082805937027,0.0030517786679095165,0.0031920633168662648,0.004991525499183327,0.0035305654185270644,0.012055525484404075
roberta_twitter_sentiment,10000,116,0.003402082805937027,0.005048748446308613,0.0036509434336731046,0.005732919998546581,0.00423965607138087,0.012142387526926052
roberta_twitter_sentiment,10000,117,0.003402082805937027,0.004394022741165855,0.0034339136673057456,0.005676113581902375,0.003907711507227453,0.012432573148470422
roberta_twitter_sentiment,10000,118,0.003402082805937027,0.002238370537452822,0.002414866808915582,0.0043636017671270485,0.002707068147698116,0.010799755695712203
roberta_twitter_sentiment,10000,119,0.003402082805937027,0.0022157919089478605,0.0027823481857086807,0.004818861708195509,0.003298241835164827,0.011577171763828895
roberta_twitter_sentiment,10000,120,0.003402082805937027,0.003058790198177623,0.0028299831182329437,0.004932217364109666,0.0033998711162631676,0.011032434951419421
roberta_twitter_sentiment,10000,121,0.003402082805937027,0.004333534617476653,0.0034109040878536707,0.005602261130277016,0.003961663051239987,0.012559396848467585
roberta_twitter_sentiment,10000,122,0.003402082805937027,0.002421460939038548,0.0025170316533063533,0.004555961221217528,0.0031178356231216678,0.010836095091591969
roberta_twitter_sentiment,10000,123,0.003402082805937027,0.003394771142251824,0.0027227137843352546,0.004575084672045174,0.0029540387427087426,0.011836549895510732
roberta_twitter_sentiment,10000,124,0.003402082805937027,0.0032773102785561108,0.0030765411860467886,0.004715201626811896,0.003344410699478265,0.012027850661669622
roberta_twitter_sentiment,10000,125,0.003402082805937027,0.004566840746182186,0.0031025031946140293,0.004786149974493334,0.003760777184455844,0.012234852201643418
roberta_twitter_sentiment,10000,126,0.003402082805937027,0.003226071388418095,0.0029729868848255557,0.004914213736279158,0.0034631464338883886,0.011227049210030017
roberta_twitter_sentiment,10000,127,0.003402082805937027,0.003919047472698811,0.003454041432435674,0.0057264926275912955,0.00396350713368638,0.01324092370779057
roberta_twitter_sentiment,10000,128,0.003402082805937027,0.004532160865705443,0.003587880549686268,0.005109794276278137,0.003998871713049579,0.011709643969135312
roberta_twitter_sentiment,10000,129,0.003402082805937027,0.0046641554421156676,0.0033493917818090847,0.005686065895866301,0.003823113000135578,0.012070992809370042
roberta_twitter_sentiment,10000,130,0.003402082805937027,0.003814676571388496,0.0028953187670792153,0.005331532342084163,0.0035880822216186044,0.012336232508190107
roberta_twitter_sentiment,10000,131,0.003402082805937027,0.004151482132570005,0.0031405059572212775,0.005434157712830263,0.003565648806405458,0.012621402448889605
roberta_twitter_sentiment,10000,132,0.003402082805937027,0.004716810755048612,0.0028309140053393244,0.004861241008222493,0.0033060584997517124,0.011332917840641278
roberta_twitter_sentiment,10000,133,0.003402082805937027,0.005155149482380989,0.0033328402056100213,0.005181142886466444,0.003766880992470721,0.012352162918452828
roberta_twitter_sentiment,10000,134,0.003402082805937027,0.005495372728041571,0.003759598576297993,0.005849369849229731,0.004550680756033657,0.013235892350688788
roberta_twitter_sentiment,10000,135,0.003402082805937027,0.0034979481214100867,0.0027814220020673124,0.004815960156406834,0.003366058690332251,0.011066198207916053
roberta_twitter_sentiment,10000,136,0.003402082805937027,0.003995329913376331,0.0033294533210684154,0.005520760667621909,0.0038879228868818855,0.012697844217735102
roberta_twitter_sentiment,10000,137,0.003402082805937027,0.0037494249299391755,0.0029253258734037993,0.004919230807371141,0.0035537420898817365,0.012053493882913435
roberta_twitter_sentiment,10000,138,0.003402082805937027,0.0039453991455230845,0.0029396021096465734,0.004621681288865564,0.003258562900845311,0.011533469193517543
roberta_twitter_sentiment,10000,139,0.003402082805937027,0.0018357449891821247,0.0023059195074680754,0.004305200910032772,0.0028523468198660158,0.01053585276898533
roberta_twitter_sentiment,10000,140,0.003402082805937027,0.004686362225673096,0.0031665374519826203,0.004936651364140155,0.0036480226931911454,0.012188001501385349
roberta_twitter_sentiment,10000,141,0.003402082805937027,0.001514107129304936,0.0033537030196784112,0.0051044421893845305,0.00378268143038978,0.011780467976285902
roberta_twitter_sentiment,10000,142,0.003402082805937027,0.004356784962297262,0.003356230195393868,0.005637938060870214,0.004107921969614931,0.012089612655015276
roberta_twitter_sentiment,10000,143,0.003402082805937027,0.0037589200068000976,0.0035448439416338046,0.00569640635297948,0.003869958336424222,0.012074111823579273
roberta_twitter_sentiment,10000,144,0.003402082805937027,0.0041990725807874215,0.0027067509608636976,0.004711832583142558,0.0032192246896505404,0.011555854913470331
roberta_twitter_sentiment,10000,145,0.003402082805937027,0.0039452039597385954,0.0030898925604405203,0.004986356058221669,0.003491316267172853,0.01287611141229386
roberta_twitter_sentiment,10000,146,0.003402082805937027,0.0036469786979550973,0.0029733551498147136,0.004905510341192405,0.0035422164124989065,0.011726536565177411
roberta_twitter_sentiment,10000,147,0.003402082805937027,0.0008689609030100098,0.002771478417267439,0.004555580914864458,0.003397023273848243,0.01029890859432787
roberta_twitter_sentiment,10000,148,0.003402082805937027,0.007220486963344009,0.0036994167293795143,0.006194447026812382,0.0046017582221390355,0.012927205493674999
roberta_twitter_sentiment,10000,149,0.003402082805937027,0.005917411704096959,0.004250698443055996,0.00664712368205581,0.004896628143195401,0.013908143654626986
roberta_twitter_sentiment,10000,150,0.003402082805937027,0.007136912561231212,0.0034706154698690133,0.005529587032007371,0.0038918993953154153,0.013471724868609059
roberta_twitter_sentiment,10000,151,0.003402082805937027,0.0031983452332453614,0.0032660244012565997,0.00532591564392858,0.003922529600478542,0.012282391251786663
roberta_twitter_sentiment,10000,152,0.003402082805937027,0.003427470855368476,0.002638768525954168,0.00489660122565751,0.003054092923474557,0.011124755691102219
roberta_twitter_sentiment,10000,153,0.003402082805937027,0.001745785733732596,0.002814125078430552,0.0042692894894542964,0.003137938681211523,0.010836415302384675
roberta_twitter_sentiment,10000,154,0.003402082805937027,0.004801683430751159,0.0035671800453651414,0.00560992193310652,0.003951716795718783,0.012334690554827762
roberta_twitter_sentiment,10000,155,0.003402082805937027,0.0029340447343383347,0.0028095654473043034,0.00466900293823324,0.0032415444733055175,0.011139362258667114
roberta_twitter_sentiment,10000,156,0.003402082805937027,0.0034382314472693855,0.0033506163781066903,0.005791747572614595,0.0037700554343648987,0.011416177556167337
roberta_twitter_sentiment,10000,157,0.003402082805937027,0.005385089463032645,0.003914649828340777,0.005876086934184023,0.0045144261986255355,0.012905341297968336
roberta_twitter_sentiment,10000,158,0.003402082805937027,0.004291638583095712,0.0031423176154459645,0.004963518279233786,0.0035567725957258997,0.01227095466269942
roberta_twitter_sentiment,10000,159,0.003402082805937027,0.0023822497733358323,0.00402816938448491,0.00598977170669828,0.0045059763349996635,0.01284627826211544
roberta_twitter_sentiment,10000,160,0.003402082805937027,0.002394700057047437,0.0026287558377520517,0.0046686310380081595,0.003104167480875578,0.010937968928909131
roberta_twitter_sentiment,10000,161,0.003402082805937027,0.003737557099122064,0.003791856636176368,0.005630705729498636,0.004138628523347047,0.012632755549327331
roberta_twitter_sentiment,10000,162,0.003402082805937027,0.0026895961493754775,0.00245118059733885,0.004454706133648382,0.0028516136765984325,0.010832545983039994
roberta_twitter_sentiment,10000,163,0.003402082805937027,0.002471783213643641,0.0028883511642242158,0.0048779616871076886,0.003412580647075189,0.011380143369377666
roberta_twitter_sentiment,10000,164,0.003402082805937027,0.00437295597586007,0.0035111627693250914,0.005436761199284652,0.00403689731708286,0.011610091631340965
roberta_twitter_sentiment,10000,165,0.003402082805937027,0.0034641383197859072,0.0029620447626017327,0.00498389037378772,0.0034087346365526683,0.011902382506731804
roberta_twitter_sentiment,10000,166,0.003402082805937027,0.004402611110158021,0.0029694505231448822,0.005707983519409387,0.003509260226735882,0.01302698904198618
roberta_twitter_sentiment,10000,167,0.003402082805937027,0.005651924314752235,0.0029939900135135416,0.005290801922269644,0.003276522837052594,0.012348128541688425
roberta_twitter_sentiment,10000,168,0.003402082805937027,0.004315632621142107,0.0036482993844238415,0.00575112550992239,0.004091053622843831,0.012979176842812164
roberta_twitter_sentiment,10000,169,0.003402082805937027,0.001975534622272225,0.0029108565666403786,0.004380684358452865,0.003174241511926485,0.01049409395536944
roberta_twitter_sentiment,10000,170,0.003402082805937027,0.0031117355834404635,0.0033870855986944766,0.005908482380760068,0.004249234295826641,0.012027530185638532
roberta_twitter_sentiment,10000,171,0.003402082805937027,0.0019139830275960146,0.002857721102834778,0.004776470030547311,0.003251369135555499,0.010476675489519862
roberta_twitter_sentiment,10000,172,0.003402082805937027,0.002836759926922854,0.00333890764142016,0.004980351444056412,0.0036551521533155175,0.011762813984641015
roberta_twitter_sentiment,10000,173,0.003402082805937027,0.0027810827269191428,0.0023669993075702803,0.004516467052364792,0.0029137568460346004,0.011216815410378644
roberta_twitter_sentiment,10000,174,0.003402082805937027,0.004268676879115347,0.00384937779430988,0.0060285495549936,0.004414675374612074,0.012330277078672338
roberta_twitter_sentiment,10000,175,0.003402082805937027,0.0036219245705826028,0.003486447614671237,0.005476985060019467,0.00401321902571793,0.012206029103566867
roberta_twitter_sentiment,10000,176,0.003402082805937027,0.004558356242761352,0.0029921545472531503,0.004959911659091495,0.003637727018394445,0.011637170853561621
roberta_twitter_sentiment,10000,177,0.003402082805937027,0.003823922843938111,0.0031385061017769407,0.00554658041751532,0.003929848783280207,0.01186006353399591
roberta_twitter_sentiment,10000,178,0.003402082805937027,0.0025918018757281574,0.002612616595009696,0.004510161942223874,0.0031849082499784557,0.010848081136144326
roberta_twitter_sentiment,10000,179,0.003402082805937027,0.003479941142810753,0.002790686504827004,0.004916925514292772,0.0032619221092240556,0.011892286812352024
roberta_twitter_sentiment,10000,180,0.003402082805937027,0.003346100891593052,0.003849989996439006,0.0058035483437562365,0.004405661767885116,0.012319669563783272
roberta_twitter_sentiment,10000,181,0.003402082805937027,0.004411867930834796,0.0036725194333790856,0.0061432692422640645,0.003879920006280481,0.012994389136739044
roberta_twitter_sentiment,10000,182,0.003402082805937027,0.00593736941066978,0.0031704091234108596,0.005520596507265645,0.0036643830235962628,0.012473716130793653
roberta_twitter_sentiment,10000,183,0.003402082805937027,0.004122505558271231,0.0029630950444291355,0.005433387101869038,0.003452112041030752,0.012787746955412205
roberta_twitter_sentiment,10000,184,0.003402082805937027,0.0026358558117471867,0.003451163074421718,0.005362748179134313,0.004038968653049131,0.012050101772760896
roberta_twitter_sentiment,10000,185,0.003402082805937027,0.004547497450862705,0.0033132841833752504,0.005419889741879747,0.0038163427039993895,0.012467587329070672
roberta_twitter_sentiment,10000,186,0.003402082805937027,0.0029540067157149954,0.002924383731017333,0.004798356298811647,0.0035810482032337817,0.010658144952154917
roberta_twitter_sentiment,10000,187,0.003402082805937027,0.003187124062977606,0.0026190462124784848,0.004623791742922239,0.003109558196828926,0.011446927390304921
roberta_twitter_sentiment,10000,188,0.003402082805937027,0.003381378317960696,0.0029555393250302966,0.005251798788261659,0.003589390710807387,0.011831997199587562
roberta_twitter_sentiment,10000,189,0.003402082805937027,0.0018610985893722678,0.003696398164386248,0.005525448232808554,0.0040408296932710214,0.011033138459666733
roberta_twitter_sentiment,10000,190,0.003402082805937027,0.0029405279609250727,0.0034367545348311943,0.005596465975720238,0.0041524627080290494,0.011756238038207628
roberta_twitter_sentiment,10000,191,0.003402082805937027,0.0037528834634351993,0.00335489931908809,0.0051554382584958385,0.0038638593120391062,0.011341150953706379
roberta_twitter_sentiment,10000,192,0.003402082805937027,0.0044316767124652915,0.0035490069007239867,0.00536757402829798,0.004040101777121872,0.012552740205533128
roberta_twitter_sentiment,10000,193,0.003402082805937027,0.0032783459031188867,0.002289440903433828,0.0043165830878080565,0.002850934423460327,0.011688597044636222
roberta_twitter_sentiment,10000,194,0.003402082805937027,0.0033616879545469457,0.0027155681190486176,0.004691323750062082,0.0030464099153751922,0.011344455036970187
roberta_twitter_sentiment,10000,195,0.003402082805937027,0.0032859105716950515,0.0026956106863360984,0.00462971858867684,0.002990992740572775,0.011432546656393542
roberta_twitter_sentiment,10000,196,0.003402082805937027,0.005512961482458726,0.003515730886072974,0.005977393286943135,0.0040903137163025806,0.012922887730132247
roberta_twitter_sentiment,10000,197,0.003402082805937027,0.0025117697670485497,0.0028355482578547955,0.004566069380841266,0.003252375483827361,0.011608336158216654
roberta_twitter_sentiment,10000,198,0.003402082805937027,0.004455721678573613,0.003840933290640652,0.005620705929691401,0.004362966128854731,0.01253734588906258
roberta_twitter_sentiment,10000,199,0.003402082805937027,0.00483753239215853,0.0036480367767332948,0.005532013771204163,0.0041349305546981635,0.01151575303732357
