model,n,rep,reference,rank_ece,hist_10,hist_sqrt,hist_cube_root,hist_n_over_20
bert_multilingual_stars,100,0,0.012468074711719977,-0.003447082234648424,0.011842656355427637,0.011842656355427637,0.0024325559749448903,0.00788247258632815
bert_multilingual_stars,100,1,0.012468074711719977,0.004120334747785854,0.028155721742286435,0.028155721742286435,0.014648571415479907,0.022345569609673058
bert_multilingual_stars,100,2,0.012468074711719977,0.015754602885208698,0.02193858354667978,0.02193858354667978,0.004398181936997309,0.012750705986236512
bert_multilingual_stars,100,3,0.012468074711719977,0.032788755755146066,0.044432543803222056,0.044432543803222056,0.036196525870575966,0.03769290817489322
bert_multilingual_stars,100,4,0.012468074711719977,0.019508427170620946,0.023985602658280165,0.023985602658280165,0.017928532015072135,0.019342011008388914
bert_multilingual_stars,100,5,0.012468074711719977,0.015902466052138714,0.02203760358396758,0.02203760358396758,0.017406396171726318,0.018432291019600304
bert_multilingual_stars,100,6,0.012468074711719977,-0.005460355953153841,0.0165647108995622,0.0165647108995622,0.006965256332461343,0.006467390244660234
bert_multilingual_stars,100,7,0.012468074711719977,0.001983171477959852,0.014969072588550856,0.014969072588550856,0.010730387240855097,0.011969359787990937
bert_multilingual_stars,100,8,0.012468074711719977,0.007374502317266921,0.022721379319790798,0.022721379319790798,0.00754338979217104,0.013443829133206386
bert_multilingual_stars,100,9,0.012468074711719977,0.009455163891336781,0.03089503869797808,0.03089503869797808,0.022199348271598328,0.02793822542255984
bert_multilingual_stars,100,10,0.012468074711719977,0.009430250605235817,0.029160003121917622,0.029160003121917622,0.007121782208613272,0.01591223883634695
bert_multilingual_stars,100,11,0.012468074711719977,-0.0032182325334066974,0.009960928570194101,0.009960928570194101,0.0013060499267629742,0.0026067031936180454
bert_multilingual_stars,100,12,0.012468074711719977,-0.011554054638737855,0.0073842231076770215,0.0073842231076770215,0.003527155660645001,0.0034068721022644383
bert_multilingual_stars,100,13,0.012468074711719977,0.014756133921255713,0.014796439870896296,0.014796439870896296,0.011016129782936751,0.009840999311797443
bert_multilingual_stars,100,14,0.012468074711719977,0.01367935929359725,0.03322690579320271,0.03322690579320271,0.029418703837615447,0.028855327210944026
bert_multilingual_stars,100,15,0.012468074711719977,-0.016320353479999803,0.00931469032270399,0.00931469032270399,0.00678184322993692,0.004127721403836573
bert_multilingual_stars,100,16,0.012468074711719977,0.018309029044880396,0.039747463731573986,0.039747463731573986,0.03220019114921689,0.02962003527292919
bert_multilingual_stars,100,17,0.012468074711719977,0.021239761835421218,0.027652767486582644,0.027652767486582644,0.011267150636752515,0.010359260154033953
bert_multilingual_stars,100,18,0.012468074711719977,0.015149759283021891,0.014179295527610169,0.014179295527610169,0.010902377460680832,0.013201558475649824
bert_multilingual_stars,100,19,0.012468074711719977,0.04214638829255934,0.04420263298004061,0.04420263298004061,0.04756092765267657,0.03828952699400568
bert_multilingual_stars,100,20,0.012468074711719977,-0.008509060727045319,0.020517012395896685,0.020517012395896685,0.011348916785634662,0.0153979351881408
bert_multilingual_stars,100,21,0.012468074711719977,0.004397856436780354,0.0319170496132952,0.0319170496132952,0.022998551738722145,0.02284399459330766
bert_multilingual_stars,100,22,0.012468074711719977,0.008644934925146841,0.01581626098801844,0.01581626098801844,0.017713180657938685,0.014538801178862552
bert_multilingual_stars,100,23,0.012468074711719977,0.018646496823127592,0.014882014855018607,0.014882014855018607,0.01018390773324038,0.013550572693115005
bert_multilingual_stars,100,24,0.012468074711719977,0.03216914328249887,0.03890712743517172,0.03890712743517172,0.03569043699658464,0.03430573709887972
bert_multilingual_stars,100,25,0.012468074711719977,0.05646203147637298,0.04824903035310578,0.04824903035310578,0.03460227633255185,0.040249367690377555
bert_multilingual_stars,100,26,0.012468074711719977,0.04682058177467624,0.05705933106286516,0.05705933106286516,0.04153405197851825,0.053396110194943634
bert_multilingual_stars,100,27,0.012468074711719977,0.009020265410514417,0.027025781901650874,0.027025781901650874,0.007353413429884019,0.015764873323045
bert_multilingual_stars,100,28,0.012468074711719977,0.011606372563550387,0.019269836271503967,0.019269836271503967,0.021298696262239597,0.017034823089405866
bert_multilingual_stars,100,29,0.012468074711719977,0.01046983025407832,0.016729441354891617,0.016729441354891617,0.010911469336289725,0.010561776584720605
bert_multilingual_stars,100,30,0.012468074711719977,8.729343407471779e-05,0.013378160493839676,0.013378160493839676,0.006282489704588411,0.007844770730729334
bert_multilingual_stars,100,31,0.012468074711719977,0.017407807520289875,0.024554636315441112,0.024554636315441112,0.015721079891395717,0.01900638732093078
bert_multilingual_stars,100,32,0.012468074711719977,0.002071884809724836,0.009234968523548916,0.009234968523548916,0.005154081218794668,0.005953042209684961
bert_multilingual_stars,100,33,0.012468074711719977,0.03293619271707077,0.03652563215341063,0.03652563215341063,0.03356964996377765,0.03433731843621085
bert_multilingual_stars,100,34,0.012468074711719977,0.012778318571857938,0.025411757074794032,0.025411757074794032,0.015468891087811425,0.02236922652970314
bert_multilingual_stars,100,35,0.012468074711719977,0.011132095253381897,0.02165080279854226,0.02165080279854226,0.013717203271655407,0.008415338961538328
bert_multilingual_stars,100,36,0.012468074711719977,0.014753869651741174,0.02325717417771692,0.02325717417771692,0.0032009068325939555,0.014849030611409384
bert_multilingual_stars,100,37,0.012468074711719977,-0.0003814456032696467,0.021847831048014785,0.021847831048014785,0.011290753106320547,0.005891842593803227
bert_multilingual_stars,100,38,0.012468074711719977,-0.007135076854815197,0.019551193031616797,0.019551193031616797,0.005612908671310843,0.009480399794076373
bert_multilingual_stars,100,39,0.012468074711719977,0.01019301730686284,0.03419637908228676,0.03419637908228676,0.025644920522681712,0.03081123070761019
bert_multilingual_stars,100,40,0.012468074711719977,0.009325704922261018,0.01803843700234282,0.01803843700234282,0.009435140855456076,0.014725729102405247
bert_multilingual_stars,100,41,0.012468074711719977,0.02476403284101872,0.0357554142403067,0.0357554142403067,0.034904532759425934,0.03061412899179784
bert_multilingual_stars,100,42,0.012468074711719977,0.016960603456132182,0.025893084329304435,0.025893084329304435,0.01929730090534403,0.016959194484341737
bert_multilingual_stars,100,43,0.012468074711719977,-0.002328519845724066,0.012474883557239072,0.012474883557239072,0.004451077308659113,0.009458746652167073
bert_multilingual_stars,100,44,0.012468074711719977,0.009245257463020127,0.01605219335935059,0.01605219335935059,0.008377071288113163,0.012218383652462013
bert_multilingual_stars,100,45,0.012468074711719977,0.020860984121091452,0.03274077416693474,0.03274077416693474,0.02561636479877412,0.030263734672667308
bert_multilingual_stars,100,46,0.012468074711719977,-0.007860710500553834,0.017895328365664112,0.017895328365664112,0.007308309076008308,0.007337212718495984
bert_multilingual_stars,100,47,0.012468074711719977,0.016189022745370197,0.02134974165380646,0.02134974165380646,0.011466327091697726,0.010339852860836765
bert_multilingual_stars,100,48,0.012468074711719977,-0.0035638702883850426,0.012090704205412374,0.012090704205412374,0.0041445092667943915,0.005080783534187346
bert_multilingual_stars,100,49,0.012468074711719977,0.011926871115112883,0.026118976950424554,0.026118976950424554,0.024849953603023202,0.021985454829922018
bert_multilingual_stars,100,50,0.012468074711719977,-0.00826655731953732,0.008279086426636753,0.008279086426636753,0.0038661147028290323,0.0053009161641510896
bert_multilingual_stars,100,51,0.012468074711719977,0.020519032956940242,0.03403187075764557,0.03403187075764557,0.019575852108855374,0.027183561291211192
bert_multilingual_stars,100,52,0.012468074711719977,0.0077786895702218525,0.021426660582942438,0.021426660582942438,0.014254881333925513,0.016387058606261565
bert_multilingual_stars,100,53,0.012468074711719977,0.015024437889730952,0.038117511679667836,0.038117511679667836,0.01582678643227124,0.029921999792483982
bert_multilingual_stars,100,54,0.012468074711719977,-0.004418330578757775,0.012159140705346372,0.012159140705346372,0.0024881448539637806,0.007609427595617194
bert_multilingual_stars,100,55,0.012468074711719977,0.022848091791599096,0.02142866997904317,0.02142866997904317,0.005261606538593079,0.009244264034616681
bert_multilingual_stars,100,56,0.012468074711719977,0.028078142504597156,0.020277979296424158,0.020277979296424158,0.010737074147220908,0.010506720904625238
bert_multilingual_stars,100,57,0.012468074711719977,0.022560781028710872,0.03054248779527834,0.03054248779527834,0.016194636412584274,0.013112081792427014
bert_multilingual_stars,100,58,0.012468074711719977,0.01858310252556948,0.02715657507632118,0.02715657507632118,0.024039925714004158,0.020613100918150117
bert_multilingual_stars,100,59,0.012468074711719977,0.04156436438526958,0.03865214718853876,0.03865214718853876,0.03535884859564154,0.036024222550981366
bert_multilingual_stars,100,60,0.012468074711719977,0.014296219065163415,0.021573352425200785,0.021573352425200785,0.0070596217485509,0.016015450395000737
bert_multilingual_stars,100,61,0.012468074711719977,0.0208443842034772,0.02562137764518916,0.02562137764518916,0.008209937327231031,0.006283313778267534
bert_multilingual_stars,100,62,0.012468074711719977,0.01530069986728681,0.03267035692263158,0.03267035692263158,0.02247262612248488,0.019426875123785686
bert_multilingual_stars,100,63,0.012468074711719977,-0.004935823669425895,0.01027530094127623,0.01027530094127623,0.006579983321233349,0.007954905574306547
bert_multilingual_stars,100,64,0.012468074711719977,0.02260424177717663,0.036754717917718775,0.036754717917718775,0.02277355107458519,0.028280595014380114
bert_multilingual_stars,100,65,0.012468074711719977,0.026104110443888454,0.03290389429767391,0.03290389429767391,0.02603764165266119,0.031190030540069164
bert_multilingual_stars,100,66,0.012468074711719977,0.02538039816897587,0.03010994888327873,0.03010994888327873,0.02218671703086381,0.024763294337748896
bert_multilingual_stars,100,67,0.012468074711719977,0.007991273534285467,0.02165304905620431,0.02165304905620431,0.012978281851422701,0.011720741194736737
bert_multilingual_stars,100,68,0.012468074711719977,0.0029062908076465744,0.019513456727320626,0.019513456727320626,0.008218621791883174,0.010655708237013005
bert_multilingual_stars,100,69,0.012468074711719977,0.037210414917890317,0.03299860714391968,0.03299860714391968,0.016733545647166344,0.01884511969968494
bert_multilingual_stars,100,70,0.012468074711719977,0.016503720261310216,0.02552892078581671,0.02552892078581671,0.018470881179153496,0.01925974418055586
bert_multilingual_stars,100,71,0.012468074711719977,0.0005149807795297708,0.014552596333588632,0.014552596333588632,0.006016280967134308,0.005420681068681595
bert_multilingual_stars,100,72,0.012468074711719977,0.01111382916951821,0.026424134730652932,0.026424134730652932,0.0047450630835208,0.012841622842455583
bert_multilingual_stars,100,73,0.012468074711719977,0.024648689465692143,0.03366237195213358,0.03366237195213358,0.02164104300285221,0.027855411524109263
bert_multilingual_stars,100,74,0.012468074711719977,0.009288102758499171,0.02121102623512145,0.02121102623512145,0.01388017486919668,0.01777305266660173
bert_multilingual_stars,100,75,0.012468074711719977,0.029983630617426833,0.036577770445544194,0.036577770445544194,0.01234315961926966,0.013757766940773592
bert_multilingual_stars,100,76,0.012468074711719977,0.006295384302539537,0.02190882645561478,0.02190882645561478,0.011664743863710737,0.017873302697291336
bert_multilingual_stars,100,77,0.012468074711719977,0.0010492829425402864,0.017185466199880404,0.017185466199880404,0.010384164917982538,0.010539177573002476
bert_multilingual_stars,100,78,0.012468074711719977,7.468927596852359e-05,0.0168717967931013,0.0168717967931013,0.007442776424122601,0.014810534613195394
bert_multilingual_stars,100,79,0.012468074711719977,0.02632962890664892,0.034724603327709345,0.034724603327709345,0.020233015574992422,0.017383087308613276
bert_multilingual_stars,100,80,0.012468074711719977,0.03107626163620909,0.0291519658846439,0.0291519658846439,0.022224610550976742,0.02247247506572443
bert_multilingual_stars,100,81,0.012468074711719977,0.005388997312844891,0.01619113737933198,0.01619113737933198,0.013229975052617733,0.01196154148242198
bert_multilingual_stars,100,82,0.012468074711719977,0.004852852030985412,0.024735514848459157,0.024735514848459157,0.009264730625788227,0.009784632339571296
bert_multilingual_stars,100,83,0.012468074711719977,0.004547492810464311,0.021617440908778998,0.021617440908778998,0.009493041768897828,0.010459101157011987
bert_multilingual_stars,100,84,0.012468074711719977,0.017348709186487565,0.03357283740682911,0.03357283740682911,0.02179461538716787,0.024620245430326405
bert_multilingual_stars,100,85,0.012468074711719977,0.012569150028228511,0.018847189581826698,0.018847189581826698,0.0076467816732897825,0.013214707302276845
bert_multilingual_stars,100,86,0.012468074711719977,0.028918860108704782,0.035524057697457624,0.035524057697457624,0.027605181080840847,0.033623134332935324
bert_multilingual_stars,100,87,0.012468074711719977,0.006213495296494945,0.022896680942491695,0.022896680942491695,0.00819627228115714,0.01479685209215722
bert_multilingual_stars,100,88,0.012468074711719977,0.021480548781223997,0.01466478860376705,0.01466478860376705,0.007911038545139372,0.011049226632536205
bert_multilingual_stars,100,89,0.012468074711719977,0.003987496355733427,0.02063614184351673,0.02063614184351673,0.016317869361078506,0.018598031173441783
bert_multilingual_stars,100,90,0.012468074711719977,0.02375092922575758,0.02782764690959692,0.02782764690959692,0.021988948051059255,0.023352061254085836
bert_multilingual_stars,100,91,0.012468074711719977,0.03600869326744973,0.043538690922686474,0.043538690922686474,0.03779491098903261,0.03464662741406575
bert_multilingual_stars,100,92,0.012468074711719977,-0.0008692965110129652,0.01211840779016602,0.01211840779016602,0.00911925300978239,0.009731052672872678
bert_multilingual_stars,100,93,0.012468074711719977,0.014291829608648887,0.023858347116255705,0.023858347116255705,0.012746855941192018,0.018846839631236907
bert_multilingual_stars,100,94,0.012468074711719977,0.013768494049604538,0.02107163887911143,0.02107163887911143,0.0076759146135868764,0.012669963550381035
bert_multilingual_stars,100,95,0.012468074711719977,0.02300605830423912,0.029142244770442326,0.029142244770442326,0.024106674270900477,0.024782351122768394
bert_multilingual_stars,100,96,0.012468074711719977,-0.01966072055428496,0.01832677599002879,0.01832677599002879,0.0050737309361496424,0.004386020697209881
bert_multilingual_stars,100,97,0.012468074711719977,0.006434715956373955,0.02031095298719324,0.02031095298719324,0.016523750913815156,0.01750999582021925
bert_multilingual_stars,100,98,0.012468074711719977,0.008932595904773678,0.02291023847139375,0.02291023847139375,0.017986690792309426,0.02015218180203871
bert_multilingual_stars,100,99,0.012468074711719977,0.012548654580211068,0.03487804561651331,0.03487804561651331,0.026675813322167077,0.02952225022998927
bert_multilingual_stars,100,100,0.012468074711719977,-0.012164699030754553,0.016895350033664238,0.016895350033664238,0.004107128726325363,0.004698995378295166
bert_multilingual_stars,100,101,0.012468074711719977,0.007215201503324545,0.026055793185471427,0.026055793185471427,0.01820460692466946,0.014662209779549292
bert_multilingual_stars,100,102,0.012468074711719977,0.033836817247789364,0.04523099440234233,0.04523099440234233,0.03789513345527136,0.040268518650121515
bert_multilingual_stars,100,103,0.012468074711719977,-0.00017343939230208383,0.01277218188823977,0.01277218188823977,0.008061175578208622,0.0037888876906588603
bert_multilingual_stars,100,104,0.012468074711719977,-0.010665101990586075,0.009488361392922367,0.009488361392922367,0.006268789030673236,0.006113785448954157
bert_multilingual_stars,100,105,0.012468074711719977,0.021912611567893592,0.02024318361075729,0.02024318361075729,0.01824493735451579,0.013807241059529575
bert_multilingual_stars,100,106,0.012468074711719977,0.007180920604454437,0.015353442166657667,0.015353442166657667,0.00909781979062469,0.013466306881992325
bert_multilingual_stars,100,107,0.012468074711719977,0.015968866054774097,0.026310869373518505,0.026310869373518505,0.014248090744009182,0.015665050771894264
bert_multilingual_stars,100,108,0.012468074711719977,0.003357136346132146,0.028265718153469354,0.028265718153469354,0.022405869249455698,0.02045881190907583
bert_multilingual_stars,100,109,0.012468074711719977,0.00585751934369467,0.027392036969695055,0.027392036969695055,0.012366253053180449,0.0065524737975882295
bert_multilingual_stars,100,110,0.012468074711719977,0.0006781297125221608,0.020979872156925598,0.020979872156925598,0.0064877840105129776,0.013390112590770296
bert_multilingual_stars,100,111,0.012468074711719977,-0.015318411493604061,0.007738844911172083,0.007738844911172083,0.0017741992384588193,0.00306202598672335
bert_multilingual_stars,100,112,0.012468074711719977,0.0008681018159184712,0.016728295766801585,0.016728295766801585,0.006877831670046176,0.01095753052622645
bert_multilingual_stars,100,113,0.012468074711719977,-0.001388167152713552,0.016086412952872945,0.016086412952872945,0.010589625500293937,0.008598217981289999
bert_multilingual_stars,100,114,0.012468074711719977,-0.014197465415234433,0.006853951401241059,0.006853951401241059,0.0015707633751422373,0.0023914142920523464
bert_multilingual_stars,100,115,0.012468074711719977,-0.0003258582121855785,0.017419389451408036,0.017419389451408036,0.012584205017710768,0.01389004875840305
bert_multilingual_stars,100,116,0.012468074711719977,0.015018726315532492,0.02931210274962479,0.02931210274962479,0.023997896815350254,0.020222561506611468
bert_multilingual_stars,100,117,0.012468074711719977,-0.010268410750026024,0.01216439629826116,0.01216439629826116,0.007898927139478993,0.009407699397781761
bert_multilingual_stars,100,118,0.012468074711719977,-0.016421134202884727,0.02065879078579364,0.02065879078579364,0.004598852495635225,0.0024385678048381263
bert_multilingual_stars,100,119,0.012468074711719977,0.006634794405557655,0.03396331066837777,0.03396331066837777,0.0038542839767565767,0.008571338429322015
bert_multilingual_stars,100,120,0.012468074711719977,-0.0020676309766961263,0.012683944161650626,0.012683944161650626,0.005878554423412259,0.009672930895599324
bert_multilingual_stars,100,121,0.012468074711719977,0.022628687825456614,0.03362049026132297,0.03362049026132297,0.010211189870470016,0.01795038512662151
bert_multilingual_stars,100,122,0.012468074711719977,0.00919823662267871,0.035642016187196104,0.035642016187196104,0.015543425632258107,0.02319876741124133
bert_multilingual_stars,100,123,0.012468074711719977,0.028292373566972763,0.031451771684355534,0.031451771684355534,0.017799603095883246,0.01875373132509831
bert_multilingual_stars,100,124,0.012468074711719977,-0.007169757329826107,0.011135976338851031,0.011135976338851031,0.0031931353286332592,0.004223577149974792
bert_multilingual_stars,100,125,0.012468074711719977,0.039453975263892375,0.04323392123643513,0.04323392123643513,0.03770825113183853,0.041091048752809965
bert_multilingual_stars,100,126,0.012468074711719977,0.042800207368036726,0.03290375852907356,0.03290375852907356,0.02195306490636002,0.02298660500636842
bert_multilingual_stars,100,127,0.012468074711719977,-0.010453946189623189,0.008455899377955954,0.008455899377955954,0.004856611650324842,0.004499531855132422
bert_multilingual_stars,100,128,0.012468074711719977,0.005808637755522086,0.02204620803212353,0.02204620803212353,0.007602518726067382,0.010876309149320081
bert_multilingual_stars,100,129,0.012468074711719977,-0.001513539862730694,0.0247332720686257,0.0247332720686257,0.009287832227003698,0.012378030246665337
bert_multilingual_stars,100,130,0.012468074711719977,0.013537554757664588,0.030927289333142236,0.030927289333142236,0.018820880326082746,0.019940246214504243
bert_multilingual_stars,100,131,0.012468074711719977,0.007427148311614563,0.01473451564181757,0.01473451564181757,0.011107058063328892,0.010167943215440452
bert_multilingual_stars,100,132,0.012468074711719977,0.000829829492443186,0.01123292218870918,0.01123292218870918,0.004827592511789136,0.008913346295227147
bert_multilingual_stars,100,133,0.012468074711719977,-0.0003647751192148957,0.013656755170596113,0.013656755170596113,0.0028032748239067962,0.010812189083401562
bert_multilingual_stars,100,134,0.012468074711719977,-0.006180730612277774,0.011940313544980439,0.011940313544980439,0.0061098859354985005,0.00560249285307936
bert_multilingual_stars,100,135,0.012468074711719977,0.03757483313341869,0.03971209259910988,0.03971209259910988,0.024711505783041394,0.03531639690097816
bert_multilingual_stars,100,136,0.012468074711719977,0.024902606612583873,0.01966964669541039,0.01966964669541039,0.008423266030784613,0.01754600910006929
bert_multilingual_stars,100,137,0.012468074711719977,-0.0021313474524596787,0.022329582457304396,0.022329582457304396,0.014945313984265676,0.010315129707893732
bert_multilingual_stars,100,138,0.012468074711719977,0.019498536964552116,0.026058104786280366,0.026058104786280366,0.014060384905733461,0.014060262800193703
bert_multilingual_stars,100,139,0.012468074711719977,0.009014751919105163,0.026407727074072875,0.026407727074072875,0.021745277206901323,0.023600705685307012
bert_multilingual_stars,100,140,0.012468074711719977,0.0036454236151900227,0.01811540499455577,0.01811540499455577,0.009503647965794365,0.004033754020318294
bert_multilingual_stars,100,141,0.012468074711719977,-0.0015636272575796106,0.017608796114794364,0.017608796114794364,0.012327807616443347,0.012233856460024131
bert_multilingual_stars,100,142,0.012468074711719977,0.01835056423972605,0.03959609996570175,0.03959609996570175,0.02461067163948763,0.03595170253568309
bert_multilingual_stars,100,143,0.012468074711719977,0.01149091169477463,0.016638246473095024,0.016638246473095024,0.015103435156605787,0.014738558745285523
bert_multilingual_stars,100,144,0.012468074711719977,0.0019713176698429647,0.015905044519212527,0.015905044519212527,0.0071627548119962085,0.0050015450460840945
bert_multilingual_stars,100,145,0.012468074711719977,-0.008244242896318595,0.009815511564449701,0.009815511564449701,0.00543344952374049,0.005444656972603593
bert_multilingual_stars,100,146,0.012468074711719977,-0.00816996690055256,0.01572081498628907,0.01572081498628907,0.01494711416175557,0.010766672404189884
bert_multilingual_stars,100,147,0.012468074711719977,0.01023444445501114,0.018957706788275294,0.018957706788275294,0.016029020880351293,0.013462257221126076
bert_multilingual_stars,100,148,0.012468074711719977,0.00959658641640554,0.012735929060089211,0.012735929060089211,0.006746485906300831,0.008098416313507864
bert_multilingual_stars,100,149,0.012468074711719977,0.012610356348062145,0.018763280271798265,0.018763280271798265,0.016615552316404426,0.014111727954677626
bert_multilingual_stars,100,150,0.012468074711719977,0.01324821255483426,0.02334079633312584,0.02334079633312584,0.015283436801343843,0.013774823763142006
bert_multilingual_stars,100,151,0.012468074711719977,-0.003909721560247171,0.01858330489241141,0.01858330489241141,0.0035783436548558626,0.010425211815806839
bert_multilingual_stars,100,152,0.012468074711719977,-0.007575446858015358,0.020635035980178178,0.020635035980178178,0.009063780163172896,0.015081053717882943
bert_multilingual_stars,100,153,0.012468074711719977,0.016186531494132544,0.02380524144293141,0.02380524144293141,0.016325938580375832,0.016847676674682222
bert_multilingual_stars,100,154,0.012468074711719977,0.03208295295223201,0.0431057060618553,0.0431057060618553,0.038698041218685975,0.03255948346097496
bert_multilingual_stars,100,155,0.012468074711719977,0.023860103166557147,0.033411363635985285,0.033411363635985285,0.033807817646138494,0.02910245863640368
bert_multilingual_stars,100,156,0.012468074711719977,0.011468444539469705,0.02556665376032205,0.02556665376032205,0.014257310196216589,0.007735489842333008
bert_multilingual_stars,100,157,0.012468074711719977,0.011582410066825716,0.012931691931241085,0.012931691931241085,0.004613429706524345,0.0070520577217221304
bert_multilingual_stars,100,158,0.012468074711719977,-0.0006420713928212856,0.02038287079449602,0.02038287079449602,0.012584929318967108,0.01239189187895804
bert_multilingual_stars,100,159,0.012468074711719977,0.006409531979487983,0.01978168862874185,0.01978168862874185,0.010213660940804755,0.011872881402946997
bert_multilingual_stars,100,160,0.012468074711719977,0.016266112671892985,0.03468798885088056,0.03468798885088056,0.017445168641622925,0.03161191606128758
bert_multilingual_stars,100,161,0.012468074711719977,-0.01205725325802919,0.008223591661354265,0.008223591661354265,0.008297823077358211,0.006238200797721038
bert_multilingual_stars,100,162,0.012468074711719977,0.015422589549376649,0.0116904460875058,0.0116904460875058,0.005737625940130482,0.008371288642171347
bert_multilingual_stars,100,163,0.012468074711719977,-0.004901555649744466,0.012930237428368806,0.012930237428368806,0.002525298763182607,0.006273743834206651
bert_multilingual_stars,100,164,0.012468074711719977,0.03213013702536207,0.030309575400077882,0.030309575400077882,0.027331052681567436,0.029365767036991067
bert_multilingual_stars,100,165,0.012468074711719977,0.002245303835734371,0.013776596010565493,0.013776596010565493,0.006292364328164702,0.005788180347108809
bert_multilingual_stars,100,166,0.012468074711719977,0.04373789432278427,0.041100223639825406,0.041100223639825406,0.02382765835769569,0.03385699476191484
bert_multilingual_stars,100,167,0.012468074711719977,0.0004174464071921402,0.020198731813980624,0.020198731813980624,0.016050542094504475,0.01697448839807915
bert_multilingual_stars,100,168,0.012468074711719977,-0.0010590510847201889,0.0206347512363743,0.0206347512363743,0.010545143630636276,0.017856701175641667
bert_multilingual_stars,100,169,0.012468074711719977,0.0058630219352681975,0.02479474322099795,0.02479474322099795,0.020886286248605414,0.020359026771732368
bert_multilingual_stars,100,170,0.012468074711719977,0.018625252370078203,0.01651928501652767,0.01651928501652767,0.011622917624470408,0.010717516205484692
bert_multilingual_stars,100,171,0.012468074711719977,0.04239356913293886,0.03647927545581482,0.03647927545581482,0.038530921538122875,0.03044015495319824
bert_multilingual_stars,100,172,0.012468074711719977,-0.009585027663460794,0.007850764492088491,0.007850764492088491,0.005440737365473349,0.005196698906457284
bert_multilingual_stars,100,173,0.012468074711719977,0.028130661435286277,0.034915798850599845,0.034915798850599845,0.02706300959541543,0.023723493989613428
bert_multilingual_stars,100,174,0.012468074711719977,0.00012211817582798986,0.020690189504475532,0.020690189504475532,0.00872841782068475,0.016746081863896718
bert_multilingual_stars,100,175,0.012468074711719977,0.021589418417948928,0.04455718764705678,0.04455718764705678,0.00960619478844571,0.016459107422016932
bert_multilingual_stars,100,176,0.012468074711719977,0.015764358638512097,0.021987392995111252,0.021987392995111252,0.023158434930218134,0.011029016042241102
bert_multilingual_stars,100,177,0.012468074711719977,0.0017783580376860744,0.025101710009295505,0.025101710009295505,0.019371640227727253,0.02131246694736711
bert_multilingual_stars,100,178,0.012468074711719977,0.015237980164961504,0.023698467179867316,0.023698467179867316,0.008929551215357079,0.010200746658440283
bert_multilingual_stars,100,179,0.012468074711719977,0.011276479853552396,0.019185935464772194,0.019185935464772194,0.01539802735665964,0.014570884734841966
bert_multilingual_stars,100,180,0.012468074711719977,0.0007165882274440677,0.017175364700671252,0.017175364700671252,0.017883992947099595,0.011947405185578085
bert_multilingual_stars,100,181,0.012468074711719977,0.024129016610001598,0.024786717368754155,0.024786717368754155,0.016626762459603685,0.018265622950992245
bert_multilingual_stars,100,182,0.012468074711719977,0.0025891232642832013,0.02772677988832213,0.02772677988832213,0.007799873894141893,0.02174910075058612
bert_multilingual_stars,100,183,0.012468074711719977,-0.019244405310956468,0.011697392076303808,0.011697392076303808,0.006612237012058155,0.010074374750271533
bert_multilingual_stars,100,184,0.012468074711719977,-0.006003978981156221,0.011237765062164989,0.011237765062164989,0.009044046718276254,0.008317052741908066
bert_multilingual_stars,100,185,0.012468074711719977,-0.0005649085241215499,0.01933850062595168,0.01933850062595168,0.01267545669357651,0.013562783523187866
bert_multilingual_stars,100,186,0.012468074711719977,0.03430342580982032,0.02860360787898922,0.02860360787898922,0.02388331899484368,0.02205852679549198
bert_multilingual_stars,100,187,0.012468074711719977,0.025956713722751025,0.039283400713575375,0.039283400713575375,0.01581770650942909,0.024680962347997725
bert_multilingual_stars,100,188,0.012468074711719977,0.044924244095753914,0.04075244995191694,0.04075244995191694,0.02282419464757334,0.032867181440293235
bert_multilingual_stars,100,189,0.012468074711719977,0.019061048252549714,0.027716293076227666,0.027716293076227666,0.016238549706794322,0.01655713932924362
bert_multilingual_stars,100,190,0.012468074711719977,0.024550942374855892,0.020596689936098006,0.020596689936098006,0.02488708585783901,0.015283788599645711
bert_multilingual_stars,100,191,0.012468074711719977,0.0061215747927786165,0.01811538353423022,0.01811538353423022,0.013806454141089846,0.013194760840587683
bert_multilingual_stars,100,192,0.012468074711719977,0.007477849657106038,0.025101317692745703,0.025101317692745703,0.02696248405718566,0.021064118236868712
bert_multilingual_stars,100,193,0.012468074711719977,-0.0034894973659090724,0.015633965383186173,0.015633965383186173,0.009584070665935602,0.007754407617625357
bert_multilingual_stars,100,194,0.012468074711719977,0.03651926884936119,0.04730744730964427,0.04730744730964427,0.03167129607384916,0.029407146619369662
bert_multilingual_stars,100,195,0.012468074711719977,0.04422288098564803,0.04302119763655385,0.04302119763655385,0.029166501801031783,0.04134059890292115
bert_multilingual_stars,100,196,0.012468074711719977,0.018971225130246752,0.028181644794003376,0.028181644794003376,0.019274557278354452,0.021178366711740088
bert_multilingual_stars,100,197,0.012468074711719977,0.0019378000839066116,0.020267722535130043,0.020267722535130043,0.01363325829936558,0.014334973029347718
bert_multilingual_stars,100,198,0.012468074711719977,-0.003718342132665241,0.016709979280257727,0.016709979280257727,0.005345564759521219,0.008431875902016111
bert_multilingual_stars,100,199,0.012468074711719977,0.014508657964798681,0.021654780620275906,0.021654780620275906,0.012765205318983059,0.01836805571077094
bert_multilingual_stars,250,0,0.012468074711719977,0.02434309493064037,0.016742097608689874,0.023833512128610203,0.015097779571351236,0.019198255065231103
bert_multilingual_stars,250,1,0.012468074711719977,0.007562461045149702,0.01374889143170877,0.01890486480514628,0.0117922646721906,0.014390745444397219
bert_multilingual_stars,250,2,0.012468074711719977,0.01206809737094713,0.01719950749440674,0.016812284512968692,0.01141257556931842,0.018033241446736067
bert_multilingual_stars,250,3,0.012468074711719977,0.012408953226516486,0.01842747760368851,0.020262047278303753,0.01587566163964308,0.01800905312303848
bert_multilingual_stars,250,4,0.012468074711719977,-0.010822670070064778,0.006295727989401733,0.009010595736958083,0.00590428946686866,0.0075785519872559205
bert_multilingual_stars,250,5,0.012468074711719977,0.007991448678033032,0.016927643248958863,0.0203395151068147,0.01302975391242454,0.01693813455685113
bert_multilingual_stars,250,6,0.012468074711719977,0.007211866072755155,0.013795162014612398,0.015330323012329693,0.009824028089050165,0.01690256216749847
bert_multilingual_stars,250,7,0.012468074711719977,0.02365426388063174,0.022244700253854284,0.021515044328199638,0.017906817636842653,0.026670341346308503
bert_multilingual_stars,250,8,0.012468074711719977,0.010792352639216525,0.019419368136698614,0.020979412490515045,0.018102029113348933,0.02043490871263425
bert_multilingual_stars,250,9,0.012468074711719977,0.03128723950524809,0.025186309045751837,0.026604878293199113,0.018253070563241804,0.022912984131167394
bert_multilingual_stars,250,10,0.012468074711719977,0.020868517038854627,0.02789135572752023,0.03216860912095287,0.02571528032580956,0.02738271861730598
bert_multilingual_stars,250,11,0.012468074711719977,0.01999534610608236,0.02058895571977634,0.025610849400082306,0.019991387374306877,0.023035845404320174
bert_multilingual_stars,250,12,0.012468074711719977,0.03599411654270213,0.03412528801860055,0.03411292098526582,0.034153113423121134,0.03689190242348093
bert_multilingual_stars,250,13,0.012468074711719977,0.005905978610602161,0.014272122288727145,0.01823779890965282,0.01294463285488143,0.01719554270917018
bert_multilingual_stars,250,14,0.012468074711719977,0.003551247710362186,0.0052998196137084945,0.005366498640919561,0.003614844720662076,0.009509601165540015
bert_multilingual_stars,250,15,0.012468074711719977,0.0023611908340550234,0.00905051937024863,0.015530336361852592,0.008396960538671474,0.01619914339244825
bert_multilingual_stars,250,16,0.012468074711719977,0.021412357044330945,0.019725881454566257,0.02485629999350742,0.02273706243181013,0.027779135898343438
bert_multilingual_stars,250,17,0.012468074711719977,0.005898018218103942,0.010259456147834987,0.01370147290467777,0.0073085807273785205,0.013534730626816491
bert_multilingual_stars,250,18,0.012468074711719977,0.022511260443084068,0.02437150713928095,0.026545051972265185,0.022549428338845146,0.023856951490397436
bert_multilingual_stars,250,19,0.012468074711719977,0.016598657645431468,0.015334945325598953,0.019480156215859547,0.013814070422654649,0.016247723529265505
bert_multilingual_stars,250,20,0.012468074711719977,0.011642598087878035,0.013063251851730994,0.015169112544727437,0.009126560576602306,0.014323547930103573
bert_multilingual_stars,250,21,0.012468074711719977,0.0026868155069851045,0.01664097315828766,0.019507770560284337,0.01591810373072942,0.018301278082635333
bert_multilingual_stars,250,22,0.012468074711719977,-0.0026396618736189976,0.005790514854823401,0.008344273214932437,0.004582536773005645,0.007147816517305935
bert_multilingual_stars,250,23,0.012468074711719977,0.011488619760229865,0.012119524623516245,0.011917228554473346,0.010924517923550911,0.013343205545798448
bert_multilingual_stars,250,24,0.012468074711719977,0.01692126423660799,0.021325943340759813,0.021755943311924368,0.01826857523101321,0.02020899193112419
bert_multilingual_stars,250,25,0.012468074711719977,0.019078244978866975,0.023526568350258837,0.02386975992036466,0.02169929909682851,0.023320491640460853
bert_multilingual_stars,250,26,0.012468074711719977,0.0087057375051072,0.014168829845848207,0.0184455394888943,0.01579215250032108,0.01841994284808836
bert_multilingual_stars,250,27,0.012468074711719977,0.020338002296157873,0.021567518483045178,0.02880901923600788,0.020167497005639773,0.024292665473950863
bert_multilingual_stars,250,28,0.012468074711719977,0.03251766171711332,0.02483496322036683,0.035548909157588196,0.02132786858449659,0.0292191239185531
bert_multilingual_stars,250,29,0.012468074711719977,0.002665522645699339,0.014662825977237,0.016697648218676094,0.011080018974052233,0.011789521761532787
bert_multilingual_stars,250,30,0.012468074711719977,0.008990318037341415,0.0092860357222566,0.013429079444874441,0.010807573216077905,0.012926620063844018
bert_multilingual_stars,250,31,0.012468074711719977,-0.002716081810135743,0.01397272079131306,0.016493810810765196,0.014075790216154146,0.015855644904118636
bert_multilingual_stars,250,32,0.012468074711719977,0.007739979041967883,0.01037594119755537,0.012156311407695247,0.008191392165576097,0.010983496576934112
bert_multilingual_stars,250,33,0.012468074711719977,0.009067041155849607,0.013515496622989995,0.0167514283006753,0.014102562042164346,0.014822115117910964
bert_multilingual_stars,250,34,0.012468074711719977,-0.007440966326884636,0.00911167879270694,0.011898039303528153,0.008594212534628711,0.011686706042915159
bert_multilingual_stars,250,35,0.012468074711719977,0.006455129435070314,0.009718528759938012,0.014944936443235458,0.010205163157829853,0.015598176337061755
bert_multilingual_stars,250,36,0.012468074711719977,0.0068029666299967515,0.01311842783340534,0.017874410856158443,0.010559065369486337,0.013849170066739134
bert_multilingual_stars,250,37,0.012468074711719977,0.011094864135592637,0.020237030619384037,0.023212790349996387,0.015780340798558785,0.01815565616763957
bert_multilingual_stars,250,38,0.012468074711719977,0.012060234048551098,0.01605844963205067,0.018170439145935035,0.012638370166734914,0.020312791359301013
bert_multilingual_stars,250,39,0.012468074711719977,0.00037663001438497013,0.010123042435289767,0.012183903084683183,0.0073348257887638525,0.012372717290895171
bert_multilingual_stars,250,40,0.012468074711719977,0.015581073004366307,0.022084751021198428,0.02385236743541807,0.02257569966240827,0.02575165496065161
bert_multilingual_stars,250,41,0.012468074711719977,0.031682330049320695,0.028864672862666405,0.030837446407069084,0.027445717558571205,0.030327055137380442
bert_multilingual_stars,250,42,0.012468074711719977,0.010487540227371873,0.021487702372394238,0.024052372640559237,0.02161735223778452,0.02314182735889479
bert_multilingual_stars,250,43,0.012468074711719977,0.02350167307691838,0.0173064637306489,0.0170177453284237,0.015712865212845702,0.018871083655004388
bert_multilingual_stars,250,44,0.012468074711719977,0.022263739314528946,0.0237762755360696,0.023518283815754725,0.017458472224616047,0.021654791827726366
bert_multilingual_stars,250,45,0.012468074711719977,0.013950770851801185,0.011694196773523659,0.016417803608949257,0.007296791248943613,0.0123705181993971
bert_multilingual_stars,250,46,0.012468074711719977,0.011890157694303877,0.015452076883709937,0.01788058647205515,0.016639349454137628,0.01796129623245038
bert_multilingual_stars,250,47,0.012468074711719977,0.007853924844164811,0.01623351330985039,0.018224921581693573,0.011590250156933116,0.01637006204977268
bert_multilingual_stars,250,48,0.012468074711719977,0.009445959096837717,0.018660135093593315,0.020145661125605355,0.02100023632248895,0.0226158906807596
bert_multilingual_stars,250,49,0.012468074711719977,0.009151407229096966,0.01839428559289332,0.01830344579286512,0.014595069463869039,0.016871928754577315
bert_multilingual_stars,250,50,0.012468074711719977,0.010261615984545358,0.01789030580045725,0.021406276259788228,0.015792731399180915,0.020006487227818715
bert_multilingual_stars,250,51,0.012468074711719977,0.0016540582588888482,0.00963246122059128,0.014883226109523716,0.009207673043970776,0.014236902133972218
bert_multilingual_stars,250,52,0.012468074711719977,0.000975887083003495,0.005421580310136431,0.008990650458833092,0.003631594463615324,0.007759013412461276
bert_multilingual_stars,250,53,0.012468074711719977,0.0014846323646469282,0.012537583851872026,0.013955477530173547,0.010340120610601968,0.013180676750397718
bert_multilingual_stars,250,54,0.012468074711719977,0.01390058505826728,0.015148786224085498,0.016779861736341634,0.015694645728076387,0.017887777426492446
bert_multilingual_stars,250,55,0.012468074711719977,0.003338678124120962,0.017974546554431727,0.017225629366830662,0.014574039464889353,0.017328694611779084
bert_multilingual_stars,250,56,0.012468074711719977,0.014047142153073379,0.019409833282224905,0.01776228757372507,0.01597384681721711,0.02137365110875709
bert_multilingual_stars,250,57,0.012468074711719977,0.015569393171656466,0.017332530909474182,0.01863170205744909,0.0198163954966532,0.02191480878132737
bert_multilingual_stars,250,58,0.012468074711719977,0.003372208013907423,0.017476850053718032,0.01872580633607279,0.01578036022092327,0.017642980176751005
bert_multilingual_stars,250,59,0.012468074711719977,0.0035615220947762347,0.015294782622323099,0.016579507165700353,0.014908905214343958,0.016080495178353735
bert_multilingual_stars,250,60,0.012468074711719977,0.002848575650262359,0.016851931601395607,0.019529205147661287,0.014355326910933105,0.017283050579477165
bert_multilingual_stars,250,61,0.012468074711719977,-0.001172532798671465,0.013400007869146843,0.01736359221270291,0.011228703887511385,0.01567621630085495
bert_multilingual_stars,250,62,0.012468074711719977,0.008317227134138995,0.015668397053506127,0.014762682183698202,0.01394805356921866,0.01623876521044099
bert_multilingual_stars,250,63,0.012468074711719977,-0.005808303414065607,0.011387514824287164,0.01225005749201336,0.011214403895062746,0.013142267945932685
bert_multilingual_stars,250,64,0.012468074711719977,-0.0026572193014572127,0.013313001625864476,0.012245821389657864,0.010441243256092502,0.012729298465649115
bert_multilingual_stars,250,65,0.012468074711719977,0.02307335706907352,0.023426466173683113,0.028831510268985366,0.017545821518913166,0.02179910556389126
bert_multilingual_stars,250,66,0.012468074711719977,0.029286473838222818,0.025982622983117615,0.029075489680923217,0.02116537408882062,0.028854700376527466
bert_multilingual_stars,250,67,0.012468074711719977,0.03195375838603905,0.027521578246535585,0.03244735525789084,0.02912846936672402,0.03170686518428261
bert_multilingual_stars,250,68,0.012468074711719977,0.006069319011462437,0.014440150251725927,0.018226190129640114,0.012625448998572156,0.016509745919170253
bert_multilingual_stars,250,69,0.012468074711719977,0.006184162510042444,0.016630890717385535,0.016243003729993207,0.01368539861308971,0.01591514894915036
bert_multilingual_stars,250,70,0.012468074711719977,0.007847236755906846,0.017252924819172327,0.01824974882607572,0.013455110096357959,0.015507812421676252
bert_multilingual_stars,250,71,0.012468074711719977,-0.001530948637650253,0.01413239745351532,0.015740784316608816,0.010706347105457707,0.013501594416902562
bert_multilingual_stars,250,72,0.012468074711719977,0.016409596406438548,0.016705936786178852,0.020413626328785323,0.016626275200450683,0.01844126446091954
bert_multilingual_stars,250,73,0.012468074711719977,0.004481002057148761,0.01164745629086029,0.01377411166259401,0.008995600290337196,0.012348813641937044
bert_multilingual_stars,250,74,0.012468074711719977,0.017493267796303412,0.01857942648183898,0.021353401209233326,0.018056048105988202,0.02068626850630996
bert_multilingual_stars,250,75,0.012468074711719977,0.02378746682868138,0.013795844912634138,0.02070188487966806,0.008639458401760705,0.013442123417700381
bert_multilingual_stars,250,76,0.012468074711719977,0.0054182814009780126,0.015545616688565243,0.019335542091815962,0.013174511930465076,0.01769419367734709
bert_multilingual_stars,250,77,0.012468074711719977,0.01859642481659632,0.023905806111908488,0.02491599234360615,0.02060308624903547,0.022120951149667695
bert_multilingual_stars,250,78,0.012468074711719977,0.019681457347638306,0.01690376155142952,0.018609358101578103,0.01343073414558065,0.019842396020121594
bert_multilingual_stars,250,79,0.012468074711719977,0.018544526727322156,0.0236725660315155,0.02678900156451935,0.02204157503409982,0.025554447417214268
bert_multilingual_stars,250,80,0.012468074711719977,0.006305845678907778,0.014411267815116195,0.01418090405907046,0.01015883446158013,0.011313230330303951
bert_multilingual_stars,250,81,0.012468074711719977,0.012659383940408069,0.01525547224535451,0.015018012548224132,0.013664909017881456,0.01659147393046938
bert_multilingual_stars,250,82,0.012468074711719977,0.0073496737318114284,0.00845531383222385,0.013824214024295898,0.007504722462547226,0.014739200079606354
bert_multilingual_stars,250,83,0.012468074711719977,0.011467041714316728,0.015167382924198513,0.020281746370902444,0.016596921308650925,0.02153467461478648
bert_multilingual_stars,250,84,0.012468074711719977,0.02219977547817113,0.031970077767463106,0.03476877018702992,0.0268707313542668,0.028785879280856668
bert_multilingual_stars,250,85,0.012468074711719977,-0.002919822393598534,0.007888781407466383,0.010875882660315354,0.006340677978523968,0.007358914710498603
bert_multilingual_stars,250,86,0.012468074711719977,0.0015077042121839081,0.015300235639606452,0.018380026046695495,0.01234191140409095,0.014266591872619557
bert_multilingual_stars,250,87,0.012468074711719977,0.00816160099345921,0.01688810775498886,0.017662510849952625,0.013086777049648769,0.016784919456979436
bert_multilingual_stars,250,88,0.012468074711719977,0.011290960224353878,0.01686939597254159,0.01970163796882789,0.014822684241675552,0.022593194044778362
bert_multilingual_stars,250,89,0.012468074711719977,0.011520243566038941,0.015797231212669655,0.016471081295529776,0.014632695457889033,0.015732802372426007
bert_multilingual_stars,250,90,0.012468074711719977,0.01368466905614548,0.016122784285745487,0.01764798139038482,0.01456076539106367,0.021044646786897603
bert_multilingual_stars,250,91,0.012468074711719977,0.009725611541530538,0.013728103212678835,0.01581045560826421,0.013109449715374241,0.015144394073010874
bert_multilingual_stars,250,92,0.012468074711719977,0.010317186914383577,0.018548670329752538,0.021903911466104896,0.014658174046364285,0.016985117476281626
bert_multilingual_stars,250,93,0.012468074711719977,0.01435064745341675,0.01470206202435287,0.01405450434163177,0.012864971560663973,0.015251261656810688
bert_multilingual_stars,250,94,0.012468074711719977,0.020942102584194416,0.02089822590857308,0.020435616177402506,0.016239634663901173,0.01853501466415637
bert_multilingual_stars,250,95,0.012468074711719977,0.016882159806650688,0.01934771752604522,0.023724125849146384,0.018692566399416077,0.02364997799518273
bert_multilingual_stars,250,96,0.012468074711719977,0.01088387714997549,0.017101515837914652,0.01832315379525654,0.014938993013988891,0.017569512907779142
bert_multilingual_stars,250,97,0.012468074711719977,0.0016345299625097364,0.010908773076383943,0.012394068420653706,0.009285280300381258,0.010487039316053326
bert_multilingual_stars,250,98,0.012468074711719977,0.019413058059793258,0.018123042079124158,0.019185397039440572,0.015904630653858998,0.01998516725973627
bert_multilingual_stars,250,99,0.012468074711719977,0.005764722244839584,0.013093488806634137,0.014455743747498709,0.008130651018422261,0.013246849414574076
bert_multilingual_stars,250,100,0.012468074711719977,0.020948468336057683,0.02700320924441359,0.026619351328795095,0.017954671585055544,0.027483552910958556
bert_multilingual_stars,250,101,0.012468074711719977,0.008969164397739657,0.014241648817482718,0.021971570508337368,0.01200903183071145,0.016278727057731934
bert_multilingual_stars,250,102,0.012468074711719977,0.006558630901228235,0.018425665225961722,0.01860606387623544,0.016188656253366907,0.018554696415079126
bert_multilingual_stars,250,103,0.012468074711719977,-0.001358938196029719,0.005520420954672598,0.009976143211234044,0.0032310039999293274,0.007054980546257239
bert_multilingual_stars,250,104,0.012468074711719977,0.02645662312013271,0.026711335108607306,0.027275607696317112,0.026010923354063856,0.030214247097392944
bert_multilingual_stars,250,105,0.012468074711719977,0.0068254582559537464,0.017274897788278915,0.01719916061037617,0.01490897026150912,0.016834303666630586
bert_multilingual_stars,250,106,0.012468074711719977,0.02182881189341211,0.016097471426151713,0.022931200470492758,0.011045539054029928,0.01852033403607332
bert_multilingual_stars,250,107,0.012468074711719977,0.0044872366735722756,0.01211284288012204,0.01345533416540481,0.009079819205130417,0.01591841773402297
bert_multilingual_stars,250,108,0.012468074711719977,0.007084991265536359,0.018241286388715555,0.02035223760871294,0.01773577274628564,0.0203621565333366
bert_multilingual_stars,250,109,0.012468074711719977,0.005353201097723719,0.015026373489367478,0.01596384155791513,0.010114729359943547,0.01479861887635258
bert_multilingual_stars,250,110,0.012468074711719977,0.007944816060485641,0.009093358342124267,0.011743202612755984,0.006584316725010999,0.009500631820153392
bert_multilingual_stars,250,111,0.012468074711719977,9.20375873739836e-05,0.013787959184091252,0.015310811232122664,0.012562245020481758,0.016668981378258462
bert_multilingual_stars,250,112,0.012468074711719977,-0.001008934521822419,0.010147138771684388,0.014954196517182312,0.0068689356406248046,0.013710570333627136
bert_multilingual_stars,250,113,0.012468074711719977,0.007062252220005767,0.01391285692671824,0.01727792103156714,0.008961780122663143,0.015239373757263124
bert_multilingual_stars,250,114,0.012468074711719977,0.020672723582324647,0.020328446520969174,0.0204614548711917,0.01649422016943055,0.018972216513254737
bert_multilingual_stars,250,115,0.012468074711719977,0.00031267996565786645,0.008427141674897047,0.009886757162122875,0.007723373637765115,0.010192091268726729
bert_multilingual_stars,250,116,0.012468074711719977,0.005933527590583928,0.012185060653362194,0.016084300811069364,0.008605470806476929,0.018562589521058777
bert_multilingual_stars,250,117,0.012468074711719977,0.03258065067802769,0.028187735573870158,0.032091205603613185,0.027496496871750365,0.02923205348413966
bert_multilingual_stars,250,118,0.012468074711719977,0.021512724541343814,0.025656528095654513,0.02638967034451414,0.015120159550561228,0.02639897767620434
bert_multilingual_stars,250,119,0.012468074711719977,0.01617048966536353,0.017347745203707285,0.016862485106105253,0.012122931378409918,0.015306372562009318
bert_multilingual_stars,250,120,0.012468074711719977,0.016204223964315458,0.022531524064289907,0.0288115126427512,0.018590660035256515,0.026054477694074405
bert_multilingual_stars,250,121,0.012468074711719977,0.008829188685571927,0.02060248150316344,0.02258653526862186,0.018494883831779677,0.02168590898552231
bert_multilingual_stars,250,122,0.012468074711719977,0.015927121497224712,0.01997190182327721,0.021329842847997018,0.015224276130667867,0.017336455012364922
bert_multilingual_stars,250,123,0.012468074711719977,0.0024953299571739036,0.011003433409347707,0.015718569719462876,0.00857315490319057,0.01168921842267214
bert_multilingual_stars,250,124,0.012468074711719977,0.018595543461363398,0.026991246869106558,0.02995895591290304,0.028808788850003774,0.03146219729641798
bert_multilingual_stars,250,125,0.012468074711719977,0.005342347340937802,0.015739234608891102,0.016724941921026817,0.011774777500258416,0.014547295799301476
bert_multilingual_stars,250,126,0.012468074711719977,0.02622845411576398,0.02861741067877484,0.03047133012543376,0.024517120624826232,0.02773575043458813
bert_multilingual_stars,250,127,0.012468074711719977,0.005463660624943466,0.013109273748209221,0.013235610248804715,0.009389069516151012,0.012889345410461547
bert_multilingual_stars,250,128,0.012468074711719977,0.0023614734875252196,0.019486486303023066,0.020316381471829764,0.017576667672570292,0.019544529473281773
bert_multilingual_stars,250,129,0.012468074711719977,0.00752976855183424,0.005214173192003737,0.006667775963057977,0.002227512759353916,0.00613639809532672
bert_multilingual_stars,250,130,0.012468074711719977,0.030285604409869236,0.023128682640736625,0.02839400177997066,0.02676966580483451,0.03032964897207718
bert_multilingual_stars,250,131,0.012468074711719977,0.015545568263617793,0.02129733069100839,0.026319614443294538,0.02303288074376417,0.026641377870676917
bert_multilingual_stars,250,132,0.012468074711719977,0.02213457872548016,0.023374572815045905,0.024439243798994755,0.019824514862401426,0.022818305491223514
bert_multilingual_stars,250,133,0.012468074711719977,0.00948279849709997,0.015123969841974961,0.013854983312594856,0.013582654450759084,0.0174645069986088
bert_multilingual_stars,250,134,0.012468074711719977,0.021116667022487667,0.01896123080111363,0.02034583312770072,0.013974421069097525,0.02427739941652644
bert_multilingual_stars,250,135,0.012468074711719977,0.007156143680372176,0.01407305083266432,0.017182352246316826,0.012494708980879446,0.014253452541881156
bert_multilingual_stars,250,136,0.012468074711719977,0.010582008244695042,0.014625670224306591,0.017569730228767632,0.014293773623351219,0.01918453372369952
bert_multilingual_stars,250,137,0.012468074711719977,0.007061701189947773,0.014310977947879073,0.017098227257607006,0.013575894551559744,0.017855277108294973
bert_multilingual_stars,250,138,0.012468074711719977,0.012158942395222697,0.01713843676034124,0.019701939518983285,0.017456153538831384,0.019261890772490815
bert_multilingual_stars,250,139,0.012468074711719977,0.03066271909351243,0.02521474402883306,0.02984907642885554,0.029436170966118485,0.030925308060339364
bert_multilingual_stars,250,140,0.012468074711719977,0.021194222956677663,0.015182642973454176,0.017159516093833573,0.01367109341893822,0.018861209213504197
bert_multilingual_stars,250,141,0.012468074711719977,0.015349513850835684,0.029685346980244186,0.03006383186995691,0.024027564752177533,0.028037170924696608
bert_multilingual_stars,250,142,0.012468074711719977,0.033933940309300005,0.023328818301991117,0.029996243641325165,0.021982100841933593,0.032434231034378334
bert_multilingual_stars,250,143,0.012468074711719977,0.012942963538598383,0.014400246309089558,0.019339960079659057,0.013857795588993953,0.015476129348196869
bert_multilingual_stars,250,144,0.012468074711719977,0.0073109610215019456,0.01656755504568644,0.017679108862321935,0.012371444830088575,0.01690622478501877
bert_multilingual_stars,250,145,0.012468074711719977,0.007663671148228108,0.016665910464147594,0.01712644289230898,0.014284184624895871,0.01598655232204607
bert_multilingual_stars,250,146,0.012468074711719977,0.011211577938764292,0.009373308941427608,0.01596916956479799,0.008090785721562724,0.010393268728800113
bert_multilingual_stars,250,147,0.012468074711719977,0.006190872747090364,0.013715384926049741,0.017927625625754583,0.014096727410777023,0.017409147341553823
bert_multilingual_stars,250,148,0.012468074711719977,0.012724663126275914,0.016192947334851285,0.017575495980626545,0.012851955471529775,0.016047523724441345
bert_multilingual_stars,250,149,0.012468074711719977,0.01780084789732194,0.01881825049627743,0.026645208524634072,0.015659915186728605,0.019445412523052395
bert_multilingual_stars,250,150,0.012468074711719977,0.017365236701312743,0.03305652015151016,0.03233881385587453,0.02290125376468371,0.024427883364815366
bert_multilingual_stars,250,151,0.012468074711719977,0.03734208696863675,0.0322281713573862,0.03265756064924828,0.029949339042192647,0.03634995404505804
bert_multilingual_stars,250,152,0.012468074711719977,0.01875428499407439,0.015660166066682867,0.01835348604374842,0.015021740912648022,0.020049858178342178
bert_multilingual_stars,250,153,0.012468074711719977,0.013911548814196708,0.018183722373285926,0.021774123541492545,0.019082780134118744,0.02113002899007008
bert_multilingual_stars,250,154,0.012468074711719977,0.020999495203945912,0.020118896055566313,0.02563495917677361,0.01971161804475477,0.023194321957646816
bert_multilingual_stars,250,155,0.012468074711719977,0.003869762165329945,0.012050112038006421,0.015978606072530807,0.010179143612044163,0.013335075179977427
bert_multilingual_stars,250,156,0.012468074711719977,0.02571503817680165,0.030517934257024915,0.035315761454277374,0.029640968061286604,0.03250371877362075
bert_multilingual_stars,250,157,0.012468074711719977,0.017929425164819122,0.020487847943393013,0.0282184378852645,0.020042744469201082,0.025801931402574644
bert_multilingual_stars,250,158,0.012468074711719977,0.008048384196517145,0.017351265421591565,0.020752192067822823,0.016335859045701083,0.01818088476530064
bert_multilingual_stars,250,159,0.012468074711719977,0.005426623665776612,0.014365163999792551,0.016697418182149773,0.008606295265787621,0.012151524390167756
bert_multilingual_stars,250,160,0.012468074711719977,0.01774660803890139,0.01644537171534959,0.01942980591445308,0.01676494085140866,0.019210558483562575
bert_multilingual_stars,250,161,0.012468074711719977,0.02500468719821123,0.021813405636596152,0.027125353761091913,0.018716466551378548,0.023401050448487302
bert_multilingual_stars,250,162,0.012468074711719977,0.007228305714131345,0.019450765512003133,0.023197891020634156,0.014804657521846464,0.019839277111647513
bert_multilingual_stars,250,163,0.012468074711719977,0.010960283016700913,0.017231755459514903,0.01792556135053071,0.013559658014836865,0.01650147597122618
bert_multilingual_stars,250,164,0.012468074711719977,0.005566090054104407,0.018683544257563054,0.020707178796971402,0.01794461031026359,0.02173999431360576
bert_multilingual_stars,250,165,0.012468074711719977,0.0173739898536244,0.013917485715145093,0.014774985677863825,0.011340658697810608,0.016540513743323933
bert_multilingual_stars,250,166,0.012468074711719977,0.01985509601270654,0.013201408188410646,0.022830476740960958,0.009634563627317117,0.022883844984735953
bert_multilingual_stars,250,167,0.012468074711719977,0.019095178740007008,0.01890735132487132,0.02360792757238128,0.0155197458332497,0.020741722087939684
bert_multilingual_stars,250,168,0.012468074711719977,0.02677961233558205,0.026162310761106058,0.029880496040186916,0.02857781251274659,0.030958218111234097
bert_multilingual_stars,250,169,0.012468074711719977,0.007008951954435741,0.01738290615020048,0.022074653879257743,0.015585703064379546,0.01870921124876327
bert_multilingual_stars,250,170,0.012468074711719977,-0.004996646579461288,0.009288930464218604,0.012932817889721006,0.006480406834697843,0.00963698093981815
bert_multilingual_stars,250,171,0.012468074711719977,0.011458070240131598,0.015590049487382282,0.01581531901160975,0.014016317352042916,0.01512813957613549
bert_multilingual_stars,250,172,0.012468074711719977,0.021053112546883298,0.01568308577888847,0.017454464522499134,0.01180131370025552,0.01994908230676378
bert_multilingual_stars,250,173,0.012468074711719977,-0.0002342803686996804,0.009507556667742598,0.010965605711718377,0.006489548123225124,0.008282457093471158
bert_multilingual_stars,250,174,0.012468074711719977,0.0008282215023239348,0.010021672286094815,0.011417865730533761,0.004255883204748355,0.008893505056688468
bert_multilingual_stars,250,175,0.012468074711719977,0.011118756857084239,0.018750466354296395,0.020085884821695987,0.01515181728169149,0.020036218506580397
bert_multilingual_stars,250,176,0.012468074711719977,-0.003930922157353205,0.009541511086785073,0.011851619639920711,0.006441019005185198,0.008082432009037178
bert_multilingual_stars,250,177,0.012468074711719977,0.015601384211320854,0.011623931650157182,0.013138758901721531,0.009238680710210894,0.011448051929945453
bert_multilingual_stars,250,178,0.012468074711719977,0.004331278359230149,0.007949599527203805,0.010287258906997191,0.004243641858431442,0.006651761017935992
bert_multilingual_stars,250,179,0.012468074711719977,0.009042966309937372,0.01166941478788115,0.015248699929497922,0.009018669587409324,0.014922127053121792
bert_multilingual_stars,250,180,0.012468074711719977,0.032635447299271016,0.029981981707069966,0.030945794651457276,0.029061325929136798,0.03106490924292617
bert_multilingual_stars,250,181,0.012468074711719977,0.012816812546849075,0.01936667555177035,0.020734835344439786,0.01071524433107859,0.01865678472701551
bert_multilingual_stars,250,182,0.012468074711719977,0.0038943417119070164,0.012989245885028616,0.014447246748311018,0.011876086297217562,0.014614646828856818
bert_multilingual_stars,250,183,0.012468074711719977,0.012077574433941666,0.025217155569935458,0.02754021080465537,0.024771907384909468,0.026333195929337597
bert_multilingual_stars,250,184,0.012468074711719977,0.0034386618559635504,0.00588943855688201,0.009773624110702532,0.005335093294877958,0.009057777229978522
bert_multilingual_stars,250,185,0.012468074711719977,0.012937023653148137,0.025502015544230663,0.022865858377371064,0.018084525719470702,0.019865597742332312
bert_multilingual_stars,250,186,0.012468074711719977,0.012201674290911556,0.020132189697288062,0.020558558468890355,0.012212062730532193,0.015047991152322391
bert_multilingual_stars,250,187,0.012468074711719977,0.01820736709625789,0.018620778311217254,0.025481494870195503,0.015554579749058382,0.0191922202038121
bert_multilingual_stars,250,188,0.012468074711719977,0.0008387553704318982,0.011956847922836791,0.012938931798067113,0.011309027399289762,0.012382056684245813
bert_multilingual_stars,250,189,0.012468074711719977,0.007507471837437255,0.02043030414596895,0.02262377177078438,0.01852919541585316,0.01983743015748166
bert_multilingual_stars,250,190,0.012468074711719977,0.02744112238776029,0.026276705649045284,0.028220459792498667,0.026265606945412016,0.027763092056921373
bert_multilingual_stars,250,191,0.012468074711719977,0.009986646630443238,0.01293114996600831,0.014299729463946382,0.011391683245269402,0.01392421590597785
bert_multilingual_stars,250,192,0.012468074711719977,0.01749831418366326,0.01842190468158029,0.020109446178569596,0.016248853079882074,0.018776030087858563
bert_multilingual_stars,250,193,0.012468074711719977,0.02671687206204281,0.02854254789532913,0.03165394504532415,0.02343102947521858,0.0323088194547256
bert_multilingual_stars,250,194,0.012468074711719977,0.010181879307046619,0.021553017075371037,0.023482004788709505,0.01775042684818684,0.020442962945263318
bert_multilingual_stars,250,195,0.012468074711719977,0.011641187878562907,0.010832227670280407,0.012007939631995274,0.010600989310893939,0.011670471225780394
bert_multilingual_stars,250,196,0.012468074711719977,-0.0002136079475029362,0.019035145002208032,0.017829010990131434,0.012766198160411519,0.01698816265366102
bert_multilingual_stars,250,197,0.012468074711719977,0.0073394846684756284,0.011577631506196409,0.014102033319040449,0.009919365508092531,0.015688110433366695
bert_multilingual_stars,250,198,0.012468074711719977,0.023588222710872152,0.02021412062679414,0.025155600156313886,0.016576763130852292,0.019789653138324453
bert_multilingual_stars,250,199,0.012468074711719977,0.01394926333614881,0.017629326934199503,0.018284667491128493,0.013915067915223556,0.016793419001034225
bert_multilingual_stars,500,0,0.012468074711719977,0.012207041891172733,0.011257877814712918,0.012875571045165603,0.010477888814436634,0.015152445993745408
bert_multilingual_stars,500,1,0.012468074711719977,0.010098710053304096,0.013168719021515386,0.016072479750470055,0.01299917305257737,0.01812611747763676
bert_multilingual_stars,500,2,0.012468074711719977,0.025088475076103185,0.01996829983115937,0.02209332569175199,0.020045176721351282,0.0244204146862735
bert_multilingual_stars,500,3,0.012468074711719977,0.004721894557301544,0.011998761231793439,0.013731850596129675,0.011034352142665694,0.014803708377097775
bert_multilingual_stars,500,4,0.012468074711719977,0.02350435922258709,0.023564292699651188,0.027357600299166004,0.022210591792075636,0.028143991801210612
bert_multilingual_stars,500,5,0.012468074711719977,0.022745851346370558,0.010575185588086823,0.015155222382202349,0.00875634243070056,0.021420266483786657
bert_multilingual_stars,500,6,0.012468074711719977,0.017448200846312958,0.016993070767272935,0.01915119620806663,0.016590434176171943,0.021456823634196005
bert_multilingual_stars,500,7,0.012468074711719977,0.016176300305054764,0.01894412977094421,0.021747458573172437,0.018401558333617854,0.02536790720777483
bert_multilingual_stars,500,8,0.012468074711719977,0.011804089594045261,0.014720978502385827,0.01533118336108822,0.013419799396019828,0.014601843198354595
bert_multilingual_stars,500,9,0.012468074711719977,0.019649223357502,0.018361116260531916,0.02068157291223057,0.015757232467616115,0.022149435202620655
bert_multilingual_stars,500,10,0.012468074711719977,0.022985398307179664,0.019803654394806157,0.022767108932026752,0.01829173719279641,0.023338204313855006
bert_multilingual_stars,500,11,0.012468074711719977,0.016438820872245713,0.016999563706854452,0.021705867974955644,0.015795341513996926,0.02013831696803807
bert_multilingual_stars,500,12,0.012468074711719977,0.007949631332164435,0.012973753097891614,0.014628106199127754,0.013002691928986919,0.015663428390009164
bert_multilingual_stars,500,13,0.012468074711719977,0.0112264117463925,0.011865239163596952,0.014352166206406485,0.011436984012261795,0.015223198424964248
bert_multilingual_stars,500,14,0.012468074711719977,0.018381554221207557,0.01288022661735476,0.01796174713264537,0.01195648667578272,0.022390803182678286
bert_multilingual_stars,500,15,0.012468074711719977,0.017406208102608928,0.01661396191692567,0.02186036029465892,0.01601478579319963,0.020512460841163618
bert_multilingual_stars,500,16,0.012468074711719977,0.00494547286623407,0.009088296475275946,0.012905208791694567,0.007474071266110402,0.012022181606823966
bert_multilingual_stars,500,17,0.012468074711719977,0.00882932967070622,0.011201840123786364,0.017183797078672118,0.01104181618476717,0.01647044828812551
bert_multilingual_stars,500,18,0.012468074711719977,0.018312131149659603,0.014281248360285175,0.018194287618940104,0.013671369078298811,0.022166908970249553
bert_multilingual_stars,500,19,0.012468074711719977,0.021562038773216694,0.012950188089788879,0.018005374953800248,0.012446651453424027,0.020918287392398403
bert_multilingual_stars,500,20,0.012468074711719977,0.005655568522086595,0.010173321771875398,0.012614994111310566,0.010363247847254108,0.016966468077930907
bert_multilingual_stars,500,21,0.012468074711719977,0.012548114821181535,0.01692690509939405,0.018902560007331363,0.01592336462565313,0.02126771089053816
bert_multilingual_stars,500,22,0.012468074711719977,0.005622197093805586,0.013078319617898912,0.017247026475803198,0.011412279321009449,0.017293447382924283
bert_multilingual_stars,500,23,0.012468074711719977,0.017964639819779797,0.014022285836526791,0.017745041069801758,0.01230930542538969,0.01765965223384611
bert_multilingual_stars,500,24,0.012468074711719977,0.016477811052926478,0.020033163281753384,0.021045325516951194,0.01779804784650606,0.02283218646378771
bert_multilingual_stars,500,25,0.012468074711719977,0.01613522955586256,0.014379741543581084,0.018660229148217536,0.014760213085791308,0.02118999958632311
bert_multilingual_stars,500,26,0.012468074711719977,0.012718730482128024,0.016288876865142545,0.018866726094859874,0.012478555639991508,0.018502515900883653
bert_multilingual_stars,500,27,0.012468074711719977,0.015306191270070532,0.018049521498414715,0.020987064623318754,0.01696824136690266,0.022607596164216523
bert_multilingual_stars,500,28,0.012468074711719977,0.01184846322050765,0.013602281753361364,0.016364085994008088,0.011939379948729746,0.017696537744013436
bert_multilingual_stars,500,29,0.012468074711719977,0.006741934665601904,0.010316868819658905,0.012654715036854527,0.011317741515803302,0.015121794659633925
bert_multilingual_stars,500,30,0.012468074711719977,0.011256305401960275,0.01638408463099258,0.02284724154671954,0.017841325867586168,0.02441772205187225
bert_multilingual_stars,500,31,0.012468074711719977,0.009864299244008555,0.012927793525566137,0.01549560432082992,0.013090014646756269,0.01578626003581772
bert_multilingual_stars,500,32,0.012468074711719977,0.020020995231319512,0.018911072182222884,0.022154261437251865,0.021756732185535387,0.023926072949423477
bert_multilingual_stars,500,33,0.012468074711719977,0.0078092295976318685,0.011339228022873536,0.014031323613963712,0.00875820524960449,0.01405178884065605
bert_multilingual_stars,500,34,0.012468074711719977,0.012124523309141502,0.01204908984749398,0.01366883855201978,0.011106458846599752,0.015679426558571262
bert_multilingual_stars,500,35,0.012468074711719977,0.009182888803837119,0.013290888713448086,0.016124953777092235,0.01076378459253239,0.016643403737807465
bert_multilingual_stars,500,36,0.012468074711719977,0.025802870882811167,0.024475461997788585,0.027426713603752602,0.024904727258832866,0.029046931449915905
bert_multilingual_stars,500,37,0.012468074711719977,0.011930299055957352,0.02079838726701956,0.023674725535188963,0.020135832772145798,0.022185531684289637
bert_multilingual_stars,500,38,0.012468074711719977,0.01615129034336829,0.016668248347009355,0.020196604261102008,0.014220547801446473,0.021999094408462778
bert_multilingual_stars,500,39,0.012468074711719977,0.00884377636689411,0.01078725240896113,0.014031860495301668,0.009650317933669755,0.016836892131014043
bert_multilingual_stars,500,40,0.012468074711719977,0.0022918433897584967,0.007733618884857301,0.012054682280537878,0.007403024558777094,0.013625971100209243
bert_multilingual_stars,500,41,0.012468074711719977,0.011783972707422988,0.015504996337469166,0.019951480840164137,0.012249086275588371,0.017804320866978633
bert_multilingual_stars,500,42,0.012468074711719977,0.005152167686030166,0.006386136821390863,0.009182900856775995,0.006031688114476135,0.010129288480509807
bert_multilingual_stars,500,43,0.012468074711719977,0.017816818092843523,0.01694366250749776,0.01887506789029795,0.015499789957990734,0.022112791151894393
bert_multilingual_stars,500,44,0.012468074711719977,0.008182115477395155,0.013785665700705586,0.016861203067649516,0.014845839122705333,0.01806927816177515
bert_multilingual_stars,500,45,0.012468074711719977,0.011508045487245435,0.010344233581279973,0.012933442403380388,0.009357855585785915,0.016328007555023817
bert_multilingual_stars,500,46,0.012468074711719977,0.019376165516692093,0.022177660551403258,0.02535239447349556,0.022076003535419945,0.02822217944284582
bert_multilingual_stars,500,47,0.012468074711719977,0.008470986260311206,0.014004578876548922,0.016113022917847317,0.012499390170014408,0.016953404557488456
bert_multilingual_stars,500,48,0.012468074711719977,0.013811622999300163,0.023168338020216873,0.025461104167362403,0.021973256675540218,0.025780363521102845
bert_multilingual_stars,500,49,0.012468074711719977,0.01791060817520816,0.019360064403670038,0.021097027190197987,0.018262006206158643,0.0216726704634086
bert_multilingual_stars,500,50,0.012468074711719977,0.01783549388288446,0.01634531102665354,0.02223437258303163,0.015257913247071283,0.021925482725538924
bert_multilingual_stars,500,51,0.012468074711719977,0.015018140261534186,0.015976884939932014,0.018544023452100655,0.01725246567246268,0.018434126237002062
bert_multilingual_stars,500,52,0.012468074711719977,0.011104851892326803,0.012352256505690922,0.015880087637736455,0.012035900260236208,0.016349291886290987
bert_multilingual_stars,500,53,0.012468074711719977,0.003343422407098382,0.013328079578405292,0.017656943171289925,0.012259691078467751,0.017214066786164915
bert_multilingual_stars,500,54,0.012468074711719977,0.010893881394716547,0.019481205575313125,0.02170399149980573,0.01920822137890672,0.021780764286025205
bert_multilingual_stars,500,55,0.012468074711719977,0.018672840757263953,0.014503801715932534,0.018413605116366354,0.013280713608778581,0.020813980292804974
bert_multilingual_stars,500,56,0.012468074711719977,0.011611209789700868,0.015206082463792731,0.017138564741207247,0.012991984667301058,0.01942025247634321
bert_multilingual_stars,500,57,0.012468074711719977,0.010757241858451125,0.009291335023766058,0.01195372963383973,0.008942397229776251,0.012131514005258349
bert_multilingual_stars,500,58,0.012468074711719977,0.010972637435001577,0.013112626084600901,0.01705200497832759,0.0128746022634459,0.016883780088238716
bert_multilingual_stars,500,59,0.012468074711719977,0.0032225592243776634,0.01349941468584255,0.01568785113397284,0.013845197893543654,0.016833857454243498
bert_multilingual_stars,500,60,0.012468074711719977,0.013878695378378877,0.015338987402425853,0.02139633605302638,0.014791558585568923,0.021836291460063842
bert_multilingual_stars,500,61,0.012468074711719977,-0.0017915954806018539,0.009263840407292633,0.010343684513897364,0.00876152289517658,0.010428390435079782
bert_multilingual_stars,500,62,0.012468074711719977,0.014879536475227611,0.01580665611131682,0.02068783746195621,0.014527937573565899,0.01902025022239379
bert_multilingual_stars,500,63,0.012468074711719977,0.007118952685771159,0.01128293278119856,0.011566428602987228,0.0099387944597581,0.012526229953245373
bert_multilingual_stars,500,64,0.012468074711719977,0.006476764079695105,0.011344981562745651,0.014723559485390374,0.011332333824207872,0.01511289523309683
bert_multilingual_stars,500,65,0.012468074711719977,0.012499172222628169,0.016390938886533566,0.016363927462524356,0.01612067307597613,0.01723790717826946
bert_multilingual_stars,500,66,0.012468074711719977,0.016344097103902885,0.01277534079919866,0.015322144311298046,0.011095535856082618,0.014464522606238704
bert_multilingual_stars,500,67,0.012468074711719977,0.015790119401055968,0.01812817172341859,0.021517187451615453,0.016120458993059285,0.019653781302211494
bert_multilingual_stars,500,68,0.012468074711719977,0.019013530620495527,0.015423387971210184,0.02185490043350789,0.017587125604906096,0.01848020404669733
bert_multilingual_stars,500,69,0.012468074711719977,0.018754238789090678,0.017807673555366835,0.02314500595652159,0.015129357994465452,0.020899971654081105
bert_multilingual_stars,500,70,0.012468074711719977,0.019640011611047205,0.01640236934234894,0.019101546703549292,0.0158557408013684,0.01955309881092828
bert_multilingual_stars,500,71,0.012468074711719977,0.02042908918235639,0.01817310535833056,0.02396746126070039,0.01512554804417364,0.022728034708101964
bert_multilingual_stars,500,72,0.012468074711719977,0.00995055781110723,0.013787247420160846,0.017319165759191155,0.011611628193692648,0.016790357845324736
bert_multilingual_stars,500,73,0.012468074711719977,0.013860806529708723,0.01937916880970686,0.02326305914760093,0.017093398090813526,0.023074725606662964
bert_multilingual_stars,500,74,0.012468074711719977,0.012575532756629959,0.018536398633672024,0.024355157581821753,0.021276276060871714,0.024300577138327215
bert_multilingual_stars,500,75,0.012468074711719977,0.019962996808507532,0.020978658038479432,0.02679947368282493,0.01862951899292176,0.027592093007393334
bert_multilingual_stars,500,76,0.012468074711719977,0.011465719197745902,0.015156855775912385,0.016870597221492558,0.013120082118751056,0.01834065183262994
bert_multilingual_stars,500,77,0.012468074711719977,0.008247234219450547,0.010768312636473189,0.015150392367164187,0.010994541801370742,0.016046051219305732
bert_multilingual_stars,500,78,0.012468074711719977,0.012482122632594102,0.011490503420378882,0.015308841308485241,0.01154874902286939,0.016202393889548843
bert_multilingual_stars,500,79,0.012468074711719977,-0.0006973883248609223,0.010917046441171203,0.013356313641639922,0.010688157273114791,0.014951023791156978
bert_multilingual_stars,500,80,0.012468074711719977,0.008823731005538182,0.012905738684771748,0.01726734332931346,0.010899006293544098,0.017221060757025727
bert_multilingual_stars,500,81,0.012468074711719977,0.009466090051788268,0.013539331444296589,0.018333315610306884,0.012691515620135636,0.017011469777144822
bert_multilingual_stars,500,82,0.012468074711719977,0.020085890568610376,0.01929586635003735,0.02238696985551502,0.019081780788622275,0.02216943794832076
bert_multilingual_stars,500,83,0.012468074711719977,0.0030550889954309183,0.012126724536599446,0.015128587782076128,0.013183648031248104,0.01545558346899586
bert_multilingual_stars,500,84,0.012468074711719977,0.00682536536399917,0.010272450476225466,0.01220421988826858,0.00957836134738752,0.01485553307808726
bert_multilingual_stars,500,85,0.012468074711719977,0.012462321957434191,0.01743339189522692,0.021440124165242616,0.01618579905373329,0.022362112578984145
bert_multilingual_stars,500,86,0.012468074711719977,0.0010739530484192815,0.008211044375155475,0.013101047950670203,0.007779061330558258,0.01232861247131375
bert_multilingual_stars,500,87,0.012468074711719977,0.0064929541711745776,0.010134826890772915,0.015744906382328394,0.009931073745994707,0.01324442696478581
bert_multilingual_stars,500,88,0.012468074711719977,0.017895469661594825,0.021905736803799345,0.025265591986563047,0.023126396455797126,0.02530676681116826
bert_multilingual_stars,500,89,0.012468074711719977,0.017353106169452806,0.020320486430306747,0.02364066774042337,0.021818735338869574,0.024289786167827676
bert_multilingual_stars,500,90,0.012468074711719977,0.008870271612998885,0.012433732842909521,0.015423986015356314,0.011447579269828999,0.015004979228715583
bert_multilingual_stars,500,91,0.012468074711719977,0.006316070053009179,0.015940521035067205,0.017624377528751713,0.01145068775776794,0.018049474852136625
bert_multilingual_stars,500,92,0.012468074711719977,0.016366125670479573,0.01774910538655892,0.018677474908752333,0.015352991019563188,0.019687707747404703
bert_multilingual_stars,500,93,0.012468074711719977,0.010488451882097833,0.010880893717050765,0.013572768763907346,0.008314578046771047,0.014927126976834439
bert_multilingual_stars,500,94,0.012468074711719977,0.016680013547884155,0.0159703823424866,0.017870280466683045,0.016661874991057927,0.01993930080593716
bert_multilingual_stars,500,95,0.012468074711719977,0.01759512769411896,0.018569134522464517,0.020798635373611752,0.016852356580701965,0.022155389867229907
bert_multilingual_stars,500,96,0.012468074711719977,0.017512632881764568,0.014752675408632985,0.016049816030564497,0.013769045825923448,0.017280001754164935
bert_multilingual_stars,500,97,0.012468074711719977,0.016806082773579395,0.01962827126945529,0.020474593477963664,0.01837202720700519,0.020325510863778592
bert_multilingual_stars,500,98,0.012468074711719977,0.009776280747634581,0.013672038405531101,0.016073526939656302,0.012936867484021555,0.016598629032655483
bert_multilingual_stars,500,99,0.012468074711719977,0.012052279329854627,0.011111733786712338,0.013572422393462662,0.01020944450873741,0.01466991738277046
bert_multilingual_stars,500,100,0.012468074711719977,0.007695476086191359,0.013848705433716097,0.01670718538043932,0.013850469089560932,0.01721394707279323
bert_multilingual_stars,500,101,0.012468074711719977,0.00812353357308353,0.01294049776558695,0.014778360943308805,0.012613745910075727,0.017677794807302628
bert_multilingual_stars,500,102,0.012468074711719977,0.0028570537645769543,0.012775189406392154,0.015615024301243851,0.011364778833129668,0.018387997709161934
bert_multilingual_stars,500,103,0.012468074711719977,0.012893888423293151,0.016519591765862002,0.018464856609079792,0.014920334543382076,0.017385380238461607
bert_multilingual_stars,500,104,0.012468074711719977,0.01378729059065427,0.016389772890002888,0.01973924345983884,0.017212383146515187,0.021548800926120618
bert_multilingual_stars,500,105,0.012468074711719977,0.016841537890282587,0.015650041804793315,0.01768804589999457,0.015792552437679106,0.01964242667427717
bert_multilingual_stars,500,106,0.012468074711719977,0.009837015766311063,0.0122035881528308,0.019180856427848503,0.010765038608873045,0.020645835465566437
bert_multilingual_stars,500,107,0.012468074711719977,0.010378462491329937,0.014158331156988129,0.01816980663056973,0.01323816790791617,0.017473056046514012
bert_multilingual_stars,500,108,0.012468074711719977,0.017971203080952097,0.017580663923725235,0.022227940011484416,0.015270272061688493,0.01978506717980754
bert_multilingual_stars,500,109,0.012468074711719977,0.0227119596339548,0.023296433107096424,0.027707553884828224,0.0211475269574329,0.02823930775191704
bert_multilingual_stars,500,110,0.012468074711719977,0.006422787588057574,0.008835399905206777,0.010414303106282254,0.00777042014136631,0.012225616294423232
bert_multilingual_stars,500,111,0.012468074711719977,0.01885423206916958,0.01500076100936557,0.017523682548804334,0.013071394435258878,0.018083748450206646
bert_multilingual_stars,500,112,0.012468074711719977,0.01069005123321653,0.021846534009153,0.02687211655522768,0.020170359578913277,0.02674911032450831
bert_multilingual_stars,500,113,0.012468074711719977,0.016878034283978584,0.014002307173170483,0.01567553111870221,0.012813343477634728,0.01668991104590473
bert_multilingual_stars,500,114,0.012468074711719977,0.015624575247142584,0.011147755111928873,0.017725410004100068,0.01141590923846458,0.018445137694695506
bert_multilingual_stars,500,115,0.012468074711719977,0.004522191901882996,0.011505732694908939,0.012540664852024822,0.009863701457725084,0.012491290209889415
bert_multilingual_stars,500,116,0.012468074711719977,0.021080667755831114,0.023681348419445473,0.025367865108465178,0.023349835976993166,0.025347316483504616
bert_multilingual_stars,500,117,0.012468074711719977,0.018341631793055282,0.017268579853121892,0.021416965563064383,0.016285994598735126,0.022969715748549863
bert_multilingual_stars,500,118,0.012468074711719977,0.007443070393789503,0.014323029530729505,0.017405078138257857,0.01364840930658487,0.018585495693925893
bert_multilingual_stars,500,119,0.012468074711719977,0.010973070751335136,0.013088777032500191,0.018311862382356624,0.014257910294990206,0.01840497476797278
bert_multilingual_stars,500,120,0.012468074711719977,0.011655792557142523,0.015794373515917653,0.01817599866580654,0.015036440590467593,0.021145020032369115
bert_multilingual_stars,500,121,0.012468074711719977,0.004341540476538667,0.013453453441190812,0.016764415123810987,0.01459560692382834,0.01604512789740779
bert_multilingual_stars,500,122,0.012468074711719977,0.014197195841734778,0.011405966810515327,0.015786297979618884,0.010333833660453628,0.017683985264485117
bert_multilingual_stars,500,123,0.012468074711719977,0.014503626726118792,0.01194925932370471,0.012430363984420958,0.010671746992123447,0.017002311669701845
bert_multilingual_stars,500,124,0.012468074711719977,0.017607075836489267,0.019602308213785502,0.025047532582703005,0.019931271784491156,0.02643250367373236
bert_multilingual_stars,500,125,0.012468074711719977,0.01272752977924387,0.013948804759966677,0.018058865388566818,0.012823660078739819,0.01857090994980728
bert_multilingual_stars,500,126,0.012468074711719977,0.014483083308209615,0.022120479939268238,0.02179272069074664,0.018439883501173912,0.02598384816066029
bert_multilingual_stars,500,127,0.012468074711719977,0.019552996268605155,0.019313412898920503,0.02232918726650371,0.018089650427343274,0.021926615343432366
bert_multilingual_stars,500,128,0.012468074711719977,0.0031617595280351105,0.007343066622743864,0.010455950052553698,0.00586180842446645,0.010229176203700098
bert_multilingual_stars,500,129,0.012468074711719977,0.01002192598096845,0.011278465639792947,0.013689718695776629,0.011313895857187716,0.01435289494130444
bert_multilingual_stars,500,130,0.012468074711719977,0.0018885042738017678,0.011539290849336505,0.014281613169051986,0.012685958741158515,0.01591849082039473
bert_multilingual_stars,500,131,0.012468074711719977,0.01009736092805149,0.01336690055199111,0.018359502370366786,0.014171063995746974,0.017042434355674558
bert_multilingual_stars,500,132,0.012468074711719977,0.01742117816490114,0.017299159605031842,0.022776889028725968,0.017328289122906362,0.02342391027185503
bert_multilingual_stars,500,133,0.012468074711719977,0.015526723908113105,0.01173460078560034,0.014224034446039759,0.012439670614174149,0.016515026043566423
bert_multilingual_stars,500,134,0.012468074711719977,0.017491602441712047,0.016986941342298608,0.018164875239031174,0.017604495759118013,0.024550018594084903
bert_multilingual_stars,500,135,0.012468074711719977,0.00499405478826782,0.012018284297924692,0.01292092982193652,0.011049607338176705,0.013924449944282847
bert_multilingual_stars,500,136,0.012468074711719977,0.005057356876787033,0.008282132897356463,0.010764845214143656,0.00790026062861712,0.010639324049506687
bert_multilingual_stars,500,137,0.012468074711719977,0.0187764720430942,0.01791742459136202,0.02062139163882254,0.01817171135976459,0.02148572819770951
bert_multilingual_stars,500,138,0.012468074711719977,0.02017710908594181,0.019428662871385043,0.022967994157708248,0.01923686974796113,0.023343271159151087
bert_multilingual_stars,500,139,0.012468074711719977,0.015408555617921184,0.021177093780717325,0.024720232417183113,0.020720881771748533,0.026862950381869505
bert_multilingual_stars,500,140,0.012468074711719977,0.00917337346136728,0.014573915548294208,0.016423286830190443,0.013978305374763694,0.016731536074600185
bert_multilingual_stars,500,141,0.012468074711719977,0.00867234596393869,0.011684524073086651,0.01441912354782441,0.010774140518004677,0.01317611777434905
bert_multilingual_stars,500,142,0.012468074711719977,0.021419026924219826,0.015923993812518796,0.0180843777826908,0.01604575505220947,0.020870024054107768
bert_multilingual_stars,500,143,0.012468074711719977,0.011093871853620041,0.017342710552564835,0.019746264393087548,0.017860038799363907,0.021308876818449642
bert_multilingual_stars,500,144,0.012468074711719977,0.010566399051789943,0.014695583249663934,0.015744852163601972,0.014114077669179336,0.01638865216182937
bert_multilingual_stars,500,145,0.012468074711719977,0.022650568826222392,0.02113135807800685,0.02317548960182871,0.02054921892841981,0.022368008312314898
bert_multilingual_stars,500,146,0.012468074711719977,0.008670272016559805,0.0117252991583774,0.016231824179639042,0.010911442582246925,0.017905703088252043
bert_multilingual_stars,500,147,0.012468074711719977,0.007732348014662602,0.008151425021945125,0.011824296149814983,0.007348602441603734,0.014133832469310714
bert_multilingual_stars,500,148,0.012468074711719977,0.01269067453816032,0.014469225591015095,0.01500126256720685,0.010535271639274665,0.01705636631699017
bert_multilingual_stars,500,149,0.012468074711719977,0.014987535578767176,0.01564278768604791,0.01918658076544626,0.014587521182933723,0.020390042644341293
bert_multilingual_stars,500,150,0.012468074711719977,0.01773674063727778,0.015651162475854078,0.01986524072806202,0.0158763335996398,0.020630808486321997
bert_multilingual_stars,500,151,0.012468074711719977,0.01653637388505713,0.01916738121727929,0.020235320191308526,0.01681238876477683,0.025603722950931423
bert_multilingual_stars,500,152,0.012468074711719977,0.007801484434642895,0.01185305280928898,0.016707527368621994,0.009248198233712758,0.01574958076543618
bert_multilingual_stars,500,153,0.012468074711719977,0.01638048279010149,0.020692293067989656,0.02298917722573748,0.01618633098608405,0.024326907004556832
bert_multilingual_stars,500,154,0.012468074711719977,0.012488086140495831,0.010270717793505585,0.01626779793863382,0.010472498335456326,0.016209621915597387
bert_multilingual_stars,500,155,0.012468074711719977,0.01177435608733669,0.015700028125527503,0.019682899797015006,0.01654036499881517,0.019339152004460354
bert_multilingual_stars,500,156,0.012468074711719977,0.01888573830951541,0.016063495897431217,0.021204306001458968,0.014789094129026266,0.0195109375771259
bert_multilingual_stars,500,157,0.012468074711719977,0.018274903535528735,0.01625304599056442,0.01845747440185363,0.015441359594802037,0.018283953472986253
bert_multilingual_stars,500,158,0.012468074711719977,0.02066809599586607,0.018035308387968605,0.021720169337305667,0.015662177961037294,0.0263156237156925
bert_multilingual_stars,500,159,0.012468074711719977,0.016442072539273142,0.016438734898877014,0.02116930990794793,0.01735972469427736,0.022486399715679558
bert_multilingual_stars,500,160,0.012468074711719977,0.012372739396369797,0.016187722717712936,0.020510131631615608,0.013278972760714223,0.019457388923220395
bert_multilingual_stars,500,161,0.012468074711719977,0.0037347064971563356,0.009510195723942417,0.011989712943795321,0.009798694206608432,0.013970628706774966
bert_multilingual_stars,500,162,0.012468074711719977,0.01738769302335824,0.014705003313551297,0.021237750231520355,0.013071205957510632,0.021843407816158105
bert_multilingual_stars,500,163,0.012468074711719977,0.014597538268505532,0.012634985646677567,0.01894030508185226,0.012587990259918377,0.019234288617515347
bert_multilingual_stars,500,164,0.012468074711719977,0.010922660970285974,0.011063305254533614,0.015264867712723498,0.010898109811497176,0.015151474438350585
bert_multilingual_stars,500,165,0.012468074711719977,0.02013116309914956,0.017650259501617617,0.024273573680902726,0.01688876444063334,0.023630016364181487
bert_multilingual_stars,500,166,0.012468074711719977,0.012775998246572448,0.018024805446541205,0.02073260910150296,0.015938198014728767,0.02020664541126501
bert_multilingual_stars,500,167,0.012468074711719977,0.011209299276437906,0.018629738366903115,0.019889131629465352,0.018174273101280145,0.02011843396043359
bert_multilingual_stars,500,168,0.012468074711719977,0.014573922306357182,0.013071511245986198,0.016582126116020328,0.010770550948477963,0.015232229732325634
bert_multilingual_stars,500,169,0.012468074711719977,0.014132214067154035,0.018559906030844973,0.02130971287875145,0.017539937059313282,0.020623708737205967
bert_multilingual_stars,500,170,0.012468074711719977,0.01612062440877754,0.013976844793375362,0.0196084955604166,0.015635511577838983,0.019089368787290315
bert_multilingual_stars,500,171,0.012468074711719977,0.011187403829526365,0.00952448121342101,0.013490462641340052,0.008440448101128527,0.01527235812933239
bert_multilingual_stars,500,172,0.012468074711719977,0.007681087226997952,0.012498019048048625,0.01355557652055905,0.00981576426434012,0.015532540463434935
bert_multilingual_stars,500,173,0.012468074711719977,0.013409720372694334,0.013168378417569418,0.015511583615702998,0.014281348916556788,0.015855450414945
bert_multilingual_stars,500,174,0.012468074711719977,0.02087264399017227,0.01708551429150989,0.017343853050096895,0.015862057201744797,0.021048310605250618
bert_multilingual_stars,500,175,0.012468074711719977,0.0035490526893969844,0.007483724615261252,0.011313143239237777,0.006846835705380103,0.012104665734308311
bert_multilingual_stars,500,176,0.012468074711719977,0.008875022964736643,0.013383492914042932,0.016219459723244976,0.012129660376640964,0.01597622125002616
bert_multilingual_stars,500,177,0.012468074711719977,0.01375271887044208,0.01793594654398758,0.022089524594275805,0.016879135499581043,0.026429416326296848
bert_multilingual_stars,500,178,0.012468074711719977,0.007877081151518113,0.010998247621094743,0.015748327803263688,0.011812136770942503,0.018003789372688067
bert_multilingual_stars,500,179,0.012468074711719977,0.009152071559463458,0.007958881680349179,0.014493408069499714,0.008470474427118888,0.013485952376542772
bert_multilingual_stars,500,180,0.012468074711719977,0.0113710911688291,0.014928729471538778,0.01743854314977124,0.010669559926221052,0.02032119297181476
bert_multilingual_stars,500,181,0.012468074711719977,0.012143255457043207,0.01671802709747654,0.018596283169008174,0.015381711821675643,0.0193685766198637
bert_multilingual_stars,500,182,0.012468074711719977,0.008297843853587422,0.014464117965299058,0.016760403911637262,0.012672922648275674,0.017017268315181817
bert_multilingual_stars,500,183,0.012468074711719977,0.022148187229735213,0.020592941440261553,0.01885460121616575,0.01687750218859685,0.023626513628891708
bert_multilingual_stars,500,184,0.012468074711719977,0.005705498443098055,0.00907573460339087,0.012452783533051985,0.008165039021802706,0.012898863692190498
bert_multilingual_stars,500,185,0.012468074711719977,0.012346228773309242,0.015193665538925672,0.018652326564262484,0.01494628851102973,0.019895235010289888
bert_multilingual_stars,500,186,0.012468074711719977,0.014587369761056544,0.015337963960960453,0.019770101845578977,0.015431647934274161,0.01829650229728055
bert_multilingual_stars,500,187,0.012468074711719977,0.0042860038250012,0.005688559107735012,0.00914977973871221,0.004853844079165838,0.016233840754191133
bert_multilingual_stars,500,188,0.012468074711719977,0.019042363199530617,0.0173481416644339,0.01972764010413909,0.014220636809368711,0.020718328490999974
bert_multilingual_stars,500,189,0.012468074711719977,0.008951905392978379,0.013085643059931717,0.017354057286858997,0.013038500400276537,0.020245764535430134
bert_multilingual_stars,500,190,0.012468074711719977,0.010069756920747587,0.011782237569606818,0.017931726993580838,0.010599592447173341,0.017137624648493565
bert_multilingual_stars,500,191,0.012468074711719977,0.011352036076478137,0.016885681826313798,0.019247637206185136,0.016676021691710025,0.019131048994425456
bert_multilingual_stars,500,192,0.012468074711719977,0.018233021476278567,0.01751571518062258,0.01931952304579595,0.01615842520635542,0.018564142417037847
bert_multilingual_stars,500,193,0.012468074711719977,0.00672895603378149,0.013433845123865213,0.015478204326458085,0.012311217592584746,0.016277426440228695
bert_multilingual_stars,500,194,0.012468074711719977,0.009508626596369935,0.01186906000106618,0.015672234823483674,0.009138808909418771,0.014730964411189255
bert_multilingual_stars,500,195,0.012468074711719977,0.02017431251511186,0.023458812721682154,0.027639044303643518,0.021349476357965903,0.02566202865601606
bert_multilingual_stars,500,196,0.012468074711719977,0.02508756063755016,0.022627269076773735,0.024752044677924426,0.022249042604261,0.027082329558516194
bert_multilingual_stars,500,197,0.012468074711719977,0.020939685629623464,0.013717231307140814,0.019629624277483115,0.012063365266252749,0.018787822061323366
bert_multilingual_stars,500,198,0.012468074711719977,0.019089912150282756,0.020283679570576155,0.023679349901558174,0.01978892786172734,0.02561327421991982
bert_multilingual_stars,500,199,0.012468074711719977,0.021465537405873033,0.021624614027772642,0.024316900127719195,0.020167862672708536,0.024466206902865457
bert_multilingual_stars,750,0,0.012468074711719977,0.008152487354541531,0.009993234076118098,0.012868429770682253,0.00957312480386361,0.015493031583520195
bert_multilingual_stars,750,1,0.012468074711719977,0.011964142203395913,0.010889991694951955,0.014007222927587628,0.011154248973079825,0.016151761160733115
bert_multilingual_stars,750,2,0.012468074711719977,0.01613221582779125,0.014084982439455265,0.01678933241401959,0.013420224385856818,0.01722457066978906
bert_multilingual_stars,750,3,0.012468074711719977,0.01860940600995009,0.015489913844850298,0.0177431857526464,0.01652543051477501,0.018800381768798145
bert_multilingual_stars,750,4,0.012468074711719977,0.012619531354992247,0.012642545503905027,0.014570247262115784,0.012699517673771164,0.017095521300624375
bert_multilingual_stars,750,5,0.012468074711719977,-0.0001112493472076587,0.007680765143205459,0.01122751204636135,0.008112453679006277,0.011697037707776513
bert_multilingual_stars,750,6,0.012468074711719977,0.02105455417436525,0.021854583357195537,0.024451243489211447,0.022465878569460997,0.02671810104785668
bert_multilingual_stars,750,7,0.012468074711719977,0.00880872427956459,0.0114868017281756,0.015617990257929308,0.011707935847633463,0.015767963178785416
bert_multilingual_stars,750,8,0.012468074711719977,0.009114108157969224,0.01360040162701781,0.016045588067620385,0.01401417947518572,0.017337603005609336
bert_multilingual_stars,750,9,0.012468074711719977,0.005598913588390782,0.009605142055253582,0.012967152941161348,0.009730343445996808,0.01670993948173036
bert_multilingual_stars,750,10,0.012468074711719977,0.007848841644654703,0.012723328220895629,0.016058568866753137,0.012029443713567019,0.016165386279182046
bert_multilingual_stars,750,11,0.012468074711719977,0.021858362728047108,0.017532999525393438,0.01860511781404482,0.01609447355219454,0.020379986453093475
bert_multilingual_stars,750,12,0.012468074711719977,0.017912627745096804,0.014793606115774485,0.017477269516167494,0.015179948980164618,0.01936214853235459
bert_multilingual_stars,750,13,0.012468074711719977,0.01384515323435015,0.014855558295164458,0.016795328061947473,0.015419893643677263,0.01825539392918764
bert_multilingual_stars,750,14,0.012468074711719977,0.017466584810837203,0.016272693057094872,0.01787457673253046,0.016067239069472036,0.0211950992462601
bert_multilingual_stars,750,15,0.012468074711719977,0.009830468339763249,0.011590615227156667,0.0139026926855883,0.010811039943154237,0.017332748491141057
bert_multilingual_stars,750,16,0.012468074711719977,0.017617613375973923,0.013482287935109496,0.0150981945685457,0.01277182662181778,0.017068715172629867
bert_multilingual_stars,750,17,0.012468074711719977,0.01181438195012538,0.016455650546945477,0.019845935456180505,0.017235744071697423,0.02145369871720207
bert_multilingual_stars,750,18,0.012468074711719977,0.007683930593407873,0.0157143835829324,0.017096382085614842,0.014592428348498913,0.019242206389964035
bert_multilingual_stars,750,19,0.012468074711719977,0.007827365677999774,0.011457047678774718,0.015084939516262273,0.010694716070309944,0.015620184719272841
bert_multilingual_stars,750,20,0.012468074711719977,0.0176753756825328,0.017512495301491546,0.021536641272898074,0.017003572905114044,0.024381833214912014
bert_multilingual_stars,750,21,0.012468074711719977,0.010950547161082395,0.01636880571599293,0.019513345313916443,0.01663220096528602,0.020260923709872366
bert_multilingual_stars,750,22,0.012468074711719977,0.013125748534390086,0.015752063022091912,0.018131128244847028,0.01536121600232735,0.020694697840630407
bert_multilingual_stars,750,23,0.012468074711719977,0.01842291802236622,0.011475130306615322,0.013847766193261508,0.010634583637904618,0.018813423223236186
bert_multilingual_stars,750,24,0.012468074711719977,0.009400528729121473,0.011345532338333733,0.01405216978508207,0.01126813448645283,0.0167607282133734
bert_multilingual_stars,750,25,0.012468074711719977,0.019011313829417613,0.019678800790673186,0.021886694311500615,0.02005426708974933,0.022996632122277545
bert_multilingual_stars,750,26,0.012468074711719977,0.012118976955127116,0.014632534624302997,0.018284977337220232,0.013348368665594242,0.019217683292975324
bert_multilingual_stars,750,27,0.012468074711719977,0.015664939852207505,0.018136310646455645,0.020995508296950405,0.01824780348300979,0.021145791836620506
bert_multilingual_stars,750,28,0.012468074711719977,0.010806850656914587,0.012817760104307144,0.016909304989312122,0.012908966384464905,0.016561873762072736
bert_multilingual_stars,750,29,0.012468074711719977,0.013216152809257099,0.016068598569740557,0.019613652811088976,0.016420530134270032,0.021526045858771745
bert_multilingual_stars,750,30,0.012468074711719977,0.012168335248714955,0.015164302358846745,0.017674654940715434,0.015023202449415466,0.023030391589199273
bert_multilingual_stars,750,31,0.012468074711719977,0.007186918197228326,0.009990039728799006,0.013443032201364839,0.008689153106779562,0.01593882082634402
bert_multilingual_stars,750,32,0.012468074711719977,0.0012344391935432443,0.005002819671130069,0.010238426746695487,0.005139163190880798,0.010266579150176718
bert_multilingual_stars,750,33,0.012468074711719977,0.014514579899574867,0.012254496630408096,0.017156255382527602,0.011819106116456259,0.016338577791248473
bert_multilingual_stars,750,34,0.012468074711719977,0.01054586215077002,0.011866819069095681,0.017749771463549315,0.01301048679717753,0.018315010422310377
bert_multilingual_stars,750,35,0.012468074711719977,0.016247493579041344,0.015236525763569502,0.016744370614048074,0.013254355710767557,0.017178003131273933
bert_multilingual_stars,750,36,0.012468074711719977,0.011130035291813277,0.013836478595750544,0.017820348166187775,0.013991970057776972,0.017097391266382943
bert_multilingual_stars,750,37,0.012468074711719977,0.016278430785966223,0.01595163375693484,0.018763695593924493,0.016189366195853566,0.0222714325470051
bert_multilingual_stars,750,38,0.012468074711719977,0.014673564617894106,0.01704283123833948,0.021304075380677547,0.015426797303915883,0.022331865844234047
bert_multilingual_stars,750,39,0.012468074711719977,0.019336411359686504,0.013727079987412901,0.01729501657705859,0.014433113986635972,0.01843288802980868
bert_multilingual_stars,750,40,0.012468074711719977,0.007041948756768299,0.010786766941444334,0.013852853752237958,0.010535376017487356,0.01674466562694126
bert_multilingual_stars,750,41,0.012468074711719977,0.017842135626288152,0.020721780537509716,0.022015995796570913,0.018015189986218854,0.024871346790814024
bert_multilingual_stars,750,42,0.012468074711719977,0.013276698324821992,0.01837567403711027,0.02084648516572664,0.0172875515533299,0.022555904603815267
bert_multilingual_stars,750,43,0.012468074711719977,0.015943939406569817,0.018400897580791033,0.021960794565270614,0.015933740432589376,0.022421497336095334
bert_multilingual_stars,750,44,0.012468074711719977,0.010749123008369174,0.011604363400599511,0.013733074319398172,0.01090428637019991,0.014340319000876026
bert_multilingual_stars,750,45,0.012468074711719977,0.015893650114381846,0.013742305922012544,0.01662016434527357,0.014224274895897063,0.02124862138815007
bert_multilingual_stars,750,46,0.012468074711719977,0.010951077829463234,0.012889880947814954,0.014394278628538773,0.009987549087801428,0.016940555559214275
bert_multilingual_stars,750,47,0.012468074711719977,0.014140709963294683,0.01189625181600702,0.01594578716664119,0.010847220451641501,0.018292208313719582
bert_multilingual_stars,750,48,0.012468074711719977,0.017504397258746338,0.016313172714805185,0.02059610165350495,0.016906718680019816,0.019557382046121553
bert_multilingual_stars,750,49,0.012468074711719977,0.01577095709106609,0.01473339977435396,0.02010692270405513,0.01309805667468168,0.019998396801586067
bert_multilingual_stars,750,50,0.012468074711719977,0.01308563687166631,0.014376494091491077,0.017000629861224272,0.015307193194591551,0.020122212483601378
bert_multilingual_stars,750,51,0.012468074711719977,0.016951223344800943,0.015875082080062285,0.018884442352610966,0.014477404767056251,0.02168882484198884
bert_multilingual_stars,750,52,0.012468074711719977,0.012497441619904756,0.013091028063764368,0.01460501616252763,0.012401478596129918,0.01559682931032442
bert_multilingual_stars,750,53,0.012468074711719977,0.015238941935951773,0.016756052486707956,0.01907581241607489,0.016339338965768578,0.019886647116465414
bert_multilingual_stars,750,54,0.012468074711719977,0.0058816630632398175,0.0111824498571158,0.0124601530953598,0.010615966974397473,0.015297062831416582
bert_multilingual_stars,750,55,0.012468074711719977,0.01604360269633009,0.014029097397821039,0.01635337854627668,0.013197900124402846,0.01984580357334767
bert_multilingual_stars,750,56,0.012468074711719977,0.019695531192295595,0.017752606722831302,0.021839210879144658,0.019197636868447988,0.02224740848876757
bert_multilingual_stars,750,57,0.012468074711719977,0.006483893366363977,0.01229427493108466,0.01325084206806257,0.01137104071591629,0.014837257443869278
bert_multilingual_stars,750,58,0.012468074711719977,0.014432049936421365,0.011400241671935124,0.016275413879569742,0.011196610068760446,0.017376449649806346
bert_multilingual_stars,750,59,0.012468074711719977,0.010780418152031372,0.013449971780142556,0.014858731326135959,0.013172161490252148,0.01691162663502782
bert_multilingual_stars,750,60,0.012468074711719977,0.01580740987853187,0.015363782596895439,0.01998617183973675,0.015691394157942743,0.023178932850784786
bert_multilingual_stars,750,61,0.012468074711719977,0.01361215135193059,0.015546743252810127,0.019146082297831775,0.015610751215108564,0.0204841370809083
bert_multilingual_stars,750,62,0.012468074711719977,0.018251628900605294,0.01808475470720777,0.02075552674327331,0.01839011716947333,0.0242610333786627
bert_multilingual_stars,750,63,0.012468074711719977,0.010006125604242749,0.011925000466540662,0.016479491380679463,0.013932426888820654,0.019688145593907427
bert_multilingual_stars,750,64,0.012468074711719977,0.010235061413413595,0.015598133454664431,0.01755451314629876,0.015285077605330672,0.019191622529937828
bert_multilingual_stars,750,65,0.012468074711719977,0.014183697020812278,0.013594304159036053,0.01573622312323622,0.012737691333054224,0.016660932299471028
bert_multilingual_stars,750,66,0.012468074711719977,0.011042228327316982,0.007506488669289604,0.011843630742312343,0.007604938631948123,0.014621384204761341
bert_multilingual_stars,750,67,0.012468074711719977,0.01666996010671026,0.01298817806670208,0.01690709493692608,0.013043160322783989,0.018426112012463934
bert_multilingual_stars,750,68,0.012468074711719977,0.0022549217641426693,0.011411833146138754,0.012759819991809867,0.011196780486708809,0.012850681019586403
bert_multilingual_stars,750,69,0.012468074711719977,0.017733230710086662,0.016836648504557402,0.019206220661213243,0.01672725942895393,0.023996424704517405
bert_multilingual_stars,750,70,0.012468074711719977,0.015256751561055538,0.014398774395304285,0.017145095383829127,0.015254637853985242,0.017852241720334304
bert_multilingual_stars,750,71,0.012468074711719977,0.016885614178549318,0.0180090510175181,0.021799908879210392,0.020466876476318605,0.023368242705763428
bert_multilingual_stars,750,72,0.012468074711719977,0.009554695100063272,0.00937709176851821,0.011228201024000696,0.008913157952556913,0.01350919039071122
bert_multilingual_stars,750,73,0.012468074711719977,0.014654351164988953,0.013611392607674602,0.016871445680350546,0.012439612379845205,0.020334315541263435
bert_multilingual_stars,750,74,0.012468074711719977,0.014455125255544616,0.010906741438486137,0.01663441228409126,0.011776637046398083,0.01795599451912173
bert_multilingual_stars,750,75,0.012468074711719977,0.010161322614943872,0.01613958948148636,0.020346736593656545,0.017079737233460318,0.022442978122413818
bert_multilingual_stars,750,76,0.012468074711719977,0.020369281111020383,0.015135152280515277,0.01874465046813947,0.014974530752226418,0.020194247407778317
bert_multilingual_stars,750,77,0.012468074711719977,0.00516418988906238,0.010297016734812255,0.01136855336988168,0.009763768470728858,0.014187414500085798
bert_multilingual_stars,750,78,0.012468074711719977,0.01269230459254718,0.014283315354604274,0.017627428713207598,0.013186536121761646,0.017355496516301982
bert_multilingual_stars,750,79,0.012468074711719977,0.01729377995625035,0.020685453975468553,0.023809327316876086,0.02049064460721012,0.02515208865450567
bert_multilingual_stars,750,80,0.012468074711719977,0.012166416639338993,0.013058540850990386,0.016080048985813045,0.012816677455137678,0.017994459853657722
bert_multilingual_stars,750,81,0.012468074711719977,0.013063414065596359,0.01588235778002046,0.018925146380940908,0.015057886671732523,0.01941618542304561
bert_multilingual_stars,750,82,0.012468074711719977,0.016549211175219094,0.013122925319507485,0.015408996851938049,0.012583220092469434,0.01783572730320402
bert_multilingual_stars,750,83,0.012468074711719977,0.01573452790940153,0.010584092073056516,0.01420362817334509,0.012159654234631148,0.017519874312211792
bert_multilingual_stars,750,84,0.012468074711719977,0.004510157489524267,0.00858868431260586,0.011890507853794204,0.008678055508579932,0.015108164393930016
bert_multilingual_stars,750,85,0.012468074711719977,0.018208698362977036,0.016978028637136863,0.020269385331630786,0.0173300071219142,0.02248299880544136
bert_multilingual_stars,750,86,0.012468074711719977,0.0078036871332359346,0.01147011195671754,0.014802753214509853,0.012003642343769825,0.016263602657525876
bert_multilingual_stars,750,87,0.012468074711719977,0.017238865516649552,0.014844175314287895,0.017269879926580887,0.0134601933450109,0.019637232519676046
bert_multilingual_stars,750,88,0.012468074711719977,0.021532014445537765,0.01536065980003147,0.02088345377437089,0.015479052788363572,0.021817027238997158
bert_multilingual_stars,750,89,0.012468074711719977,0.014461264040616682,0.013705714260193355,0.017002923719863693,0.013031872029590908,0.01922742520732452
bert_multilingual_stars,750,90,0.012468074711719977,0.003619465298426223,0.009304580176165962,0.012515221002997571,0.007398211714378084,0.013832543447762557
bert_multilingual_stars,750,91,0.012468074711719977,0.01760488797372588,0.017995770834411774,0.020314179326566383,0.01839516871636041,0.02288222445236641
bert_multilingual_stars,750,92,0.012468074711719977,0.0143686129732383,0.014707434583560528,0.018043608964218343,0.013251941885666647,0.018499841796199925
bert_multilingual_stars,750,93,0.012468074711719977,0.019066212009512612,0.01550848098816605,0.01905677178620614,0.014468177899636881,0.02036683031249352
bert_multilingual_stars,750,94,0.012468074711719977,0.01112423547811388,0.01484559397147844,0.017351288911444093,0.013434514226418358,0.018577057246886425
bert_multilingual_stars,750,95,0.012468074711719977,0.009697918758307176,0.014864913125987667,0.016370929696170346,0.013861104154921776,0.018901766263867324
bert_multilingual_stars,750,96,0.012468074711719977,0.015645106209452756,0.012795761732124612,0.01753598781641297,0.013483611211356923,0.01901805268964371
bert_multilingual_stars,750,97,0.012468074711719977,0.020883682291619673,0.016646992618184177,0.02054819655132175,0.014220556318036627,0.020774818215314537
bert_multilingual_stars,750,98,0.012468074711719977,0.01033803323162218,0.015016905615412059,0.01622326250227402,0.01417035515677098,0.017854178894803143
bert_multilingual_stars,750,99,0.012468074711719977,0.009984415881877736,0.011493981303065087,0.014635851311008856,0.01164223397639405,0.01509389910807095
bert_multilingual_stars,750,100,0.012468074711719977,0.0111224967948674,0.009300683685643593,0.011992519303310746,0.008766323961738669,0.01313360723319277
bert_multilingual_stars,750,101,0.012468074711719977,0.014414213536484193,0.011789557050274695,0.015438779810179711,0.00994123101967088,0.014416384117562485
bert_multilingual_stars,750,102,0.012468074711719977,0.009405687573095652,0.015746716369920668,0.01845913108235799,0.014555055122970131,0.020572473536552546
bert_multilingual_stars,750,103,0.012468074711719977,0.011046039760747384,0.01239690462667767,0.013227387407749574,0.010256107492498412,0.01747411607443139
bert_multilingual_stars,750,104,0.012468074711719977,0.015200281763865491,0.01694329806020603,0.019928560409522064,0.013409411226729824,0.01967679098328311
bert_multilingual_stars,750,105,0.012468074711719977,0.015202427181138272,0.010744211358630044,0.015094503325207006,0.010795974682458848,0.015093248312987926
bert_multilingual_stars,750,106,0.012468074711719977,0.01420773695153748,0.019526868484875722,0.018865247078037363,0.016843960504024376,0.0207986215007712
bert_multilingual_stars,750,107,0.012468074711719977,0.02031102209780407,0.01900679407012745,0.02144874260222789,0.018820880635633846,0.02301028516379966
bert_multilingual_stars,750,108,0.012468074711719977,0.005523947014199397,0.008438227893867395,0.009369346444600093,0.008379070252870458,0.010446734748818014
bert_multilingual_stars,750,109,0.012468074711719977,0.00662892997664378,0.013831275390378553,0.016224130931286003,0.013155924439402215,0.017094564514007107
bert_multilingual_stars,750,110,0.012468074711719977,0.022963534121428673,0.020565589004326146,0.02409207589350786,0.018340022260253483,0.02377869559470939
bert_multilingual_stars,750,111,0.012468074711719977,0.014942072591610782,0.01708445734133913,0.018358014825781595,0.016151243350047254,0.01982550116059873
bert_multilingual_stars,750,112,0.012468074711719977,0.015130878291204252,0.01596331499889822,0.01857550493589073,0.014523575655481088,0.01948799869867447
bert_multilingual_stars,750,113,0.012468074711719977,0.012193213726451204,0.01305557620284801,0.01927040919462414,0.012325409015096656,0.019843199953866
bert_multilingual_stars,750,114,0.012468074711719977,0.009611937133219747,0.00948030570624559,0.013425839402501456,0.010116230723508368,0.014910106838498968
bert_multilingual_stars,750,115,0.012468074711719977,0.015882558791325677,0.017869436738044593,0.020521379407924763,0.017469698920669807,0.023358700497788796
bert_multilingual_stars,750,116,0.012468074711719977,0.01647930203131143,0.012436629141016852,0.016226949352436053,0.011301978790016454,0.01933902766375126
bert_multilingual_stars,750,117,0.012468074711719977,0.021811130486845146,0.02098421262642462,0.02281062627531195,0.01903532782814172,0.024398739621491354
bert_multilingual_stars,750,118,0.012468074711719977,0.015060424671147607,0.01731555908323815,0.01944989985453991,0.01772439534104221,0.021225655999717187
bert_multilingual_stars,750,119,0.012468074711719977,0.015183232740145181,0.014919422181856021,0.01817283281132353,0.014160723161437861,0.019135653395167533
bert_multilingual_stars,750,120,0.012468074711719977,0.00808204507452209,0.011436358150083517,0.015724218156185934,0.012580267789120117,0.015776262777255266
bert_multilingual_stars,750,121,0.012468074711719977,0.010561367826302612,0.01237938721483941,0.013197385577328136,0.012004312925796356,0.015233542803543436
bert_multilingual_stars,750,122,0.012468074711719977,0.006540850876088853,0.01252117141621118,0.013369916517102405,0.009073002251218692,0.01742881691132687
bert_multilingual_stars,750,123,0.012468074711719977,0.0033687358988265495,0.006988443795918383,0.012685012151561127,0.0072164907449353876,0.014050497510396779
bert_multilingual_stars,750,124,0.012468074711719977,0.012662215836911251,0.014936041158389696,0.01679824286276577,0.014461482906503169,0.01899328566756859
bert_multilingual_stars,750,125,0.012468074711719977,0.013263630687725358,0.015499013832208872,0.018410849522687373,0.014885170519919924,0.018836318124757275
bert_multilingual_stars,750,126,0.012468074711719977,0.008787335184994235,0.01172636258360306,0.01779410945770708,0.011754744464620302,0.021077410024871852
bert_multilingual_stars,750,127,0.012468074711719977,0.013940319731265466,0.012272159391077416,0.017632566811859623,0.01277525004775934,0.018556313299062013
bert_multilingual_stars,750,128,0.012468074711719977,0.021964507683278702,0.01660967804937047,0.020257261055411833,0.01590774822544147,0.02150684747900924
bert_multilingual_stars,750,129,0.012468074711719977,0.006916156343897585,0.013656751819397532,0.014834872155842558,0.013422783739813655,0.01571624083871997
bert_multilingual_stars,750,130,0.012468074711719977,0.01503381708788711,0.013213105155946252,0.015702645337946575,0.01323605479184055,0.017091982160699754
bert_multilingual_stars,750,131,0.012468074711719977,0.015746749728841283,0.014249991839986284,0.016996070236904668,0.013911789043374792,0.020203473049469886
bert_multilingual_stars,750,132,0.012468074711719977,0.012535825897699183,0.012274650486748539,0.01613398594075788,0.011751153751111005,0.01906279961483688
bert_multilingual_stars,750,133,0.012468074711719977,0.012540961260077433,0.01340495211153541,0.01649236122479062,0.013432239393457652,0.016972769794311858
bert_multilingual_stars,750,134,0.012468074711719977,0.013232777880183387,0.011809559469100277,0.014978686646836836,0.012605774637159513,0.016041583726644947
bert_multilingual_stars,750,135,0.012468074711719977,0.012461889627058964,0.010868620849611972,0.013402563831119853,0.01015022136332342,0.015805908894892938
bert_multilingual_stars,750,136,0.012468074711719977,0.006147425121759262,0.011876445997278825,0.014939519904796118,0.01131641316885809,0.016274296468944936
bert_multilingual_stars,750,137,0.012468074711719977,0.01813912487036473,0.01567986216302679,0.0191680695918879,0.015356658884752421,0.02008067660548298
bert_multilingual_stars,750,138,0.012468074711719977,0.014823442820855808,0.014421786123689048,0.01850420449786131,0.014663846513615601,0.021679567474903377
bert_multilingual_stars,750,139,0.012468074711719977,0.0072607899270740435,0.01426421271773681,0.016567402072130998,0.014114849142954964,0.018449268281221547
bert_multilingual_stars,750,140,0.012468074711719977,0.015479611498348651,0.015272548112323684,0.018976525470710385,0.015564778061031636,0.019699969130629914
bert_multilingual_stars,750,141,0.012468074711719977,0.019331505011448476,0.016864743782494123,0.018116567628567958,0.015396103311801612,0.020199506733522256
bert_multilingual_stars,750,142,0.012468074711719977,0.006209285148419272,0.01248705207828738,0.01565245261405459,0.012340758350251366,0.017187839823793863
bert_multilingual_stars,750,143,0.012468074711719977,0.013605253110947728,0.015054567887265304,0.01773163427999727,0.014592052338616783,0.019359929848248313
bert_multilingual_stars,750,144,0.012468074711719977,0.017029989969050422,0.01845898033124525,0.020104710095054105,0.01685877136923937,0.02177654480867326
bert_multilingual_stars,750,145,0.012468074711719977,0.007889056808692958,0.009117383582945025,0.011718221433490909,0.009072402674206866,0.014084590312142917
bert_multilingual_stars,750,146,0.012468074711719977,0.016066456202927428,0.013257638812424574,0.016992995069423707,0.014558007604887827,0.019166947935823547
bert_multilingual_stars,750,147,0.012468074711719977,0.01411122672431668,0.013588480455442427,0.016089563779360334,0.013480439479631626,0.02151647319329719
bert_multilingual_stars,750,148,0.012468074711719977,0.01381437270700834,0.01929556701821259,0.0223327297980166,0.01931878461840111,0.022966610339937073
bert_multilingual_stars,750,149,0.012468074711719977,0.01838124636405035,0.014544340302556257,0.016432219779175125,0.014491243100499877,0.018292845638217908
bert_multilingual_stars,750,150,0.012468074711719977,0.013136397879895829,0.014652541510658399,0.01591614838256516,0.013760735710272294,0.018874452727945794
bert_multilingual_stars,750,151,0.012468074711719977,0.01439485338583614,0.013422011016879364,0.01941601492833626,0.015360450451811268,0.020123333501777033
bert_multilingual_stars,750,152,0.012468074711719977,0.0220737576661188,0.02110319626941504,0.022458800922576495,0.020081840527097914,0.024410313018258658
bert_multilingual_stars,750,153,0.012468074711719977,0.01087624936087771,0.01455730493402987,0.017429845550826488,0.014193396668500117,0.018977529381664658
bert_multilingual_stars,750,154,0.012468074711719977,0.012494954220981597,0.015765639516027254,0.01878265919724905,0.014898251197614619,0.020082151295543357
bert_multilingual_stars,750,155,0.012468074711719977,0.005459181121033224,0.009266731433633721,0.01126773574482327,0.007110266510739388,0.013735478190953502
bert_multilingual_stars,750,156,0.012468074711719977,0.011801376105841341,0.013173850795491129,0.01647388925484023,0.012956179211701342,0.017865194649729098
bert_multilingual_stars,750,157,0.012468074711719977,0.012354738311469524,0.011795650910110837,0.01520013370511993,0.011832965100451258,0.016588788634879958
bert_multilingual_stars,750,158,0.012468074711719977,0.010773428938484396,0.013262053007517437,0.015152786116481977,0.012923251119774075,0.017113348075157825
bert_multilingual_stars,750,159,0.012468074711719977,0.02710801423730497,0.01702104480456807,0.0243050718981285,0.01787074860526775,0.02560461177046219
bert_multilingual_stars,750,160,0.012468074711719977,0.01418228257764728,0.014752168179822575,0.016395019017989558,0.013723701312663854,0.019990956842700455
bert_multilingual_stars,750,161,0.012468074711719977,0.008673334364077636,0.016770495322595447,0.018946736234955172,0.01549293029955599,0.020193448859516287
bert_multilingual_stars,750,162,0.012468074711719977,0.014404652503004194,0.016583736026163205,0.01936803907332922,0.017402617446924496,0.020931028742418707
bert_multilingual_stars,750,163,0.012468074711719977,0.014081970825722979,0.011825417449210573,0.01687654656376943,0.011436334849889066,0.018389790353480866
bert_multilingual_stars,750,164,0.012468074711719977,0.015314450499094774,0.0192304573279378,0.022249295452508734,0.018968289667659743,0.024608556874602554
bert_multilingual_stars,750,165,0.012468074711719977,0.013143066812624307,0.015534594728001675,0.018643121002382034,0.014977371587931696,0.01970661014129441
bert_multilingual_stars,750,166,0.012468074711719977,0.0185137759927786,0.0166604864868552,0.02128155523168961,0.0169969227026667,0.023839275058338293
bert_multilingual_stars,750,167,0.012468074711719977,0.01883905516431222,0.016845956634612864,0.019793172965199266,0.01708029036265552,0.021305391397240313
bert_multilingual_stars,750,168,0.012468074711719977,0.013156657774160313,0.013393128721842262,0.01638187214061751,0.014224194933964505,0.018567885147788375
bert_multilingual_stars,750,169,0.012468074711719977,0.012904944648553962,0.011172195363420423,0.016039875744195936,0.011744067172223389,0.016769699590119088
bert_multilingual_stars,750,170,0.012468074711719977,0.00857962292127747,0.01172864613151593,0.013195842107009269,0.010495872187931604,0.013747261738607647
bert_multilingual_stars,750,171,0.012468074711719977,0.011621079934148452,0.0121212697590409,0.016447890304835275,0.011132776841595034,0.018104126111130353
bert_multilingual_stars,750,172,0.012468074711719977,0.01017725819421449,0.012201281663428709,0.017077048414489666,0.01330805094263917,0.019972410714778805
bert_multilingual_stars,750,173,0.012468074711719977,0.008419122513983896,0.013696056341949672,0.015753944660827964,0.013698839609688226,0.017516257146073556
bert_multilingual_stars,750,174,0.012468074711719977,0.015241514094222145,0.013208713368918185,0.02010777129699178,0.011564780221585825,0.02019612834864254
bert_multilingual_stars,750,175,0.012468074711719977,0.0049888079357041214,0.014638260591857953,0.016022892510183517,0.013441664241531969,0.01629056398665311
bert_multilingual_stars,750,176,0.012468074711719977,0.015243367962601291,0.017214335363168364,0.019799510274536813,0.017665164300738,0.02212453619475178
bert_multilingual_stars,750,177,0.012468074711719977,0.008906728433392555,0.008772878594223408,0.012735909855498584,0.010270110358559268,0.013432019242300452
bert_multilingual_stars,750,178,0.012468074711719977,0.015405835256698353,0.013730329793401587,0.018088268640228104,0.015494516951121303,0.018064803316009716
bert_multilingual_stars,750,179,0.012468074711719977,0.013837140738759126,0.012933503869994945,0.016116857170098985,0.013898468336005186,0.019226018825969696
bert_multilingual_stars,750,180,0.012468074711719977,0.009605999776230962,0.011257730716567034,0.013653795921584447,0.010981151232511314,0.014213484207194147
bert_multilingual_stars,750,181,0.012468074711719977,0.015438166998153086,0.014552167545617794,0.017217127988772455,0.015141836476415349,0.018624843418966763
bert_multilingual_stars,750,182,0.012468074711719977,0.01572423526255772,0.016823151012873464,0.01819852355997658,0.01736537899023304,0.01976537715605847
bert_multilingual_stars,750,183,0.012468074711719977,0.01474225356771872,0.012224418258221797,0.015211533550532962,0.01238043983722504,0.01816224324789202
bert_multilingual_stars,750,184,0.012468074711719977,0.015767515796526566,0.015142220233041822,0.016900369960320953,0.013440092441807392,0.018513873729782814
bert_multilingual_stars,750,185,0.012468074711719977,0.009248716493075244,0.013633511850674554,0.0172038422129243,0.01326353737926832,0.019952936703514793
bert_multilingual_stars,750,186,0.012468074711719977,0.006324342306480062,0.008220156467532037,0.012498911420127462,0.00985962973832838,0.01581271184694264
bert_multilingual_stars,750,187,0.012468074711719977,0.01038248157383921,0.014546469496878437,0.017686816619362954,0.013591217173004665,0.01866304696368733
bert_multilingual_stars,750,188,0.012468074711719977,0.009573542517565028,0.011220341464396391,0.013815826523365849,0.011037923596097832,0.016070805890078216
bert_multilingual_stars,750,189,0.012468074711719977,0.010595209340922965,0.016442646957215028,0.020114625245363168,0.015052847891669226,0.021245724731664663
bert_multilingual_stars,750,190,0.012468074711719977,0.016591190315023572,0.01700163052498984,0.021261896962910646,0.01827957480078007,0.02164199442587102
bert_multilingual_stars,750,191,0.012468074711719977,0.017668598027654116,0.01315562478151986,0.017223657827878196,0.012977700909548754,0.01834766897499451
bert_multilingual_stars,750,192,0.012468074711719977,0.020461086050846268,0.014274698497506264,0.016877729969118665,0.015257685483302617,0.016944646019790528
bert_multilingual_stars,750,193,0.012468074711719977,0.010234118049325724,0.010158964340730287,0.013191898078950479,0.010534528353555126,0.015581562556069373
bert_multilingual_stars,750,194,0.012468074711719977,0.006331037009308035,0.010733869579963346,0.01251953549210484,0.009663070424931896,0.016841024416396646
bert_multilingual_stars,750,195,0.012468074711719977,0.0173223862770861,0.013825874551732602,0.020004291850378348,0.014118553997407083,0.020433477669391978
bert_multilingual_stars,750,196,0.012468074711719977,0.02032203899043193,0.01858851592584743,0.02328090180361431,0.017006705924403714,0.027140515178256153
bert_multilingual_stars,750,197,0.012468074711719977,0.010251549726139064,0.012340232096035849,0.014268552090652637,0.012480149438155433,0.015901306105863502
bert_multilingual_stars,750,198,0.012468074711719977,0.02116286905595548,0.022858561471638335,0.025587109367670745,0.023277089175993387,0.02864618224931936
bert_multilingual_stars,750,199,0.012468074711719977,0.014679205464540868,0.012261054982907315,0.014731342845601066,0.011034222945027358,0.016638795305518945
bert_multilingual_stars,1000,0,0.012468074711719977,0.014697579824581414,0.01155622842565116,0.014098089132387777,0.011214971796200962,0.01665929255324949
bert_multilingual_stars,1000,1,0.012468074711719977,0.006078100253805415,0.01087716115582532,0.014208629991578762,0.010609692290696478,0.01593732318620215
bert_multilingual_stars,1000,2,0.012468074711719977,0.01836445460771114,0.013603526682303947,0.016402235723027854,0.013710246858792803,0.018565845518327746
bert_multilingual_stars,1000,3,0.012468074711719977,0.010034424218002378,0.011965646015388902,0.014302249509471935,0.01170178087713878,0.018015290462773236
bert_multilingual_stars,1000,4,0.012468074711719977,0.012373184080175893,0.012260240001130497,0.015816126901853446,0.012060756648410177,0.01743004727852145
bert_multilingual_stars,1000,5,0.012468074711719977,0.013818369402531182,0.016935419268128568,0.0191163009019239,0.017311398202285427,0.020223298911687004
bert_multilingual_stars,1000,6,0.012468074711719977,0.018818127786898536,0.01590864194131719,0.018489810680429722,0.01609459399402935,0.02196336025299781
bert_multilingual_stars,1000,7,0.012468074711719977,0.017435270892725084,0.01852876836159949,0.021073434265931987,0.018594944217554338,0.023898414077519144
bert_multilingual_stars,1000,8,0.012468074711719977,0.013104646581734433,0.013211063378279521,0.01765925254802182,0.01216277595576271,0.01944337230325836
bert_multilingual_stars,1000,9,0.012468074711719977,0.009874750077322985,0.012441891239273731,0.015577851034072025,0.012508751323515659,0.016818788625447653
bert_multilingual_stars,1000,10,0.012468074711719977,0.0061360615169845385,0.011918928448630121,0.013949944912626286,0.0121372511179381,0.01688597852227504
bert_multilingual_stars,1000,11,0.012468074711719977,0.012742990532497576,0.011706133175474663,0.01485138536157432,0.011214422779753848,0.018521986787418458
bert_multilingual_stars,1000,12,0.012468074711719977,0.009491506305738705,0.012421809295771129,0.014029266698102838,0.011697747733524187,0.01683594130470023
bert_multilingual_stars,1000,13,0.012468074711719977,0.011897460361613614,0.008415121934191548,0.012396822661806013,0.009533189105280062,0.013756776732233744
bert_multilingual_stars,1000,14,0.012468074711719977,0.0067337825204921275,0.011444401999058374,0.015125803970814922,0.010473168679552046,0.01690262267449914
bert_multilingual_stars,1000,15,0.012468074711719977,0.01128613787231711,0.010949631030581407,0.014820510028704246,0.011053483782805582,0.016431337505526573
bert_multilingual_stars,1000,16,0.012468074711719977,0.015204148143631848,0.014995959260740198,0.018403872584026277,0.014934234306998672,0.020889281914467747
bert_multilingual_stars,1000,17,0.012468074711719977,0.017041847993750785,0.01982420731639741,0.022246837192886698,0.019765126331347003,0.024880265482015985
bert_multilingual_stars,1000,18,0.012468074711719977,0.011507722210048737,0.014983621567333245,0.016427055424888842,0.015742584081247606,0.018444675841251295
bert_multilingual_stars,1000,19,0.012468074711719977,0.010256828249945019,0.01037303652832186,0.012779001134503348,0.010351365387445592,0.014884024641672907
bert_multilingual_stars,1000,20,0.012468074711719977,0.01059017189797742,0.014165223798196099,0.015920971123129343,0.01337649455618869,0.016972022096301904
bert_multilingual_stars,1000,21,0.012468074711719977,0.008509493553631044,0.011573938900214702,0.017663740226518492,0.010023464913532525,0.018951689885627516
bert_multilingual_stars,1000,22,0.012468074711719977,0.011443782608717657,0.013317683314790392,0.016697936543036203,0.014206472035620121,0.019519896599069067
bert_multilingual_stars,1000,23,0.012468074711719977,0.009025891102716626,0.014788383555995512,0.016527548383333247,0.013972598519005229,0.017601560794032474
bert_multilingual_stars,1000,24,0.012468074711719977,0.008945888282177688,0.010933011234567564,0.013485962357334345,0.011704205580039612,0.016646714631233215
bert_multilingual_stars,1000,25,0.012468074711719977,0.009997624246565208,0.010916269750758713,0.012896816999911078,0.010604196929917938,0.017211899666008543
bert_multilingual_stars,1000,26,0.012468074711719977,0.01002352825951782,0.011376061491417329,0.01373996048418669,0.010304032122632372,0.015387182449646986
bert_multilingual_stars,1000,27,0.012468074711719977,0.007788628006665416,0.012191704223202267,0.014787865341494861,0.013010778931307131,0.017465065874287256
bert_multilingual_stars,1000,28,0.012468074711719977,0.021197340028761513,0.017354733816409867,0.021309917085653916,0.016073037590101376,0.023780360940795855
bert_multilingual_stars,1000,29,0.012468074711719977,0.010212539268074404,0.013045742378496981,0.016565904900068568,0.012838951747944465,0.01762406190353891
bert_multilingual_stars,1000,30,0.012468074711719977,0.008710933527428032,0.012037616040795625,0.015255564084484233,0.012300233211248507,0.016470160189726257
bert_multilingual_stars,1000,31,0.012468074711719977,0.016505762554491404,0.017565936624709462,0.021671503436528693,0.01800063856796924,0.023976502706435598
bert_multilingual_stars,1000,32,0.012468074711719977,0.013714362242736823,0.013616508369129962,0.017132073128653894,0.013223952370361454,0.021502825528742206
bert_multilingual_stars,1000,33,0.012468074711719977,0.012099127082906492,0.011111097973664937,0.014701119391931073,0.012105870032569903,0.01725994654682369
bert_multilingual_stars,1000,34,0.012468074711719977,0.010719112044359384,0.012268292470954947,0.01779225011204108,0.013051765976799728,0.019357692738249433
bert_multilingual_stars,1000,35,0.012468074711719977,0.017449152778849765,0.016402826566458615,0.019183406528258586,0.016719007752067843,0.022024075092874903
bert_multilingual_stars,1000,36,0.012468074711719977,0.01986634254954631,0.018151793071421826,0.020790652540144998,0.01804164040515455,0.023109963039993058
bert_multilingual_stars,1000,37,0.012468074711719977,0.012830503144657729,0.017507972967529498,0.01888541764282437,0.016238002957828485,0.023402136823883653
bert_multilingual_stars,1000,38,0.012468074711719977,0.010218869848698202,0.013194060809804009,0.014631917335213499,0.012056014971615833,0.01846993682979755
bert_multilingual_stars,1000,39,0.012468074711719977,0.017347857656816613,0.01699723074323274,0.017958503857668253,0.015689260814355805,0.02226203081919398
bert_multilingual_stars,1000,40,0.012468074711719977,0.011968078493834248,0.012521473227473495,0.016466064517149433,0.013687314672621768,0.018265768432038088
bert_multilingual_stars,1000,41,0.012468074711719977,0.017362377769460452,0.016846441165091253,0.01839399045998072,0.01589084634616584,0.02254044364850167
bert_multilingual_stars,1000,42,0.012468074711719977,0.006542643684477546,0.012222851954591057,0.01460409916830576,0.012416682303348596,0.01720361801726955
bert_multilingual_stars,1000,43,0.012468074711719977,0.008272291125607314,0.014222931797230812,0.017288179980436823,0.014751486243320858,0.019522259018903327
bert_multilingual_stars,1000,44,0.012468074711719977,0.016789897777066784,0.012038332820751554,0.014689435790207693,0.013030603685498581,0.0195137231656399
bert_multilingual_stars,1000,45,0.012468074711719977,0.002049946120131183,0.011017068631966552,0.012342374711318752,0.010896040308298004,0.015169864478050873
bert_multilingual_stars,1000,46,0.012468074711719977,0.016029802780797405,0.01762574794828474,0.020492190543769703,0.01645214946893649,0.021189396593080077
bert_multilingual_stars,1000,47,0.012468074711719977,0.013558521875800192,0.01181577327086215,0.013683854449709515,0.01125807865076657,0.01559901546205845
bert_multilingual_stars,1000,48,0.012468074711719977,0.010535127338678412,0.013728292474138728,0.017206911359170626,0.013919792768484377,0.018772762929821052
bert_multilingual_stars,1000,49,0.012468074711719977,0.01202703516858991,0.014003258865346941,0.01730423522017911,0.014484862032137289,0.02034405282828489
bert_multilingual_stars,1000,50,0.012468074711719977,0.00630902219884384,0.011409403963966757,0.014690778178622271,0.011391660684119873,0.016690250753169225
bert_multilingual_stars,1000,51,0.012468074711719977,0.01102352349800523,0.012809499646989134,0.014813177433565899,0.012121161713177198,0.017393774838088114
bert_multilingual_stars,1000,52,0.012468074711719977,0.017630297813207733,0.017037968160999905,0.019914019010549754,0.01646783199587528,0.019829219190186768
bert_multilingual_stars,1000,53,0.012468074711719977,0.004404040493977236,0.00571383048976029,0.00912026094507634,0.00645278275505479,0.011741847858330483
bert_multilingual_stars,1000,54,0.012468074711719977,0.009258402034478478,0.009949079953514102,0.013644665433172123,0.010435272424309508,0.015604826456205114
bert_multilingual_stars,1000,55,0.012468074711719977,0.010807388689836628,0.011000798334053275,0.013481757341998551,0.011223394632310476,0.01385631538765631
bert_multilingual_stars,1000,56,0.012468074711719977,0.008620549748698159,0.010862171435990135,0.01302455742431831,0.010067395653022016,0.017762693584017556
bert_multilingual_stars,1000,57,0.012468074711719977,0.012738500288594131,0.013106730218448279,0.016734956755909757,0.012458465884479792,0.02007365148851268
bert_multilingual_stars,1000,58,0.012468074711719977,0.005550238186030884,0.01159118205895126,0.012787197369016906,0.011245502972267257,0.015719301826826203
bert_multilingual_stars,1000,59,0.012468074711719977,0.004934844428734618,0.010693645047869797,0.012860001242746399,0.010644961792040813,0.014706210316549949
bert_multilingual_stars,1000,60,0.012468074711719977,0.013696034906660066,0.01588481063357913,0.01768050362762234,0.015467161575050159,0.02145421216075127
bert_multilingual_stars,1000,61,0.012468074711719977,0.012001846489448317,0.012861531039798046,0.015111365645647806,0.012631711399587272,0.01809294865490916
bert_multilingual_stars,1000,62,0.012468074711719977,0.008700957931882403,0.011162759895954633,0.014108623451526867,0.010496462349229985,0.016430294637034826
bert_multilingual_stars,1000,63,0.012468074711719977,0.015231823483281403,0.012686366360033422,0.017171601740498227,0.013604377385115196,0.018471155001405233
bert_multilingual_stars,1000,64,0.012468074711719977,0.016294990982595983,0.01637482055612558,0.01923669946084811,0.015789272825341212,0.021620991876495403
bert_multilingual_stars,1000,65,0.012468074711719977,0.010176229957029319,0.009424188588453777,0.01371905051180535,0.010200424023074982,0.016800291288425313
bert_multilingual_stars,1000,66,0.012468074711719977,0.012546731939183462,0.012832028713843055,0.015588831743828345,0.013416019989921181,0.01906078455045479
bert_multilingual_stars,1000,67,0.012468074711719977,0.014184824287317191,0.017256905433874627,0.02112719959827045,0.016987248970549308,0.022179824909515502
bert_multilingual_stars,1000,68,0.012468074711719977,0.020539810798100397,0.02186107639355837,0.023601096516298572,0.020588112491958025,0.025802857949852664
bert_multilingual_stars,1000,69,0.012468074711719977,0.010159662779188979,0.00938151800782901,0.012170361866910558,0.009344884841095281,0.014561184183828147
bert_multilingual_stars,1000,70,0.012468074711719977,0.016703667156659774,0.014835208491132758,0.019051185700794143,0.014948918028123632,0.02095392225188597
bert_multilingual_stars,1000,71,0.012468074711719977,0.012128768068424087,0.01418309760873063,0.017604750087036526,0.01461828256290291,0.02007939798799859
bert_multilingual_stars,1000,72,0.012468074711719977,0.011905848593340788,0.01517775359248872,0.01581907364511563,0.014079917851472092,0.01787617238586374
bert_multilingual_stars,1000,73,0.012468074711719977,0.00907181772348743,0.011595931441128823,0.014153717375547764,0.011730651430444411,0.015601152032641064
bert_multilingual_stars,1000,74,0.012468074711719977,0.015496877248408498,0.013418177430151702,0.015550032940661814,0.013577079139669337,0.02095686265694642
bert_multilingual_stars,1000,75,0.012468074711719977,0.017739427418471218,0.01623173147293236,0.021349211004611197,0.015635358034546614,0.022727267335943612
bert_multilingual_stars,1000,76,0.012468074711719977,0.012918335212411711,0.013139533089716689,0.015021911217753451,0.013050264576418627,0.016485493420207924
bert_multilingual_stars,1000,77,0.012468074711719977,0.00970506536384368,0.014156419724488794,0.01587151644781332,0.014425205710619783,0.01921465242872484
bert_multilingual_stars,1000,78,0.012468074711719977,0.011557999927741062,0.011155628456240733,0.013576691262426194,0.011039901575188795,0.017944883199449375
bert_multilingual_stars,1000,79,0.012468074711719977,0.015078730060103594,0.012539905844334493,0.016465127862012797,0.012468166935045098,0.017088593603004694
bert_multilingual_stars,1000,80,0.012468074711719977,0.015922549937037452,0.016595283384538077,0.019226100882290497,0.015696847557608622,0.02017355432670164
bert_multilingual_stars,1000,81,0.012468074711719977,0.006101516323221525,0.009619600676599106,0.012721834711597248,0.009525400241836224,0.013696487566504616
bert_multilingual_stars,1000,82,0.012468074711719977,0.013703758924524752,0.011765706957272238,0.016097855439021484,0.012427823214484622,0.016619063868296816
bert_multilingual_stars,1000,83,0.012468074711719977,0.014739821227125513,0.014595246055741827,0.016784720952436563,0.015471544112963614,0.018987283806027676
bert_multilingual_stars,1000,84,0.012468074711719977,0.015194730386534001,0.01108242178121117,0.013811919665992592,0.011487789870993245,0.01731516401682328
bert_multilingual_stars,1000,85,0.012468074711719977,0.01376384273997045,0.014227860505855443,0.015563537835196678,0.012931577308191746,0.018016052760025256
bert_multilingual_stars,1000,86,0.012468074711719977,0.017670073756951087,0.01480780327120229,0.01761899975878705,0.015377935076205442,0.020525852946729112
bert_multilingual_stars,1000,87,0.012468074711719977,0.007022555035991096,0.013472211566370865,0.015955099052269404,0.013200318963382073,0.018600174640183438
bert_multilingual_stars,1000,88,0.012468074711719977,0.008192853309047595,0.008812148671577676,0.012554610287326668,0.009508898216289913,0.013279652307897063
bert_multilingual_stars,1000,89,0.012468074711719977,0.004220686373905725,0.008966910580269011,0.011836989063817048,0.008592372790005031,0.01314976632762334
bert_multilingual_stars,1000,90,0.012468074711719977,0.009366016642989604,0.013220959255425734,0.015343259810607584,0.012579670908286624,0.017680434034815007
bert_multilingual_stars,1000,91,0.012468074711719977,0.014869257409391417,0.017998305853347857,0.020268546630006046,0.018094091374431236,0.024276402721767527
bert_multilingual_stars,1000,92,0.012468074711719977,0.011688331864536168,0.01209591264951285,0.015053890556648563,0.011009898180055273,0.01851988148012025
bert_multilingual_stars,1000,93,0.012468074711719977,0.008273600749216847,0.01366530203924648,0.015178801506966235,0.012376435112723136,0.01715900032697946
bert_multilingual_stars,1000,94,0.012468074711719977,0.014517610888443354,0.011004953010881596,0.014232208609319055,0.011232587434098839,0.018223268040130424
bert_multilingual_stars,1000,95,0.012468074711719977,0.010573457467282445,0.013518555958934031,0.01562273221425591,0.013560624585309555,0.01798878449317039
bert_multilingual_stars,1000,96,0.012468074711719977,0.008914257440724523,0.011427081219283076,0.013847799647971958,0.010476798664987156,0.016707300584488743
bert_multilingual_stars,1000,97,0.012468074711719977,0.015682250409780628,0.01566931679616721,0.01798420895227455,0.016028151283198504,0.019805468441373847
bert_multilingual_stars,1000,98,0.012468074711719977,0.0149337528161536,0.016833873848700262,0.021044706817340973,0.016219895095850267,0.023149636882268978
bert_multilingual_stars,1000,99,0.012468074711719977,0.013243229442163156,0.013256250582596597,0.017186444993544294,0.014129598218324699,0.019252415114989294
bert_multilingual_stars,1000,100,0.012468074711719977,0.017591413895760154,0.015119606908056752,0.017832739164987697,0.013523250439771081,0.02186871660544779
bert_multilingual_stars,1000,101,0.012468074711719977,0.011693094479008022,0.013170423214670993,0.01783571484209883,0.013774819484036504,0.020685115760534528
bert_multilingual_stars,1000,102,0.012468074711719977,0.01448438827375361,0.016283397727969932,0.019325475912682754,0.01669446708873804,0.021462919279609447
bert_multilingual_stars,1000,103,0.012468074711719977,0.019578011120056575,0.013297127694752097,0.019454288909600916,0.014123438242493017,0.020504068402089133
bert_multilingual_stars,1000,104,0.012468074711719977,0.013437941138568023,0.013116099530979978,0.01688691312395648,0.012310153717357223,0.01947989558729021
bert_multilingual_stars,1000,105,0.012468074711719977,0.011385270825611074,0.012435616967747283,0.014526797294727058,0.012190090413668203,0.019044078829627283
bert_multilingual_stars,1000,106,0.012468074711719977,0.010637215599421492,0.011093616498727279,0.015467746116449013,0.012184798817673302,0.017456451807157616
bert_multilingual_stars,1000,107,0.012468074711719977,0.004665675604924992,0.007341082973533605,0.009715076607281548,0.007282917726020176,0.01217083617439966
bert_multilingual_stars,1000,108,0.012468074711719977,0.012815073999526028,0.015050311338072995,0.01735138941936266,0.015201146694918422,0.018563494383360836
bert_multilingual_stars,1000,109,0.012468074711719977,0.006280916073429305,0.010098010496708271,0.0131204565764917,0.010368239729718974,0.014579644787190378
bert_multilingual_stars,1000,110,0.012468074711719977,0.012935035378541316,0.013777580730570123,0.016706427420022475,0.012685524866021865,0.021065107381034398
bert_multilingual_stars,1000,111,0.012468074711719977,0.007178160812341708,0.012711684196102266,0.015251226025109766,0.012298103904174896,0.018651835715385635
bert_multilingual_stars,1000,112,0.012468074711719977,0.009397868026884549,0.013090792600264422,0.015465791037522332,0.013202706316622787,0.01683250460616723
bert_multilingual_stars,1000,113,0.012468074711719977,0.01328196086043372,0.015030336219041868,0.017443560548799218,0.014650470052928109,0.019697699722080356
bert_multilingual_stars,1000,114,0.012468074711719977,0.019926252162131567,0.015250682208358967,0.01912949339550454,0.013529836332482014,0.021349644568522355
bert_multilingual_stars,1000,115,0.012468074711719977,0.021735240778443875,0.01680175983953529,0.01939784593965701,0.015616807864966315,0.023714233420829997
bert_multilingual_stars,1000,116,0.012468074711719977,0.009497841689908077,0.011321062841789954,0.013687240059973037,0.009247340368598464,0.016536158126439916
bert_multilingual_stars,1000,117,0.012468074711719977,0.010202614438139598,0.018249181515145593,0.020311629099218038,0.018312679017900037,0.021786951330637228
bert_multilingual_stars,1000,118,0.012468074711719977,0.01348336811434342,0.011629492232080516,0.012939545461334943,0.011346022376520295,0.015177437743446171
bert_multilingual_stars,1000,119,0.012468074711719977,0.008141648524527206,0.01288477105712886,0.015699369899584426,0.012616641143079014,0.017410226605509838
bert_multilingual_stars,1000,120,0.012468074711719977,0.011142329336657913,0.013103240272688013,0.015122969061921279,0.012367313962416228,0.01853154039972753
bert_multilingual_stars,1000,121,0.012468074711719977,0.015130950798031985,0.014262945889488978,0.01626397384773251,0.014407343922806487,0.01853564947308214
bert_multilingual_stars,1000,122,0.012468074711719977,0.012260705313126114,0.016499950335710355,0.01837004407006571,0.016939344970063143,0.02002995769917707
bert_multilingual_stars,1000,123,0.012468074711719977,0.011686137617718025,0.012865072292379489,0.015365704307074582,0.01297760115847328,0.019162197452862892
bert_multilingual_stars,1000,124,0.012468074711719977,0.015344457207416652,0.01350287589234735,0.016685908068733393,0.01355689961801932,0.018788451396246873
bert_multilingual_stars,1000,125,0.012468074711719977,0.016190621006170695,0.015618407377571461,0.017380310486169222,0.015079720222680143,0.01967131129727985
bert_multilingual_stars,1000,126,0.012468074711719977,0.007221157525817117,0.01390112247471573,0.0161939794957112,0.013669876568997768,0.01692674716744023
bert_multilingual_stars,1000,127,0.012468074711719977,0.014582663821012358,0.015793753250676484,0.017033862799733023,0.014371640734865146,0.020242336215897962
bert_multilingual_stars,1000,128,0.012468074711719977,0.008340867895844414,0.010664469814859886,0.013292031025081714,0.010934224093643934,0.014779583225554544
bert_multilingual_stars,1000,129,0.012468074711719977,0.010261365011008706,0.01021744918462975,0.013783432661209554,0.008788139771052837,0.019034870213568277
bert_multilingual_stars,1000,130,0.012468074711719977,0.015021546112856722,0.013457632821791837,0.016118935109201836,0.013921849608198892,0.01883258469349455
bert_multilingual_stars,1000,131,0.012468074711719977,0.01641090429439894,0.018529365485992728,0.022942515441802838,0.01991903548474301,0.025275213576318963
bert_multilingual_stars,1000,132,0.012468074711719977,0.010426851608258464,0.012596551429895143,0.01789343144926021,0.013403784558303235,0.01696772579993383
bert_multilingual_stars,1000,133,0.012468074711719977,0.011193845667486884,0.013394588396427326,0.01625238182180271,0.012673901326357078,0.018693000740734454
bert_multilingual_stars,1000,134,0.012468074711719977,0.014267838370002657,0.014141958515397091,0.017699060437181682,0.016124162754033163,0.019340254354714887
bert_multilingual_stars,1000,135,0.012468074711719977,0.010529230891863237,0.014753178003515027,0.017204453237565257,0.015031652246092344,0.01953658578335921
bert_multilingual_stars,1000,136,0.012468074711719977,0.015902158490743508,0.012789583568536517,0.01656459071921974,0.012721939024802228,0.019887356995889675
bert_multilingual_stars,1000,137,0.012468074711719977,0.007319140481062645,0.013855482668308052,0.015763357317233044,0.01345921458388318,0.018372094120902856
bert_multilingual_stars,1000,138,0.012468074711719977,0.011822677001000632,0.015092117493728456,0.017263901103584913,0.014600106159374194,0.019672874416497337
bert_multilingual_stars,1000,139,0.012468074711719977,0.0070037137083435235,0.01448276782912864,0.015838517464960625,0.013738153598052954,0.0165963323414203
bert_multilingual_stars,1000,140,0.012468074711719977,0.018345271275619652,0.015916298026238663,0.0181740917910732,0.0160905153595972,0.022306112229096564
bert_multilingual_stars,1000,141,0.012468074711719977,0.011116007297559505,0.011785991010181476,0.013790966394123654,0.01182420578998308,0.014630114604538478
bert_multilingual_stars,1000,142,0.012468074711719977,0.010842473448428255,0.012993720182579025,0.014815475515899781,0.012906835095998407,0.018807262661195156
bert_multilingual_stars,1000,143,0.012468074711719977,0.011220923408376193,0.012778994037634227,0.015885927403772846,0.012890469109154732,0.017385480231493212
bert_multilingual_stars,1000,144,0.012468074711719977,0.0036033863310346117,0.013987276339938442,0.016042981525512926,0.013620689447884677,0.017781834872224046
bert_multilingual_stars,1000,145,0.012468074711719977,0.014310126370182015,0.015298048830878389,0.017380392081735984,0.015146585597376536,0.02137423870833417
bert_multilingual_stars,1000,146,0.012468074711719977,0.012213481104527794,0.010984698124904229,0.013955967963374465,0.01073256621169925,0.015511353888137031
bert_multilingual_stars,1000,147,0.012468074711719977,0.01160079411827517,0.00973670663747037,0.01170033837193887,0.010132839513686551,0.015024120992601973
bert_multilingual_stars,1000,148,0.012468074711719977,0.025898904664057445,0.017297371507454987,0.021621423663348432,0.018730087946533323,0.02416918655782071
bert_multilingual_stars,1000,149,0.012468074711719977,0.013901369023733076,0.012594202192595584,0.016083044822984685,0.012845512079477234,0.017198813127045392
bert_multilingual_stars,1000,150,0.012468074711719977,0.01771337755119852,0.01720273378970306,0.022020857008756382,0.018600866117929823,0.02314159603480583
bert_multilingual_stars,1000,151,0.012468074711719977,0.01594244096099701,0.013411085444249717,0.016802548655817425,0.014720011346120816,0.02002415467876311
bert_multilingual_stars,1000,152,0.012468074711719977,0.01575552064235753,0.016430451871547153,0.019043363178089308,0.01668823166447755,0.021068735224544187
bert_multilingual_stars,1000,153,0.012468074711719977,0.020256736830576785,0.01543272223693163,0.01868894774564077,0.015264585593875231,0.02239778432620545
bert_multilingual_stars,1000,154,0.012468074711719977,0.007182857177755013,0.010780714575747561,0.012044221652583545,0.011194054980212476,0.015605822037586623
bert_multilingual_stars,1000,155,0.012468074711719977,0.009970547452362193,0.009591454808518285,0.01179570432136168,0.009681996391580208,0.013542218615995938
bert_multilingual_stars,1000,156,0.012468074711719977,0.010907601611342709,0.01325777239137179,0.015287848671330612,0.01185273047777631,0.017272620775550276
bert_multilingual_stars,1000,157,0.012468074711719977,0.01792831421573562,0.014442939009754244,0.016679865610843368,0.013519921651648028,0.02083996594831479
bert_multilingual_stars,1000,158,0.012468074711719977,0.009902242859850498,0.014666998986119532,0.016226400788547875,0.013994098185275368,0.017825166427407894
bert_multilingual_stars,1000,159,0.012468074711719977,0.014027298715923819,0.015428722221691558,0.019456932364257985,0.014954389721388734,0.022388617904170783
bert_multilingual_stars,1000,160,0.012468074711719977,0.00749038025204484,0.012191261135030666,0.01384094922569878,0.011798259254520252,0.01635246912025796
bert_multilingual_stars,1000,161,0.012468074711719977,0.013935573327240009,0.015712918578130917,0.018426037415518803,0.015806258908453007,0.02039396651837602
bert_multilingual_stars,1000,162,0.012468074711719977,0.010494585214479359,0.014734190212000205,0.01692840842715507,0.0151213986253783,0.018986827147016157
bert_multilingual_stars,1000,163,0.012468074711719977,0.018561013964069475,0.01615907288599886,0.01711760650094897,0.01536343938065287,0.019629274989315583
bert_multilingual_stars,1000,164,0.012468074711719977,0.014663810129724723,0.019752324766339608,0.023569825612160786,0.01887055764680973,0.02301222444121996
bert_multilingual_stars,1000,165,0.012468074711719977,0.011971979478181334,0.013797235786355113,0.015692026228420572,0.012613293358995387,0.019546478374098737
bert_multilingual_stars,1000,166,0.012468074711719977,0.00538678014890421,0.011581248180330387,0.013776194569707379,0.012566734485834804,0.016781125628255407
bert_multilingual_stars,1000,167,0.012468074711719977,0.013594280467845568,0.013614412993610235,0.016116831263523472,0.013393006301098354,0.01729539815763542
bert_multilingual_stars,1000,168,0.012468074711719977,0.014791386928054408,0.015637135417988633,0.017569788480464216,0.014416248201492416,0.0200449215520006
bert_multilingual_stars,1000,169,0.012468074711719977,0.019340755599602993,0.019122977184764196,0.020084756076441508,0.018986074034079408,0.022723473512361494
bert_multilingual_stars,1000,170,0.012468074711719977,0.015090657463464902,0.016750102101465252,0.01902064239768092,0.01677281843436162,0.022157662157788614
bert_multilingual_stars,1000,171,0.012468074711719977,0.008776955304280309,0.01118768155555698,0.013915010867106645,0.01103444447906657,0.01526243458802822
bert_multilingual_stars,1000,172,0.012468074711719977,0.008121648640651676,0.008978882826263935,0.01268641339275719,0.008995669118659512,0.014588024593695258
bert_multilingual_stars,1000,173,0.012468074711719977,0.016867778393210926,0.011697062009777066,0.016020293258113407,0.011845726183407566,0.01731190819984382
bert_multilingual_stars,1000,174,0.012468074711719977,0.014564448693057187,0.012288767762600227,0.014034729037066093,0.01182261303999733,0.016734774362390313
bert_multilingual_stars,1000,175,0.012468074711719977,0.007489268062133123,0.009878169027016636,0.012445498426661367,0.009510799420195911,0.015634457441013615
bert_multilingual_stars,1000,176,0.012468074711719977,0.01525582734137668,0.017724307893413574,0.02171882732493925,0.017348685653074746,0.024353802934041588
bert_multilingual_stars,1000,177,0.012468074711719977,0.016835224449336314,0.012447893906993988,0.015182091473607487,0.013128242174717253,0.017202258554016758
bert_multilingual_stars,1000,178,0.012468074711719977,0.019474780302441215,0.0107039491169032,0.014790359852351592,0.011886930801242286,0.017159371230276218
bert_multilingual_stars,1000,179,0.012468074711719977,0.014303003285318687,0.013998671562212562,0.016905792119916562,0.01300189208793208,0.01787808501175899
bert_multilingual_stars,1000,180,0.012468074711719977,0.012660966994987739,0.01369968222120647,0.015352775684642335,0.013508562807713023,0.017937469755326955
bert_multilingual_stars,1000,181,0.012468074711719977,0.015310073089025367,0.013951824121003167,0.016255698490455786,0.012774590127249337,0.021131948486511662
bert_multilingual_stars,1000,182,0.012468074711719977,0.01545003073254601,0.015333917651979454,0.017666245070883404,0.015195746508331312,0.01974791045587149
bert_multilingual_stars,1000,183,0.012468074711719977,0.010702732882231829,0.015514964655641948,0.019057527603123972,0.016346950935757772,0.01870986531541058
bert_multilingual_stars,1000,184,0.012468074711719977,0.013566550510210764,0.012555365676281752,0.016237490507730663,0.012120337508932974,0.0187694641991852
bert_multilingual_stars,1000,185,0.012468074711719977,0.017125763201893695,0.01598376484547205,0.018180468713341797,0.014704253598139603,0.022139946174969345
bert_multilingual_stars,1000,186,0.012468074711719977,0.012008305362773029,0.010895682648217548,0.013417475355980939,0.009260093286842819,0.015619595438560863
bert_multilingual_stars,1000,187,0.012468074711719977,0.020098107551089334,0.01788662506350688,0.021158540208909046,0.01822790929832656,0.022421362055293968
bert_multilingual_stars,1000,188,0.012468074711719977,0.01711433951862315,0.01531308427158266,0.017259961326937284,0.014546695023578698,0.019433178084572133
bert_multilingual_stars,1000,189,0.012468074711719977,0.008139693887723277,0.011520704445296499,0.015118312551841923,0.011943127897262927,0.01689233686471695
bert_multilingual_stars,1000,190,0.012468074711719977,0.017830658461723298,0.014461893236361377,0.017267143830827173,0.014853574436322436,0.0196749986451029
bert_multilingual_stars,1000,191,0.012468074711719977,0.01171166167663527,0.01142811922383048,0.014942021094492374,0.01038537297488814,0.017532447290615257
bert_multilingual_stars,1000,192,0.012468074711719977,0.01507791341402337,0.017392753184785604,0.022436981974283104,0.01816826398501587,0.022775357966353285
bert_multilingual_stars,1000,193,0.012468074711719977,0.00854787969626124,0.009457211833258273,0.014252252523562148,0.010310925386054945,0.015242082653191099
bert_multilingual_stars,1000,194,0.012468074711719977,0.013477018647553955,0.012727216780425175,0.014655443008756881,0.01252819961191033,0.01689565372779742
bert_multilingual_stars,1000,195,0.012468074711719977,0.00483603572743506,0.010404559226545993,0.012587559371207552,0.009593662232510092,0.014748557577472284
bert_multilingual_stars,1000,196,0.012468074711719977,0.009804290042826921,0.01340857907090293,0.014457313106827071,0.012497587107142136,0.018537627529240156
bert_multilingual_stars,1000,197,0.012468074711719977,0.010270306559196175,0.015247403737001623,0.017428667200584346,0.014669809945830987,0.020765557049252478
bert_multilingual_stars,1000,198,0.012468074711719977,0.014999419412220527,0.0165767320610293,0.01816592076131849,0.01575249020246638,0.020289231765290766
bert_multilingual_stars,1000,199,0.012468074711719977,0.013568656346460298,0.018895390565089643,0.02081088260434821,0.02021900655389192,0.024039870202797
bert_multilingual_stars,2500,0,0.012468074711719977,0.011419309964121046,0.012632758607446596,0.015231132300562744,0.012704868502714453,0.018343166455279315
bert_multilingual_stars,2500,1,0.012468074711719977,0.011028422618579803,0.013650764324856287,0.015584187484406117,0.013569293250866777,0.018994187709790476
bert_multilingual_stars,2500,2,0.012468074711719977,0.014455461134733269,0.016332290531272275,0.018123401312176962,0.016598385716080962,0.019800726410728775
bert_multilingual_stars,2500,3,0.012468074711719977,0.014145760546374097,0.013447665438853494,0.015353782882493911,0.013503155927683742,0.019179613928396712
bert_multilingual_stars,2500,4,0.012468074711719977,0.010564338445666774,0.013219489840873157,0.015263799125596068,0.013281297882796429,0.01863832585712263
bert_multilingual_stars,2500,5,0.012468074711719977,0.008173974619967559,0.009881909416854025,0.012376916237563504,0.009753070613767987,0.01702115538469793
bert_multilingual_stars,2500,6,0.012468074711719977,0.014297273458644835,0.013960426838974688,0.015784310958478865,0.013983011204162414,0.019208209295665107
bert_multilingual_stars,2500,7,0.012468074711719977,0.011020169409344967,0.013204511723140714,0.014652673408189027,0.013162289046053011,0.018155754597835222
bert_multilingual_stars,2500,8,0.012468074711719977,0.014841025379529629,0.015337949390137358,0.017034532263264974,0.014438658225493338,0.02134937524640855
bert_multilingual_stars,2500,9,0.012468074711719977,0.012341138214892128,0.012279875265134478,0.013660903492203884,0.01216517823066864,0.017848133064561015
bert_multilingual_stars,2500,10,0.012468074711719977,0.006356498462639017,0.011346811606778818,0.012853843123354356,0.011457661255129448,0.01635983206617908
bert_multilingual_stars,2500,11,0.012468074711719977,0.009394999517624927,0.010485998681850649,0.012910920753084917,0.011111696233542096,0.016166975558713024
bert_multilingual_stars,2500,12,0.012468074711719977,0.0117786420871213,0.011999866612850177,0.014253915491778513,0.01203054443036239,0.018628120295215222
bert_multilingual_stars,2500,13,0.012468074711719977,0.015627409706772802,0.017506459515016465,0.01864020940445859,0.017961851501394142,0.023073115410286296
bert_multilingual_stars,2500,14,0.012468074711719977,0.008726225212838681,0.009572217672306111,0.011140582138633934,0.009605868163183715,0.013376429132583849
bert_multilingual_stars,2500,15,0.012468074711719977,0.013038224375171993,0.012175571317567382,0.014078897317813996,0.012540595415424478,0.018267769692267156
bert_multilingual_stars,2500,16,0.012468074711719977,0.012127160138683826,0.015716519497633016,0.0184414132339685,0.015886381307064996,0.021896694735402414
bert_multilingual_stars,2500,17,0.012468074711719977,0.014643619126341233,0.013568530299952999,0.015995951695505092,0.014220356271400487,0.019630344112159297
bert_multilingual_stars,2500,18,0.012468074711719977,0.008986701922793069,0.012549695996627436,0.014417097977449982,0.012402119442366449,0.017547410379615748
bert_multilingual_stars,2500,19,0.012468074711719977,0.013272793320849371,0.015308965172063144,0.018386377845825915,0.015796512627204294,0.02172067386086343
bert_multilingual_stars,2500,20,0.012468074711719977,0.01411690195373743,0.01305204405068648,0.015060864382713871,0.013327122760922697,0.018218507141612744
bert_multilingual_stars,2500,21,0.012468074711719977,0.0029585230171431456,0.009348986092611714,0.012189836675417795,0.00954508926750126,0.014836697796539827
bert_multilingual_stars,2500,22,0.012468074711719977,0.010332832307749925,0.010834539261801002,0.014777189572920903,0.01137156175447456,0.019125457454974078
bert_multilingual_stars,2500,23,0.012468074711719977,0.01290804947323391,0.015072682383724488,0.018129574513013152,0.015897326663453313,0.022185597230215053
bert_multilingual_stars,2500,24,0.012468074711719977,0.013889046157866352,0.013494303279806635,0.014958068692813874,0.013504129349140878,0.019504439461126222
bert_multilingual_stars,2500,25,0.012468074711719977,0.015111909371530055,0.01817958654379964,0.020259722224801657,0.01807376966649696,0.022999696928191492
bert_multilingual_stars,2500,26,0.012468074711719977,0.012594310627635092,0.014198995218291741,0.015691228038673136,0.01440504125288377,0.01837741313035225
bert_multilingual_stars,2500,27,0.012468074711719977,0.012013976463457574,0.011725950361889496,0.013481242882058118,0.012244620639182868,0.017432523384351105
bert_multilingual_stars,2500,28,0.012468074711719977,0.01779446522220585,0.015670779717064112,0.01743289104978376,0.01581961803603484,0.0202986402377126
bert_multilingual_stars,2500,29,0.012468074711719977,0.009848919836068379,0.012651303312180917,0.01435061802764729,0.01298833343661543,0.019707343641576214
bert_multilingual_stars,2500,30,0.012468074711719977,0.011652116456926846,0.011672993403677022,0.01427806744676924,0.011702911632504056,0.018183822214294404
bert_multilingual_stars,2500,31,0.012468074711719977,0.01379129583141061,0.010667131408824115,0.013667079525283964,0.0108269395174865,0.017255906337866167
bert_multilingual_stars,2500,32,0.012468074711719977,0.010301747410541946,0.013421556995325332,0.014550026790649989,0.013505721139289172,0.01824897017190491
bert_multilingual_stars,2500,33,0.012468074711719977,0.011214062558469401,0.01214423720471855,0.014279727831867584,0.012641283650817755,0.01724315740159909
bert_multilingual_stars,2500,34,0.012468074711719977,0.01554243356801316,0.013608721036832645,0.015734742378497132,0.013763807653242309,0.01970496749306244
bert_multilingual_stars,2500,35,0.012468074711719977,0.01388453622559945,0.01385986268099757,0.015706051428315635,0.014154455346401204,0.018670055958030604
bert_multilingual_stars,2500,36,0.012468074711719977,0.01045799571568539,0.011732519962866957,0.01380017819555492,0.011243544487738203,0.01750750033955242
bert_multilingual_stars,2500,37,0.012468074711719977,0.012590182402776318,0.016071633519342432,0.017109012406070417,0.0162257404841336,0.020060094689084616
bert_multilingual_stars,2500,38,0.012468074711719977,0.013397129448225322,0.012543979705538723,0.013931203839680143,0.012874205418273886,0.017742079641291948
bert_multilingual_stars,2500,39,0.012468074711719977,0.014605960989036618,0.014781934276964325,0.01667487371491737,0.014903612777091069,0.020060491460687446
bert_multilingual_stars,2500,40,0.012468074711719977,0.014185424256512681,0.013598476566758885,0.015531863431256256,0.013344312434732011,0.02038217889639592
bert_multilingual_stars,2500,41,0.012468074711719977,0.015156673160335768,0.013447273169910396,0.01513549878890349,0.013411439206763395,0.01918926184021669
bert_multilingual_stars,2500,42,0.012468074711719977,0.011213261518689526,0.01194363864445305,0.015293551313800544,0.012307155070768242,0.017976237445080725
bert_multilingual_stars,2500,43,0.012468074711719977,0.014931504773273858,0.014801482041857678,0.017297884906483305,0.015095413457825826,0.020845227924694763
bert_multilingual_stars,2500,44,0.012468074711719977,0.013409907717066733,0.014219403515536593,0.015720714808384148,0.01449169439438495,0.020287706013937055
bert_multilingual_stars,2500,45,0.012468074711719977,0.013698263830464266,0.013042008429131969,0.015577504283454606,0.01276238066403631,0.019454688699662433
bert_multilingual_stars,2500,46,0.012468074711719977,0.012224418974793115,0.013727473739223145,0.015201242947989186,0.014062176588163096,0.018669871595385006
bert_multilingual_stars,2500,47,0.012468074711719977,0.01330752511942195,0.013574890228270744,0.016105437847172253,0.013638187802489205,0.01929363631860621
bert_multilingual_stars,2500,48,0.012468074711719977,0.00996479237168211,0.012109792669649677,0.014439603415189609,0.012380289732127734,0.018686015070842932
bert_multilingual_stars,2500,49,0.012468074711719977,0.012289831394020094,0.012155590201735724,0.01470997209341959,0.012499475756799053,0.018006058904988933
bert_multilingual_stars,2500,50,0.012468074711719977,0.010042476997932483,0.011747445773291645,0.013754978665839955,0.011915508784372244,0.019060077719281972
bert_multilingual_stars,2500,51,0.012468074711719977,0.013399727647392175,0.014490193827796339,0.016954424924310103,0.015181078915851017,0.02071937555025506
bert_multilingual_stars,2500,52,0.012468074711719977,0.018979524845590068,0.01434203203306678,0.01704679206764712,0.01475134783803418,0.020815026433947198
bert_multilingual_stars,2500,53,0.012468074711719977,0.013576855084404317,0.014940858635444502,0.01738947229158035,0.015042588999516932,0.020113468965822848
bert_multilingual_stars,2500,54,0.012468074711719977,0.0068558527937035065,0.010025045334489183,0.012222291481302158,0.010472026322658081,0.01585758157819931
bert_multilingual_stars,2500,55,0.012468074711719977,0.013679958282326484,0.014665330717979127,0.016742590753816972,0.015044424204724918,0.02115034735747536
bert_multilingual_stars,2500,56,0.012468074711719977,0.016014841398111126,0.014440865719473082,0.016476184169289004,0.014920370156138629,0.02003690903375856
bert_multilingual_stars,2500,57,0.012468074711719977,0.013684744352773266,0.01212274806695304,0.014206224621157417,0.011865364174032215,0.017782647166096354
bert_multilingual_stars,2500,58,0.012468074711719977,0.01807482314983789,0.015691444715956165,0.01837071547233837,0.016008228799234376,0.021429330627079326
bert_multilingual_stars,2500,59,0.012468074711719977,0.008610628404522733,0.013157060027727567,0.015076528434953874,0.013439585291097227,0.018268773266805965
bert_multilingual_stars,2500,60,0.012468074711719977,0.013138188349719828,0.013293165683187188,0.015015076346674879,0.012999526329789854,0.018889862238280875
bert_multilingual_stars,2500,61,0.012468074711719977,0.015686977713833893,0.013273179896226459,0.0175923811832069,0.013676998879107208,0.01991117957907159
bert_multilingual_stars,2500,62,0.012468074711719977,0.009178171933715874,0.01499695011184042,0.01736383710950843,0.015026879341678713,0.019748299397218352
bert_multilingual_stars,2500,63,0.012468074711719977,0.013047661570210346,0.01409942215833085,0.015928587939685223,0.013974732923343898,0.019525016685169407
bert_multilingual_stars,2500,64,0.012468074711719977,0.015888305589576757,0.01610002667915628,0.017890036802094625,0.016617783705723758,0.020347134225082157
bert_multilingual_stars,2500,65,0.012468074711719977,0.014781385716369999,0.01027447375593591,0.01321834465616323,0.010698400496124607,0.017255820945592665
bert_multilingual_stars,2500,66,0.012468074711719977,0.010655693749297248,0.012365780208822768,0.013991063004788468,0.012872654104433303,0.01661242880568498
bert_multilingual_stars,2500,67,0.012468074711719977,0.015711363116706265,0.013147150184918249,0.015805943124073362,0.013154364324543505,0.01978719669745237
bert_multilingual_stars,2500,68,0.012468074711719977,0.012298985806813401,0.013919540628400477,0.015714037398079885,0.014082936793635115,0.019913619369177217
bert_multilingual_stars,2500,69,0.012468074711719977,0.01445254477020451,0.012875421385292527,0.01489786350580148,0.012865304478077044,0.018484728728218727
bert_multilingual_stars,2500,70,0.012468074711719977,0.013885023591968365,0.01575524569941025,0.018141731371837225,0.01603764077167221,0.02122102604296653
bert_multilingual_stars,2500,71,0.012468074711719977,0.01569083408062859,0.01539542174052515,0.01788388916530296,0.015164931225181578,0.022094590974331692
bert_multilingual_stars,2500,72,0.012468074711719977,0.013777792228915973,0.016110720444939594,0.01882933002524331,0.016703344509737903,0.022933932970579152
bert_multilingual_stars,2500,73,0.012468074711719977,0.011201056603773843,0.012013222689783437,0.01431976231671357,0.01171410370796886,0.018188326551914435
bert_multilingual_stars,2500,74,0.012468074711719977,0.01699017687139963,0.016090062998418184,0.018237994167336014,0.015810677241532994,0.021004603775595983
bert_multilingual_stars,2500,75,0.012468074711719977,0.015937648019144435,0.01694919042103129,0.019095118131380148,0.01774846235213759,0.023931958476076834
bert_multilingual_stars,2500,76,0.012468074711719977,0.01256610741498603,0.014008389311836702,0.01621836975863411,0.014198492014541009,0.01881219079817293
bert_multilingual_stars,2500,77,0.012468074711719977,0.019683486261573752,0.015924792175794324,0.019590620099725002,0.01628131242077888,0.023018722437996388
bert_multilingual_stars,2500,78,0.012468074711719977,0.013734847014218125,0.013295189326189855,0.014836141678633275,0.013426505345607544,0.018463350659472404
bert_multilingual_stars,2500,79,0.012468074711719977,0.008994429277672656,0.01132224367990718,0.012676839844347502,0.011170953276506317,0.01695424402442711
bert_multilingual_stars,2500,80,0.012468074711719977,0.012286937276956109,0.01328353541240169,0.01510780042591679,0.013206211254370074,0.01897392062053008
bert_multilingual_stars,2500,81,0.012468074711719977,0.014495497303349512,0.014221208480741565,0.016247270170623922,0.014959696930228649,0.02001457744613058
bert_multilingual_stars,2500,82,0.012468074711719977,0.01223599358272826,0.010810594044192818,0.012576199972848872,0.011062131602522526,0.017014354878180114
bert_multilingual_stars,2500,83,0.012468074711719977,0.012697673982052265,0.01335689284657028,0.014973032960902364,0.01343787371907125,0.018767679286931137
bert_multilingual_stars,2500,84,0.012468074711719977,0.011554752843813574,0.012893954617005019,0.014858988125005662,0.01275528450758363,0.018392644489722845
bert_multilingual_stars,2500,85,0.012468074711719977,0.012820620630519917,0.014010018847591621,0.01638545827377322,0.014473391037775781,0.0194902525282184
bert_multilingual_stars,2500,86,0.012468074711719977,0.010039470833984676,0.01221953863515375,0.013718856747600103,0.012761811152198979,0.01836395038111754
bert_multilingual_stars,2500,87,0.012468074711719977,0.013236797194324277,0.014607442360370305,0.017123124201784135,0.015253821021629498,0.01947575983996947
bert_multilingual_stars,2500,88,0.012468074711719977,0.01302105299273887,0.015461777031111824,0.017375484127255005,0.015574700323111488,0.019866371972861317
bert_multilingual_stars,2500,89,0.012468074711719977,0.01067665747419324,0.012836056411080933,0.015603507764946812,0.013107236502696115,0.01885487290174947
bert_multilingual_stars,2500,90,0.012468074711719977,0.01621478527558417,0.014898579223858842,0.01685361137748385,0.015559109131983993,0.02045902152821525
bert_multilingual_stars,2500,91,0.012468074711719977,0.013898965022030006,0.014155561141444,0.015461253095092742,0.0144948574134848,0.018579272868432018
bert_multilingual_stars,2500,92,0.012468074711719977,0.016875150075536974,0.012123955558245175,0.014613127462996076,0.011899951471017136,0.02046862892472641
bert_multilingual_stars,2500,93,0.012468074711719977,0.0077110818968069384,0.012249438755880804,0.014730050181209618,0.012969953582482431,0.0183073688348519
bert_multilingual_stars,2500,94,0.012468074711719977,0.014077586763555243,0.013317103878515585,0.01633524413792352,0.01351381983235009,0.01928097225167579
bert_multilingual_stars,2500,95,0.012468074711719977,0.012523218789758773,0.013562454883242448,0.01603967467928998,0.013604226638211469,0.019752940868098257
bert_multilingual_stars,2500,96,0.012468074711719977,0.010755928659652617,0.013726546244604995,0.015503219786121571,0.013637438032310038,0.01981573399339116
bert_multilingual_stars,2500,97,0.012468074711719977,0.012342754236535393,0.009634876496793673,0.01180314554098858,0.00965667413237687,0.015059397680006395
bert_multilingual_stars,2500,98,0.012468074711719977,0.012069518321267339,0.016873156274102054,0.018333003658532913,0.01692341027955582,0.021791482595049823
bert_multilingual_stars,2500,99,0.012468074711719977,0.014567485423175106,0.011863525851255592,0.013671287276707229,0.012092694893957373,0.017092960671927993
bert_multilingual_stars,2500,100,0.012468074711719977,0.012272677813577677,0.011942407656752994,0.01415390814438147,0.012596304811099123,0.01873019742465415
bert_multilingual_stars,2500,101,0.012468074711719977,0.012363120430754767,0.012228303769639088,0.013911220758570517,0.012306645456065421,0.018034198563491463
bert_multilingual_stars,2500,102,0.012468074711719977,0.011241277530130446,0.011378151725495497,0.013289604798981943,0.011678041325691849,0.0169006789373725
bert_multilingual_stars,2500,103,0.012468074711719977,0.014341594368717745,0.014320213687671673,0.016905590748216064,0.014753563457738466,0.019790035340948052
bert_multilingual_stars,2500,104,0.012468074711719977,0.0112679103876304,0.01209667022315931,0.013808413856195481,0.012357603996610225,0.016920892811160944
bert_multilingual_stars,2500,105,0.012468074711719977,0.020400517138405027,0.015330978271058376,0.01702770654465548,0.015383606285878376,0.02038143369319198
bert_multilingual_stars,2500,106,0.012468074711719977,0.01255278223869237,0.012931759865590423,0.014425454340663953,0.01292706234766465,0.017321127374875372
bert_multilingual_stars,2500,107,0.012468074711719977,0.011366045515900165,0.01207096592682859,0.014592444054432838,0.01279204749357758,0.018469162431208705
bert_multilingual_stars,2500,108,0.012468074711719977,0.010326418555201151,0.013009338718607415,0.014985857169698568,0.012582683176069148,0.01801221362636782
bert_multilingual_stars,2500,109,0.012468074711719977,0.014099353122806229,0.01462061910880125,0.016720759353610226,0.014904660850819512,0.02089302399410451
bert_multilingual_stars,2500,110,0.012468074711719977,0.01313902971562983,0.01378185852909191,0.01537768541815457,0.013853381832304492,0.019385832057972372
bert_multilingual_stars,2500,111,0.012468074711719977,0.014718153764088384,0.012294468789647234,0.014582351645328366,0.01182285928571009,0.018704905280968513
bert_multilingual_stars,2500,112,0.012468074711719977,0.012827506239131498,0.013927392765858325,0.01600879581764659,0.014145093376541034,0.01919627955872539
bert_multilingual_stars,2500,113,0.012468074711719977,0.018393429033094003,0.01588333458222848,0.018036056611866493,0.016070678785910036,0.020896351893965458
bert_multilingual_stars,2500,114,0.012468074711719977,0.017032714772471303,0.014364524127985714,0.01690835165498128,0.0145120747641361,0.020856600311230364
bert_multilingual_stars,2500,115,0.012468074711719977,0.015721110471753293,0.013962655099675895,0.015860489354211173,0.014181469517514764,0.01869027722424815
bert_multilingual_stars,2500,116,0.012468074711719977,0.013113636344947218,0.014713860016582748,0.016371568604885974,0.015095159131528434,0.019572287780952935
bert_multilingual_stars,2500,117,0.012468074711719977,0.009380722687292684,0.011213942174843505,0.012605357509809638,0.01145390745576109,0.016525820266860648
bert_multilingual_stars,2500,118,0.012468074711719977,0.012522617009603429,0.013419293635659356,0.015646594245089105,0.013659966570132354,0.02050445702452385
bert_multilingual_stars,2500,119,0.012468074711719977,0.01359029477011643,0.01114824561478047,0.013864522639466506,0.011366046079571956,0.01771625860140414
bert_multilingual_stars,2500,120,0.012468074711719977,0.010488864994113282,0.012265966807042481,0.014107038672561854,0.01206013415756562,0.018313085449024828
bert_multilingual_stars,2500,121,0.012468074711719977,0.013123299306677254,0.014769207994421892,0.016712817418620452,0.015710401855918214,0.020192816590161707
bert_multilingual_stars,2500,122,0.012468074711719977,0.014213003117875022,0.014984968079781252,0.01664451940115667,0.015105745838024152,0.02077464318464474
bert_multilingual_stars,2500,123,0.012468074711719977,0.011214830083956124,0.012744556839153242,0.014459304215786492,0.012526581891561151,0.01861679498073667
bert_multilingual_stars,2500,124,0.012468074711719977,0.016226742270144354,0.014518244403361373,0.016301340034110268,0.014849919847541039,0.02035786575288062
bert_multilingual_stars,2500,125,0.012468074711719977,0.014205898007673256,0.013540960045352712,0.01592095153791144,0.013514941635280279,0.01849052937607137
bert_multilingual_stars,2500,126,0.012468074711719977,0.016699056678579016,0.015970690588205605,0.018593429674048693,0.016648451439211138,0.022369754317120485
bert_multilingual_stars,2500,127,0.012468074711719977,0.01350349595912613,0.011288140635245173,0.013183527225530643,0.01152408513523369,0.016214292731724488
bert_multilingual_stars,2500,128,0.012468074711719977,0.014810423579617933,0.012566650029492114,0.014472896789100529,0.012925027344214702,0.019668813394787397
bert_multilingual_stars,2500,129,0.012468074711719977,0.008427477173439106,0.010951083730329148,0.013113047377020784,0.011318300547888223,0.017246557328844784
bert_multilingual_stars,2500,130,0.012468074711719977,0.008401167090505158,0.00964808852441788,0.011996658473304715,0.010164063317195653,0.017124354164401903
bert_multilingual_stars,2500,131,0.012468074711719977,0.012441128661694018,0.011846826990033768,0.014099653470632672,0.01269898637051029,0.018332673639402018
bert_multilingual_stars,2500,132,0.012468074711719977,0.008404795935806194,0.009282932438796505,0.011732066496664794,0.00956478287120791,0.01421468479007148
bert_multilingual_stars,2500,133,0.012468074711719977,0.011373757142368641,0.011020773505895106,0.012175819062289468,0.011240253690944864,0.015697681919908585
bert_multilingual_stars,2500,134,0.012468074711719977,0.012333099134369543,0.013615426407338331,0.015432320063271665,0.013272463514620539,0.018283595610457077
bert_multilingual_stars,2500,135,0.012468074711719977,0.01194894783876486,0.0125179618746621,0.014474327999048233,0.01276634024935195,0.018306440082886975
bert_multilingual_stars,2500,136,0.012468074711719977,0.01272850846717608,0.012787238673244425,0.014921505731869913,0.013264097836700165,0.017451622392471455
bert_multilingual_stars,2500,137,0.012468074711719977,0.011794135858087501,0.013417070387818487,0.015153574163578546,0.013828563236713729,0.01810398166130098
bert_multilingual_stars,2500,138,0.012468074711719977,0.012000280542553563,0.01221994841052948,0.014493631906712583,0.012444616190645422,0.01840828862490509
bert_multilingual_stars,2500,139,0.012468074711719977,0.015913608844094138,0.013394588742974556,0.015158730344231283,0.013745595280847006,0.019015475971559025
bert_multilingual_stars,2500,140,0.012468074711719977,0.007944220853920313,0.009687569073880362,0.011339270275889447,0.009592842987425049,0.015367904490077302
bert_multilingual_stars,2500,141,0.012468074711719977,0.014942941752908485,0.015162314186608548,0.017174149518010117,0.015076649469173406,0.020515274049934255
bert_multilingual_stars,2500,142,0.012468074711719977,0.011204772103409715,0.013881846162374326,0.016188496982842828,0.01363407866573931,0.01966529521266413
bert_multilingual_stars,2500,143,0.012468074711719977,0.014055184260796933,0.01698999249556941,0.019135023988212457,0.016825140274647248,0.02203114213742989
bert_multilingual_stars,2500,144,0.012468074711719977,0.01369315213861963,0.012453957261968018,0.014946871766900753,0.012918621910437942,0.019784876593013995
bert_multilingual_stars,2500,145,0.012468074711719977,0.009808801454250575,0.012559177888270257,0.013462739585509377,0.012600022238312922,0.016597362755071357
bert_multilingual_stars,2500,146,0.012468074711719977,0.018323981403570375,0.015365867864795718,0.017547048329538913,0.01563075015702074,0.020971273039001235
bert_multilingual_stars,2500,147,0.012468074711719977,0.01192680442342982,0.011924780850784425,0.014259261891663766,0.012052931919000975,0.01920605410724749
bert_multilingual_stars,2500,148,0.012468074711719977,0.013737789562221636,0.013780611487164217,0.01570780824564229,0.013725662930724516,0.020591705037432233
bert_multilingual_stars,2500,149,0.012468074711719977,0.011974682346841375,0.013344272337793797,0.015159378632891513,0.013517130327224796,0.01954416688795261
bert_multilingual_stars,2500,150,0.012468074711719977,0.014656679069973092,0.012678212386079126,0.01491491145983702,0.01244774500890123,0.01839467742690938
bert_multilingual_stars,2500,151,0.012468074711719977,0.011456704310825377,0.010391580657522811,0.012880350431642415,0.010677843061614106,0.01651415979667802
bert_multilingual_stars,2500,152,0.012468074711719977,0.013292542564538769,0.015390138008129295,0.017728674981373736,0.01566415162659179,0.021252344991340703
bert_multilingual_stars,2500,153,0.012468074711719977,0.013695636333847863,0.01412980491409418,0.016175349589672018,0.014203258932538945,0.01888617608398462
bert_multilingual_stars,2500,154,0.012468074711719977,0.007095599727018317,0.010496627437194952,0.01230681076572567,0.010416627070383997,0.0156678035987835
bert_multilingual_stars,2500,155,0.012468074711719977,0.017090287840104548,0.015946103205369766,0.01777662789934348,0.016439329082774908,0.022615067584572806
bert_multilingual_stars,2500,156,0.012468074711719977,0.008645772405163028,0.010960387381656491,0.01363582788904623,0.010927831432238676,0.016201394380602148
bert_multilingual_stars,2500,157,0.012468074711719977,0.015124607994630779,0.013225545802902226,0.015286868705750703,0.013769252998713835,0.01878669276336496
bert_multilingual_stars,2500,158,0.012468074711719977,0.011891708610015888,0.01157772432617114,0.013749884380109531,0.01080699884386897,0.016521972017900344
bert_multilingual_stars,2500,159,0.012468074711719977,0.018034188305670665,0.014550747954680872,0.017620346999015397,0.015064433441775183,0.020478881513582268
bert_multilingual_stars,2500,160,0.012468074711719977,0.01192609136114378,0.012170720560005233,0.01472074210193246,0.01231934319632289,0.01877696070398691
bert_multilingual_stars,2500,161,0.012468074711719977,0.0106397631770021,0.01088494626854682,0.013073624594011485,0.011216157962275833,0.017689410660287685
bert_multilingual_stars,2500,162,0.012468074711719977,0.01054753875903086,0.011992254427121825,0.014269209807282853,0.012283420438514063,0.01758737012945605
bert_multilingual_stars,2500,163,0.012468074711719977,0.009092678058136294,0.013572622245889319,0.015392014457835897,0.013585549891827893,0.018051197669998218
bert_multilingual_stars,2500,164,0.012468074711719977,0.00792023877738553,0.011865812799423356,0.013734780439286245,0.012453953755987133,0.018268774191165
bert_multilingual_stars,2500,165,0.012468074711719977,0.014200073842161038,0.012549213031608036,0.015644692681432787,0.013067102801163338,0.019757469379230425
bert_multilingual_stars,2500,166,0.012468074711719977,0.012786888930096576,0.014269312636050578,0.01570319485801456,0.01427845038169003,0.019014261027743333
bert_multilingual_stars,2500,167,0.012468074711719977,0.012303708412579988,0.013130643435979215,0.015214187403994784,0.013594201307094447,0.01840312703457112
bert_multilingual_stars,2500,168,0.012468074711719977,0.012685299941497944,0.012163270873103512,0.014882492400870861,0.012515410074118778,0.01851568857967241
bert_multilingual_stars,2500,169,0.012468074711719977,0.012175704982130728,0.010248045287254575,0.012244985510185116,0.01021050676895349,0.017334390210344282
bert_multilingual_stars,2500,170,0.012468074711719977,0.009086714629517885,0.011271885384216402,0.013889591791178064,0.012327787534327832,0.016981998928026862
bert_multilingual_stars,2500,171,0.012468074711719977,0.013604189326846955,0.012785370572403715,0.01594389927012091,0.012845932014609535,0.018973151585513992
bert_multilingual_stars,2500,172,0.012468074711719977,0.008419132358758068,0.009309047162107347,0.010620733366522079,0.009087598643737557,0.014893338646020307
bert_multilingual_stars,2500,173,0.012468074711719977,0.015774875177369915,0.013069225856141268,0.015880969247156644,0.013720308146075336,0.01912571076750128
bert_multilingual_stars,2500,174,0.012468074711719977,0.013436253901873476,0.013506068400421378,0.01564162724377169,0.013715034237630154,0.019220399182056633
bert_multilingual_stars,2500,175,0.012468074711719977,0.008913751586825185,0.011318156464171442,0.013783037407335249,0.010766605023978902,0.017996746372258985
bert_multilingual_stars,2500,176,0.012468074711719977,0.01573981089603958,0.014170194559063157,0.0164766025194267,0.014497923851711867,0.02088270170301109
bert_multilingual_stars,2500,177,0.012468074711719977,0.012656530658335843,0.01180613750075968,0.014223389087672043,0.011549464442782492,0.016517254506461083
bert_multilingual_stars,2500,178,0.012468074711719977,0.012469274374566157,0.0141349342363937,0.01622890393685842,0.014364519674267294,0.0190692009180829
bert_multilingual_stars,2500,179,0.012468074711719977,0.015356527157462415,0.013137509874999712,0.01524680451775403,0.013600847927255985,0.01890784673339321
bert_multilingual_stars,2500,180,0.012468074711719977,0.012182627218417182,0.011439090815775734,0.013824281876834132,0.01214075191698392,0.017354993766223254
bert_multilingual_stars,2500,181,0.012468074711719977,0.014201112945758496,0.010636386375805839,0.013803881469216217,0.011108065851511022,0.018350570117227374
bert_multilingual_stars,2500,182,0.012468074711719977,0.010734289298315856,0.010612385099593013,0.012442754462569547,0.011000609283890768,0.017359594091759325
bert_multilingual_stars,2500,183,0.012468074711719977,0.014103834780523508,0.013404653387038,0.016353902730119666,0.013873605872995912,0.019641250057777632
bert_multilingual_stars,2500,184,0.012468074711719977,0.01293745156151487,0.01716443749265398,0.01844356377259246,0.017349318478955853,0.021699170669387615
bert_multilingual_stars,2500,185,0.012468074711719977,0.009443844266084809,0.012511619717754467,0.014913649860537372,0.012926114076226645,0.017763874246916736
bert_multilingual_stars,2500,186,0.012468074711719977,0.009253571645354975,0.010219622149468718,0.0123920273094552,0.010251998862710953,0.0162362067020924
bert_multilingual_stars,2500,187,0.012468074711719977,0.010329283812406612,0.012986745723845425,0.014729523878808399,0.013753162049444453,0.018198419208640824
bert_multilingual_stars,2500,188,0.012468074711719977,0.013222147202245271,0.013653185387137301,0.015642937508604085,0.01388540707899804,0.019732785606946215
bert_multilingual_stars,2500,189,0.012468074711719977,0.00934847156917516,0.011105735197691317,0.013283863831457037,0.011304722878955932,0.015936883685130618
bert_multilingual_stars,2500,190,0.012468074711719977,0.012844525016464223,0.014834240306536108,0.016627502137714516,0.015068965719848972,0.019315969527925657
bert_multilingual_stars,2500,191,0.012468074711719977,0.011375548245560679,0.012568485397392732,0.01572457092258582,0.013031141873849744,0.01885250225055134
bert_multilingual_stars,2500,192,0.012468074711719977,0.015182891394901305,0.013069083893570248,0.015240777676929093,0.013163865329137924,0.017799856032708616
bert_multilingual_stars,2500,193,0.012468074711719977,0.012784793707176428,0.014273774302721528,0.016045513107585948,0.014129501102990818,0.02044049667501739
bert_multilingual_stars,2500,194,0.012468074711719977,0.01327933726116987,0.013989550933921454,0.015501342051091717,0.013860134238404152,0.018652442428128434
bert_multilingual_stars,2500,195,0.012468074711719977,0.013477378888356895,0.011458710571843016,0.014051565460156549,0.011630291477481597,0.017831912852280297
bert_multilingual_stars,2500,196,0.012468074711719977,0.009282103948105008,0.010794434696988691,0.012287476139268894,0.010639113894486577,0.01607999084376289
bert_multilingual_stars,2500,197,0.012468074711719977,0.011401113459489734,0.011720931876769113,0.013402056249893927,0.012144648907327754,0.016866499493406403
bert_multilingual_stars,2500,198,0.012468074711719977,0.009251718332149834,0.012423465741999127,0.014029145701652635,0.012295247817310128,0.01743570045057221
bert_multilingual_stars,2500,199,0.012468074711719977,0.01127142192180446,0.010845777665389572,0.013388632442002979,0.011082795984857402,0.016318426226516306
bert_multilingual_stars,5000,0,0.012468074711719977,0.01209024212459094,0.013097416061953799,0.014818584835555539,0.013372126522000729,0.018804532887348856
bert_multilingual_stars,5000,1,0.012468074711719977,0.013400408730225325,0.012986310653732304,0.014953721560702054,0.013550276939642548,0.019843946764520427
bert_multilingual_stars,5000,2,0.012468074711719977,0.011348645336208957,0.011319159958314475,0.013484806182012815,0.01158434770573428,0.017766954323190826
bert_multilingual_stars,5000,3,0.012468074711719977,0.011102708231912561,0.011758218676566951,0.013554295489196124,0.011935733253322823,0.01772174026141999
bert_multilingual_stars,5000,4,0.012468074711719977,0.013379966191220661,0.012353718053231261,0.014197294318066015,0.012952920449999116,0.01910632960706225
bert_multilingual_stars,5000,5,0.012468074711719977,0.014694521551018193,0.013353199085942504,0.015616508389362984,0.013676418140191802,0.019310173632483187
bert_multilingual_stars,5000,6,0.012468074711719977,0.014761970084227756,0.013520175521801339,0.015099753167885178,0.013545969419469915,0.01887793428252234
bert_multilingual_stars,5000,7,0.012468074711719977,0.01137022376530793,0.011762847912945885,0.013292104891913261,0.011987514731467856,0.01851718521503604
bert_multilingual_stars,5000,8,0.012468074711719977,0.013045757985400832,0.012844756145780963,0.015361333378130077,0.013373897483098382,0.02086216304324895
bert_multilingual_stars,5000,9,0.012468074711719977,0.014218586651993681,0.012602012613624728,0.013822477432638544,0.012585147612049331,0.019289210544281475
bert_multilingual_stars,5000,10,0.012468074711719977,0.013755539893291091,0.01365258362507802,0.015761682463054143,0.013651986910527552,0.02103954036260042
bert_multilingual_stars,5000,11,0.012468074711719977,0.011559382172069468,0.01089030059525535,0.01281954249296383,0.01124021948526873,0.017929166469344743
bert_multilingual_stars,5000,12,0.012468074711719977,0.013289137851603846,0.013051961191578311,0.014453209376099655,0.01327002109509857,0.019152507685269157
bert_multilingual_stars,5000,13,0.012468074711719977,0.010382216712869844,0.010795778725824604,0.012812834312366263,0.011066126576430526,0.016840154142602915
bert_multilingual_stars,5000,14,0.012468074711719977,0.013924234373846954,0.01306524123389281,0.014946549795604879,0.01326731235255806,0.018563375965664913
bert_multilingual_stars,5000,15,0.012468074711719977,0.012517385355671292,0.013726678974472814,0.015103443666564428,0.014025121786214997,0.019494781394701396
bert_multilingual_stars,5000,16,0.012468074711719977,0.012790808518820038,0.01272456395447144,0.014817413859290094,0.012906735100600157,0.01796111555062944
bert_multilingual_stars,5000,17,0.012468074711719977,0.011608896902198145,0.011477105341279391,0.013261407456789083,0.01180813726403684,0.017811449195137004
bert_multilingual_stars,5000,18,0.012468074711719977,0.011045431698775416,0.011464866647288978,0.01300405017334925,0.011688953094751991,0.01763349228698466
bert_multilingual_stars,5000,19,0.012468074711719977,0.014748189400252758,0.014311172618035141,0.016725040085748426,0.014849023495693546,0.02074207718334009
bert_multilingual_stars,5000,20,0.012468074711719977,0.01252556856686122,0.011684744282468632,0.013247459170272204,0.011946072776284677,0.018184115038765044
bert_multilingual_stars,5000,21,0.012468074711719977,0.013903544812453678,0.012791959066704231,0.015298471403453615,0.013289452132846803,0.019220312762372058
bert_multilingual_stars,5000,22,0.012468074711719977,0.009015767067513813,0.012026051378433256,0.013584500570109641,0.01227273707404837,0.018441056811799292
bert_multilingual_stars,5000,23,0.012468074711719977,0.012904913838612465,0.013674631532928265,0.015143699986427133,0.01381456434505991,0.019562334417454478
bert_multilingual_stars,5000,24,0.012468074711719977,0.01424781318219366,0.013218020496848122,0.015097772727407168,0.013335166634449959,0.019517572997084686
bert_multilingual_stars,5000,25,0.012468074711719977,0.013271981438556287,0.014325158082425172,0.015785757347741174,0.01459722747924873,0.0201444662352566
bert_multilingual_stars,5000,26,0.012468074711719977,0.014254074240068523,0.013105589507226099,0.014873371855460144,0.013191206736687973,0.020081654328303167
bert_multilingual_stars,5000,27,0.012468074711719977,0.012671166101933543,0.012520856281380614,0.014491526980282315,0.012961123054946169,0.019203009044251335
bert_multilingual_stars,5000,28,0.012468074711719977,0.013210159735349638,0.012913698866336233,0.01507044006652777,0.01312975173045138,0.0202176299877585
bert_multilingual_stars,5000,29,0.012468074711719977,0.015291068280761275,0.01484241843782111,0.016304479095460383,0.014949156673922735,0.020912169670653753
bert_multilingual_stars,5000,30,0.012468074711719977,0.012600271823727138,0.01167629635905695,0.014329224873285754,0.012405299719267699,0.018741870773301094
bert_multilingual_stars,5000,31,0.012468074711719977,0.014001406033505855,0.014644559195335206,0.016744903304416706,0.015319866876248837,0.020288185364500538
bert_multilingual_stars,5000,32,0.012468074711719977,0.011626685042854768,0.013348384121206503,0.015083143738365333,0.013398266847472577,0.01890289036606048
bert_multilingual_stars,5000,33,0.012468074711719977,0.01033856040705916,0.01167390630975686,0.012668078373330042,0.01189290725740098,0.017088428336696892
bert_multilingual_stars,5000,34,0.012468074711719977,0.012683671424598864,0.011822958704514355,0.013754283918094865,0.012025672636866012,0.018310689462332545
bert_multilingual_stars,5000,35,0.012468074711719977,0.014617286875601468,0.012908347155744076,0.016100155550692594,0.013630345352842733,0.020324016544712206
bert_multilingual_stars,5000,36,0.012468074711719977,0.013016407942361051,0.0113685425770426,0.012973708640328051,0.011687029304258861,0.01672857832502874
bert_multilingual_stars,5000,37,0.012468074711719977,0.013456599805620223,0.012704892685836511,0.014467456374962153,0.013062490759229172,0.018783089799897595
bert_multilingual_stars,5000,38,0.012468074711719977,0.012634914812189377,0.013242857889118853,0.014641056552320248,0.013388668065037527,0.01846771882875875
bert_multilingual_stars,5000,39,0.012468074711719977,0.010976829045132966,0.012575548468868006,0.014047401203789011,0.012755121007273433,0.018057868130089316
bert_multilingual_stars,5000,40,0.012468074711719977,0.013012116475842666,0.013266069309393958,0.01493028049071945,0.013418825980361202,0.01864014799504127
bert_multilingual_stars,5000,41,0.012468074711719977,0.013195773658500718,0.012558429255089562,0.014876226217598178,0.01304862149078475,0.018929584574309214
bert_multilingual_stars,5000,42,0.012468074711719977,0.013073300874045362,0.01202938800581618,0.013758840006946313,0.012549472722160131,0.019038118302838945
bert_multilingual_stars,5000,43,0.012468074711719977,0.012288195254809283,0.0125585888622798,0.013886740930291895,0.01256113041488678,0.018318498728228775
bert_multilingual_stars,5000,44,0.012468074711719977,0.011871851134058382,0.013475478662777676,0.014887120945365625,0.013683643331280207,0.01994799894273438
bert_multilingual_stars,5000,45,0.012468074711719977,0.016666755319199478,0.01314009711379263,0.014840038528540184,0.013716452732913288,0.020181090983238843
bert_multilingual_stars,5000,46,0.012468074711719977,0.012725487914527283,0.013272704643808413,0.014710213847008326,0.01356729188060728,0.019219164323110972
bert_multilingual_stars,5000,47,0.012468074711719977,0.01431517791095402,0.014281631140566423,0.015889153883818924,0.014493863165357907,0.01993542638199096
bert_multilingual_stars,5000,48,0.012468074711719977,0.015290541587689787,0.014903392020350077,0.01665871705234709,0.015200723364358501,0.021770922397411217
bert_multilingual_stars,5000,49,0.012468074711719977,0.010551234362835322,0.011918326128841975,0.013753396036897677,0.012195265496052016,0.01839111335342648
bert_multilingual_stars,5000,50,0.012468074711719977,0.013501180232795335,0.012769798042558405,0.014664631252964216,0.013016146484427676,0.019068589366832988
bert_multilingual_stars,5000,51,0.012468074711719977,0.012961951228093639,0.013184054878252601,0.0145581829623552,0.013549923352902657,0.019153467465394407
bert_multilingual_stars,5000,52,0.012468074711719977,0.011419965819216891,0.012777738456796648,0.014514708121897393,0.013003143779743818,0.01866804610889455
bert_multilingual_stars,5000,53,0.012468074711719977,0.011751147630932613,0.01233139466318988,0.014129030408415287,0.012611440205201963,0.018345989479799103
bert_multilingual_stars,5000,54,0.012468074711719977,0.015343142301223207,0.01269562428806535,0.014775304693507584,0.01336483970397755,0.019209144477231894
bert_multilingual_stars,5000,55,0.012468074711719977,0.013608445719923756,0.012873401779364357,0.014851155785744303,0.013092640644844394,0.019166632268859694
bert_multilingual_stars,5000,56,0.012468074711719977,0.016649696818022065,0.014525118059205809,0.01590282233991299,0.015077645321954459,0.022020237468409164
bert_multilingual_stars,5000,57,0.012468074711719977,0.014585230005947926,0.014439461280567088,0.015882375284413292,0.014678766929022995,0.020197734971535035
bert_multilingual_stars,5000,58,0.012468074711719977,0.015732130159696784,0.013361430891269723,0.015307845444572253,0.014104526697619845,0.019655455353128272
bert_multilingual_stars,5000,59,0.012468074711719977,0.01305436701997873,0.0132219521122924,0.014656130306571346,0.013719057636804631,0.0186850072499556
bert_multilingual_stars,5000,60,0.012468074711719977,0.010918200731632603,0.012559614514711536,0.014366861325990854,0.013132876821738465,0.01910681184121653
bert_multilingual_stars,5000,61,0.012468074711719977,0.016040569804077653,0.015906463395661614,0.01720633749502822,0.016237608588618946,0.021844438729928306
bert_multilingual_stars,5000,62,0.012468074711719977,0.013479895144614175,0.012960843308935923,0.01483598695497344,0.013188189212562122,0.01957606729912713
bert_multilingual_stars,5000,63,0.012468074711719977,0.012173810479955274,0.01314161780631304,0.01483213985070569,0.01298818687988086,0.019433643806103348
bert_multilingual_stars,5000,64,0.012468074711719977,0.011231986493447066,0.0109528482664734,0.013418238955668719,0.011041176187944209,0.01908641505301436
bert_multilingual_stars,5000,65,0.012468074711719977,0.00989654208395097,0.01169085930364952,0.013102960077813282,0.011966327510592645,0.018572653308939202
bert_multilingual_stars,5000,66,0.012468074711719977,0.013054069716986954,0.01301033752886975,0.015168901218450737,0.013228209019723432,0.019785199630045675
bert_multilingual_stars,5000,67,0.012468074711719977,0.010842647098714872,0.012129997777969633,0.01357061579974555,0.012442477550888792,0.017801842445829313
bert_multilingual_stars,5000,68,0.012468074711719977,0.015182840622074752,0.014215719850718303,0.016580186240938863,0.01463817187127981,0.02022821675421567
bert_multilingual_stars,5000,69,0.012468074711719977,0.01463163914433616,0.014423597592650439,0.015587580333320378,0.01451673989696612,0.02056146138065349
bert_multilingual_stars,5000,70,0.012468074711719977,0.010442032685856306,0.01089970996780372,0.013333412744003117,0.011066570017874167,0.017961014256469576
bert_multilingual_stars,5000,71,0.012468074711719977,0.014583453336002361,0.012622247050609558,0.014760961870351341,0.012961905232899397,0.019255005611084876
bert_multilingual_stars,5000,72,0.012468074711719977,0.013632947539401022,0.013607132845741565,0.01499937680218566,0.013735661403113478,0.01909299326848593
bert_multilingual_stars,5000,73,0.012468074711719977,0.01123098950304696,0.012356123365051902,0.01487903605798146,0.012822893005823791,0.019266947015299168
bert_multilingual_stars,5000,74,0.012468074711719977,0.011023914179082767,0.011751807965665178,0.013553775514989916,0.012304492262578659,0.017915666433021813
bert_multilingual_stars,5000,75,0.012468074711719977,0.012459082799354792,0.012029648207362444,0.013989723061940655,0.01235193022710134,0.01922848778099392
bert_multilingual_stars,5000,76,0.012468074711719977,0.012241616918984522,0.01241418983834983,0.0155304876317905,0.013010226034299488,0.019745893314030757
bert_multilingual_stars,5000,77,0.012468074711719977,0.012814046802175037,0.012654156713024603,0.01487251586006736,0.012850842511339148,0.019132126887051265
bert_multilingual_stars,5000,78,0.012468074711719977,0.013409412043731476,0.010955129208184861,0.01282833445330831,0.011242740569243206,0.017027231099666744
bert_multilingual_stars,5000,79,0.012468074711719977,0.011359822790762234,0.011580665454166314,0.013583786694200092,0.012034317873341348,0.018506084627180463
bert_multilingual_stars,5000,80,0.012468074711719977,0.015105550086579473,0.014649910109704798,0.01694610419905231,0.014456043030752461,0.02024780945711014
bert_multilingual_stars,5000,81,0.012468074711719977,0.016102864963231524,0.012499075053700794,0.015604203980360835,0.013337915216443072,0.020733004575511856
bert_multilingual_stars,5000,82,0.012468074711719977,0.013458865978964212,0.01371171290793583,0.015449912551808049,0.014100328407731129,0.019262375465001265
bert_multilingual_stars,5000,83,0.012468074711719977,0.012843863108371977,0.011949396767343776,0.014141466955766699,0.01205558775757564,0.01783786035572161
bert_multilingual_stars,5000,84,0.012468074711719977,0.011662550255857189,0.01266507444922532,0.015054764199159047,0.013066926081797887,0.019845055920169805
bert_multilingual_stars,5000,85,0.012468074711719977,0.013551864621697956,0.012168439536737607,0.014530317047304325,0.012246285213721907,0.018764046573377473
bert_multilingual_stars,5000,86,0.012468074711719977,0.009060480863617184,0.010720656600697666,0.012207494930693046,0.011010500137175213,0.017123107639671963
bert_multilingual_stars,5000,87,0.012468074711719977,0.014784197338596653,0.014539553251236455,0.015966664065229865,0.01484758078337293,0.02116797183133558
bert_multilingual_stars,5000,88,0.012468074711719977,0.01173692387422755,0.012019629713055886,0.013267188830734775,0.01200653147911379,0.01755128628694775
bert_multilingual_stars,5000,89,0.012468074711719977,0.013509359201377767,0.014590801314402085,0.016004274457053574,0.01478225629906193,0.01985381025492704
bert_multilingual_stars,5000,90,0.012468074711719977,0.013107338477682426,0.011347804515313765,0.013017298264523483,0.011459307432408037,0.018088377798082037
bert_multilingual_stars,5000,91,0.012468074711719977,0.010244122181852243,0.01336378083611578,0.015076761721482852,0.01359900466186471,0.019737311245839943
bert_multilingual_stars,5000,92,0.012468074711719977,0.01088012775663084,0.011142705664586064,0.012890059524192813,0.01140151434664361,0.01799066729006429
bert_multilingual_stars,5000,93,0.012468074711719977,0.013958089421015419,0.014498273618682557,0.01597923577923755,0.014660632094812769,0.02124804550389483
bert_multilingual_stars,5000,94,0.012468074711719977,0.011768006706974725,0.013011607519731006,0.014177080387002373,0.013074257332637859,0.019308473110423684
bert_multilingual_stars,5000,95,0.012468074711719977,0.01182539784934962,0.011245143286201228,0.012659514185182845,0.011564524836034727,0.017573358085434695
bert_multilingual_stars,5000,96,0.012468074711719977,0.013315485081254446,0.01365991207158015,0.015265089499786848,0.01401229168415198,0.018674241763405017
bert_multilingual_stars,5000,97,0.012468074711719977,0.01611961537920398,0.013531777432630622,0.015295047523134713,0.01422921169308312,0.020423182559492964
bert_multilingual_stars,5000,98,0.012468074711719977,0.010382523723258314,0.011283827408415744,0.013736995478007552,0.012103971589568085,0.01845444062799373
bert_multilingual_stars,5000,99,0.012468074711719977,0.013973959230994813,0.013175717050895817,0.01500104122736219,0.013316752991435544,0.018362550190530423
bert_multilingual_stars,5000,100,0.012468074711719977,0.012019971982074856,0.013577129821926034,0.014978738386219423,0.013955551472063522,0.019320816130627912
bert_multilingual_stars,5000,101,0.012468074711719977,0.013579146150009982,0.013020258813732914,0.015144603183939735,0.013353872329663447,0.019897003305877778
bert_multilingual_stars,5000,102,0.012468074711719977,0.01613549753131832,0.013725234593710584,0.015262989053624807,0.014183930788038411,0.01971006625310553
bert_multilingual_stars,5000,103,0.012468074711719977,0.012121468314652892,0.012440419824407502,0.013936142462172087,0.01253928604423818,0.01834627715041652
bert_multilingual_stars,5000,104,0.012468074711719977,0.010969730515158259,0.011881292193035763,0.013622254392604368,0.012125310396869347,0.017200799596898034
bert_multilingual_stars,5000,105,0.012468074711719977,0.016616246098188424,0.013480616484539082,0.015277473528481503,0.01411792689903104,0.019979936013493186
bert_multilingual_stars,5000,106,0.012468074711719977,0.011382316238707104,0.011342719253908904,0.013005216320933656,0.011533249949915315,0.01924859326835585
bert_multilingual_stars,5000,107,0.012468074711719977,0.012424841995923655,0.011631786378782314,0.013128419721611169,0.011806904749439536,0.01645514869182701
bert_multilingual_stars,5000,108,0.012468074711719977,0.010564391837352903,0.012875465814052904,0.014487399309552292,0.013233165200979374,0.01902616659458746
bert_multilingual_stars,5000,109,0.012468074711719977,0.012720826128432164,0.012817208683205267,0.01451277367191898,0.012903232502330992,0.0189383091362388
bert_multilingual_stars,5000,110,0.012468074711719977,0.010999979311987524,0.01376706730850405,0.015210369540038784,0.014221237015820164,0.019894525674233405
bert_multilingual_stars,5000,111,0.012468074711719977,0.014320855939078185,0.01444978902072842,0.01587278892834075,0.014477626709450553,0.01897836998324287
bert_multilingual_stars,5000,112,0.012468074711719977,0.01307112610485695,0.012644699534860061,0.014275967533769597,0.013093488534079297,0.018664084067187173
bert_multilingual_stars,5000,113,0.012468074711719977,0.012630021069962553,0.012803088326197877,0.01449366330275206,0.013262860709936862,0.01857897068127487
bert_multilingual_stars,5000,114,0.012468074711719977,0.01028982314739244,0.012127799499938882,0.013361285679219822,0.012304490017063316,0.01767289680158669
bert_multilingual_stars,5000,115,0.012468074711719977,0.009498160148088717,0.012147115343618183,0.013305982297646438,0.012320972476611807,0.016901395744755205
bert_multilingual_stars,5000,116,0.012468074711719977,0.014938427372342255,0.014125412066326243,0.016320548969766063,0.014563284840954151,0.022136225484149598
bert_multilingual_stars,5000,117,0.012468074711719977,0.01571261053523953,0.013979516739354427,0.01648776817411638,0.014812477198699511,0.020822673070510757
bert_multilingual_stars,5000,118,0.012468074711719977,0.010126535180895164,0.01142617692124489,0.013390654981943797,0.0117634642121727,0.01780193185540133
bert_multilingual_stars,5000,119,0.012468074711719977,0.013113286416567995,0.012698332740414051,0.014406018637214845,0.013012046618531907,0.018788337496003813
bert_multilingual_stars,5000,120,0.012468074711719977,0.01520157973167508,0.015580900077401738,0.017069025253231406,0.015938187642167836,0.020665509680579917
bert_multilingual_stars,5000,121,0.012468074711719977,0.013236201903296997,0.013296378311402067,0.014508629789707635,0.01364682410790223,0.019249442643508002
bert_multilingual_stars,5000,122,0.012468074711719977,0.012102458527869975,0.01230729558563534,0.013491407478640392,0.012512346012446036,0.01830554105364698
bert_multilingual_stars,5000,123,0.012468074711719977,0.012666873189995771,0.011563128785147675,0.013432070578631846,0.011883264348215492,0.0182992713179755
bert_multilingual_stars,5000,124,0.012468074711719977,0.009697102414766878,0.011018253329570531,0.012102572242552278,0.011295706322749947,0.016488761795028683
bert_multilingual_stars,5000,125,0.012468074711719977,0.009547301298457598,0.010054860099047254,0.011906081879900596,0.010367857371207597,0.01665395489078888
bert_multilingual_stars,5000,126,0.012468074711719977,0.008662574102023172,0.012267168193023061,0.013450106571333914,0.012545750752200501,0.01765319931795335
bert_multilingual_stars,5000,127,0.012468074711719977,0.011293226841825335,0.011929023659286334,0.013676878357352104,0.012348173871030554,0.01797534068157109
bert_multilingual_stars,5000,128,0.012468074711719977,0.01361786881976667,0.013078466888588372,0.014717485540479318,0.01288463354050228,0.018327686436955704
bert_multilingual_stars,5000,129,0.012468074711719977,0.013999778052086475,0.013030262422071396,0.014716411807346945,0.013140382443102271,0.01944665889014907
bert_multilingual_stars,5000,130,0.012468074711719977,0.013943930055930821,0.01447301204186575,0.01617537761826406,0.014485122838350366,0.020520774433317995
bert_multilingual_stars,5000,131,0.012468074711719977,0.014069867029285973,0.014848498118251494,0.01717621563707282,0.015303570760509248,0.021548546722384522
bert_multilingual_stars,5000,132,0.012468074711719977,0.01242639497457041,0.010693113234029078,0.012762953785656712,0.010936353849798889,0.016517231064916815
bert_multilingual_stars,5000,133,0.012468074711719977,0.014774552385439396,0.012954764211695764,0.015039590469822008,0.013049441780595115,0.019464295651592398
bert_multilingual_stars,5000,134,0.012468074711719977,0.01366017537518829,0.014071684206875936,0.015945727466857327,0.014349446357408707,0.02001717806169625
bert_multilingual_stars,5000,135,0.012468074711719977,0.017097204394971397,0.01450287410516454,0.01620108785364207,0.014873348377528985,0.0203891663198632
bert_multilingual_stars,5000,136,0.012468074711719977,0.012848156647120901,0.011217916247531849,0.013209393059585461,0.011641134905972102,0.017452275935876234
bert_multilingual_stars,5000,137,0.012468074711719977,0.01278528175422075,0.013187574496283742,0.014463909355306448,0.013184592364639893,0.018181589993247423
bert_multilingual_stars,5000,138,0.012468074711719977,0.010986126923974313,0.011757236562492472,0.013567223434056629,0.012006556448919752,0.017536635943648047
bert_multilingual_stars,5000,139,0.012468074711719977,0.014698117219269662,0.013479861050219094,0.015541752096319954,0.014213125240712542,0.01963756256013993
bert_multilingual_stars,5000,140,0.012468074711719977,0.012063574006507457,0.014024211000726814,0.015406342445581813,0.014220789542427819,0.019591092142125455
bert_multilingual_stars,5000,141,0.012468074711719977,0.011381638675147396,0.01252402562687787,0.013979610567160914,0.012655431811323501,0.01854923125405564
bert_multilingual_stars,5000,142,0.012468074711719977,0.00930889350467008,0.011181208083382837,0.013297547014821777,0.01164755851549411,0.017302043702426058
bert_multilingual_stars,5000,143,0.012468074711719977,0.013446165565327028,0.012536666082971729,0.01428791799784641,0.012790668601798545,0.017800707462220712
bert_multilingual_stars,5000,144,0.012468074711719977,0.009128458300765134,0.012807125569553915,0.01475411101750606,0.013162219419435177,0.018428783006630603
bert_multilingual_stars,5000,145,0.012468074711719977,0.013824700540831365,0.012297874003905035,0.01404500663989073,0.012280671707529351,0.01912145132119022
bert_multilingual_stars,5000,146,0.012468074711719977,0.01126350207491767,0.012202107900286826,0.013709881299722199,0.012472016776873986,0.018714746383070153
bert_multilingual_stars,5000,147,0.012468074711719977,0.008760236984246234,0.01136737560393744,0.013260661530275324,0.011408450666313411,0.017086715612336604
bert_multilingual_stars,5000,148,0.012468074711719977,0.013773417384224343,0.013131166866167502,0.015243383000069303,0.01374352284541375,0.01954501934224744
bert_multilingual_stars,5000,149,0.012468074711719977,0.013300707911644748,0.012537072710291515,0.014448488699618775,0.012925860558829848,0.019319607995347123
bert_multilingual_stars,5000,150,0.012468074711719977,0.012637491756099737,0.013688894093777887,0.015165561521176535,0.014113978165369563,0.01954130885526202
bert_multilingual_stars,5000,151,0.012468074711719977,0.012926491054456087,0.011793586650728943,0.013269347337785484,0.012102429885919933,0.01753942357626915
bert_multilingual_stars,5000,152,0.012468074711719977,0.011684872491112833,0.013248080361052962,0.014379125713239434,0.013381496906332741,0.01886003890743011
bert_multilingual_stars,5000,153,0.012468074711719977,0.013733051220215776,0.013171352647389905,0.015072597652878975,0.013441194588043397,0.01936440325410735
bert_multilingual_stars,5000,154,0.012468074711719977,0.013531065243683563,0.013797718131565596,0.015333148302702078,0.014408567103830981,0.020469766826683243
bert_multilingual_stars,5000,155,0.012468074711719977,0.009957913409965857,0.012581805887129075,0.014362404420378087,0.013020484443349122,0.017993606461956337
bert_multilingual_stars,5000,156,0.012468074711719977,0.012447795615967814,0.011956779675342746,0.013262954311960104,0.0121743497450792,0.01870367869986851
bert_multilingual_stars,5000,157,0.012468074711719977,0.010771753609898639,0.011921768499668528,0.013562755168635508,0.012226492344403138,0.017722145014731436
bert_multilingual_stars,5000,158,0.012468074711719977,0.013813879085948156,0.014038655798380505,0.015643870881923747,0.014165789487326864,0.020034885308079776
bert_multilingual_stars,5000,159,0.012468074711719977,0.010817072330569485,0.01309136958904956,0.014725543901813605,0.01365980004571482,0.019412824670111375
bert_multilingual_stars,5000,160,0.012468074711719977,0.012224968244875675,0.012234587177455899,0.014218438403268302,0.012882624539128047,0.0186516822792388
bert_multilingual_stars,5000,161,0.012468074711719977,0.014516931266521083,0.013094880654655845,0.014657713529758372,0.013356078947226537,0.019069760808910957
bert_multilingual_stars,5000,162,0.012468074711719977,0.013587530990082752,0.01132293529556949,0.012997049013783627,0.011475777501204433,0.017450558630460595
bert_multilingual_stars,5000,163,0.012468074711719977,0.013940339443191084,0.01431806631330551,0.01597500522335704,0.014590700710206924,0.020282548793709443
bert_multilingual_stars,5000,164,0.012468074711719977,0.011900957916506636,0.012234923218357797,0.013744311112851607,0.01230301010478279,0.01816167434390021
bert_multilingual_stars,5000,165,0.012468074711719977,0.012598865360505643,0.012289317624098102,0.014052051231290462,0.012562280309529375,0.01963099065858779
bert_multilingual_stars,5000,166,0.012468074711719977,0.016932128388513705,0.012835706496080079,0.015014399864863488,0.01284712543259237,0.020002833169984958
bert_multilingual_stars,5000,167,0.012468074711719977,0.01022163623432157,0.013593460528580462,0.01491723400784914,0.01393346597284079,0.01925344029018724
bert_multilingual_stars,5000,168,0.012468074711719977,0.013533273496520986,0.013493544623249998,0.015096447876820069,0.013613596996480796,0.018912108010676176
bert_multilingual_stars,5000,169,0.012468074711719977,0.014847488257788158,0.013764817493177286,0.01584025271687105,0.01398275537002056,0.020825364337644026
bert_multilingual_stars,5000,170,0.012468074711719977,0.015057109551568266,0.01592891230692603,0.017832834901802364,0.016392883103609125,0.022324774745563807
bert_multilingual_stars,5000,171,0.012468074711719977,0.009940406206385208,0.011338653624443125,0.012605565662288074,0.011631051106665914,0.017568843664955782
bert_multilingual_stars,5000,172,0.012468074711719977,0.012812693473818951,0.011597770982005953,0.013391149837316612,0.011657531374780724,0.019014923365752504
bert_multilingual_stars,5000,173,0.012468074711719977,0.01348567405547054,0.013280626394460971,0.014958707833277858,0.01347054935702207,0.018663679634535735
bert_multilingual_stars,5000,174,0.012468074711719977,0.009582176352677066,0.0116359768344409,0.013305559436293213,0.011967377319034182,0.01788498779433719
bert_multilingual_stars,5000,175,0.012468074711719977,0.013147527764339403,0.013947972168901639,0.015317757551274179,0.014393014349055083,0.01957537662617825
bert_multilingual_stars,5000,176,0.012468074711719977,0.016558745604991605,0.012842170808647869,0.014970938502723938,0.01307261100505919,0.020384064763223828
bert_multilingual_stars,5000,177,0.012468074711719977,0.011027119277977419,0.011632003302455873,0.013523404538162455,0.0120784566043961,0.017886594918412956
bert_multilingual_stars,5000,178,0.012468074711719977,0.009168215657596682,0.012042370864280939,0.013436266307328896,0.012600978424163706,0.018540476674739747
bert_multilingual_stars,5000,179,0.012468074711719977,0.008928710976698824,0.012664257262049705,0.013902789613680218,0.012565658572432659,0.01772962966654652
bert_multilingual_stars,5000,180,0.012468074711719977,0.010721360765917967,0.012458195082901833,0.01402372234729894,0.013039665055988043,0.01967551357641122
bert_multilingual_stars,5000,181,0.012468074711719977,0.010591898509867142,0.01295100041588883,0.01497708723453896,0.013416114409302344,0.020099347233338314
bert_multilingual_stars,5000,182,0.012468074711719977,0.013012715455409489,0.011876963647926665,0.013996353832547022,0.012326916702743754,0.01791170404910401
bert_multilingual_stars,5000,183,0.012468074711719977,0.0124782631636106,0.01229262426473622,0.0146114579361308,0.013398285644796852,0.01920991663991706
bert_multilingual_stars,5000,184,0.012468074711719977,0.011741458110613093,0.013138618499306455,0.014949781957921942,0.013815157283846871,0.01847994580628171
bert_multilingual_stars,5000,185,0.012468074711719977,0.012281596358359528,0.013045239353433309,0.014804851568942184,0.013521771416885554,0.018740026154413215
bert_multilingual_stars,5000,186,0.012468074711719977,0.014099446718034016,0.013252059966373459,0.014734498793656172,0.013632149690783737,0.019239666890911715
bert_multilingual_stars,5000,187,0.012468074711719977,0.009680076622327121,0.011848153860014069,0.013538034097837185,0.011850791656584017,0.017613845059030037
bert_multilingual_stars,5000,188,0.012468074711719977,0.013951986164687223,0.012569137753492643,0.0146879304324897,0.013244213953934901,0.01942829786232726
bert_multilingual_stars,5000,189,0.012468074711719977,0.012310940971595543,0.012671920996242212,0.014100044376146356,0.012731277117471688,0.01795947897386898
bert_multilingual_stars,5000,190,0.012468074711719977,0.01526547901288869,0.012133604973530327,0.014480002770495427,0.012205367829513997,0.018504780328327596
bert_multilingual_stars,5000,191,0.012468074711719977,0.01132106586010602,0.012030182000402767,0.014033508415438854,0.012374956458197158,0.018411202091458446
bert_multilingual_stars,5000,192,0.012468074711719977,0.011666615901066523,0.012830919138437237,0.014396390385386752,0.01280285884939899,0.018985604416486446
bert_multilingual_stars,5000,193,0.012468074711719977,0.01305777470088509,0.011338653709298393,0.01328232500737309,0.011754961639272594,0.01783542719083433
bert_multilingual_stars,5000,194,0.012468074711719977,0.011263948296276825,0.010904890848177102,0.012416105120036661,0.010956375692749846,0.017106499744657614
bert_multilingual_stars,5000,195,0.012468074711719977,0.013274981140626847,0.01201831790315167,0.01341130755262876,0.01214640347830077,0.017159448714260013
bert_multilingual_stars,5000,196,0.012468074711719977,0.016921027593575614,0.014868363724599072,0.016703658990860588,0.01528796824365235,0.02154010338137997
bert_multilingual_stars,5000,197,0.012468074711719977,0.01461769305966626,0.01450404152762837,0.016720318390227695,0.014780028809133029,0.021201814451513225
bert_multilingual_stars,5000,198,0.012468074711719977,0.012703381821544563,0.013168673741611502,0.014620990241786827,0.013270654801007309,0.01902442674074092
bert_multilingual_stars,5000,199,0.012468074711719977,0.010664740252790843,0.011570740596027099,0.01311944055648158,0.011982796446752087,0.017150206577312
bert_multilingual_stars,7500,0,0.012468074711719977,0.013222217285378481,0.011265010016053355,0.012950960127111654,0.011645797857775796,0.01881325813435301
bert_multilingual_stars,7500,1,0.012468074711719977,0.013385121899123283,0.012519337982242643,0.014109467600793275,0.012785456671299178,0.01867059448455259
bert_multilingual_stars,7500,2,0.012468074711719977,0.009735645978760676,0.011170588796534722,0.012689015137159088,0.011461684939626352,0.017784691822472172
bert_multilingual_stars,7500,3,0.012468074711719977,0.012323352065307483,0.013326391538562615,0.014589316774190684,0.013621243588938719,0.019675251056912365
bert_multilingual_stars,7500,4,0.012468074711719977,0.013056149745981122,0.01297970295483676,0.014442600755248877,0.01342667545371645,0.019538729238442736
bert_multilingual_stars,7500,5,0.012468074711719977,0.013273360214298261,0.012139291795375371,0.013897048476005392,0.012492138753738209,0.01836753591644402
bert_multilingual_stars,7500,6,0.012468074711719977,0.014907374078750613,0.013520320082234784,0.015476930945221585,0.013622959500566464,0.0205333037386404
bert_multilingual_stars,7500,7,0.012468074711719977,0.011629872468390484,0.011628694623582623,0.013129717890366141,0.012122361542023907,0.018093238516449058
bert_multilingual_stars,7500,8,0.012468074711719977,0.013757350889303575,0.013768648727473303,0.01503627992752622,0.014064619041058744,0.019230852030600393
bert_multilingual_stars,7500,9,0.012468074711719977,0.011336875090484215,0.011999859755123342,0.013242854774016379,0.012296386722966334,0.017697631970587515
bert_multilingual_stars,7500,10,0.012468074711719977,0.010818032411716154,0.012463580114322295,0.014220185109808256,0.013088013346994349,0.01767867150370434
bert_multilingual_stars,7500,11,0.012468074711719977,0.0110066684303891,0.012444535676104183,0.013918111241857354,0.012677404476428173,0.018265109656608096
bert_multilingual_stars,7500,12,0.012468074711719977,0.012394035462316962,0.013979637228172425,0.01515865411258369,0.014267686137338838,0.018954305898782553
bert_multilingual_stars,7500,13,0.012468074711719977,0.012898583086657842,0.011515036862010384,0.012988419340188259,0.011818986855229847,0.017727516845953008
bert_multilingual_stars,7500,14,0.012468074711719977,0.011846825218905968,0.011480531204037326,0.012730038592343975,0.01172891170967092,0.01742130503634938
bert_multilingual_stars,7500,15,0.012468074711719977,0.014673518474153872,0.01331315876814342,0.015153610924970248,0.013648414574540633,0.019989080947964043
bert_multilingual_stars,7500,16,0.012468074711719977,0.011900660997027275,0.012282293088859246,0.013545548031432183,0.012539751632094101,0.01780033331198814
bert_multilingual_stars,7500,17,0.012468074711719977,0.01369539786321666,0.012864412789473987,0.01425853735193117,0.012803068784025505,0.01883973072043903
bert_multilingual_stars,7500,18,0.012468074711719977,0.012229378236428914,0.012484335469134168,0.014036712356345592,0.012794177484732591,0.018142320517911998
bert_multilingual_stars,7500,19,0.012468074711719977,0.014165761557175626,0.013064391062938583,0.014515968578784722,0.013364012552774206,0.019490161392344312
bert_multilingual_stars,7500,20,0.012468074711719977,0.01304635460588798,0.012028119212904795,0.013451177985752074,0.012301713000662299,0.01809336176073372
bert_multilingual_stars,7500,21,0.012468074711719977,0.013441252834579556,0.012210557955755387,0.013625084862032696,0.01262837595444937,0.018470391129319
bert_multilingual_stars,7500,22,0.012468074711719977,0.01366328393218768,0.013176164809796857,0.014666487058761118,0.013377729709118033,0.019003456405288263
bert_multilingual_stars,7500,23,0.012468074711719977,0.010832746457560275,0.011683394124836047,0.013583143149376238,0.012140077871561968,0.017789590419964148
bert_multilingual_stars,7500,24,0.012468074711719977,0.012278857127108963,0.011014286565090172,0.012429840503980773,0.011262354846626882,0.017782189403128253
bert_multilingual_stars,7500,25,0.012468074711719977,0.01264000921073649,0.011798940841474698,0.012988484997469255,0.011914635987967036,0.017850385689837163
bert_multilingual_stars,7500,26,0.012468074711719977,0.014299446322419503,0.012502479367325205,0.014491463080103061,0.013062501481319636,0.01916569607071057
bert_multilingual_stars,7500,27,0.012468074711719977,0.011718485900536412,0.011898819754509004,0.013739779247544331,0.012350614436346751,0.018854364341945082
bert_multilingual_stars,7500,28,0.012468074711719977,0.010361305445146726,0.010951029745085368,0.01271066910190332,0.011463380356555817,0.017507521733432035
bert_multilingual_stars,7500,29,0.012468074711719977,0.008040423057589023,0.010391543586339227,0.011584097264317347,0.010699458160157231,0.015974310050725218
bert_multilingual_stars,7500,30,0.012468074711719977,0.01338637625017467,0.013107504329098022,0.014451886115445395,0.013399515856992011,0.019173983262722554
bert_multilingual_stars,7500,31,0.012468074711719977,0.012155778428328854,0.013362591465885401,0.014292940890981131,0.013638484603400166,0.018560623259642927
bert_multilingual_stars,7500,32,0.012468074711719977,0.014467218536638807,0.013153043331580275,0.014690305549855906,0.013466149363034488,0.019591632595800195
bert_multilingual_stars,7500,33,0.012468074711719977,0.009967298354421368,0.011243391463176258,0.012352531982852286,0.011612233009360696,0.01730879282169131
bert_multilingual_stars,7500,34,0.012468074711719977,0.010602751509135425,0.012438584861612667,0.013798698309159899,0.012734285413401438,0.018454468256831724
bert_multilingual_stars,7500,35,0.012468074711719977,0.011912000611815953,0.012656686841258181,0.014149377390824957,0.012851773286308703,0.0191833413214484
bert_multilingual_stars,7500,36,0.012468074711719977,0.013084448179621297,0.01213286982735953,0.013578791935749115,0.012545364183398007,0.0181380842235991
bert_multilingual_stars,7500,37,0.012468074711719977,0.014543460896040005,0.012753241628004414,0.014413733413607405,0.012912062147014626,0.020002889529488532
bert_multilingual_stars,7500,38,0.012468074711719977,0.011361806396508285,0.011216837664388846,0.012862495901377023,0.011679107660321103,0.01786087140229842
bert_multilingual_stars,7500,39,0.012468074711719977,0.015176160964123081,0.013075617145301135,0.014571494720364817,0.01338875004525795,0.019012309801265868
bert_multilingual_stars,7500,40,0.012468074711719977,0.012330695959081654,0.012192578492522843,0.01349898705767265,0.012578484654351981,0.01756777584887256
bert_multilingual_stars,7500,41,0.012468074711719977,0.011135031251473908,0.012155539374017801,0.013727384921108416,0.012413455729159016,0.018014688500174937
bert_multilingual_stars,7500,42,0.012468074711719977,0.011276473877955797,0.012646873723025316,0.014337408046187529,0.013012501266635933,0.01854660783987275
bert_multilingual_stars,7500,43,0.012468074711719977,0.011925800326952776,0.012797064454859036,0.014237531858511511,0.013128096026936598,0.018441041078432654
bert_multilingual_stars,7500,44,0.012468074711719977,0.011894708598785804,0.012424747231489073,0.014170474455231341,0.012706353495206957,0.018720150614983985
bert_multilingual_stars,7500,45,0.012468074711719977,0.013357434238292248,0.013158432799214026,0.014714770801643146,0.01347374878889956,0.020267586909789227
bert_multilingual_stars,7500,46,0.012468074711719977,0.01137722636910113,0.011858008906245882,0.013032311452611427,0.012140278896991728,0.01714963327650456
bert_multilingual_stars,7500,47,0.012468074711719977,0.011166453766997207,0.012968403888969224,0.014259946260867162,0.013339121016992916,0.019302695521723215
bert_multilingual_stars,7500,48,0.012468074711719977,0.012500893742328203,0.011902221266477405,0.013843997165097644,0.012194121515957324,0.01865981347470472
bert_multilingual_stars,7500,49,0.012468074711719977,0.010333600394867378,0.01174714104115527,0.013297361172597852,0.012295831644886344,0.018390514746541374
bert_multilingual_stars,7500,50,0.012468074711719977,0.011062734329524645,0.011414264015242356,0.013064098715237242,0.011736708085085843,0.017085033096342028
bert_multilingual_stars,7500,51,0.012468074711719977,0.01180789124119284,0.01327430428314702,0.015073794515122337,0.013848462557965548,0.019605532220293827
bert_multilingual_stars,7500,52,0.012468074711719977,0.014297755771188914,0.014032859236559427,0.01548936165649187,0.014462124769423261,0.01965051788103171
bert_multilingual_stars,7500,53,0.012468074711719977,0.012860989686416633,0.011639789676038362,0.013466417897238066,0.012114616022343636,0.017587174687352356
bert_multilingual_stars,7500,54,0.012468074711719977,0.012742425765996233,0.013556159926958123,0.01469716087277492,0.013777548496408722,0.019690308749517528
bert_multilingual_stars,7500,55,0.012468074711719977,0.011497003946012881,0.011427249476977317,0.013045475856000957,0.011691951869588423,0.01793839702900715
bert_multilingual_stars,7500,56,0.012468074711719977,0.013343822434509633,0.012332932829288422,0.013822287889102542,0.01264142519254864,0.018850642491694658
bert_multilingual_stars,7500,57,0.012468074711719977,0.012717799105915525,0.011227313649900395,0.012323309565614114,0.011481905261670776,0.017687363159673127
bert_multilingual_stars,7500,58,0.012468074711719977,0.012052818665056786,0.013331248188736718,0.014515606366140982,0.013692905760760203,0.02007667233427023
bert_multilingual_stars,7500,59,0.012468074711719977,0.013559595852244389,0.012599492124627968,0.014347810636513877,0.012996169330763866,0.019217947765925315
bert_multilingual_stars,7500,60,0.012468074711719977,0.013690106864286239,0.013774492961079814,0.014927350604453892,0.013947460739921832,0.019440591244178934
bert_multilingual_stars,7500,61,0.012468074711719977,0.0148031028285769,0.012691898048413412,0.014387645775281609,0.013105057583725545,0.019837774261356075
bert_multilingual_stars,7500,62,0.012468074711719977,0.012423844496089562,0.012523733286159192,0.01369201056638784,0.012725967148300326,0.018480156753395028
bert_multilingual_stars,7500,63,0.012468074711719977,0.012121752678170894,0.01208459125581557,0.01376797153463553,0.012638696995936055,0.01799141318151079
bert_multilingual_stars,7500,64,0.012468074711719977,0.013184554085421931,0.013475487585123156,0.015027660863327501,0.013697326616249542,0.019505190033489085
bert_multilingual_stars,7500,65,0.012468074711719977,0.010321188186469082,0.011955714965619318,0.013520163917807318,0.012249259484113994,0.01827346626624614
bert_multilingual_stars,7500,66,0.012468074711719977,0.014438196673331669,0.012445361243184593,0.014028095187278346,0.012796658105939532,0.018589087929392886
bert_multilingual_stars,7500,67,0.012468074711719977,0.00899503354960475,0.011514962005640452,0.012753143051083176,0.011745963325400515,0.016841379542687787
bert_multilingual_stars,7500,68,0.012468074711719977,0.01125813675333562,0.011870912781119056,0.01334176548545203,0.012259222385181498,0.017688599645066094
bert_multilingual_stars,7500,69,0.012468074711719977,0.013622580628724705,0.013416691947974818,0.014793164722532602,0.013787496122978159,0.019887338852749605
bert_multilingual_stars,7500,70,0.012468074711719977,0.01307986379208073,0.0123811732509448,0.014028195575783529,0.012823192338428786,0.018204075312996143
bert_multilingual_stars,7500,71,0.012468074711719977,0.013283695056243595,0.014387026660204074,0.016184812122110086,0.01476612881564507,0.02004572684122516
bert_multilingual_stars,7500,72,0.012468074711719977,0.011480768166239342,0.012891902412866883,0.014139310842538302,0.013084075900560757,0.01896328230779493
bert_multilingual_stars,7500,73,0.012468074711719977,0.011867093845956744,0.011159381276257594,0.012578171846275493,0.011390915018509959,0.01733229369152875
bert_multilingual_stars,7500,74,0.012468074711719977,0.012225920218996947,0.012377487716973048,0.01349442015216485,0.012614718057035438,0.01855874622931396
bert_multilingual_stars,7500,75,0.012468074711719977,0.012600769181766246,0.01306371811128017,0.014732185214256704,0.013523045200935661,0.018797939712245467
bert_multilingual_stars,7500,76,0.012468074711719977,0.009318668325833869,0.011726661454413107,0.01301828444616376,0.011858750701390551,0.017675699575088098
bert_multilingual_stars,7500,77,0.012468074711719977,0.014485551159731,0.012599008101109966,0.014245725807846225,0.013126567378767039,0.018567585118988386
bert_multilingual_stars,7500,78,0.012468074711719977,0.010404212052715474,0.012043681310376982,0.01396524408788085,0.012638397378176146,0.01912313762236708
bert_multilingual_stars,7500,79,0.012468074711719977,0.012403451931086332,0.012934033568382805,0.01462517505804532,0.01321887353534403,0.019551983587396102
bert_multilingual_stars,7500,80,0.012468074711719977,0.012123598187874325,0.011920641647772493,0.013347547116416548,0.012139649684711035,0.01844871533681673
bert_multilingual_stars,7500,81,0.012468074711719977,0.011033207075682328,0.012191094503946004,0.013387173483639346,0.012423579797593681,0.017616778887476266
bert_multilingual_stars,7500,82,0.012468074711719977,0.009178320673790576,0.011321723124504251,0.012657784249398979,0.011564631695038331,0.017887651805359468
bert_multilingual_stars,7500,83,0.012468074711719977,0.014158953788408715,0.014404814153122438,0.01591525626318122,0.014644761079926127,0.020842333964414164
bert_multilingual_stars,7500,84,0.012468074711719977,0.009557669369159028,0.011314269502452309,0.01263722815674493,0.01170861341664272,0.0167923079584527
bert_multilingual_stars,7500,85,0.012468074711719977,0.013495572577595134,0.012714418457615303,0.013963968704254162,0.013057852874757109,0.01929210954602337
bert_multilingual_stars,7500,86,0.012468074711719977,0.011014637763992126,0.01134665655410164,0.012877220729009984,0.011584549406051891,0.017583542286545458
bert_multilingual_stars,7500,87,0.012468074711719977,0.012826328311438677,0.0123383267603758,0.01355958742186838,0.012536622831668353,0.018091354972738127
bert_multilingual_stars,7500,88,0.012468074711719977,0.012468227836520065,0.012865400301034922,0.01435014211577147,0.013143534037918306,0.018959289311883586
bert_multilingual_stars,7500,89,0.012468074711719977,0.011531868681288812,0.010817277083572954,0.012040024943108452,0.011152364155993388,0.017010250420300885
bert_multilingual_stars,7500,90,0.012468074711719977,0.011217593272522208,0.011351887971392237,0.012745776776352157,0.011389108640382391,0.016641431266295352
bert_multilingual_stars,7500,91,0.012468074711719977,0.012585451719371062,0.012886201070165961,0.01423077147418463,0.01317958284224516,0.01867289583201058
bert_multilingual_stars,7500,92,0.012468074711719977,0.012592577249078477,0.012974316801631018,0.014110128876006616,0.013333301179233242,0.019943072391013793
bert_multilingual_stars,7500,93,0.012468074711719977,0.012938313201399746,0.011844301308616472,0.01360108853457075,0.012162154062244811,0.018461889048481315
bert_multilingual_stars,7500,94,0.012468074711719977,0.013658774661617334,0.013751214913714727,0.015314057739480962,0.014224933907325564,0.020429250147173127
bert_multilingual_stars,7500,95,0.012468074711719977,0.013000373273133452,0.013068014375162498,0.014530435974059164,0.013642387010250036,0.01941075508942022
bert_multilingual_stars,7500,96,0.012468074711719977,0.013540375477867538,0.014292856053901555,0.015512991486200178,0.014660143717111647,0.020536789426026564
bert_multilingual_stars,7500,97,0.012468074711719977,0.013346486421169371,0.013684128008295104,0.015463247515308315,0.014156042620020582,0.019206670169565426
bert_multilingual_stars,7500,98,0.012468074711719977,0.011775881301669445,0.012061582169293384,0.01372642489288624,0.012453465819132101,0.0181139723021846
bert_multilingual_stars,7500,99,0.012468074711719977,0.010619976270377248,0.011090900910702587,0.01284047015319648,0.011568234647980503,0.017087008878252447
bert_multilingual_stars,7500,100,0.012468074711719977,0.011715374269578298,0.012325468861719596,0.014272307668150986,0.012806180355790685,0.01820128244287218
bert_multilingual_stars,7500,101,0.012468074711719977,0.01337027416326401,0.012901980938801112,0.014464109433194065,0.013338627077674749,0.01908757036872918
bert_multilingual_stars,7500,102,0.012468074711719977,0.01643449953301568,0.014064951506652575,0.01584808526706586,0.014277001574216156,0.02049936467424186
bert_multilingual_stars,7500,103,0.012468074711719977,0.013611726983890397,0.011558187887951562,0.013843922867664529,0.01164388790926231,0.01888987196650664
bert_multilingual_stars,7500,104,0.012468074711719977,0.009821220569411733,0.011744387863922475,0.01385773683605719,0.012196555550986256,0.017783667797374482
bert_multilingual_stars,7500,105,0.012468074711719977,0.013239449972567834,0.01249099559167141,0.01452558164963736,0.012876796629783653,0.01905048914726829
bert_multilingual_stars,7500,106,0.012468074711719977,0.013342958579871804,0.013360806495943841,0.014905336672159698,0.013703770595094237,0.01977987174870151
bert_multilingual_stars,7500,107,0.012468074711719977,0.01022465518974631,0.01395652250436614,0.015206588226387367,0.014283296825699798,0.019632004862062274
bert_multilingual_stars,7500,108,0.012468074711719977,0.014867633111400266,0.012008911238583138,0.014148557932756912,0.012468875152148713,0.018534050225057344
bert_multilingual_stars,7500,109,0.012468074711719977,0.008900753843743678,0.011405038180503998,0.012932929001514621,0.011998465566443333,0.017865208723174597
bert_multilingual_stars,7500,110,0.012468074711719977,0.011990238630429664,0.011927227057680559,0.013744568419493973,0.012333538488599907,0.017886946272741854
bert_multilingual_stars,7500,111,0.012468074711719977,0.013891405876317252,0.013360987810364806,0.014735365878968744,0.013851423513696781,0.01886668613333104
bert_multilingual_stars,7500,112,0.012468074711719977,0.010096228342306973,0.012143336046416703,0.013739777510727037,0.012407735541625806,0.017839938403258697
bert_multilingual_stars,7500,113,0.012468074711719977,0.011596711114516944,0.012730773058217106,0.01442613342515994,0.013277738205907061,0.019213692272064643
bert_multilingual_stars,7500,114,0.012468074711719977,0.01268456911917507,0.014194707594443612,0.015785017898338756,0.014476896146284779,0.020327110999759382
bert_multilingual_stars,7500,115,0.012468074711719977,0.009908815356446781,0.01145941363513033,0.01260176574718772,0.011736062656158078,0.01721119155308835
bert_multilingual_stars,7500,116,0.012468074711719977,0.01146882604569378,0.012288823407130686,0.013781016911563745,0.012642070210268206,0.017724287986584295
bert_multilingual_stars,7500,117,0.012468074711719977,0.010906435053983891,0.011347975996193384,0.01319920935598256,0.011648858216863093,0.01833204838757502
bert_multilingual_stars,7500,118,0.012468074711719977,0.014390099817015023,0.013705741265129048,0.014854927015545584,0.014001968941465883,0.020385452068804648
bert_multilingual_stars,7500,119,0.012468074711719977,0.011631263507988671,0.012029567607794814,0.01316322861774783,0.012374309567008418,0.018306465452016838
bert_multilingual_stars,7500,120,0.012468074711719977,0.01195162709948182,0.012542041690177835,0.014024359695061819,0.012915867908089665,0.018411986140075814
bert_multilingual_stars,7500,121,0.012468074711719977,0.012923604549044475,0.012356777679977494,0.01349759541496619,0.012720246643278435,0.019109531032655374
bert_multilingual_stars,7500,122,0.012468074711719977,0.009271471507719774,0.012233809723221658,0.013677941703040363,0.012310446565890117,0.018056790658715318
bert_multilingual_stars,7500,123,0.012468074711719977,0.012118008056239185,0.013123036615247087,0.014302243494587764,0.013294199764227918,0.01920447980581962
bert_multilingual_stars,7500,124,0.012468074711719977,0.010916736310796142,0.011638676426771475,0.013461157026499733,0.01201486178248524,0.018090976570463522
bert_multilingual_stars,7500,125,0.012468074711719977,0.012597541477756276,0.011528658121587229,0.013334909233421545,0.011924310678700582,0.018107569844735077
bert_multilingual_stars,7500,126,0.012468074711719977,0.011715444793694879,0.012337112434684265,0.013941285930279854,0.012750603069736315,0.018206602854263062
bert_multilingual_stars,7500,127,0.012468074711719977,0.011729167657513681,0.013210169935995227,0.014608264640733046,0.01362465961079913,0.019436425650339064
bert_multilingual_stars,7500,128,0.012468074711719977,0.012157018555790995,0.011519967241768023,0.012860609709935685,0.011681158603737515,0.018168132158061828
bert_multilingual_stars,7500,129,0.012468074711719977,0.009707679912503644,0.011645693633212686,0.01309117816668835,0.011845961094877738,0.01766703648255337
bert_multilingual_stars,7500,130,0.012468074711719977,0.010907126630565563,0.011416781416143912,0.012744884731090157,0.011620085736078227,0.017171107158068747
bert_multilingual_stars,7500,131,0.012468074711719977,0.012757338292388933,0.012658691427136732,0.014301112492341344,0.01301553158371182,0.01857975495225983
bert_multilingual_stars,7500,132,0.012468074711719977,0.010455544051535603,0.011576630617295481,0.01299422986625693,0.01226412638898056,0.01780927370768552
bert_multilingual_stars,7500,133,0.012468074711719977,0.011860018671478968,0.012094834179343159,0.01346122884376216,0.012240457873349798,0.018242452946706955
bert_multilingual_stars,7500,134,0.012468074711719977,0.012041668888583197,0.011212497342013147,0.012852502031886225,0.01171967146591622,0.01842771485084425
bert_multilingual_stars,7500,135,0.012468074711719977,0.011899432815004165,0.012935410660162844,0.014305322972591008,0.013158947702396692,0.018488108038509834
bert_multilingual_stars,7500,136,0.012468074711719977,0.013511697412811566,0.012797374647923427,0.013975289157438536,0.013032836057076197,0.0192036559008903
bert_multilingual_stars,7500,137,0.012468074711719977,0.013909237044793394,0.013592928983592217,0.01503591685556127,0.013817453372390261,0.020570960913173324
bert_multilingual_stars,7500,138,0.012468074711719977,0.00879582290453932,0.010435130583167331,0.01264595907678444,0.011151765080202845,0.017061775235407473
bert_multilingual_stars,7500,139,0.012468074711719977,0.011340405073225876,0.01113525445840161,0.012599763889401514,0.01147801030772276,0.017203496279386797
bert_multilingual_stars,7500,140,0.012468074711719977,0.01373688224084844,0.012369892639919637,0.014002717671775718,0.012797290539210493,0.018745675155625755
bert_multilingual_stars,7500,141,0.012468074711719977,0.010827244356483199,0.011295404058503551,0.012201174039674056,0.011464394085799452,0.016995908752551848
bert_multilingual_stars,7500,142,0.012468074711719977,0.013362491649142392,0.011523875605271634,0.012974025827090745,0.01188726753174255,0.01816305876477242
bert_multilingual_stars,7500,143,0.012468074711719977,0.013609233591697835,0.012914647019316192,0.015194733125342696,0.013547402415210389,0.01984197337950194
bert_multilingual_stars,7500,144,0.012468074711719977,0.011676700552359925,0.012817563910660782,0.014048720325424426,0.013153123485727045,0.01852769287601166
bert_multilingual_stars,7500,145,0.012468074711719977,0.010861937628421043,0.011244529580796317,0.01275688986304743,0.011718032237168934,0.017741511531479476
bert_multilingual_stars,7500,146,0.012468074711719977,0.010605675198948082,0.011596737668307397,0.013124972187073335,0.012019697462076241,0.01731259776531877
bert_multilingual_stars,7500,147,0.012468074711719977,0.011155204342565578,0.011350404885486136,0.012535899223480793,0.011565556240793605,0.017386421236380536
bert_multilingual_stars,7500,148,0.012468074711719977,0.011311920165361526,0.01353102263417841,0.015091962148284803,0.01406997877904385,0.01927853747355762
bert_multilingual_stars,7500,149,0.012468074711719977,0.012189419915472994,0.011579588038646128,0.013406713230043853,0.012050062990880768,0.01754053127588021
bert_multilingual_stars,7500,150,0.012468074711719977,0.013586789734142766,0.01329801779410373,0.014730900509465964,0.013651249141775703,0.018339468054579856
bert_multilingual_stars,7500,151,0.012468074711719977,0.014028255396149575,0.014136024532094988,0.015149163155212076,0.014412124726743334,0.020531951199077254
bert_multilingual_stars,7500,152,0.012468074711719977,0.01082154632567088,0.012469564244523342,0.014291073624174706,0.013034806735205318,0.018432156925725873
bert_multilingual_stars,7500,153,0.012468074711719977,0.01401273202900626,0.013651422452523742,0.015604318314281359,0.01414045773626089,0.020119634154977604
bert_multilingual_stars,7500,154,0.012468074711719977,0.012431683036075825,0.012156111096204764,0.013794284257954146,0.012502998940319643,0.017982388055479106
bert_multilingual_stars,7500,155,0.012468074711719977,0.01226303894706957,0.011523564801985872,0.013186193828802654,0.011858827721074156,0.018386882016557218
bert_multilingual_stars,7500,156,0.012468074711719977,0.015824334008052398,0.015374553335090949,0.016597323276521088,0.01572390712776959,0.020981718466508224
bert_multilingual_stars,7500,157,0.012468074711719977,0.010227339375064011,0.011185991653953337,0.012908492382485716,0.011542722156054149,0.017938840847912006
bert_multilingual_stars,7500,158,0.012468074711719977,0.013502489045309747,0.013406729311217355,0.014873497597313582,0.01397488025794783,0.019627680728764366
bert_multilingual_stars,7500,159,0.012468074711719977,0.012657257658289385,0.012672288487229195,0.014064187905312726,0.01303575551063373,0.018903490964335027
bert_multilingual_stars,7500,160,0.012468074711719977,0.010589034794273354,0.011850613731500693,0.0134064354452921,0.012034852857647941,0.01853242365989516
bert_multilingual_stars,7500,161,0.012468074711719977,0.008850782398327352,0.012264969614710219,0.013514483937995253,0.01253804986456119,0.018097824467984337
bert_multilingual_stars,7500,162,0.012468074711719977,0.013201613568926645,0.012522399320322978,0.014104913527937815,0.012898714496040799,0.01862294900153527
bert_multilingual_stars,7500,163,0.012468074711719977,0.014356634509380583,0.012147397236759533,0.014295284161851106,0.012530175714690967,0.019569927936812413
bert_multilingual_stars,7500,164,0.012468074711719977,0.011543434733565826,0.011402639605004185,0.013134113071147271,0.011672258844065985,0.017435631124459488
bert_multilingual_stars,7500,165,0.012468074711719977,0.011690201898487849,0.012755865642738931,0.013897540532072485,0.013061146008735433,0.01873719662481938
bert_multilingual_stars,7500,166,0.012468074711719977,0.009868917101361046,0.010077300335245057,0.011399807205192599,0.010392597126904796,0.01661838593575424
bert_multilingual_stars,7500,167,0.012468074711719977,0.012185654736861064,0.012350855915119295,0.013847400521231835,0.012903242760567125,0.01895758047657339
bert_multilingual_stars,7500,168,0.012468074711719977,0.012037323656528862,0.012532479915115217,0.01406234159943011,0.012952591771601206,0.018383967859189852
bert_multilingual_stars,7500,169,0.012468074711719977,0.012170104136374317,0.012428881650269884,0.014221142007086598,0.012857922286914849,0.01925063975354303
bert_multilingual_stars,7500,170,0.012468074711719977,0.012811407969031045,0.012798013374461584,0.014507316466235794,0.013281703389834353,0.01909740706494022
bert_multilingual_stars,7500,171,0.012468074711719977,0.014668127263053233,0.013193197701877511,0.015241920855419179,0.013725692044066094,0.020317097989858895
bert_multilingual_stars,7500,172,0.012468074711719977,0.015531932762377786,0.014704674739071718,0.016459031293271358,0.014911491179220035,0.020870756839375507
bert_multilingual_stars,7500,173,0.012468074711719977,0.010026556607224648,0.011744454047330606,0.012857915856960596,0.01211330886894473,0.01759298700148021
bert_multilingual_stars,7500,174,0.012468074711719977,0.01317090552300176,0.01347255406864768,0.015590138686725536,0.013951244025004153,0.019603303443891076
bert_multilingual_stars,7500,175,0.012468074711719977,0.010842792656933947,0.011821484285605746,0.013184730707417014,0.01202515666343323,0.017490694551474287
bert_multilingual_stars,7500,176,0.012468074711719977,0.013830715655151848,0.013998268711372676,0.01594160226514413,0.014373771745999173,0.02029222647712501
bert_multilingual_stars,7500,177,0.012468074711719977,0.012020837932798506,0.012542255004336153,0.013901357764649866,0.012816998718339334,0.018584930622693445
bert_multilingual_stars,7500,178,0.012468074711719977,0.010505499286061917,0.01249782403650779,0.013693850895040978,0.012472231611315087,0.01816391546154295
bert_multilingual_stars,7500,179,0.012468074711719977,0.014132881955180357,0.013623657156054817,0.015402819543519684,0.014038148104709847,0.020413874896656563
bert_multilingual_stars,7500,180,0.012468074711719977,0.01257240383024523,0.013129905005399142,0.01440585265751503,0.013615965182584918,0.01882110244135126
bert_multilingual_stars,7500,181,0.012468074711719977,0.012985802291846793,0.013701829595547058,0.015432335839447829,0.014311494227940204,0.019384341197848078
bert_multilingual_stars,7500,182,0.012468074711719977,0.013785664463465607,0.013200634748348228,0.014742424442104747,0.013574150220266177,0.019453098117561442
bert_multilingual_stars,7500,183,0.012468074711719977,0.013854320960220044,0.013181811017855155,0.014209228931713828,0.013437887792674982,0.019189250342366803
bert_multilingual_stars,7500,184,0.012468074711719977,0.013474745650651659,0.012791289838647307,0.014330657454953344,0.01317951108379138,0.019666740984729723
bert_multilingual_stars,7500,185,0.012468074711719977,0.013485570395770322,0.012939417300820377,0.014481723642748596,0.013368972377072344,0.01925607436006731
bert_multilingual_stars,7500,186,0.012468074711719977,0.010999534341563302,0.011867688018669602,0.013216701485281632,0.012276233970304421,0.018304199140496434
bert_multilingual_stars,7500,187,0.012468074711719977,0.011595437712482594,0.011112041085279698,0.012833633015536595,0.011673640161820384,0.017469085317002236
bert_multilingual_stars,7500,188,0.012468074711719977,0.014562616730348714,0.011942905571427975,0.013729180529597176,0.012569813664013423,0.018364752466681695
bert_multilingual_stars,7500,189,0.012468074711719977,0.013131050189291033,0.014105373928580096,0.015215734978046158,0.014385526077770976,0.01964445389779356
bert_multilingual_stars,7500,190,0.012468074711719977,0.012659123272190879,0.012850843274232866,0.014789265019171088,0.013322998345019687,0.01861410475048648
bert_multilingual_stars,7500,191,0.012468074711719977,0.013093256657615272,0.012649550417160448,0.014197965417971862,0.013172452520409142,0.01885742881064607
bert_multilingual_stars,7500,192,0.012468074711719977,0.011837635689378649,0.01284471055734597,0.01413151662148212,0.013104763116039884,0.01824494432762737
bert_multilingual_stars,7500,193,0.012468074711719977,0.010539355375298987,0.01102892847660806,0.012451096873593994,0.011340320141943375,0.017263787830379226
bert_multilingual_stars,7500,194,0.012468074711719977,0.014677769486676784,0.013215985867472163,0.014534993843896291,0.013545258754247835,0.01945304092394015
bert_multilingual_stars,7500,195,0.012468074711719977,0.012359368553839923,0.011930033765040326,0.013557564799099772,0.012260119118091157,0.018095487537679682
bert_multilingual_stars,7500,196,0.012468074711719977,0.011608947446333043,0.012566728400359464,0.013934911590225144,0.012903495918866087,0.018824144894557634
bert_multilingual_stars,7500,197,0.012468074711719977,0.009132062851982774,0.011207407534473168,0.012460972602258568,0.011476599360945566,0.016896312837745352
bert_multilingual_stars,7500,198,0.012468074711719977,0.013738505805965808,0.013209271750982614,0.015195337667878369,0.013496410475351177,0.01987461443529905
bert_multilingual_stars,7500,199,0.012468074711719977,0.015171693555640109,0.013265993421003852,0.014604201786677434,0.013634435153538947,0.01987613727303197
bert_multilingual_stars,10000,0,0.012468074711719977,0.011194269052611623,0.011537860802763002,0.012704004417770991,0.011790898245662233,0.017463687717821794
bert_multilingual_stars,10000,1,0.012468074711719977,0.010746732611567672,0.012700724393947283,0.013950286493484666,0.013014281726932043,0.017859384315321858
bert_multilingual_stars,10000,2,0.012468074711719977,0.01314868909642993,0.012417595079157866,0.013883351694883757,0.01283855243609968,0.019446812017736455
bert_multilingual_stars,10000,3,0.012468074711719977,0.011661161378871986,0.012280838062526275,0.013568035809337601,0.012610977651460409,0.018907751431970307
bert_multilingual_stars,10000,4,0.012468074711719977,0.011935791748308094,0.013516259012105842,0.014682240551930984,0.013795246660612917,0.01895762809549667
bert_multilingual_stars,10000,5,0.012468074711719977,0.01535411238144195,0.013427172879539007,0.01466646815660829,0.013769127355266378,0.02020640201591218
bert_multilingual_stars,10000,6,0.012468074711719977,0.011967326855073297,0.011592314842627852,0.012897052715913748,0.011944947978910188,0.017654713216159346
bert_multilingual_stars,10000,7,0.012468074711719977,0.012626871507787938,0.011794509887088423,0.013140132252873563,0.012186784685751111,0.01782750582353583
bert_multilingual_stars,10000,8,0.012468074711719977,0.011865418769199571,0.012703191171030597,0.014167045234502395,0.013225672005952873,0.018653319390299787
bert_multilingual_stars,10000,9,0.012468074711719977,0.013088186536942268,0.012343255135876152,0.013859926653373593,0.012705980192472677,0.019023211014116508
bert_multilingual_stars,10000,10,0.012468074711719977,0.013579047471857385,0.012188944386271782,0.013589726079368092,0.01263969265612738,0.0184710026119035
bert_multilingual_stars,10000,11,0.012468074711719977,0.013080307939133038,0.012350100565848844,0.013916138665044759,0.012567032449021125,0.019121947930843673
bert_multilingual_stars,10000,12,0.012468074711719977,0.012769500144225078,0.013025907340664139,0.014372852299803432,0.01341549787387351,0.019277252699301382
bert_multilingual_stars,10000,13,0.012468074711719977,0.012313325411995753,0.012465581911902118,0.013991276235022226,0.012985200869073161,0.01884012169374304
bert_multilingual_stars,10000,14,0.012468074711719977,0.012671894161896364,0.01228629384046676,0.013470029707934214,0.012728077027038202,0.018075120365448637
bert_multilingual_stars,10000,15,0.012468074711719977,0.011993542248419722,0.012393009630256871,0.013466616994342148,0.012867186851386703,0.018291716436262706
bert_multilingual_stars,10000,16,0.012468074711719977,0.01350542226356685,0.012320532356461468,0.01377657378774591,0.012800687363386866,0.01873905484115808
bert_multilingual_stars,10000,17,0.012468074711719977,0.012562850555933987,0.012490135429187216,0.013711760084821261,0.012879414466147064,0.018503121012823077
bert_multilingual_stars,10000,18,0.012468074711719977,0.012431923616979304,0.01279451523536447,0.01397133014331023,0.013088192112241742,0.01898115383360374
bert_multilingual_stars,10000,19,0.012468074711719977,0.014000839530761332,0.012298731078187684,0.013501172117759211,0.012599846396347711,0.01892210421317968
bert_multilingual_stars,10000,20,0.012468074711719977,0.011480719225231143,0.013462697326028507,0.014621962088302848,0.013549500347995697,0.019598358981127943
bert_multilingual_stars,10000,21,0.012468074711719977,0.009690107710451904,0.011364624101633025,0.012567445752595777,0.011668800749334721,0.0173900769602493
bert_multilingual_stars,10000,22,0.012468074711719977,0.010855902524519968,0.011577689553066565,0.013010137815831208,0.012082205686266268,0.01771444138796268
bert_multilingual_stars,10000,23,0.012468074711719977,0.010331402495426124,0.01048441427885928,0.011890706605289476,0.01081791260526613,0.017218815037674064
bert_multilingual_stars,10000,24,0.012468074711719977,0.011336951317636033,0.012472647313328191,0.01370289242234443,0.012760291934945265,0.01866499780795357
bert_multilingual_stars,10000,25,0.012468074711719977,0.01090659721817169,0.012303452834785636,0.013487316840524885,0.012567465650376036,0.017790231055464338
bert_multilingual_stars,10000,26,0.012468074711719977,0.013806438660840442,0.013305585748666459,0.014810960960484135,0.013795021068353354,0.02006609610412826
bert_multilingual_stars,10000,27,0.012468074711719977,0.01370850176689382,0.012448063374631238,0.014104649580389584,0.01299643080580123,0.019312254167275507
bert_multilingual_stars,10000,28,0.012468074711719977,0.012166534220976643,0.01176001710776448,0.012911520904742926,0.01216576743076285,0.018280834193467686
bert_multilingual_stars,10000,29,0.012468074711719977,0.011602726303326578,0.011839903656573647,0.013356176253419142,0.012459417933596277,0.018317065418767133
bert_multilingual_stars,10000,30,0.012468074711719977,0.011757521521869652,0.012368815829847795,0.013311047736746228,0.012594155802296485,0.017694961606931337
bert_multilingual_stars,10000,31,0.012468074711719977,0.013158750071268153,0.013172783964210951,0.014424118663876407,0.01343831148626887,0.01986984092758831
bert_multilingual_stars,10000,32,0.012468074711719977,0.010650660633763158,0.012129187558974717,0.01340086955580882,0.012514271157308458,0.01845089631247717
bert_multilingual_stars,10000,33,0.012468074711719977,0.014055132175197532,0.013578719616364834,0.014838272430685048,0.013934568078597583,0.019732892286873492
bert_multilingual_stars,10000,34,0.012468074711719977,0.014497138537618975,0.013985375220186107,0.015198630385724185,0.014367643274941439,0.02054874485768351
bert_multilingual_stars,10000,35,0.012468074711719977,0.011380072448380546,0.012329767416145007,0.013704214106891727,0.012501315097461954,0.018903615573429962
bert_multilingual_stars,10000,36,0.012468074711719977,0.010899495067375012,0.01079620486185069,0.012500198571899483,0.011242455810379857,0.016884389069912877
bert_multilingual_stars,10000,37,0.012468074711719977,0.012139307484645345,0.011963253767643034,0.012971993637404316,0.012322832688668314,0.01757723060794291
bert_multilingual_stars,10000,38,0.012468074711719977,0.013463529942212787,0.012058554208173733,0.013276526055951556,0.012420527952393371,0.01821071405116059
bert_multilingual_stars,10000,39,0.012468074711719977,0.013425796916550303,0.013621573407859643,0.014910475027246996,0.01389982635665124,0.01994202533512532
bert_multilingual_stars,10000,40,0.012468074711719977,0.013933440929521245,0.012614883150230028,0.013967611088740667,0.013093478218273946,0.019162121178649523
bert_multilingual_stars,10000,41,0.012468074711719977,0.01318617187818455,0.011974708593148213,0.013249450583667034,0.012323758944742242,0.018795866473047377
bert_multilingual_stars,10000,42,0.012468074711719977,0.010718970914745942,0.012397546024667411,0.013309872341858386,0.012640713345173754,0.017616672085424084
bert_multilingual_stars,10000,43,0.012468074711719977,0.011139508299479491,0.01296012305975785,0.013898394546936721,0.013384564330963062,0.018410125693183173
bert_multilingual_stars,10000,44,0.012468074711719977,0.012473355649480265,0.011889079351563372,0.013335460605546676,0.012227298215712659,0.018714540186980627
bert_multilingual_stars,10000,45,0.012468074711719977,0.012018389606085759,0.012211807966631082,0.013622280905538397,0.012729618757812226,0.018455924687727956
bert_multilingual_stars,10000,46,0.012468074711719977,0.012967328331701123,0.012912822255493962,0.013934956687651986,0.013266097729954993,0.01880087128746664
bert_multilingual_stars,10000,47,0.012468074711719977,0.012311459725150865,0.012587225842031265,0.013661173769536766,0.012819077356964827,0.01855143191853953
bert_multilingual_stars,10000,48,0.012468074711719977,0.012920580772288182,0.012315122207993578,0.013476002148624952,0.012721346782757423,0.01820778130961159
bert_multilingual_stars,10000,49,0.012468074711719977,0.013368737733432027,0.01283348582136472,0.014436354751824521,0.013316314796598594,0.019519826803875748
bert_multilingual_stars,10000,50,0.012468074711719977,0.014245150790495474,0.013841734590760844,0.015073509211775159,0.014221690655536435,0.02005190859680793
bert_multilingual_stars,10000,51,0.012468074711719977,0.014361561474283434,0.013206024746498993,0.01437470497791932,0.013501854718509341,0.018805496278220257
bert_multilingual_stars,10000,52,0.012468074711719977,0.011921497746764362,0.011238406881147555,0.012429251665088783,0.011570313754186295,0.0174213562804808
bert_multilingual_stars,10000,53,0.012468074711719977,0.01338387056318808,0.012395334364355968,0.013755406095445224,0.012751254797882616,0.018592909197897828
bert_multilingual_stars,10000,54,0.012468074711719977,0.01249799226244444,0.011813980423832157,0.0131071103954924,0.012387259206052905,0.01836597980212925
bert_multilingual_stars,10000,55,0.012468074711719977,0.013243878523828497,0.013429572167078697,0.014700792215354164,0.013745284270827034,0.019303886716621272
bert_multilingual_stars,10000,56,0.012468074711719977,0.01160500442073018,0.012033226023007252,0.013252877468731532,0.012278797826687973,0.01859922971466877
bert_multilingual_stars,10000,57,0.012468074711719977,0.010685143000041546,0.011214576948798195,0.012418538014300975,0.011471075042658535,0.01731212317328826
bert_multilingual_stars,10000,58,0.012468074711719977,0.011747948322317613,0.011907709479424105,0.013120002550245003,0.01203524923351633,0.018226300424483137
bert_multilingual_stars,10000,59,0.012468074711719977,0.012170999608822017,0.013212040109890648,0.014423003810289263,0.01333670659358065,0.018901039066714573
bert_multilingual_stars,10000,60,0.012468074711719977,0.01264780819119604,0.01281121335588539,0.014271141535507787,0.013228530817042792,0.01880064085581641
bert_multilingual_stars,10000,61,0.012468074711719977,0.012789541347070239,0.011834505234822395,0.013214105658567028,0.012085833558806144,0.017629632173724284
bert_multilingual_stars,10000,62,0.012468074711719977,0.014722858353511956,0.01266519330361683,0.01415722073346861,0.012947508871551975,0.019234746592604327
bert_multilingual_stars,10000,63,0.012468074711719977,0.010322739850392016,0.011418499168857286,0.01230497160782054,0.011789129807449816,0.01700067153692244
bert_multilingual_stars,10000,64,0.012468074711719977,0.011616903664533605,0.011744821047334765,0.013036541307541514,0.012073151563559025,0.018349514186502876
bert_multilingual_stars,10000,65,0.012468074711719977,0.01283425873851001,0.013843414092227474,0.015373112159372626,0.014130316452417708,0.019721345563780072
bert_multilingual_stars,10000,66,0.012468074711719977,0.00997381470997721,0.011207478459741856,0.01239033965915032,0.011400605134316816,0.017285326472198635
bert_multilingual_stars,10000,67,0.012468074711719977,0.012689806728395089,0.012272040486498936,0.013557825619019071,0.012685888102502235,0.018046689057971473
bert_multilingual_stars,10000,68,0.012468074711719977,0.014067907002187963,0.013236821744029325,0.014322758944492696,0.013639275292247168,0.019045679037757956
bert_multilingual_stars,10000,69,0.012468074711719977,0.01184344036019977,0.011853442102941786,0.01311187814800361,0.011971153674181348,0.017478177297269026
bert_multilingual_stars,10000,70,0.012468074711719977,0.012475262590192673,0.012580184940686558,0.01392614186270999,0.012910391258926495,0.01893170415455984
bert_multilingual_stars,10000,71,0.012468074711719977,0.01585579639494651,0.013120037147066858,0.014850897141654662,0.013731686971331342,0.0200208194671053
bert_multilingual_stars,10000,72,0.012468074711719977,0.014165817997879518,0.01375985741161912,0.01501343795899074,0.01417932585731751,0.01964954282535972
bert_multilingual_stars,10000,73,0.012468074711719977,0.012278187647918317,0.013320006822141716,0.01448319788060649,0.013640925766265395,0.019335126824502783
bert_multilingual_stars,10000,74,0.012468074711719977,0.013627656420575122,0.012311743037967515,0.01377230353571431,0.012667727723469448,0.018050543763304585
bert_multilingual_stars,10000,75,0.012468074711719977,0.014828315142343033,0.013413986106076565,0.015115274767963533,0.013889275650444744,0.02001977919934385
bert_multilingual_stars,10000,76,0.012468074711719977,0.01469611520727589,0.014214338307884931,0.015684396917215862,0.014652258787454856,0.02107834051557388
bert_multilingual_stars,10000,77,0.012468074711719977,0.01201769622250016,0.010934866986509355,0.012325022583306963,0.011304059790070353,0.017014077933366466
bert_multilingual_stars,10000,78,0.012468074711719977,0.01409790910412644,0.013141931194385654,0.014752852372212424,0.013393835833147452,0.019470800131892757
bert_multilingual_stars,10000,79,0.012468074711719977,0.012893347597975504,0.012247579470538873,0.013815226170955578,0.012638839422605888,0.01951984859475426
bert_multilingual_stars,10000,80,0.012468074711719977,0.01101792664159815,0.010714915170248309,0.011819241456234022,0.01112019836674809,0.017163537629094887
bert_multilingual_stars,10000,81,0.012468074711719977,0.013070392712097189,0.012259130316785485,0.014202753959912225,0.01262452540453671,0.01931345209614913
bert_multilingual_stars,10000,82,0.012468074711719977,0.013646451935253276,0.013460850719173446,0.01495093516284635,0.013779886616414968,0.01944758361675934
bert_multilingual_stars,10000,83,0.012468074711719977,0.01182902098164292,0.011957027989018307,0.013413988309984866,0.012289024122631012,0.018538290676578213
bert_multilingual_stars,10000,84,0.012468074711719977,0.012716119914265422,0.011472686093834703,0.012888500771549339,0.011805647212151165,0.017803578384201643
bert_multilingual_stars,10000,85,0.012468074711719977,0.014003231086288304,0.012852159705814008,0.014048671306926669,0.013128188674965669,0.018656034230962196
bert_multilingual_stars,10000,86,0.012468074711719977,0.013191334862685727,0.012303818940984023,0.013773553398797432,0.012681724062113375,0.019061435313131765
bert_multilingual_stars,10000,87,0.012468074711719977,0.010462845103684507,0.011336050525425306,0.012602590054042576,0.011796757542832582,0.017700624629755336
bert_multilingual_stars,10000,88,0.012468074711719977,0.013113551717778754,0.012819752031769603,0.014166825948291469,0.013042573623325228,0.019085515008203865
bert_multilingual_stars,10000,89,0.012468074711719977,0.011460674453891652,0.011979931011537647,0.013541091757002736,0.012327305495984524,0.018497437604566368
bert_multilingual_stars,10000,90,0.012468074711719977,0.01263514672274681,0.01243527993612287,0.01354535184434914,0.012952705727870148,0.01913944851187542
bert_multilingual_stars,10000,91,0.012468074711719977,0.012834344938089373,0.013280530113831355,0.014395157210719269,0.01368416302234203,0.01887331128965584
bert_multilingual_stars,10000,92,0.012468074711719977,0.012182554218220329,0.013467881304636628,0.014623592134562088,0.013676449019069625,0.018970943230671417
bert_multilingual_stars,10000,93,0.012468074711719977,0.01206995870464085,0.012126591291267516,0.013402424611553249,0.012440408982693314,0.018234519583448974
bert_multilingual_stars,10000,94,0.012468074711719977,0.012489921564736479,0.011434909989150506,0.01265182087599592,0.011723436014481744,0.01694095320727675
bert_multilingual_stars,10000,95,0.012468074711719977,0.012750012140139854,0.013301752825735386,0.01469290805961133,0.013569361283218825,0.0190931519828791
bert_multilingual_stars,10000,96,0.012468074711719977,0.014094756757726855,0.013971693854655753,0.015258387115783516,0.014166947932333668,0.020026318739601968
bert_multilingual_stars,10000,97,0.012468074711719977,0.01195704843573105,0.012537317501822447,0.013692922058109715,0.012981492548241965,0.01852153755253696
bert_multilingual_stars,10000,98,0.012468074711719977,0.015079784535414604,0.014119297929559503,0.015210156754263512,0.014518373814751752,0.020326195853908272
bert_multilingual_stars,10000,99,0.012468074711719977,0.012962715526514602,0.013549355689339139,0.014648900568303544,0.013720907504584844,0.01959434443830681
bert_multilingual_stars,10000,100,0.012468074711719977,0.012511444520618236,0.011788296766953081,0.013153669150614005,0.012317551634544604,0.018558681096615584
bert_multilingual_stars,10000,101,0.012468074711719977,0.014490533977995525,0.013203579123021895,0.014802202701460616,0.013457340616125425,0.01967570457203853
bert_multilingual_stars,10000,102,0.012468074711719977,0.012149100412950175,0.012849034724067605,0.014076497166551068,0.013033006206657238,0.019038735252217862
bert_multilingual_stars,10000,103,0.012468074711719977,0.013150137821475397,0.012409564492351841,0.01370928617899929,0.01269057840576482,0.01832228540158491
bert_multilingual_stars,10000,104,0.012468074711719977,0.012267970368813852,0.012713031913750544,0.013648587131989567,0.01316552591246016,0.018141073732424746
bert_multilingual_stars,10000,105,0.012468074711719977,0.013496352959223287,0.012298281687644314,0.0134819484240092,0.01265223666054333,0.0185428560436165
bert_multilingual_stars,10000,106,0.012468074711719977,0.010811306896260885,0.01140761997764615,0.012549237944074492,0.011615351869566701,0.017514333737597847
bert_multilingual_stars,10000,107,0.012468074711719977,0.013861231040353408,0.013197766022673715,0.01456615390815684,0.013607635383263879,0.019252674790002266
bert_multilingual_stars,10000,108,0.012468074711719977,0.012248240920883708,0.011646970362168274,0.013251736209738598,0.012150147983018686,0.01855697610233079
bert_multilingual_stars,10000,109,0.012468074711719977,0.015440255193383249,0.014822565383226212,0.01593648206961075,0.015244194220843759,0.020829805938239916
bert_multilingual_stars,10000,110,0.012468074711719977,0.01095970351807992,0.01087949680083903,0.012301918517266395,0.0112073036640302,0.017516202375411388
bert_multilingual_stars,10000,111,0.012468074711719977,0.009333276885570353,0.011383774567233676,0.012826329632705113,0.011737540969428997,0.017472203273844786
bert_multilingual_stars,10000,112,0.012468074711719977,0.0148621427055458,0.012131444270673166,0.013744729542077172,0.012546225664367716,0.01965151586440544
bert_multilingual_stars,10000,113,0.012468074711719977,0.013366220548382166,0.011965273482024953,0.01326532987142445,0.012442961824533166,0.01814065660093033
bert_multilingual_stars,10000,114,0.012468074711719977,0.011244928901327226,0.010713330334492479,0.01225554513564853,0.011001773749623862,0.017883792549360903
bert_multilingual_stars,10000,115,0.012468074711719977,0.013635763266215623,0.013785354827418128,0.014788444497067496,0.014015433400736538,0.01917290372906715
bert_multilingual_stars,10000,116,0.012468074711719977,0.014296485573138017,0.013237745582513052,0.01467155423688674,0.01378938892748108,0.0196407497952335
bert_multilingual_stars,10000,117,0.012468074711719977,0.010846847862962472,0.012305161652509717,0.013380692433493685,0.012610158401419703,0.018101195272385514
bert_multilingual_stars,10000,118,0.012468074711719977,0.013547980035797061,0.012504313266177092,0.013715208897085105,0.012831388715392831,0.01890086231141087
bert_multilingual_stars,10000,119,0.012468074711719977,0.012764624569613569,0.012832595656617738,0.013892890455864313,0.013024158316069942,0.01890297093171465
bert_multilingual_stars,10000,120,0.012468074711719977,0.012100533920621116,0.011978967190140136,0.01310435704461548,0.012098000485766574,0.01776970610564881
bert_multilingual_stars,10000,121,0.012468074711719977,0.011451775233872967,0.013261640582690148,0.014693220295398933,0.013375946173691151,0.018751708445538886
bert_multilingual_stars,10000,122,0.012468074711719977,0.013337544044912988,0.011817940961078693,0.013025695102554111,0.012260688640713623,0.018460823366251235
bert_multilingual_stars,10000,123,0.012468074711719977,0.01228216747568366,0.012215480868001567,0.01338971806159393,0.012598330853225795,0.017631530886712456
bert_multilingual_stars,10000,124,0.012468074711719977,0.0113817334264462,0.011508987672315238,0.012668957845314624,0.011986954735381175,0.017581630773477092
bert_multilingual_stars,10000,125,0.012468074711719977,0.011859858102201755,0.011409368458623588,0.012609663042338272,0.01165961437619695,0.017578988257506426
bert_multilingual_stars,10000,126,0.012468074711719977,0.014243699245823072,0.012612653296640361,0.014171948011191388,0.012977564010113836,0.01865462938479948
bert_multilingual_stars,10000,127,0.012468074711719977,0.013548602019714343,0.012430471155754932,0.014006948985865351,0.012918260416511786,0.01904597638330268
bert_multilingual_stars,10000,128,0.012468074711719977,0.01378697815677107,0.012935001697279657,0.014234146443348408,0.013116373054763108,0.018899758620114334
bert_multilingual_stars,10000,129,0.012468074711719977,0.011515894307724315,0.01194723588488525,0.013353783787469887,0.012296646586241926,0.01772840733256817
bert_multilingual_stars,10000,130,0.012468074711719977,0.009845070003724837,0.012166946195883101,0.013654424194854364,0.012260988103980724,0.017774916366382027
bert_multilingual_stars,10000,131,0.012468074711719977,0.011115336149482019,0.011282785402098795,0.012438933193308781,0.011610608413686562,0.016969364565501414
bert_multilingual_stars,10000,132,0.012468074711719977,0.011454517702705789,0.01138525031011872,0.012690829254718988,0.011610868499740577,0.017664580841568616
bert_multilingual_stars,10000,133,0.012468074711719977,0.01218501745162337,0.011482136610840844,0.012980592325153554,0.012049604395991755,0.018407119397568585
bert_multilingual_stars,10000,134,0.012468074711719977,0.011891824145093904,0.012009495026833907,0.013695411218030465,0.01226325532203114,0.01876417836385192
bert_multilingual_stars,10000,135,0.012468074711719977,0.01416995884769112,0.012740217676061713,0.013889626481149706,0.01321792077739344,0.018959562235657614
bert_multilingual_stars,10000,136,0.012468074711719977,0.011662501191074594,0.011656005554321416,0.012893755950487062,0.01200514891662378,0.017056063203971305
bert_multilingual_stars,10000,137,0.012468074711719977,0.011662769421426567,0.011238078720112173,0.012535746690348834,0.011610054870930473,0.01760087948056625
bert_multilingual_stars,10000,138,0.012468074711719977,0.0148162423806347,0.012779123521188308,0.013911885014967295,0.013037802306455527,0.01900276040181677
bert_multilingual_stars,10000,139,0.012468074711719977,0.012952627654568864,0.01254663064652551,0.01383594852193278,0.013025727561223664,0.01801560181319023
bert_multilingual_stars,10000,140,0.012468074711719977,0.013300236851612232,0.012594997432653576,0.013887045844744353,0.01285772333539967,0.01799919959979021
bert_multilingual_stars,10000,141,0.012468074711719977,0.011956535597816677,0.012240397139800269,0.013498928070410074,0.01247420437295646,0.018180526164370263
bert_multilingual_stars,10000,142,0.012468074711719977,0.012704790299548928,0.013383646407999628,0.01453423792709913,0.013774490587831884,0.01895041696459908
bert_multilingual_stars,10000,143,0.012468074711719977,0.012149567047935692,0.013326644574058086,0.014452787144804935,0.013556422668485703,0.018938752050099154
bert_multilingual_stars,10000,144,0.012468074711719977,0.01061186709374578,0.01203739767496623,0.01323016531484421,0.01248261618376965,0.017860019652375523
bert_multilingual_stars,10000,145,0.012468074711719977,0.012478250107248144,0.012418915708409783,0.013592161235951972,0.012681444913610855,0.018219655852609908
bert_multilingual_stars,10000,146,0.012468074711719977,0.013004469198956571,0.012047910828754336,0.013068303890788535,0.012298063837079936,0.01752231901085163
bert_multilingual_stars,10000,147,0.012468074711719977,0.01503101147327661,0.014588477308151876,0.016039438614215154,0.015091564052084038,0.021017971303490354
bert_multilingual_stars,10000,148,0.012468074711719977,0.01189004716336965,0.012309550112621515,0.013389497846730764,0.012490145976924199,0.01872851296295627
bert_multilingual_stars,10000,149,0.012468074711719977,0.011804144609874802,0.011321153953025279,0.012519741487162301,0.011529114288080585,0.01714623545866123
bert_multilingual_stars,10000,150,0.012468074711719977,0.010247787042832307,0.011598726932765875,0.013038409675903716,0.011946807830897185,0.017244135939634996
bert_multilingual_stars,10000,151,0.012468074711719977,0.013427609582004259,0.01306928918939162,0.014375663453737886,0.013428338270949667,0.0195896446513268
bert_multilingual_stars,10000,152,0.012468074711719977,0.014416372654389763,0.013622242515472576,0.014749812324596665,0.014058387499039536,0.019628207400016973
bert_multilingual_stars,10000,153,0.012468074711719977,0.01277308978904036,0.013284474857180874,0.01455442231411343,0.013478403256081796,0.019844816806394727
bert_multilingual_stars,10000,154,0.012468074711719977,0.013903619099664184,0.013209342762084377,0.014365653177106388,0.01350212413400575,0.019083816036950533
bert_multilingual_stars,10000,155,0.012468074711719977,0.013012923624397939,0.013262646020222438,0.014553887176507505,0.013536205440740738,0.018500817457082434
bert_multilingual_stars,10000,156,0.012468074711719977,0.012952954770662738,0.011999840847490284,0.013276417393998118,0.012159418269930687,0.018244748603393316
bert_multilingual_stars,10000,157,0.012468074711719977,0.010310880454939088,0.011207611139013354,0.012095225838635428,0.011302822034991786,0.01673088776104637
bert_multilingual_stars,10000,158,0.012468074711719977,0.010857160294645904,0.012236613321572791,0.013385152099901154,0.012622965157587245,0.017825795453946292
bert_multilingual_stars,10000,159,0.012468074711719977,0.012444167252870293,0.012692407526802504,0.013936706325646663,0.013160046619277083,0.018303662822177855
bert_multilingual_stars,10000,160,0.012468074711719977,0.011261439624306318,0.011853373638768552,0.013201742340832894,0.01229252355572781,0.018639213257826845
bert_multilingual_stars,10000,161,0.012468074711719977,0.012067381641830263,0.012092703539071466,0.013452472982619477,0.012477245906717907,0.01815847566835277
bert_multilingual_stars,10000,162,0.012468074711719977,0.010025006961486938,0.011356600618033025,0.012482049049250196,0.011614373217252663,0.017473506315977397
bert_multilingual_stars,10000,163,0.012468074711719977,0.010788496173846585,0.011647077843544257,0.012779256335886766,0.012035104116829894,0.017115051080092786
bert_multilingual_stars,10000,164,0.012468074711719977,0.010402115492715736,0.011204956691365748,0.01261981794346188,0.011411285816260525,0.017014805724822703
bert_multilingual_stars,10000,165,0.012468074711719977,0.012632692693552983,0.012319766434643116,0.013457374424601178,0.012690958623965718,0.019004467345780634
bert_multilingual_stars,10000,166,0.012468074711719977,0.009973912854203782,0.011875400427602836,0.013079688944226092,0.01222005824529395,0.017703700800445202
bert_multilingual_stars,10000,167,0.012468074711719977,0.013985405752621005,0.013236240919612454,0.01492762272954422,0.013631295016308735,0.01978307826463252
bert_multilingual_stars,10000,168,0.012468074711719977,0.0141103207418057,0.012588434854270261,0.014037567505917671,0.012931921591732128,0.019580995293318724
bert_multilingual_stars,10000,169,0.012468074711719977,0.012679784038462179,0.011754143319719785,0.012899803806827079,0.012133681688510003,0.018331859292442555
bert_multilingual_stars,10000,170,0.012468074711719977,0.013641010125831972,0.012575609027587689,0.014041270901434137,0.013021287707611223,0.01875038212781311
bert_multilingual_stars,10000,171,0.012468074711719977,0.012832710785775919,0.012015376845761282,0.013435609081817268,0.012342852976845547,0.01814566778393263
bert_multilingual_stars,10000,172,0.012468074711719977,0.012526094934310006,0.011958979102414426,0.013435374691689095,0.01230115914955163,0.017873901616554347
bert_multilingual_stars,10000,173,0.012468074711719977,0.012228669106372467,0.012844758138096006,0.013872899206512003,0.013101372727307398,0.018599005483565766
bert_multilingual_stars,10000,174,0.012468074711719977,0.011915078512087915,0.012001359045425437,0.013212355358179788,0.012358349604899026,0.017846402219050688
bert_multilingual_stars,10000,175,0.012468074711719977,0.011319518232524538,0.011343055041233537,0.012732705423524227,0.011644292708723346,0.01753707967736346
bert_multilingual_stars,10000,176,0.012468074711719977,0.01280806388702658,0.011567497814927215,0.012929491393565851,0.011958050237692582,0.018082719921846846
bert_multilingual_stars,10000,177,0.012468074711719977,0.012689026080042994,0.012193427111719996,0.01317904841147336,0.012387853659160623,0.01760070435881643
bert_multilingual_stars,10000,178,0.012468074711719977,0.011837215826097381,0.011306214818995025,0.012941074046117773,0.011738720040812741,0.01827764804806855
bert_multilingual_stars,10000,179,0.012468074711719977,0.013470602643793381,0.012822667996206821,0.014259013801036781,0.01326347199988216,0.018739850777373303
bert_multilingual_stars,10000,180,0.012468074711719977,0.012240136208023151,0.013680951382005828,0.014737311071084754,0.014050091348676451,0.01945690695351624
bert_multilingual_stars,10000,181,0.012468074711719977,0.015179953705194751,0.014959920244114472,0.01613785585643388,0.015242873600337025,0.021040420457212997
bert_multilingual_stars,10000,182,0.012468074711719977,0.012971537666297411,0.013248862817097237,0.014858557484067067,0.013498037059595394,0.01973581173713183
bert_multilingual_stars,10000,183,0.012468074711719977,0.013094383163121396,0.012843304555266787,0.014114170085355097,0.013245046885474815,0.01893031395372577
bert_multilingual_stars,10000,184,0.012468074711719977,0.013545763761769036,0.012602824795320827,0.01399759970882381,0.013110342057311047,0.01867223807214783
bert_multilingual_stars,10000,185,0.012468074711719977,0.012660090797022084,0.013070750752031962,0.01403899125368838,0.013394426416791642,0.018590222555110923
bert_multilingual_stars,10000,186,0.012468074711719977,0.012502426866517357,0.01153330591889156,0.01287413183079418,0.011773582816874168,0.01800504108478573
bert_multilingual_stars,10000,187,0.012468074711719977,0.015199399307385668,0.013093097353710215,0.01469064350765728,0.013440381817144654,0.019460733446702634
bert_multilingual_stars,10000,188,0.012468074711719977,0.01032282497312254,0.011590607785173644,0.01294138822042665,0.012107681998172406,0.01763422882866002
bert_multilingual_stars,10000,189,0.012468074711719977,0.012691012653002522,0.01258040116604281,0.013501777197051361,0.012878026425985678,0.018156363721443768
bert_multilingual_stars,10000,190,0.012468074711719977,0.011602120898460853,0.012790246362381762,0.014151140614788246,0.01317851049601063,0.018653720021980822
bert_multilingual_stars,10000,191,0.012468074711719977,0.012264582644789681,0.012545310231734972,0.014317199571269593,0.01304811102203467,0.01890318806555399
bert_multilingual_stars,10000,192,0.012468074711719977,0.013185956903770064,0.013371717234549134,0.014754080634179604,0.013802833206087349,0.019572582914508502
bert_multilingual_stars,10000,193,0.012468074711719977,0.012553093956948775,0.012620998547719139,0.013621766584385095,0.012839231653549683,0.01822359270681796
bert_multilingual_stars,10000,194,0.012468074711719977,0.011475914080595798,0.012383321083315135,0.013429995475609727,0.012714027270770149,0.017466872592682894
bert_multilingual_stars,10000,195,0.012468074711719977,0.011942233054763591,0.011490137877362713,0.012843040590081838,0.011592846888737452,0.017859610393597902
bert_multilingual_stars,10000,196,0.012468074711719977,0.015563308018458535,0.014729305368264506,0.01579670351756249,0.015079320340888413,0.021270707460622644
bert_multilingual_stars,10000,197,0.012468074711719977,0.012689204172157798,0.012577657801456246,0.014142973300926027,0.012887573228388328,0.018651686773008564
bert_multilingual_stars,10000,198,0.012468074711719977,0.01357533865809383,0.013204417826069428,0.01453123111185679,0.01326457907294479,0.01982754693883734
bert_multilingual_stars,10000,199,0.012468074711719977,0.012193188767447984,0.012389396141765718,0.014132864244085552,0.012866295965223748,0.01864145445437314
