model,n,rep,reference,rank_ece,hist_10,hist_sqrt,hist_cube_root,hist_n_over_20
bert_sst2,100,0,0.008762385424191844,-0.0014292914841196268,0.013900662179151998,0.013900662179151998,0.00572068091059795,0.010694751897857674
bert_sst2,100,1,0.008762385424191844,0.004544107593774998,0.031974342626577335,0.031974342626577335,0.007044256076706738,0.009904580119092081
bert_sst2,100,2,0.008762385424191844,-0.006308511000856664,0.004155340744329799,0.004155340744329799,0.0030657682182612927,0.0029125799053878513
bert_sst2,100,3,0.008762385424191844,-0.0025744413452151965,0.003314286907907991,0.003314286907907991,0.0008092994930268601,0.0008092994930268601
bert_sst2,100,4,0.008762385424191844,-0.008576000178348381,0.02268511951404568,0.02268511951404568,0.008114324991366249,0.016676474495505533
bert_sst2,100,5,0.008762385424191844,-0.004893656251032196,0.014859459895483259,0.014859459895483259,0.006975599669031796,0.012373536656765221
bert_sst2,100,6,0.008762385424191844,0.009426038592562958,0.02424785694516465,0.02424785694516465,0.02086587558387469,0.014335478450360099
bert_sst2,100,7,0.008762385424191844,-0.0017200253485879769,0.015080849583202133,0.015080849583202133,0.0031005797537692614,0.0040857854812030425
bert_sst2,100,8,0.008762385424191844,0.010003941062805237,0.009771439293367,0.009771439293367,0.007355520960541686,0.008137091038616647
bert_sst2,100,9,0.008762385424191844,0.04716379646741181,0.022517997660253763,0.022517997660253763,0.015671777578651406,0.014884256153057404
bert_sst2,100,10,0.008762385424191844,0.005202326940477905,0.017780631382751353,0.017780631382751353,0.010575594218173355,0.016403284751609105
bert_sst2,100,11,0.008762385424191844,0.022513376352199056,0.04215055300785453,0.04215055300785453,0.02228543025004742,0.025182251232756424
bert_sst2,100,12,0.008762385424191844,0.011781203207759184,0.024865526844631773,0.024865526844631773,0.013475778551035208,0.00939676312150525
bert_sst2,100,13,0.008762385424191844,0.006378985889040625,0.008760829719231849,0.008760829719231849,0.0022566802942004228,0.006985561941742491
bert_sst2,100,14,0.008762385424191844,-0.007897115807003264,0.008536240292444467,0.008536240292444467,0.007502403492834461,0.007502403492834461
bert_sst2,100,15,0.008762385424191844,0.01261506563718328,0.021047694342175287,0.021047694342175287,0.014930346875485266,0.013018044353900188
bert_sst2,100,16,0.008762385424191844,0.012126640107347793,0.007500275060392536,0.007500275060392536,0.00463561999209966,0.004835231656394855
bert_sst2,100,17,0.008762385424191844,0.006342235106547689,0.020841353708496303,0.020841353708496303,0.00503843376893358,0.0048727652986305355
bert_sst2,100,18,0.008762385424191844,0.014641761786191974,0.014711954475380115,0.014711954475380115,0.014103256164329326,0.014468009576758596
bert_sst2,100,19,0.008762385424191844,-0.015495856292416621,0.02423966420826626,0.02423966420826626,0.008521788800984418,0.012466001121526626
bert_sst2,100,20,0.008762385424191844,0.0028350322945526396,0.005616424380681334,0.005616424380681334,0.005567363152026395,0.005567363152026395
bert_sst2,100,21,0.008762385424191844,0.026394009105955903,0.022031518131480552,0.022031518131480552,0.015584971695509769,0.020112609970586375
bert_sst2,100,22,0.008762385424191844,-0.005881761304182759,0.013416509829188475,0.013416509829188475,0.002697295214955812,0.003700722603932325
bert_sst2,100,23,0.008762385424191844,0.011499693919365983,0.013813836493830677,0.013813836493830677,0.011553769233800387,0.0064385814496397695
bert_sst2,100,24,0.008762385424191844,0.00886736741769218,0.02734639309661083,0.02734639309661083,0.007903973281303479,0.006038323474704967
bert_sst2,100,25,0.008762385424191844,0.03741888652210645,0.00925759632585543,0.00925759632585543,0.006609553946819686,0.006524605019113845
bert_sst2,100,26,0.008762385424191844,0.02956528127164756,0.024259245753344136,0.024259245753344136,0.01844119715389495,0.01844119715389495
bert_sst2,100,27,0.008762385424191844,0.02121563172101494,0.02410412115743954,0.02410412115743954,0.008465646593625179,0.006177260807514649
bert_sst2,100,28,0.008762385424191844,0.01897471962789486,0.02822874555029745,0.02822874555029745,0.03039646096707084,0.024429622474024387
bert_sst2,100,29,0.008762385424191844,-0.011064671522098774,0.009596608746109755,0.009596608746109755,0.004099091886737849,0.0029082646602059123
bert_sst2,100,30,0.008762385424191844,0.000536174776578876,0.010896686196397259,0.010896686196397259,0.006852904396142468,0.007701444922826555
bert_sst2,100,31,0.008762385424191844,0.07965361465746919,0.05124774734827103,0.05124774734827103,0.030926539454682055,0.042659892589673065
bert_sst2,100,32,0.008762385424191844,0.014001994583402493,0.014940171735325653,0.014940171735325653,0.0031859819530338325,0.007302255824272024
bert_sst2,100,33,0.008762385424191844,0.020528234443542796,0.018792236112895613,0.018792236112895613,0.011333631617385195,0.011333631617385195
bert_sst2,100,34,0.008762385424191844,0.015116616521344592,0.03205083479911706,0.03205083479911706,0.0055042874117550294,0.015480905062098538
bert_sst2,100,35,0.008762385424191844,0.009934330999834397,0.011080055487742747,0.011080055487742747,0.0037904540515208657,0.004523130885424731
bert_sst2,100,36,0.008762385424191844,0.02721567362809813,0.019128200890634585,0.019128200890634585,0.01769423075674024,0.01769423075674024
bert_sst2,100,37,0.008762385424191844,0.01503340429088712,0.022493203032278645,0.022493203032278645,0.009786265398071474,0.011597057762011276
bert_sst2,100,38,0.008762385424191844,0.008310146612088141,0.020557999936761617,0.020557999936761617,0.010992510907296,0.01296475451704899
bert_sst2,100,39,0.008762385424191844,-0.009757765886713059,0.01334989181938539,0.01334989181938539,0.005916529945392229,0.003889192091514101
bert_sst2,100,40,0.008762385424191844,0.019907957627395424,0.021476953426839352,0.021476953426839352,0.007831997026103876,0.013126265264937332
bert_sst2,100,41,0.008762385424191844,-0.0005565141861972054,0.016505851447964407,0.016505851447964407,0.00899375334882517,0.015813578823847485
bert_sst2,100,42,0.008762385424191844,0.011204515059706205,0.017337651505082423,0.017337651505082423,0.008729694166865828,0.007936973996297246
bert_sst2,100,43,0.008762385424191844,0.0035608236943743586,0.017572744183209223,0.017572744183209223,0.00765857424725611,0.016768644628928315
bert_sst2,100,44,0.008762385424191844,0.01636298238296398,0.02973573971777958,0.02973573971777958,0.010230809420597942,0.018926805422898818
bert_sst2,100,45,0.008762385424191844,0.0059469665144759164,0.011768544816728944,0.011768544816728944,0.005305641614383855,0.005305641614383855
bert_sst2,100,46,0.008762385424191844,0.0058333558805020004,0.009836863655461613,0.009836863655461613,0.00890591481872413,0.00890591481872413
bert_sst2,100,47,0.008762385424191844,0.048567069331678814,0.04897441065736422,0.04897441065736422,0.0268467731385046,0.03125706644067499
bert_sst2,100,48,0.008762385424191844,0.0018093095537554927,0.017621445616064015,0.017621445616064015,0.010904363715613223,0.015701235543235516
bert_sst2,100,49,0.008762385424191844,-0.01019711353242981,0.012760237476056533,0.012760237476056533,0.0028165376251791086,0.003065935957638026
bert_sst2,100,50,0.008762385424191844,-0.0008839139771955704,0.018181355890517368,0.018181355890517368,0.0161373657097334,0.016471368431005266
bert_sst2,100,51,0.008762385424191844,0.0007840786398441837,0.014786302971353433,0.014786302971353433,0.00026634880074337625,0.004281542943266059
bert_sst2,100,52,0.008762385424191844,0.023538071270007933,0.03247457981399883,0.03247457981399883,0.01812650964443127,0.013786122798069006
bert_sst2,100,53,0.008762385424191844,0.006928795979402598,0.008519186666079563,0.008519186666079563,0.005885112089189791,0.006552550323691656
bert_sst2,100,54,0.008762385424191844,-0.00277065616800839,0.015211257887009295,0.015211257887009295,0.007589300854221307,0.004827469148219962
bert_sst2,100,55,0.008762385424191844,-0.00046306567870256276,0.027278214691609227,0.027278214691609227,0.0046626431091075626,0.007929185695926684
bert_sst2,100,56,0.008762385424191844,-0.0018363614547751627,0.013838359885279783,0.013838359885279783,0.006971015038179473,0.009545213905707832
bert_sst2,100,57,0.008762385424191844,0.010914055145075954,0.014580796741341735,0.014580796741341735,0.008978627369909885,0.01449481532548078
bert_sst2,100,58,0.008762385424191844,0.018249453875035095,0.022686770641382654,0.022686770641382654,0.012868449694866738,0.014810173566238018
bert_sst2,100,59,0.008762385424191844,0.002402390188107049,0.015769152805409296,0.015769152805409296,0.008724152045774829,0.0076508690502829005
bert_sst2,100,60,0.008762385424191844,0.020894107056927763,0.0165598328953011,0.0165598328953011,0.008606576876336454,0.009457706993008434
bert_sst2,100,61,0.008762385424191844,-0.006973118343462627,0.013696101685813342,0.013696101685813342,0.012480131879325052,0.00982279514364076
bert_sst2,100,62,0.008762385424191844,0.008513031983728827,0.01570305179861607,0.01570305179861607,0.008693194950277731,0.013931273427199778
bert_sst2,100,63,0.008762385424191844,-0.004575945127787667,0.009646909021674711,0.009646909021674711,0.008381614271791914,0.00853202131217415
bert_sst2,100,64,0.008762385424191844,0.0037107127553694507,0.011400880570032489,0.011400880570032489,0.008736188880912855,0.009318136063328267
bert_sst2,100,65,0.008762385424191844,0.0025436186118619917,0.025256803320966453,0.025256803320966453,0.008336991759952476,0.017404617249501073
bert_sst2,100,66,0.008762385424191844,0.0009916438836065024,0.022899656014325604,0.022899656014325604,0.0037333514789379286,0.0037333514789379286
bert_sst2,100,67,0.008762385424191844,0.018687127537206673,0.02567709770979609,0.02567709770979609,0.006631219924198059,0.01401848540897914
bert_sst2,100,68,0.008762385424191844,-0.0048408593954003785,0.009169352282915873,0.009169352282915873,0.007324864606812583,0.008152812209029177
bert_sst2,100,69,0.008762385424191844,0.009574226300255416,0.02320218830573452,0.02320218830573452,0.00835803774552253,0.017635303587681214
bert_sst2,100,70,0.008762385424191844,0.011458588993574891,0.010052533996662154,0.010052533996662154,0.009832443694771084,0.009878229404873116
bert_sst2,100,71,0.008762385424191844,-0.005192018570640682,0.003404458944568581,0.003404458944568581,0.0027954982137847087,0.0028798198528040653
bert_sst2,100,72,0.008762385424191844,-0.0020153655443409663,0.00431817452177656,0.00431817452177656,0.0005501960380439191,0.0015768375223907858
bert_sst2,100,73,0.008762385424191844,0.002003895074036781,0.008666303631652286,0.008666303631652286,0.011256542522187031,0.007724918936652512
bert_sst2,100,74,0.008762385424191844,0.0026476913132806187,0.01518426704346476,0.01518426704346476,0.009833415631086799,0.011034308863299244
bert_sst2,100,75,0.008762385424191844,0.004428385353418549,0.00611748897837731,0.00611748897837731,0.0018389487858115664,0.002546640186842181
bert_sst2,100,76,0.008762385424191844,0.02527626845440566,0.01958462582027779,0.01958462582027779,0.007936299213460929,0.007936299213460929
bert_sst2,100,77,0.008762385424191844,-0.0019488816569790007,0.008252690768733275,0.008252690768733275,0.007233130832414217,0.007233130832414217
bert_sst2,100,78,0.008762385424191844,0.012919212041056428,0.02550022115579715,0.02550022115579715,0.013933414190839809,0.008746151869753766
bert_sst2,100,79,0.008762385424191844,0.008769646139703994,0.0233853853286936,0.0233853853286936,0.012488104566168138,0.007331293317844621
bert_sst2,100,80,0.008762385424191844,-0.0071233981521332855,0.014024387590318274,0.014024387590318274,0.004394637184214544,0.005181908077506274
bert_sst2,100,81,0.008762385424191844,-0.004927174999778205,0.009030365331168737,0.009030365331168737,0.00613117526063807,0.008597634108649473
bert_sst2,100,82,0.008762385424191844,0.002239513265361225,0.009032768149450332,0.009032768149450332,0.006466260714745209,0.0024543395472081545
bert_sst2,100,83,0.008762385424191844,0.021051508048942676,0.014717833519950521,0.014717833519950521,0.00855849267814154,0.007208765737033821
bert_sst2,100,84,0.008762385424191844,0.009728070756292818,0.021848912706828996,0.021848912706828996,0.007933813378799991,0.005952175937146661
bert_sst2,100,85,0.008762385424191844,-0.0016154241895463789,0.021184843529804404,0.021184843529804404,0.007895595131079517,0.014461421053468178
bert_sst2,100,86,0.008762385424191844,0.005485533918078187,0.01935065400954656,0.01935065400954656,0.012857163758283503,0.013802756384746215
bert_sst2,100,87,0.008762385424191844,-0.008085337445155947,0.023814143642537193,0.023814143642537193,0.007243665446185182,0.009393273380596511
bert_sst2,100,88,0.008762385424191844,0.05275026080223494,0.04455933685945547,0.04455933685945547,0.018097516983192882,0.01665894382557471
bert_sst2,100,89,0.008762385424191844,0.012371277332874752,0.011120289492904454,0.011120289492904454,0.0025333277618734143,0.006056664636276414
bert_sst2,100,90,0.008762385424191844,0.005119201800608542,0.01799496921646917,0.01799496921646917,0.005340421988573508,0.009671529094489853
bert_sst2,100,91,0.008762385424191844,0.004878824286041972,0.031141645180342254,0.031141645180342254,0.014295583125848789,0.024155423033399796
bert_sst2,100,92,0.008762385424191844,-0.00614881611295858,0.007829351624796423,0.007829351624796423,0.005129101053571965,0.006294120328949233
bert_sst2,100,93,0.008762385424191844,0.021969728573783893,0.02883236073990696,0.02883236073990696,0.008748201529960937,0.012290046299808155
bert_sst2,100,94,0.008762385424191844,0.00418039785773438,0.021826480009993775,0.021826480009993775,0.007310131186975396,0.014310463409310806
bert_sst2,100,95,0.008762385424191844,0.041595804726949466,0.019753198343220684,0.019753198343220684,0.012575354297242918,0.012575354297242918
bert_sst2,100,96,0.008762385424191844,0.010164408161751997,0.02823588131922472,0.02823588131922472,0.008070308233419029,0.016416709013086707
bert_sst2,100,97,0.008762385424191844,0.012480367001854252,0.00789527786732258,0.00789527786732258,0.00700217416395885,0.005233250200626953
bert_sst2,100,98,0.008762385424191844,0.01765380192999705,0.008072072467641937,0.008072072467641937,0.004819361606224393,0.005403360543239806
bert_sst2,100,99,0.008762385424191844,-0.011191478702910783,0.016986675837558925,0.016986675837558925,0.002276120254143614,0.013366583622351937
bert_sst2,100,100,0.008762385424191844,0.006767680704996998,0.023102120005364143,0.023102120005364143,0.017216454393830422,0.017674870438643114
bert_sst2,100,101,0.008762385424191844,0.018732437800108515,0.027404290413447344,0.027404290413447344,0.016444066009823035,0.026685545670900986
bert_sst2,100,102,0.008762385424191844,0.0235864148639289,0.026832858035400257,0.026832858035400257,0.015260142539394238,0.020269231211492614
bert_sst2,100,103,0.008762385424191844,-0.0019571453606907424,0.009993712121568708,0.009993712121568708,0.0060329747605593525,0.008210218560711904
bert_sst2,100,104,0.008762385424191844,0.0004214828406879618,0.0024469991059920012,0.0024469991059920012,0.0018224802707165904,0.0018224802707165904
bert_sst2,100,105,0.008762385424191844,0.0005984736130686058,0.018490266159923375,0.018490266159923375,0.005962198936784071,0.010867010811790326
bert_sst2,100,106,0.008762385424191844,-0.009341270593745916,0.013427700359928144,0.013427700359928144,0.007666933539017277,0.009926655818474824
bert_sst2,100,107,0.008762385424191844,-0.008231294603337387,0.012797318572859978,0.012797318572859978,0.0042155986550843376,0.006255608411273801
bert_sst2,100,108,0.008762385424191844,0.01679571590517687,0.012040815407578218,0.012040815407578218,0.011635720797984346,0.011605991973176372
bert_sst2,100,109,0.008762385424191844,0.0327396820770835,0.027713036288903373,0.027713036288903373,0.015134515739844074,0.017456545414031847
bert_sst2,100,110,0.008762385424191844,0.018322187395210476,0.009776098880826116,0.009776098880826116,0.008331195861051757,0.009381222675362871
bert_sst2,100,111,0.008762385424191844,0.021767317633490723,0.03119597872203835,0.03119597872203835,0.018568120109213212,0.023438411402948108
bert_sst2,100,112,0.008762385424191844,0.016354749110030854,0.03281977579122106,0.03281977579122106,0.011550579540787795,0.013977245292093675
bert_sst2,100,113,0.008762385424191844,0.024989586013429398,0.015486735323627121,0.015486735323627121,0.011147324020720068,0.009143538678571575
bert_sst2,100,114,0.008762385424191844,0.02574999009361277,0.01760751987593864,0.01760751987593864,0.004897026229393029,0.011314008703425195
bert_sst2,100,115,0.008762385424191844,0.013879704699854205,0.02107307469858383,0.02107307469858383,0.0089302933718586,0.011597861887218489
bert_sst2,100,116,0.008762385424191844,0.008598531839620222,0.007150645873835842,0.007150645873835842,0.008171000468525466,0.004796562694898203
bert_sst2,100,117,0.008762385424191844,-0.0007082211157489604,0.02105122114342412,0.02105122114342412,0.014454725361045662,0.019489764875998322
bert_sst2,100,118,0.008762385424191844,0.007050292162816727,0.006506462689996533,0.006506462689996533,0.003888757347107339,0.004341658304006118
bert_sst2,100,119,0.008762385424191844,0.005775397531706703,0.012478427617320806,0.012478427617320806,0.002711088205132705,0.0065171658135364675
bert_sst2,100,120,0.008762385424191844,0.004274039866659069,0.02126632080173326,0.02126632080173326,0.005553499039312446,0.008705979411560986
bert_sst2,100,121,0.008762385424191844,0.0032345304306319817,0.020968374893753926,0.020968374893753926,0.006644144831588054,0.013151584964669746
bert_sst2,100,122,0.008762385424191844,-0.013039374605316461,0.02263022944644126,0.02263022944644126,0.005543879622934536,0.013124777456514136
bert_sst2,100,123,0.008762385424191844,-0.0036678611203687893,0.02202125887883029,0.02202125887883029,0.00954342128633823,0.008595829234661151
bert_sst2,100,124,0.008762385424191844,0.003368940899458291,0.010902408141925482,0.010902408141925482,0.007135220727422435,0.009051875666090947
bert_sst2,100,125,0.008762385424191844,0.02649557343392339,0.023232736717026584,0.023232736717026584,0.017086929123075828,0.013911273090681716
bert_sst2,100,126,0.008762385424191844,0.02831818033310425,0.030358284217788203,0.030358284217788203,0.027002001014834437,0.02439115353865509
bert_sst2,100,127,0.008762385424191844,0.013226146361963826,0.02020584951095859,0.02020584951095859,0.00835573482314312,0.014229763342783005
bert_sst2,100,128,0.008762385424191844,0.03832882502030527,0.03512820035359026,0.03512820035359026,0.020295071242541724,0.021193243613230214
bert_sst2,100,129,0.008762385424191844,-0.00016875087933172008,0.015233441308213544,0.015233441308213544,0.0018613090804023432,0.0071744059182607175
bert_sst2,100,130,0.008762385424191844,0.03530227370347332,0.010884882971278811,0.010884882971278811,0.008738343475519342,0.006187428154602388
bert_sst2,100,131,0.008762385424191844,0.00032722815882519436,0.004620681274581105,0.004620681274581105,0.0032468926865167522,0.002985249410018497
bert_sst2,100,132,0.008762385424191844,-0.007425188332003494,0.006092766724763712,0.006092766724763712,0.005843095406838276,0.0035515604839372336
bert_sst2,100,133,0.008762385424191844,0.008580780803374221,0.016254926484883876,0.016254926484883876,0.003567762365215594,0.010194122359687207
bert_sst2,100,134,0.008762385424191844,0.008833408909877749,0.017697772925494546,0.017697772925494546,0.015016251022065025,0.010834827686380593
bert_sst2,100,135,0.008762385424191844,0.018391820125440172,0.02739789401647829,0.02739789401647829,0.021498806969841952,0.016288990571154422
bert_sst2,100,136,0.008762385424191844,0.002110996245003515,0.0161766749357043,0.0161766749357043,0.01420707825478908,0.013186272578537574
bert_sst2,100,137,0.008762385424191844,-0.011990939251663507,0.012756541252338017,0.012756541252338017,0.005728792125026626,0.00896992254637826
bert_sst2,100,138,0.008762385424191844,0.01277389947956951,0.022561889871625617,0.022561889871625617,0.014858563081774988,0.0220400729023091
bert_sst2,100,139,0.008762385424191844,0.019191633811494527,0.02513648611681956,0.02513648611681956,0.006720528095469214,0.014908078276156502
bert_sst2,100,140,0.008762385424191844,0.016199656121073932,0.023710264977779952,0.023710264977779952,0.011743182226410614,0.01212570850829174
bert_sst2,100,141,0.008762385424191844,0.01686080962279833,0.02316219938711283,0.02316219938711283,0.005422328537743482,0.010936166442841571
bert_sst2,100,142,0.008762385424191844,0.005915823516781601,0.013369926910457073,0.013369926910457073,0.007993327424640222,0.01027342583950812
bert_sst2,100,143,0.008762385424191844,-0.005881709608173038,0.020273029553315405,0.020273029553315405,0.005553711022021972,0.00802862798611232
bert_sst2,100,144,0.008762385424191844,0.0551976019056477,0.04191379687321039,0.04191379687321039,0.0236818967406375,0.03128370659727531
bert_sst2,100,145,0.008762385424191844,-0.006254263750646313,0.011007630981226391,0.011007630981226391,0.002540822533938622,0.002540822533938622
bert_sst2,100,146,0.008762385424191844,0.006774482211593551,0.029247918599490778,0.029247918599490778,0.011303347346779527,0.009601888723721624
bert_sst2,100,147,0.008762385424191844,-0.00324890791681523,0.011184347363570855,0.011184347363570855,0.0065992592330616565,0.0040532516296874375
bert_sst2,100,148,0.008762385424191844,0.008362139414443871,0.012228342567910106,0.012228342567910106,0.009495379512856637,0.00662819506064705
bert_sst2,100,149,0.008762385424191844,0.0019063582661482349,0.01669182634204223,0.01669182634204223,0.008358708039889425,0.0091930606273699
bert_sst2,100,150,0.008762385424191844,0.01018827398302061,0.006628107974399368,0.006628107974399368,0.005585497566643386,0.005585497566643386
bert_sst2,100,151,0.008762385424191844,-0.004465929014130299,0.010478733625438231,0.010478733625438231,0.006491583472901859,0.007448341998281576
bert_sst2,100,152,0.008762385424191844,-0.002514446826822551,0.007927857772973307,0.007927857772973307,0.003089864438649491,0.006471356854040361
bert_sst2,100,153,0.008762385424191844,0.016350516010032595,0.031352761398862346,0.031352761398862346,0.01513694870546959,0.018033456132299786
bert_sst2,100,154,0.008762385424191844,0.002226430918838216,0.02905615787486651,0.02905615787486651,0.017844113378288673,0.026986845992850665
bert_sst2,100,155,0.008762385424191844,-0.0155305558052996,0.006773689507546207,0.006773689507546207,0.0011119987875808043,0.003850533856586741
bert_sst2,100,156,0.008762385424191844,0.0009641612343307393,0.018258119407648682,0.018258119407648682,0.009991765443399876,0.005460038878643893
bert_sst2,100,157,0.008762385424191844,0.0028681378244284237,0.017370322554771757,0.017370322554771757,0.01271929730459249,0.012891391344782264
bert_sst2,100,158,0.008762385424191844,0.0223769993309643,0.0069642655475509775,0.0069642655475509775,0.006626454839437081,0.006713162856603341
bert_sst2,100,159,0.008762385424191844,0.010543759026868089,0.012325881022476292,0.012325881022476292,0.009928220740796436,0.01055210427038677
bert_sst2,100,160,0.008762385424191844,-0.0007167876339118839,0.016555496041420027,0.016555496041420027,0.003580000433133871,0.003580000433133871
bert_sst2,100,161,0.008762385424191844,0.004757336447515988,0.025292543651568168,0.025292543651568168,0.006585597967974984,0.006587586974684986
bert_sst2,100,162,0.008762385424191844,0.0028237420020855975,0.008320885017799503,0.008320885017799503,0.006814190290536257,0.0056241963911152805
bert_sst2,100,163,0.008762385424191844,0.006025887909805738,0.018475850498582688,0.018475850498582688,0.014805920348338109,0.006410308679352787
bert_sst2,100,164,0.008762385424191844,0.012918985185708522,0.02374709646151497,0.02374709646151497,0.010164273702523614,0.014055622161246516
bert_sst2,100,165,0.008762385424191844,0.013236968154849553,0.034348250025675986,0.034348250025675986,0.030314880126554533,0.03044654091255192
bert_sst2,100,166,0.008762385424191844,-0.006593351459141432,0.02023150862248261,0.02023150862248261,0.004845972691970486,0.011848040811132044
bert_sst2,100,167,0.008762385424191844,0.011253993565469762,0.011319603957488013,0.011319603957488013,0.010577898975855836,0.007267772712722488
bert_sst2,100,168,0.008762385424191844,0.014054910092259166,0.027639699987195256,0.027639699987195256,0.0098354499878455,0.011453832190845042
bert_sst2,100,169,0.008762385424191844,0.01143387242051231,0.015360710397262023,0.015360710397262023,0.004214054074570514,0.00866544195151787
bert_sst2,100,170,0.008762385424191844,0.018163297852018624,0.007518991238005129,0.007518991238005129,0.004904398040566677,0.004904398040566677
bert_sst2,100,171,0.008762385424191844,0.013981611264986687,0.03075133714807333,0.03075133714807333,0.015392934532532727,0.02074239891382707
bert_sst2,100,172,0.008762385424191844,-0.0003402233462950699,0.02427591146590784,0.02427591146590784,0.01545890280629653,0.013683901294214706
bert_sst2,100,173,0.008762385424191844,0.007190925617355961,0.012152261442472117,0.012152261442472117,0.00591996387379911,0.009031579880677558
bert_sst2,100,174,0.008762385424191844,0.012477484421009898,0.021961192085191095,0.021961192085191095,0.013724411933085255,0.007427729427628465
bert_sst2,100,175,0.008762385424191844,0.006183370856287686,0.024117611113229413,0.024117611113229413,0.01315936173907633,0.009119540221197684
bert_sst2,100,176,0.008762385424191844,0.01971259806103419,0.02016225526057419,0.02016225526057419,0.006150801178781578,0.008811144820513457
bert_sst2,100,177,0.008762385424191844,0.0047372320433826795,0.016698769369586784,0.016698769369586784,0.005097832848786781,0.0016190045768270187
bert_sst2,100,178,0.008762385424191844,0.018193631025215342,0.029017622081171025,0.029017622081171025,0.019360324369715926,0.02867438074126149
bert_sst2,100,179,0.008762385424191844,0.008628700666111102,0.00653885439819146,0.00653885439819146,0.004490970231154481,0.0049375765478406435
bert_sst2,100,180,0.008762385424191844,0.04894696645810671,0.018585122606384483,0.018585122606384483,0.01687495172059417,0.01703835573382738
bert_sst2,100,181,0.008762385424191844,-0.0036166801555103196,0.0016769088205164492,0.0016769088205164492,0.0008320144588209237,0.0008320144588209237
bert_sst2,100,182,0.008762385424191844,-0.006522706896770683,0.009257771641095812,0.009257771641095812,0.0034459779934584746,0.005941894794609876
bert_sst2,100,183,0.008762385424191844,0.008536669694996403,0.024777689753289103,0.024777689753289103,0.006848815561937478,0.010795794236162136
bert_sst2,100,184,0.008762385424191844,-0.002527626582408115,0.0050925754991383455,0.0050925754991383455,0.0038410526715508017,0.0044539556742202715
bert_sst2,100,185,0.008762385424191844,0.0009202414979904184,0.02023566713914957,0.02023566713914957,0.01491426212775574,0.006793610438817938
bert_sst2,100,186,0.008762385424191844,0.020423040312399957,0.011536267019633565,0.011536267019633565,0.010517399275234757,0.011122166557008597
bert_sst2,100,187,0.008762385424191844,0.010856886436761531,0.02530962750380734,0.02530962750380734,0.014760543282097117,0.010613470700879639
bert_sst2,100,188,0.008762385424191844,0.006806500881508577,0.01303118321528747,0.01303118321528747,0.009238277458246295,0.009446451942416004
bert_sst2,100,189,0.008762385424191844,0.005543862301005116,0.00852122112172935,0.00852122112172935,0.006708657702290331,0.006591889730078943
bert_sst2,100,190,0.008762385424191844,0.03106644338900206,0.03359674839846266,0.03359674839846266,0.016404666399351495,0.016763245414365822
bert_sst2,100,191,0.008762385424191844,0.013122383874951949,0.016307283257650712,0.016307283257650712,0.007054560302750473,0.011669153914900855
bert_sst2,100,192,0.008762385424191844,0.024045732037880862,0.032968279997962036,0.032968279997962036,0.012290466189672292,0.01257242013599083
bert_sst2,100,193,0.008762385424191844,0.022896137217491862,0.022024239120660215,0.022024239120660215,0.008562617448764881,0.014653269862091855
bert_sst2,100,194,0.008762385424191844,0.0653677478631454,0.051622149455385485,0.051622149455385485,0.018055919545308358,0.020569533178086574
bert_sst2,100,195,0.008762385424191844,0.0042107301219435,0.03370356902005578,0.03370356902005578,0.00340035351120697,0.01471243694457442
bert_sst2,100,196,0.008762385424191844,-0.014044145129606065,0.01436529067036949,0.01436529067036949,0.007763481409256079,0.007055052171337581
bert_sst2,100,197,0.008762385424191844,0.004646782266563949,0.014522024968328774,0.014522024968328774,0.008135711350825333,0.008135711350825333
bert_sst2,100,198,0.008762385424191844,0.005782998378007045,0.01252315382275879,0.01252315382275879,0.009864034283011601,0.011597207210506543
bert_sst2,100,199,0.008762385424191844,0.00672178181303321,0.03185797320699923,0.03185797320699923,0.006955437230875693,0.010026231217742376
bert_sst2,250,0,0.008762385424191844,0.006506048174966013,0.008888728141291121,0.01007498761202245,0.006226410278827141,0.012802094680639841
bert_sst2,250,1,0.008762385424191844,0.008255464532317233,0.012788706722428812,0.025142356903275858,0.006448604141059707,0.015313175874750564
bert_sst2,250,2,0.008762385424191844,0.019814488424394924,0.014649032666649298,0.01609408541248143,0.009886290025985633,0.015612507152219448
bert_sst2,250,3,0.008762385424191844,0.016605475644940203,0.015526672083534856,0.018384150460275004,0.005588320227769396,0.0165298171275306
bert_sst2,250,4,0.008762385424191844,0.017881929275890683,0.012595854188990256,0.012837607140530862,0.011774564191331167,0.013408979376263574
bert_sst2,250,5,0.008762385424191844,0.012949125659966015,0.011187996039131542,0.01274518531933573,0.009834329771272798,0.01234433585069871
bert_sst2,250,6,0.008762385424191844,0.018566251290367524,0.02296362249392931,0.02458006269954243,0.006316886243570865,0.018033278840577604
bert_sst2,250,7,0.008762385424191844,0.0055059738186724215,0.010543401334092506,0.015822933195883872,0.008162858424991188,0.010042277454360394
bert_sst2,250,8,0.008762385424191844,0.021588684488592514,0.021297320061891244,0.029810499343002724,0.01784103235032738,0.026312119493362533
bert_sst2,250,9,0.008762385424191844,0.005450927951052693,0.006799248754126269,0.011123539983227402,0.005245720415099687,0.008663825593378447
bert_sst2,250,10,0.008762385424191844,0.010248139928121139,0.01141660891911851,0.01686436066132778,0.005063287147241977,0.014927967216536522
bert_sst2,250,11,0.008762385424191844,-0.002619184089677312,0.0076284019672847305,0.012545027998495117,0.006509286428815232,0.010416602490546937
bert_sst2,250,12,0.008762385424191844,-0.001011620962640275,0.009313377330871921,0.00894933997780042,0.0034149237730891646,0.009210731250883775
bert_sst2,250,13,0.008762385424191844,0.020048636343664678,0.010603665381393306,0.019359191389416858,0.008425328699990464,0.022215732800753975
bert_sst2,250,14,0.008762385424191844,0.01669046428519807,0.012905241768595751,0.018784135562548925,0.007186968162577896,0.01400637095442494
bert_sst2,250,15,0.008762385424191844,0.0026734150271175753,0.007140227533825193,0.01131207468565474,0.005326189951014886,0.008681354655919694
bert_sst2,250,16,0.008762385424191844,0.0045247717725559146,0.006334627422789922,0.01374313247438877,0.00564461119829284,0.007706210869556894
bert_sst2,250,17,0.008762385424191844,0.009463203832897648,0.012350918597299147,0.016304636117745165,0.006796322904824003,0.01048880614367769
bert_sst2,250,18,0.008762385424191844,0.009725790520527506,0.014204972395297688,0.016079415339950626,0.009649912114737182,0.013833476690250984
bert_sst2,250,19,0.008762385424191844,-0.0011929302204580182,0.007776234474579584,0.012530448073529253,0.0038692789989975248,0.014515495609947455
bert_sst2,250,20,0.008762385424191844,0.00890392408352898,0.008550620831811713,0.017027312890353488,0.010714042353198665,0.013560390654088485
bert_sst2,250,21,0.008762385424191844,0.005188264080440246,0.0168763843763242,0.020180110635384316,0.009529820012621313,0.02016646865053175
bert_sst2,250,22,0.008762385424191844,0.021991595942892836,0.010994428323852019,0.020379335112664283,0.00993321656699939,0.016459607469364406
bert_sst2,250,23,0.008762385424191844,0.007464526954966922,0.011286429647821018,0.015923276621490907,0.008891722994995837,0.01184250475415872
bert_sst2,250,24,0.008762385424191844,0.007031318012531724,0.009075755346368458,0.012785033454484404,0.005629044909664248,0.008477389681371437
bert_sst2,250,25,0.008762385424191844,0.007297464529879433,0.003819506178486948,0.019313304490733617,0.004164076890684011,0.01364234280009975
bert_sst2,250,26,0.008762385424191844,0.013807032182016466,0.013870658708518587,0.018618826878064588,0.005933159863989832,0.017623192572974712
bert_sst2,250,27,0.008762385424191844,0.02191161724305491,0.01070995300430634,0.024449155631284376,0.01235489118327775,0.019103970641485248
bert_sst2,250,28,0.008762385424191844,0.01733209005635805,0.014537112830253397,0.019120895170207992,0.014633666306839972,0.016550982904793374
bert_sst2,250,29,0.008762385424191844,0.013322678253976379,0.01686304932238681,0.035339245131809326,0.016022503574909766,0.02489130504716311
bert_sst2,250,30,0.008762385424191844,0.012718766564638804,0.013374709089671998,0.018835763822273484,0.006773578702900632,0.009027832721858964
bert_sst2,250,31,0.008762385424191844,0.017661349838449147,0.012117212256979083,0.019758985304091713,0.008608583563099351,0.014734355069257852
bert_sst2,250,32,0.008762385424191844,0.0012753780328727113,0.0031664084588149104,0.015160326767770559,0.004939588612962593,0.00954858740026478
bert_sst2,250,33,0.008762385424191844,0.00848379524272946,0.01462670629345085,0.016094508482267157,0.01126372055428882,0.01853392967058424
bert_sst2,250,34,0.008762385424191844,0.006523664462858795,0.009979897864576632,0.014250193110516608,0.0056200310626953465,0.009340430824054021
bert_sst2,250,35,0.008762385424191844,-0.0030775732668102,0.006552442054483518,0.0077647724844506286,0.006363764327588049,0.008654352449573851
bert_sst2,250,36,0.008762385424191844,0.0024561217158622977,0.009725340259229399,0.009263872139073762,0.005657787754958169,0.01148753866546931
bert_sst2,250,37,0.008762385424191844,0.007087105013562168,0.012788812354780474,0.018842623741185956,0.00820004926541645,0.015123572332026294
bert_sst2,250,38,0.008762385424191844,0.01051957195452364,0.016441084991446378,0.020994729892648948,0.011606385247568926,0.016151705874518977
bert_sst2,250,39,0.008762385424191844,0.01859563473085937,0.02025333471158927,0.01936747940596534,0.016381568046192257,0.02545463672998583
bert_sst2,250,40,0.008762385424191844,0.011689245857645374,0.011456271260402277,0.017079429248823608,0.010854133979987891,0.018750797323698543
bert_sst2,250,41,0.008762385424191844,0.01580943202725231,0.007200903066254943,0.008850519901597666,0.006966048070022974,0.0072930792880144864
bert_sst2,250,42,0.008762385424191844,0.016627058427852247,0.010858093565461132,0.021694077835746613,0.006442230001675058,0.01978208106476736
bert_sst2,250,43,0.008762385424191844,0.017203022735314173,0.01312163154019173,0.02171696467196459,0.010912690950180963,0.015909536294997563
bert_sst2,250,44,0.008762385424191844,0.009815914334168995,0.018842385335083235,0.021283778902304793,0.008493859007818107,0.025312724877061082
bert_sst2,250,45,0.008762385424191844,-0.0025306209639224778,0.006061386810334642,0.010308815220465369,0.00449567369585211,0.006990268923433066
bert_sst2,250,46,0.008762385424191844,-0.003672069562178909,0.010189042318109093,0.018234628497151555,0.007923351573195863,0.01148372819761283
bert_sst2,250,47,0.008762385424191844,0.008386525774646596,0.01731776904590619,0.020147267987088237,0.00565087276654368,0.016146093914927707
bert_sst2,250,48,0.008762385424191844,0.011140739573677788,0.016293961492879542,0.018350593481383484,0.00694515244285405,0.01581864530819168
bert_sst2,250,49,0.008762385424191844,0.009763570026558492,0.011214173633845526,0.016830779051688248,0.009502169864885283,0.011498755538054168
bert_sst2,250,50,0.008762385424191844,0.01341011653790944,0.012917066653912361,0.01641608828057438,0.010979377982921146,0.013254671285915799
bert_sst2,250,51,0.008762385424191844,0.0026340433425548083,0.007571682353944274,0.011950411531684819,0.005865287242306406,0.010245278886543977
bert_sst2,250,52,0.008762385424191844,0.028966819569202634,0.01974768875161556,0.020917510210027246,0.012500132453048686,0.02230410029625931
bert_sst2,250,53,0.008762385424191844,0.009725993570173647,0.011001358040910006,0.012454135633761129,0.005494690926332435,0.015264787570096226
bert_sst2,250,54,0.008762385424191844,-0.000536445062080062,0.007551471807810619,0.011690134462785383,0.00604156495239382,0.008788135758026467
bert_sst2,250,55,0.008762385424191844,0.0092621379198925,0.013527069226358568,0.015806331417915702,0.012168898927313387,0.01517674350191258
bert_sst2,250,56,0.008762385424191844,0.00577676694012797,0.015156813010578843,0.013717585928373514,0.010614696757168364,0.013409527916791257
bert_sst2,250,57,0.008762385424191844,0.003933633321351016,0.011584567967834008,0.015048213749346673,0.00929172758370715,0.01064341230023743
bert_sst2,250,58,0.008762385424191844,0.01108453670446116,0.013235875252577337,0.023115433325682132,0.013659904401468139,0.016003031405459296
bert_sst2,250,59,0.008762385424191844,0.007415639131638942,0.006372214530787601,0.009822704673852127,0.005765399400465087,0.011018853319279829
bert_sst2,250,60,0.008762385424191844,0.007256083156277927,0.013673440685293588,0.019813975504115323,0.008534175448413084,0.011785869544119646
bert_sst2,250,61,0.008762385424191844,-0.0017342203156142004,0.00830042122252368,0.013895347691783239,0.006773215899373368,0.009048254935159844
bert_sst2,250,62,0.008762385424191844,0.004043465116174659,0.007642196372144394,0.008774354442954132,0.00511274994769958,0.006657845286399374
bert_sst2,250,63,0.008762385424191844,0.016990792788307337,0.011896507296141806,0.012830052586484939,0.010713808610347757,0.012314664920638164
bert_sst2,250,64,0.008762385424191844,0.017237664560236128,0.01401741951933284,0.025435717808716493,0.011103643944362047,0.01468431400709495
bert_sst2,250,65,0.008762385424191844,0.011702692940474144,0.011143858823681118,0.015911045761613524,0.00833039893311628,0.017088676633964035
bert_sst2,250,66,0.008762385424191844,0.023549701930845105,0.023773587803870427,0.022382870029865037,0.014861671370744206,0.021474432967094823
bert_sst2,250,67,0.008762385424191844,0.02257803086986098,0.012229274152950317,0.021403091240840375,0.010075281964510093,0.013664907008395484
bert_sst2,250,68,0.008762385424191844,0.006861208322453429,0.010658035136327241,0.017052467364295765,0.006892310021330833,0.0145227257345311
bert_sst2,250,69,0.008762385424191844,0.0251871043279946,0.021947741711528076,0.030806612465950158,0.020813969510223407,0.023272515537865655
bert_sst2,250,70,0.008762385424191844,0.00289926748243763,0.009931554692434374,0.014695088205763452,0.007010958081653551,0.011462242427904421
bert_sst2,250,71,0.008762385424191844,-0.00012707364568579493,0.010446325618883765,0.01737289718762333,0.006049180241499714,0.012930805800939594
bert_sst2,250,72,0.008762385424191844,0.009626809662164127,0.008880477675776538,0.013859791964062089,0.007831060549836203,0.01598786202543587
bert_sst2,250,73,0.008762385424191844,0.0025800955519698536,0.007923419175971183,0.015976769867135397,0.005242020386871112,0.010787146855588731
bert_sst2,250,74,0.008762385424191844,0.013873613938985126,0.014738022653538426,0.01668384420019091,0.013825109762479935,0.0149683856600914
bert_sst2,250,75,0.008762385424191844,0.003587069363467345,0.015155104569784613,0.014338441794510878,0.0039914897773160795,0.010247827332562326
bert_sst2,250,76,0.008762385424191844,-0.0008485481912512536,0.009547996732790928,0.010099148202342126,0.00752315409669647,0.009549821750271472
bert_sst2,250,77,0.008762385424191844,0.004306681768762072,0.01186158269870242,0.01465838546360217,0.012265059331820708,0.014510465099854573
bert_sst2,250,78,0.008762385424191844,0.0027002788911734193,0.007252397508130566,0.010485802700744494,0.006957720933578307,0.009033640112305435
bert_sst2,250,79,0.008762385424191844,0.011962503269474173,0.01889920582840803,0.019307263271043783,0.009858360547983034,0.018843326211701962
bert_sst2,250,80,0.008762385424191844,0.023665208740472517,0.015106954283324104,0.02114971690266053,0.00860963366979733,0.01646009910970524
bert_sst2,250,81,0.008762385424191844,0.015647516459466677,0.008630872352322055,0.013288514207305197,0.007415917637818465,0.010695780235852367
bert_sst2,250,82,0.008762385424191844,0.018001591110303857,0.016503577312006933,0.020054149737658785,0.015137532272017671,0.020105706348840412
bert_sst2,250,83,0.008762385424191844,0.027482827061147314,0.02292523844757782,0.026000105219966065,0.018683194701213473,0.021452999627754644
bert_sst2,250,84,0.008762385424191844,0.0034756954551582067,0.006920300224973594,0.010481193377585183,0.003885609994386986,0.007167997148339457
bert_sst2,250,85,0.008762385424191844,-0.009314550363229448,0.006780354606251749,0.014153215823876901,0.007720667066642079,0.01129629335666106
bert_sst2,250,86,0.008762385424191844,0.000892572847714692,0.004992372453868853,0.006376128476521013,0.004337612778262829,0.006039451931294073
bert_sst2,250,87,0.008762385424191844,0.008269725165607797,0.007490820466927626,0.014646866511753127,0.003978927076988667,0.006421316571105025
bert_sst2,250,88,0.008762385424191844,0.01396864310630977,0.01627833496365127,0.02089179898960972,0.008297359633978577,0.018435282280694767
bert_sst2,250,89,0.008762385424191844,0.015902069132022297,0.020061129753188755,0.020278643407589246,0.01884091867371447,0.021622039420724184
bert_sst2,250,90,0.008762385424191844,-0.003304999926843305,0.006425549076138561,0.010901386225630413,0.004152768868969089,0.00772836907334584
bert_sst2,250,91,0.008762385424191844,0.0026219379579137457,0.007886486086074732,0.009737908755818802,0.0034140118205534344,0.010429571873042925
bert_sst2,250,92,0.008762385424191844,0.014870074642482814,0.013737396904222824,0.020150403141685598,0.01049958675349884,0.016781278028263784
bert_sst2,250,93,0.008762385424191844,-0.00822087814214548,0.010225115490094219,0.01309062913837667,0.004693502675860115,0.008935209049936674
bert_sst2,250,94,0.008762385424191844,0.019427184092914152,0.012275957760912008,0.02233656970854155,0.013855965720168503,0.018061932830617442
bert_sst2,250,95,0.008762385424191844,0.01989556550635499,0.015485246433309407,0.02727516606147718,0.012446921591032035,0.020576209325077383
bert_sst2,250,96,0.008762385424191844,0.013482138268569376,0.01668770685737189,0.02220921374361425,0.01704928490886497,0.01888885592683855
bert_sst2,250,97,0.008762385424191844,0.022145893911196375,0.010904406299539078,0.014459358742984917,0.008917498874533247,0.013848738773710628
bert_sst2,250,98,0.008762385424191844,0.004190501123267881,0.011177942256035071,0.011704627654218565,0.007696162822923398,0.011539275300159687
bert_sst2,250,99,0.008762385424191844,0.003729366169103066,0.006453134819750938,0.01020285569883001,0.005878624495957685,0.010121662451393966
bert_sst2,250,100,0.008762385424191844,0.013519686728587159,0.009255994807453021,0.01344492982778373,0.005013278156627109,0.012580059460558592
bert_sst2,250,101,0.008762385424191844,0.0021046989631139054,0.014390194260519336,0.012648736904005031,0.01056745970719234,0.013502556905997522
bert_sst2,250,102,0.008762385424191844,0.022205034511777574,0.024577305563674108,0.025859018390772835,0.008602224659904076,0.019217713253825097
bert_sst2,250,103,0.008762385424191844,-0.002102939157616273,0.007331023267582528,0.00752243231687777,0.004272926811235888,0.005524152885116348
bert_sst2,250,104,0.008762385424191844,0.002352581722501692,0.009003927858464567,0.011425067410327837,0.008080772499145806,0.010605530798194531
bert_sst2,250,105,0.008762385424191844,0.01455101313221011,0.018240433211937045,0.02061232744658785,0.01655358604398853,0.021005159187821035
bert_sst2,250,106,0.008762385424191844,0.0020138185489703224,0.008844492797788681,0.012748238797153703,0.007957708368338175,0.009223869356091294
bert_sst2,250,107,0.008762385424191844,0.017854635139565218,0.02249160518889165,0.02604637039303521,0.014701632554764154,0.021556723991460528
bert_sst2,250,108,0.008762385424191844,0.011015702189299457,0.013649834984787862,0.018291422276131734,0.012003519560138141,0.014544318042143766
bert_sst2,250,109,0.008762385424191844,0.006627193951991362,0.015418671113429582,0.02161852300501623,0.0050894317865776695,0.009369127914561336
bert_sst2,250,110,0.008762385424191844,0.0032647058526470993,0.0077027687105596186,0.013074771648510022,0.007093704089061068,0.012305441918714537
bert_sst2,250,111,0.008762385424191844,0.014241085282992625,0.008218067775532065,0.012936086435979004,0.011579715529228712,0.012747082272166782
bert_sst2,250,112,0.008762385424191844,-0.00379601281375268,0.00891594013385006,0.013925577513610428,0.004488226863076853,0.012185279001776645
bert_sst2,250,113,0.008762385424191844,0.0007908304932004233,0.01479103412826983,0.024805838382391678,0.01209820038205952,0.0176445729738255
bert_sst2,250,114,0.008762385424191844,0.018616848566901673,0.013933906588058305,0.01859613895263144,0.009573465608373828,0.018721397983463155
bert_sst2,250,115,0.008762385424191844,0.00874298958435104,0.010912945303166714,0.01697933602868187,0.005871941858842853,0.012399758523000376
bert_sst2,250,116,0.008762385424191844,-0.0006985405569848942,0.010154678932595557,0.012303004340672687,0.004691912025122159,0.009506119145612772
bert_sst2,250,117,0.008762385424191844,0.019472355476059647,0.02206524498002968,0.024029301184511676,0.014961748125418192,0.022605170856555716
bert_sst2,250,118,0.008762385424191844,0.013644845672729085,0.01760309054319783,0.02332771955056843,0.011898983115853336,0.0176236073889488
bert_sst2,250,119,0.008762385424191844,0.018033003432034473,0.01827970319089675,0.02085295687647694,0.007004362851179101,0.013630983204451268
bert_sst2,250,120,0.008762385424191844,-0.0008125885701026406,0.015926993748105925,0.018301995871599808,0.008647036284008383,0.01599639108733425
bert_sst2,250,121,0.008762385424191844,0.0046481750596023665,0.00897272394539326,0.017343000846490493,0.006742957595649714,0.015015131876079816
bert_sst2,250,122,0.008762385424191844,0.0019796888655291478,0.006306108944770612,0.00923363652409794,0.006411039446712327,0.011084709675778232
bert_sst2,250,123,0.008762385424191844,0.006550098632069116,0.014104041285701856,0.020180604245401298,0.011353771559231335,0.02005797416342004
bert_sst2,250,124,0.008762385424191844,0.005661680597251754,0.009159743421685731,0.011820733993552863,0.007845346902604954,0.008555751405682216
bert_sst2,250,125,0.008762385424191844,0.015326598442808205,0.012673132273767566,0.00991892591641165,0.004241864858654668,0.013406175198814456
bert_sst2,250,126,0.008762385424191844,0.012084063117218088,0.018470207832220146,0.020775413010274926,0.01582748458683978,0.01764889787744059
bert_sst2,250,127,0.008762385424191844,-0.0006431456422736392,0.008387779511461455,0.007885278537513052,0.00240215518542066,0.00832605759053754
bert_sst2,250,128,0.008762385424191844,-0.0026728790537221647,0.013703144593627268,0.013661454379554221,0.010016891376236056,0.011581508196635028
bert_sst2,250,129,0.008762385424191844,0.0024709834251676927,0.011535833984296282,0.010004881152672852,0.003657912048477804,0.009938032559737558
bert_sst2,250,130,0.008762385424191844,0.002164673836596996,0.01349726001678107,0.015000855551982276,0.009224429385289853,0.013450835770219834
bert_sst2,250,131,0.008762385424191844,0.007629569862907774,0.019796156077639845,0.023439571354895654,0.007995743179313584,0.01981071069530869
bert_sst2,250,132,0.008762385424191844,0.01966827270732268,0.015166116048589464,0.013874172878850082,0.0111795486470195,0.016353408144376295
bert_sst2,250,133,0.008762385424191844,0.010596650676938707,0.015008533160966538,0.01520599116440321,0.014501991882520505,0.015174017345172283
bert_sst2,250,134,0.008762385424191844,0.01361662324965443,0.014514603848973828,0.023467607375093076,0.01957148166903637,0.021859743035278236
bert_sst2,250,135,0.008762385424191844,0.008244312725591446,0.010619515697442463,0.013214150296063647,0.009105843091790413,0.013090798868794318
bert_sst2,250,136,0.008762385424191844,0.010777829906994352,0.009453521261281787,0.012465961221221752,0.0054047583133135305,0.009119823469189443
bert_sst2,250,137,0.008762385424191844,-0.0009421895490377734,0.00668133995913131,0.01204931860909215,0.0042073772757024435,0.008829060386526639
bert_sst2,250,138,0.008762385424191844,0.004844040719606686,0.009139238473069349,0.012238298292402795,0.005288606465528091,0.010600242616039774
bert_sst2,250,139,0.008762385424191844,0.00744438778184279,0.011209229538822658,0.017901114395524515,0.009419245132376467,0.015603318899037598
bert_sst2,250,140,0.008762385424191844,0.005757439560378771,0.006040778879920431,0.009548096380177073,0.0019882761503487046,0.008168542269364247
bert_sst2,250,141,0.008762385424191844,0.01664886230719754,0.008422486900634745,0.017017869682213683,0.006207529406671265,0.01150901034107948
bert_sst2,250,142,0.008762385424191844,0.007912057261032156,0.007133669808716152,0.0166087027954883,0.0035366788558266705,0.014464485981583114
bert_sst2,250,143,0.008762385424191844,0.005193712135649495,0.011166703931896825,0.016365696477478115,0.005996937215510483,0.012551512669334861
bert_sst2,250,144,0.008762385424191844,0.017068964798192608,0.013600073230569346,0.0190526373196854,0.013050700523231186,0.02292271827744332
bert_sst2,250,145,0.008762385424191844,0.0015620128596475196,0.012811955159702827,0.015314528099776053,0.00888578968401585,0.014771314040124045
bert_sst2,250,146,0.008762385424191844,0.013704933981687433,0.010646605118036154,0.020273862893741317,0.015018234109993762,0.018554873197704273
bert_sst2,250,147,0.008762385424191844,0.011981071797810508,0.012774847620775624,0.014862846890004024,0.009225596810014903,0.013145169680574584
bert_sst2,250,148,0.008762385424191844,0.018337050344624524,0.010946367961778553,0.013454246023173713,0.008820809031429816,0.010434829131199233
bert_sst2,250,149,0.008762385424191844,0.006109166306099179,0.010938235658675776,0.01357175239060057,0.0035886997333343697,0.011158339244495984
bert_sst2,250,150,0.008762385424191844,-0.0004137084965411032,0.007047474243281494,0.014040274707684725,0.005125973291583474,0.012409830065409924
bert_sst2,250,151,0.008762385424191844,0.018799025698468256,0.01622175326592549,0.018337834943429034,0.013270007852061068,0.015168012336275731
bert_sst2,250,152,0.008762385424191844,0.004889056493029075,0.007295901935902463,0.011806522149850153,0.003319054879825235,0.012154047672437163
bert_sst2,250,153,0.008762385424191844,0.016391587232559214,0.02356682699326397,0.025066683540594766,0.0078079795931325306,0.026281627076283943
bert_sst2,250,154,0.008762385424191844,-0.000918950835824989,0.012435361106524661,0.013113441473756874,0.0050783789843813374,0.016689152877050254
bert_sst2,250,155,0.008762385424191844,0.017633277737547238,0.010797654126034935,0.017387403682191254,0.006358733318888504,0.013655544802188469
bert_sst2,250,156,0.008762385424191844,0.013089640319934136,0.020536585601617235,0.014413143966300087,0.00939829010850108,0.014234181563558435
bert_sst2,250,157,0.008762385424191844,0.01031099061967528,0.01027119145350781,0.013339854308043806,0.008148412350612793,0.008442140124872329
bert_sst2,250,158,0.008762385424191844,0.011227092795061459,0.013271271287154635,0.015360673429048595,0.015321347687121373,0.016720655458581073
bert_sst2,250,159,0.008762385424191844,0.008368906524969327,0.01428866670761887,0.018960694414449024,0.01184575668284714,0.015302240371922418
bert_sst2,250,160,0.008762385424191844,0.014069307551269132,0.013224040490336732,0.021511709564855534,0.007640286455488819,0.011613794096174928
bert_sst2,250,161,0.008762385424191844,0.008059484930067114,0.010230712485607864,0.02193507040881805,0.0054090694160871845,0.013809626478036836
bert_sst2,250,162,0.008762385424191844,0.008014533356557075,0.0120641461841154,0.013688640622314315,0.008176434180654684,0.01684156004844649
bert_sst2,250,163,0.008762385424191844,-0.0008941709207988957,0.005709135670159992,0.010817577463396956,0.0054476904485958174,0.008491694876432693
bert_sst2,250,164,0.008762385424191844,0.003878741339536995,0.018858906454542954,0.02135856695858241,0.008260952324388848,0.019910919304018483
bert_sst2,250,165,0.008762385424191844,0.005267899523219031,0.01516524255913706,0.0169418306976306,0.007191906530222652,0.018682109677422225
bert_sst2,250,166,0.008762385424191844,-0.007198897494000136,0.009485121194855593,0.008303787862681457,0.005996993855603853,0.00778030794226352
bert_sst2,250,167,0.008762385424191844,0.02110404256093628,0.013398107598668803,0.013727228982580168,0.010844082049391985,0.013543656934051651
bert_sst2,250,168,0.008762385424191844,0.015917971036224655,0.022653078910372354,0.02402986190927595,0.013336665719281405,0.028364655253077697
bert_sst2,250,169,0.008762385424191844,0.0005475621262955073,0.004322952021925961,0.005207024492058434,0.0031340722660992263,0.008481588868280253
bert_sst2,250,170,0.008762385424191844,0.01314243104654157,0.010789237746576872,0.015770628134024384,0.005512642433733696,0.007797706989167758
bert_sst2,250,171,0.008762385424191844,-0.00956695658996955,0.004824323459558777,0.008197192871828522,0.003151868947816924,0.005276857743106362
bert_sst2,250,172,0.008762385424191844,-0.00294665351120829,0.011579696147739646,0.01406760526564684,0.005278302176982841,0.010262483693987542
bert_sst2,250,173,0.008762385424191844,0.014742264379609384,0.01694415537295689,0.027552340620047047,0.012260668525618143,0.01788984925569468
bert_sst2,250,174,0.008762385424191844,0.02753406684611013,0.016159658830594094,0.020421266558259262,0.023101606066454426,0.023750982288111344
bert_sst2,250,175,0.008762385424191844,0.015108823388960918,0.011729086745393332,0.014629346151725512,0.005794117213454152,0.009535525475897021
bert_sst2,250,176,0.008762385424191844,0.011696793717355169,0.016954601470635097,0.019857421120996397,0.008046409250757022,0.012090949690190216
bert_sst2,250,177,0.008762385424191844,0.009955196849095896,0.007372733350741976,0.008287420356337706,0.004155672698824903,0.00833146685790821
bert_sst2,250,178,0.008762385424191844,0.011618488896022232,0.015526635070664808,0.01734616854666088,0.008744154713822727,0.01488601331908014
bert_sst2,250,179,0.008762385424191844,0.00528358683992216,0.0042641110894226925,0.009753682359121173,0.001629865561707507,0.0076360345002036535
bert_sst2,250,180,0.008762385424191844,0.004144224068142225,0.008258224728269965,0.01703260673974305,0.00602578461427457,0.009381517505418858
bert_sst2,250,181,0.008762385424191844,0.0019632522869700055,0.010236832564246285,0.013105442713814067,0.009159513387739241,0.011366442475288447
bert_sst2,250,182,0.008762385424191844,0.005556336122652176,0.010756348560823878,0.010943844193008898,0.00408410641450766,0.007274780471908072
bert_sst2,250,183,0.008762385424191844,0.00764045378146843,0.008662886185297912,0.013729393895146408,0.004882289239244374,0.010575867769280203
bert_sst2,250,184,0.008762385424191844,0.004396409317429654,0.011703739408107202,0.022018285241081834,0.012063841310304352,0.017762840326316157
bert_sst2,250,185,0.008762385424191844,0.011062954864771348,0.01951848416693325,0.025219188932105296,0.01023303223419017,0.023082871605169374
bert_sst2,250,186,0.008762385424191844,-0.00398953072423445,0.009583247300769517,0.015441147411254597,0.008129853373159641,0.014979449698450397
bert_sst2,250,187,0.008762385424191844,0.018274769514646058,0.01361264570719586,0.018215389423045174,0.00952489497761827,0.012540698252240468
bert_sst2,250,188,0.008762385424191844,0.015038453344011625,0.011132618179819982,0.017513134991425344,0.009916501566744751,0.020002514847088954
bert_sst2,250,189,0.008762385424191844,0.005522686754927279,0.009813259699374988,0.007437696246494064,0.00808398690507813,0.012025398519032645
bert_sst2,250,190,0.008762385424191844,0.014854091274647197,0.016440820869436556,0.024111595251327042,0.012680050519518692,0.0191986710052942
bert_sst2,250,191,0.008762385424191844,0.004060700122461801,0.005270832262538406,0.01007041607530814,0.002849773115564294,0.008817891254753194
bert_sst2,250,192,0.008762385424191844,0.0063648234227462516,0.01635440295466032,0.021723096002108627,0.016451022724543348,0.01675262571520422
bert_sst2,250,193,0.008762385424191844,0.0010805057234170882,0.01635665721190382,0.015764788541707587,0.012590033420285007,0.016715717407951497
bert_sst2,250,194,0.008762385424191844,0.016199698143937565,0.013254782075520442,0.015758837794011004,0.008089266010828652,0.013117146836205773
bert_sst2,250,195,0.008762385424191844,0.01725834261449925,0.024751646407987594,0.028326789040269296,0.016987122358484825,0.022680599154839293
bert_sst2,250,196,0.008762385424191844,0.01853304655850373,0.015888797589643528,0.018750145180318117,0.011737034008348107,0.014349808880864637
bert_sst2,250,197,0.008762385424191844,0.01145519490597801,0.007642907065430116,0.011231875415849345,0.006964316072034072,0.010113166075558544
bert_sst2,250,198,0.008762385424191844,0.02438883509533713,0.019887882302275207,0.03297138954747078,0.016597489886710646,0.02459446014858583
bert_sst2,250,199,0.008762385424191844,0.020214597532673424,0.012446072819394905,0.015474280231068812,0.010206553418802257,0.011064463350397357
bert_sst2,500,0,0.008762385424191844,0.011917567643704038,0.012104701990939444,0.01505020017381098,0.006081589095936554,0.01747292414076963
bert_sst2,500,1,0.008762385424191844,0.00933807027911319,0.008566103022400181,0.01916737778688849,0.007609896931397347,0.016820973956218406
bert_sst2,500,2,0.008762385424191844,0.01766521289920211,0.017993523710990476,0.020602859985418102,0.010125249214468194,0.022796748068914602
bert_sst2,500,3,0.008762385424191844,0.009556764783986154,0.006842506480549428,0.014203672487135909,0.005232520870398345,0.017661476068971373
bert_sst2,500,4,0.008762385424191844,0.01911166010456657,0.010031435711793579,0.019899050357298814,0.00789089064829071,0.022179336570701806
bert_sst2,500,5,0.008762385424191844,0.009810380623397827,0.0077515131389707176,0.014194605796852201,0.00918996551383362,0.012066768669356426
bert_sst2,500,6,0.008762385424191844,0.011603884459997998,0.01318757803493796,0.01602268731478731,0.01048118753417954,0.02043139991999796
bert_sst2,500,7,0.008762385424191844,0.0002465177625988352,0.0077736595223300425,0.012457887572757695,0.00660066858520116,0.017074158627227158
bert_sst2,500,8,0.008762385424191844,0.011650253903504168,0.0090304922227923,0.014630731058181646,0.006080487234028714,0.01404301224316425
bert_sst2,500,9,0.008762385424191844,0.004167296480897309,0.00836958220042461,0.013614246575785525,0.006222801206221395,0.015919606676718052
bert_sst2,500,10,0.008762385424191844,0.00601522717117876,0.004817032529311986,0.010235307370427025,0.004509520478291923,0.010295871114395517
bert_sst2,500,11,0.008762385424191844,0.02082115922956656,0.010056032289141042,0.017588804363285544,0.007248213218663414,0.020187914171414453
bert_sst2,500,12,0.008762385424191844,0.011764353011981364,0.007100964533307987,0.01629251399670348,0.0070993174728849326,0.014385549388938091
bert_sst2,500,13,0.008762385424191844,0.0171162833057612,0.012381128401446262,0.019293648798398875,0.010687666625845279,0.021371377749259225
bert_sst2,500,14,0.008762385424191844,0.010994355093324257,0.005965409547763393,0.013979635572158462,0.005928523322121414,0.015035550801319582
bert_sst2,500,15,0.008762385424191844,0.003265287374565155,0.004886005142812911,0.01085505169938683,0.004885735042210553,0.012820284432061565
bert_sst2,500,16,0.008762385424191844,0.010148382574686126,0.01001723283052429,0.01721081330918142,0.00690987133578682,0.017673116145994813
bert_sst2,500,17,0.008762385424191844,0.01122160881552998,0.008173433459908327,0.012407275811409074,0.006778001290959957,0.01505619093099908
bert_sst2,500,18,0.008762385424191844,0.007654155821487658,0.008387863350357433,0.01492195590557299,0.008134906503476048,0.016897384340409608
bert_sst2,500,19,0.008762385424191844,0.015259641507959866,0.010560950221102278,0.02386746359944006,0.01049702558998919,0.027273223920991692
bert_sst2,500,20,0.008762385424191844,0.013564880469165456,0.00774233677535787,0.016404097565090286,0.0065210011696867146,0.019533188887902005
bert_sst2,500,21,0.008762385424191844,0.012020559308267937,0.007950237026238505,0.016417652307799818,0.003502451819659515,0.016891943944285566
bert_sst2,500,22,0.008762385424191844,0.019530300565392008,0.011036988303195324,0.020350863877734313,0.007040202056598182,0.021229252716116098
bert_sst2,500,23,0.008762385424191844,0.010338373483296344,0.011621574509586953,0.015698240010272167,0.008619091546745424,0.01429898439347459
bert_sst2,500,24,0.008762385424191844,0.008301085193100778,0.008678102518045822,0.01531767558030955,0.007530729939668142,0.014186814562317223
bert_sst2,500,25,0.008762385424191844,0.014241326093274097,0.008005680744345173,0.014319692090810542,0.00917442134472896,0.018526506000462545
bert_sst2,500,26,0.008762385424191844,0.011219858457015845,0.009084371074306787,0.015382563696738303,0.007543167373871593,0.01435022649607537
bert_sst2,500,27,0.008762385424191844,0.005851985881413675,0.006208836520522164,0.009513956474968535,0.0059242438471839,0.010343037292151818
bert_sst2,500,28,0.008762385424191844,0.008548727870319585,0.008058467737668855,0.01192739323443172,0.006075013287853505,0.015463401451830033
bert_sst2,500,29,0.008762385424191844,0.004951043203843423,0.005893580300698453,0.01125248670399888,0.0038509554781359094,0.010664877838244272
bert_sst2,500,30,0.008762385424191844,0.01376969972459064,0.014988980319031477,0.020688408105212778,0.017826786783897944,0.02227587880308656
bert_sst2,500,31,0.008762385424191844,0.007217864294919356,0.006809988184147291,0.010338342353938393,0.005091328849543325,0.017005000330508384
bert_sst2,500,32,0.008762385424191844,0.004094477941272388,0.0048885014355379685,0.01079515479225393,0.003550037780518935,0.010062194980348615
bert_sst2,500,33,0.008762385424191844,0.013175470819462305,0.0071925272347391905,0.017801215233147663,0.006599157752586494,0.022299286599920087
bert_sst2,500,34,0.008762385424191844,0.019007131052370375,0.015173780192539055,0.022225395303212193,0.012454116340201852,0.024774946333173647
bert_sst2,500,35,0.008762385424191844,-0.0027103338042705374,0.004516438459028418,0.008365642031429473,0.0033827179048560264,0.008408342868734736
bert_sst2,500,36,0.008762385424191844,0.00011120547072148268,0.00761993078921859,0.013422887711027837,0.008207348944073696,0.014075756369207845
bert_sst2,500,37,0.008762385424191844,0.009087492255302339,0.007725957995146314,0.012398229724043528,0.008286355280569604,0.020653684039905345
bert_sst2,500,38,0.008762385424191844,0.015458700564773,0.009797870325350741,0.01819250137491111,0.007024316729717292,0.017206053584807895
bert_sst2,500,39,0.008762385424191844,0.011817716407778019,0.008948184495943961,0.01796819538103309,0.0075276621405269235,0.01887437371537763
bert_sst2,500,40,0.008762385424191844,0.006405634875905343,0.007665432366126474,0.012534395333588376,0.005942397544683703,0.01265831821306238
bert_sst2,500,41,0.008762385424191844,0.027112472916277042,0.022124550228924032,0.029902766736482626,0.015424987203931527,0.02831154177722181
bert_sst2,500,42,0.008762385424191844,0.005369925735034505,0.011310461383397481,0.018748862115872757,0.0074310609655258986,0.020764884873868805
bert_sst2,500,43,0.008762385424191844,0.009531084869838535,0.007547624590209994,0.014072991243937166,0.004325624323325883,0.013633488600859793
bert_sst2,500,44,0.008762385424191844,0.010183931532318747,0.008552497568317973,0.013022996852256613,0.006700203962164202,0.01735389256461488
bert_sst2,500,45,0.008762385424191844,0.00527234122341495,0.005836618748397314,0.01025418083431621,0.004837514566560603,0.012213483702778853
bert_sst2,500,46,0.008762385424191844,0.008517924016049923,0.005944160298420914,0.015919797549910485,0.004924425806722108,0.015579630659278962
bert_sst2,500,47,0.008762385424191844,0.006521815626033142,0.007047922469628511,0.012377567388330084,0.003007336805490716,0.012208629524527845
bert_sst2,500,48,0.008762385424191844,0.01374512633029766,0.012608560536053644,0.016359029790333813,0.007232594679660757,0.016198754447397355
bert_sst2,500,49,0.008762385424191844,0.01167281360677602,0.010544820151978026,0.01826682642296642,0.009733852393925001,0.017649478770716643
bert_sst2,500,50,0.008762385424191844,0.011651592403343866,0.012435152504564864,0.01815585367720541,0.007387161784956582,0.01856906834221501
bert_sst2,500,51,0.008762385424191844,0.0024129219712409667,0.006793278020209062,0.010394857686600433,0.006014539295091086,0.014411285753816882
bert_sst2,500,52,0.008762385424191844,0.018116050626400308,0.011257136674992504,0.017213688051724046,0.00742718084728934,0.01590412847021649
bert_sst2,500,53,0.008762385424191844,0.008255964454320298,0.005173782981918049,0.013600854191722429,0.0044459415359341435,0.011219767165775087
bert_sst2,500,54,0.008762385424191844,0.007511962193119338,0.008268799284984337,0.015186604943527027,0.004387282981618627,0.01613945367816007
bert_sst2,500,55,0.008762385424191844,0.012890364496693198,0.00821083662381196,0.01865001783813111,0.007714212329130674,0.02085658021970909
bert_sst2,500,56,0.008762385424191844,0.013130952218366979,0.01547349853430328,0.01907881439503901,0.013434498343377453,0.0260349998538477
bert_sst2,500,57,0.008762385424191844,0.008340448923659136,0.009514801516220422,0.014104931832609621,0.006926171169230253,0.014174011445209102
bert_sst2,500,58,0.008762385424191844,-0.002199561431054564,0.005683954765477318,0.010351246580191098,0.005462715551490716,0.010008907664141739
bert_sst2,500,59,0.008762385424191844,0.008548857966615817,0.007192807297847088,0.01440968926672884,0.0046039588411620645,0.01738775701332077
bert_sst2,500,60,0.008762385424191844,0.0045774870825134205,0.008981911848530323,0.013418231485805947,0.005920548779784644,0.015867077675517913
bert_sst2,500,61,0.008762385424191844,0.014258943655572587,0.00997710258799092,0.019003925073909092,0.007028430074591252,0.020580409346529084
bert_sst2,500,62,0.008762385424191844,0.0161367413624245,0.014920777056056829,0.021195107463394574,0.011388753661254586,0.020396566220398815
bert_sst2,500,63,0.008762385424191844,0.011563122763641609,0.010367296317372812,0.01668399145296498,0.008285199380262521,0.016062599046785076
bert_sst2,500,64,0.008762385424191844,0.014958658790364654,0.010455017742927914,0.013920507136285537,0.007611611011105957,0.015463541990801195
bert_sst2,500,65,0.008762385424191844,0.00849702755478299,0.011187192062640785,0.013344896312785171,0.008887227890818966,0.017367800001016894
bert_sst2,500,66,0.008762385424191844,0.014108404822846112,0.008376879858743053,0.012674027777317926,0.008395663182834474,0.011312277667213304
bert_sst2,500,67,0.008762385424191844,0.007595703771931346,0.012573027132743511,0.018572120512301435,0.014018801359018588,0.018930003478550582
bert_sst2,500,68,0.008762385424191844,0.0039863196613088145,0.007849497731250259,0.012823692713741175,0.004690535934731833,0.0128149031621015
bert_sst2,500,69,0.008762385424191844,0.018967087541861403,0.012693676355862953,0.020033985930228326,0.01206848192997494,0.02090135065784982
bert_sst2,500,70,0.008762385424191844,0.012086986234584455,0.012037027951611013,0.01825741168844089,0.010293192860661483,0.017483333622602605
bert_sst2,500,71,0.008762385424191844,0.0007647317107626104,0.00331285381867121,0.00794927757055612,0.0026229967011425627,0.007020302383840931
bert_sst2,500,72,0.008762385424191844,0.0159673459482601,0.014262190107777285,0.01994968844276376,0.009790392158499577,0.016560701254626106
bert_sst2,500,73,0.008762385424191844,-0.0005872311157428409,0.006527592783680151,0.010479487860993203,0.005507826176291905,0.014219864683326448
bert_sst2,500,74,0.008762385424191844,0.003953122396537087,0.010001727265292103,0.009250966988807384,0.007637794772947145,0.01247635568480418
bert_sst2,500,75,0.008762385424191844,0.009702275288317914,0.01034708635076866,0.01647059978632409,0.006681258536248916,0.015412967038200524
bert_sst2,500,76,0.008762385424191844,0.008973231568888955,0.004555486701721261,0.009589830492943638,0.004564929227041417,0.011833124524038478
bert_sst2,500,77,0.008762385424191844,0.0029740548145865114,0.0074957051510550045,0.012675563170626037,0.006205181593698117,0.011062410663326338
bert_sst2,500,78,0.008762385424191844,0.019553568339063555,0.011834385523044956,0.023071547982580216,0.008611219401985141,0.023290614800654454
bert_sst2,500,79,0.008762385424191844,0.010649993843487554,0.010327631261356357,0.019606746509656898,0.0070241510788008514,0.01851675870915394
bert_sst2,500,80,0.008762385424191844,0.006091233275563118,0.008389596930895691,0.014048226736026051,0.006674849409180696,0.014262182485530246
bert_sst2,500,81,0.008762385424191844,0.021783097564975543,0.01476943209955178,0.023946722680284208,0.014253512165068942,0.024595340659294553
bert_sst2,500,82,0.008762385424191844,-0.006134663089694096,0.0035977717929496504,0.011851012710442269,0.0043568249075246,0.011296449994862614
bert_sst2,500,83,0.008762385424191844,0.012757688341341888,0.011110383241646204,0.0196341991090715,0.008172564213352013,0.017352738208807006
bert_sst2,500,84,0.008762385424191844,0.0055577085590750855,0.006916552254964016,0.014371258667905925,0.005334854138030282,0.013178748368851748
bert_sst2,500,85,0.008762385424191844,0.011588764900786338,0.010352717485644213,0.013867203481242754,0.008362479429868556,0.020408477994969306
bert_sst2,500,86,0.008762385424191844,0.0031712258728330348,0.0056664334554374675,0.011492194910108047,0.005451655461150062,0.014740263288101537
bert_sst2,500,87,0.008762385424191844,0.01103592572047753,0.010427471285152874,0.018446960872327705,0.010906000241946028,0.022533182564363274
bert_sst2,500,88,0.008762385424191844,0.007685775605287964,0.009661836473279046,0.01563773128049777,0.00839300113121446,0.01577549866828632
bert_sst2,500,89,0.008762385424191844,0.008042889747067775,0.014021102140702452,0.01749430598862014,0.009314081904076222,0.018236362329951905
bert_sst2,500,90,0.008762385424191844,0.01268670503242796,0.009831502511648599,0.016339252316390458,0.008879825389965106,0.017205713371185493
bert_sst2,500,91,0.008762385424191844,0.009482391913868146,0.009872407018091505,0.014929426290243441,0.0055521916073876625,0.01774237465019664
bert_sst2,500,92,0.008762385424191844,0.016319077754415993,0.010903911182096236,0.0182421350503626,0.008607767795214273,0.018551652912984364
bert_sst2,500,93,0.008762385424191844,0.016024181913800544,0.008973238377781878,0.017204143216544857,0.00648387100685167,0.01819689033789456
bert_sst2,500,94,0.008762385424191844,0.003705931859358805,0.008188095299116488,0.012661977430581043,0.005514498967637583,0.014636123851747106
bert_sst2,500,95,0.008762385424191844,0.00786776555128982,0.011799613473805847,0.019427522240935444,0.008476652827410433,0.01802182006926259
bert_sst2,500,96,0.008762385424191844,0.011334409435742515,0.0039419176062605085,0.012262916725783725,0.0031824616183126217,0.01677364353393672
bert_sst2,500,97,0.008762385424191844,0.0123045159288382,0.008091981095342959,0.017884097870053687,0.0065285145276857,0.017259622683196
bert_sst2,500,98,0.008762385424191844,0.0009869976847041433,0.0064442862746168,0.012321647610031513,0.004161332365679618,0.012415861015665438
bert_sst2,500,99,0.008762385424191844,0.001857062249914092,0.006941711654361425,0.01364737589618257,0.005470329354689864,0.014112861769803302
bert_sst2,500,100,0.008762385424191844,0.01335034854439032,0.017638916609751896,0.029238880747802686,0.013583742560813121,0.02610507193266949
bert_sst2,500,101,0.008762385424191844,0.007491846426043459,0.008268270935726926,0.014673933262497503,0.005778921123458658,0.01360012852095013
bert_sst2,500,102,0.008762385424191844,0.006113692750768083,0.009363921489146974,0.011697989159734907,0.0071297171741397805,0.015288981454509616
bert_sst2,500,103,0.008762385424191844,0.007427519655343055,0.0071801427943984746,0.011673666007405228,0.004442863084726361,0.01122613148569115
bert_sst2,500,104,0.008762385424191844,0.004729189598382562,0.006662616369788622,0.012495767316225587,0.004594653333337057,0.011912410832040988
bert_sst2,500,105,0.008762385424191844,0.016920571274621564,0.00587833633375813,0.008761695462931592,0.004880429371364849,0.011746841676070393
bert_sst2,500,106,0.008762385424191844,0.008119544498365001,0.01019209971349775,0.01693386919843923,0.008469184869605172,0.018508704263827794
bert_sst2,500,107,0.008762385424191844,0.007324069251797791,0.008475531319407544,0.018793221370148425,0.007104550709749576,0.01806576309952982
bert_sst2,500,108,0.008762385424191844,0.0021174382585300825,0.008713354442195436,0.01750755387805606,0.007354415659609811,0.015057722617845395
bert_sst2,500,109,0.008762385424191844,0.017311424515980164,0.0035860963801019885,0.007677222025331559,0.0016602709115474843,0.010017975656631114
bert_sst2,500,110,0.008762385424191844,0.002629672102257187,0.006774943717699302,0.01791571690852089,0.006664649175707917,0.016826577133021887
bert_sst2,500,111,0.008762385424191844,-0.002317807956985747,0.007694733849750394,0.011586961074628418,0.0049081539190428914,0.011958204424132134
bert_sst2,500,112,0.008762385424191844,0.014853791862640244,0.017753853189787835,0.021429075107562163,0.010980897023858655,0.020858296113477746
bert_sst2,500,113,0.008762385424191844,0.001899908622888881,0.010064760658027748,0.013923571675872912,0.008786609241436249,0.015330111365003913
bert_sst2,500,114,0.008762385424191844,0.0074997144036539265,0.00897068657892851,0.013923303227537355,0.009093401355024216,0.013578128704301423
bert_sst2,500,115,0.008762385424191844,0.0058691264304488785,0.008890111920010524,0.013673886152149291,0.005074108424531229,0.013859225352798696
bert_sst2,500,116,0.008762385424191844,0.014198772180828026,0.012970883969337842,0.01918420137835965,0.004592199832075964,0.020628596875524492
bert_sst2,500,117,0.008762385424191844,0.0031300945339031274,0.009017306900792582,0.014057069727823184,0.006602665668402259,0.013797834136519915
bert_sst2,500,118,0.008762385424191844,0.006771766154050204,0.004274691313594712,0.008172753554014308,0.0036034654885970683,0.00948671361408401
bert_sst2,500,119,0.008762385424191844,0.012708961497331767,0.011121103852413675,0.019672133197146613,0.005976209734544768,0.017868492339537426
bert_sst2,500,120,0.008762385424191844,0.001591564742363298,0.005987534317139493,0.01267750298340821,0.0063082262965808295,0.012043837409658286
bert_sst2,500,121,0.008762385424191844,0.01369940996764259,0.010705712261526204,0.01701940055031874,0.009014463654082906,0.02165542883802103
bert_sst2,500,122,0.008762385424191844,0.009737392135650242,0.014402788078423708,0.017157945335318406,0.008570307461325685,0.020044766853579057
bert_sst2,500,123,0.008762385424191844,0.002341647553129211,0.006382761187711929,0.01011755333576504,0.003312343183180298,0.012288833873220079
bert_sst2,500,124,0.008762385424191844,0.013599111579466736,0.010178754822997012,0.0131940019893183,0.0082452129031323,0.014434417609651772
bert_sst2,500,125,0.008762385424191844,0.007866402157030968,0.008077087780584254,0.012165010953802909,0.006010388281431774,0.0150459114170625
bert_sst2,500,126,0.008762385424191844,0.010936366125849278,0.008903957729991105,0.016467698774461765,0.007861483008183413,0.018470355574290415
bert_sst2,500,127,0.008762385424191844,0.012689429077920754,0.005657038416652666,0.013833348055268696,0.006437702945776085,0.01199492088105277
bert_sst2,500,128,0.008762385424191844,-0.0022981541613114986,0.002968343711464809,0.009273304781890895,0.004320497126858485,0.012651067867375696
bert_sst2,500,129,0.008762385424191844,0.005550376299153918,0.009364234841738274,0.016057390136944235,0.009540347944253616,0.01762759899320134
bert_sst2,500,130,0.008762385424191844,0.0049990253797132485,0.005393189638147659,0.011087978617818458,0.004602329353964736,0.011774573324409543
bert_sst2,500,131,0.008762385424191844,0.01605831988233507,0.010872370643975896,0.013912409168107395,0.00778529209617385,0.021224618084967204
bert_sst2,500,132,0.008762385424191844,0.008482872125172155,0.007628972704382932,0.01754029854092238,0.006838703305511644,0.016536444958561502
bert_sst2,500,133,0.008762385424191844,0.007449380555520101,0.006314376833936963,0.012855098794396908,0.005021684428378711,0.015843761184349704
bert_sst2,500,134,0.008762385424191844,0.004006075687732464,0.007784354067237928,0.011559829922118113,0.005002103565392507,0.01463570314417992
bert_sst2,500,135,0.008762385424191844,0.010110469953875281,0.009102965899153822,0.017105963095632913,0.00448638795944139,0.016533392779673885
bert_sst2,500,136,0.008762385424191844,0.0021599072710242547,0.004544759969313481,0.013555755631639093,0.0034624918819302127,0.015134842815049171
bert_sst2,500,137,0.008762385424191844,0.0026313906787566225,0.004213537342016807,0.00889177261137089,0.0037022989909110586,0.00903820852443046
bert_sst2,500,138,0.008762385424191844,0.012721604364748229,0.007687750454686243,0.018707564182417646,0.00830917563027402,0.016237067025970213
bert_sst2,500,139,0.008762385424191844,0.005605484332239077,0.007343723163840038,0.010570673684845863,0.007070901939802023,0.016067849430196256
bert_sst2,500,140,0.008762385424191844,0.002000658142382022,0.006951635437282043,0.013224263141644054,0.0047228847135978,0.014322628410930457
bert_sst2,500,141,0.008762385424191844,0.010628810819331898,0.011072722115647492,0.01434313626525413,0.007722017292279957,0.013693513439983849
bert_sst2,500,142,0.008762385424191844,0.0028252376272841257,0.007761189607282028,0.013600428689625469,0.0072589732719406195,0.013665532839728272
bert_sst2,500,143,0.008762385424191844,0.00590400363205494,0.007508157931070832,0.014153000025117062,0.0057575182467363446,0.015066944056303013
bert_sst2,500,144,0.008762385424191844,0.012360767995174535,0.006739011249458053,0.016500756178638446,0.003648838626900083,0.014767087733147615
bert_sst2,500,145,0.008762385424191844,0.01994393274018153,0.008634727475952208,0.016335828957048763,0.006260611725983614,0.017907596512292828
bert_sst2,500,146,0.008762385424191844,0.009672956328808746,0.012160486749026964,0.015685857944663074,0.00995512465080951,0.015545567863864842
bert_sst2,500,147,0.008762385424191844,0.017599045881055715,0.011671790604587444,0.018032148369344924,0.009515004387319627,0.019121016090479278
bert_sst2,500,148,0.008762385424191844,0.0013783339578202413,0.009950192313832727,0.014939856340958511,0.010452673569394116,0.01678834622796122
bert_sst2,500,149,0.008762385424191844,0.0019115191427104693,0.00453161940877832,0.0065519880640210635,0.004032020759232834,0.01025302982175126
bert_sst2,500,150,0.008762385424191844,0.008164247731951735,0.009201293406873349,0.01221906995883112,0.009124933099689264,0.011878617313828003
bert_sst2,500,151,0.008762385424191844,0.0004957825937653833,0.00793829231150326,0.01273175537916313,0.006368518299794895,0.011281426090188878
bert_sst2,500,152,0.008762385424191844,0.0052754097351133495,0.007243094553210575,0.011030068028458536,0.006850954985672442,0.016010326768282325
bert_sst2,500,153,0.008762385424191844,0.004266893748700125,0.007358543255507249,0.011007472255519185,0.0048407160838299995,0.011206866258253652
bert_sst2,500,154,0.008762385424191844,0.009114356255463548,0.008172981828778835,0.01681781339066434,0.005739488545077925,0.017199206205125384
bert_sst2,500,155,0.008762385424191844,0.013612945265286473,0.007035447239576276,0.013365622785354275,0.006577486040989491,0.01312214454119413
bert_sst2,500,156,0.008762385424191844,0.023508609133175748,0.01247658709573846,0.015267682579853562,0.009459786675241283,0.01512747345773587
bert_sst2,500,157,0.008762385424191844,0.016120817120529877,0.01814325190176368,0.020813275625808977,0.013303169315526636,0.022250557872020096
bert_sst2,500,158,0.008762385424191844,-0.00210940600292682,0.010558494185814673,0.013566349960107063,0.007386176814512566,0.011368676254793217
bert_sst2,500,159,0.008762385424191844,0.006179373255529248,0.007061308386659142,0.011985835704480384,0.005275727886176389,0.012251771593679652
bert_sst2,500,160,0.008762385424191844,0.014542440082419374,0.009496830005076113,0.016850493087641354,0.00847505852049488,0.01676472354289732
bert_sst2,500,161,0.008762385424191844,0.002498700290390406,0.007910416123087745,0.012844340163526514,0.004918285453781668,0.01306234492277727
bert_sst2,500,162,0.008762385424191844,0.020980405471251858,0.014183193722565317,0.022477137921464614,0.014845019308391624,0.025957818830554626
bert_sst2,500,163,0.008762385424191844,0.007820403352203452,0.007676622406888862,0.012429834957834403,0.003852810168162221,0.01494676289893569
bert_sst2,500,164,0.008762385424191844,0.0047319014263461695,0.004947301609826786,0.012135867185330315,0.003909952437879692,0.015490787353080564
bert_sst2,500,165,0.008762385424191844,0.02140379232154168,0.007050333968014841,0.01125087934081911,0.006998580271186063,0.015017343511528766
bert_sst2,500,166,0.008762385424191844,0.010527782633076648,0.00898467443259715,0.016828789374525543,0.007228605431423118,0.01811418304729681
bert_sst2,500,167,0.008762385424191844,0.01124671840173019,0.009431667191187765,0.01611761153166644,0.007627231653893163,0.016702173692443617
bert_sst2,500,168,0.008762385424191844,0.009198238848351175,0.01008319542373647,0.01511449056927414,0.007157845022682769,0.019797619549317302
bert_sst2,500,169,0.008762385424191844,0.012999225684604638,0.008333302471706628,0.015458092787931709,0.008181888454226382,0.01847531852144977
bert_sst2,500,170,0.008762385424191844,0.003967531779275305,0.007376833140887383,0.012201297842131182,0.005884580740088523,0.014398175402592667
bert_sst2,500,171,0.008762385424191844,0.004141537720438822,0.007268027362583965,0.015860321048784747,0.006106715518898876,0.017954156356566157
bert_sst2,500,172,0.008762385424191844,0.010585733677950725,0.01323134905536358,0.015428960828198883,0.010394818801987655,0.015623594140281036
bert_sst2,500,173,0.008762385424191844,0.004527476766461829,0.005783646005114684,0.010791979482458493,0.004313718205969368,0.012739247241859139
bert_sst2,500,174,0.008762385424191844,0.018271344323029525,0.01652993716915102,0.028471786543338644,0.00964357183134655,0.029682948701383986
bert_sst2,500,175,0.008762385424191844,-0.0015137803338518684,0.0035372328381848618,0.007940725490409157,0.002565494192531227,0.008793975827743954
bert_sst2,500,176,0.008762385424191844,-0.0031076707829486468,0.006562284328499283,0.00879402521711288,0.004503897247262222,0.011117066850131717
bert_sst2,500,177,0.008762385424191844,0.02412528888380716,0.023921317289318157,0.02646714168502337,0.021503116371893637,0.027484789223476306
bert_sst2,500,178,0.008762385424191844,0.012490506172711741,0.010090820816925116,0.013688338125132557,0.007596585311474493,0.014815824968057818
bert_sst2,500,179,0.008762385424191844,0.003922916038848743,0.007336369256940544,0.010343777663401351,0.0046130115314197894,0.01097114743230739
bert_sst2,500,180,0.008762385424191844,0.005427603148036161,0.006844361074577159,0.012549997442820099,0.005210775621811046,0.0120375625258927
bert_sst2,500,181,0.008762385424191844,0.010492807159523268,0.009070792573361,0.017359784523332186,0.007520522091572585,0.01572844825510276
bert_sst2,500,182,0.008762385424191844,0.021613602223088214,0.009333819517573106,0.015490895426428947,0.007483074608665064,0.02157103196691609
bert_sst2,500,183,0.008762385424191844,0.01554320270909135,0.010158521526899479,0.01975209891304475,0.006389043802658284,0.019890995977690465
bert_sst2,500,184,0.008762385424191844,0.008017545568192888,0.0062626542986923515,0.014194042411237479,0.005632055615882729,0.01477127275714744
bert_sst2,500,185,0.008762385424191844,6.26193149638139e-05,0.006383067384466925,0.010885189136426584,0.005859164912597253,0.013159136209214864
bert_sst2,500,186,0.008762385424191844,0.0050974517467573515,0.009300218285183256,0.016570525025079587,0.008115626282966176,0.020260657508332617
bert_sst2,500,187,0.008762385424191844,0.002935838903375018,0.0071980514827946485,0.014341731412911458,0.006015854277768545,0.01403611690828276
bert_sst2,500,188,0.008762385424191844,0.011188572036073405,0.008818095485941466,0.013573003532783508,0.0075530302648528416,0.012635578882170595
bert_sst2,500,189,0.008762385424191844,0.006056164639028611,0.00995098796872862,0.014575463748902397,0.006999288534416004,0.013720978872530095
bert_sst2,500,190,0.008762385424191844,0.0018572875798523838,0.00560468325765578,0.007041992820843559,0.0037006401485893074,0.010309693483765803
bert_sst2,500,191,0.008762385424191844,0.0051366219211180265,0.009406810380814055,0.01462658604838467,0.008997180753160933,0.01321592657227509
bert_sst2,500,192,0.008762385424191844,0.006977178212017706,0.006469581271226153,0.008365650917953419,0.005304687956585152,0.010914608836114292
bert_sst2,500,193,0.008762385424191844,0.011237521313002118,0.00935303303400445,0.019732350395729535,0.008244068414153392,0.02052816169868548
bert_sst2,500,194,0.008762385424191844,0.006858611428668791,0.007623324036815242,0.011804655986557914,0.005640401145923566,0.011910886595272802
bert_sst2,500,195,0.008762385424191844,-0.0014321004336338631,0.006377007350078366,0.012264560866326508,0.003972344993853901,0.017644492456321756
bert_sst2,500,196,0.008762385424191844,0.0057136144134703444,0.00855358707012369,0.014835217692729937,0.0047094702984318846,0.01836705115080964
bert_sst2,500,197,0.008762385424191844,0.014440260234624944,0.01761010928130086,0.0240357383643499,0.01475714531707252,0.02265557192850739
bert_sst2,500,198,0.008762385424191844,0.009543828396423544,0.010711717575354482,0.016578037793231037,0.01045520268730376,0.01688007322440977
bert_sst2,500,199,0.008762385424191844,0.011263632316086673,0.008721524079853929,0.021309617874764,0.006424848117403617,0.020176434552574948
bert_sst2,750,0,0.008762385424191844,0.01537754249974437,0.00878670190769361,0.015061297078092296,0.007483456071325885,0.014109675327817442
bert_sst2,750,1,0.008762385424191844,0.014754967909054575,0.01186030785020375,0.01682151491969276,0.00904901773209202,0.019028006806702188
bert_sst2,750,2,0.008762385424191844,0.011250279392407176,0.00818616332901134,0.013283388808929781,0.00751702520822386,0.017258978468487975
bert_sst2,750,3,0.008762385424191844,0.00019667262329028172,0.006341993797868923,0.010374809037073838,0.007972756247765916,0.014209808193463088
bert_sst2,750,4,0.008762385424191844,0.008412157647211567,0.008390271033114132,0.013002349229844808,0.006305777330378107,0.015190838618935797
bert_sst2,750,5,0.008762385424191844,0.007438610828568939,0.006307018501810876,0.010163192232512677,0.004447808292520054,0.013920052074867134
bert_sst2,750,6,0.008762385424191844,0.018354514152184823,0.006938322773349211,0.017523337705365433,0.006236386181438516,0.0171455757070073
bert_sst2,750,7,0.008762385424191844,0.008971967404953185,0.009150065911835188,0.017021640681297155,0.009383794519609356,0.018499047484247296
bert_sst2,750,8,0.008762385424191844,0.015298475460793909,0.01183979531825778,0.021296156425814776,0.0109675562454943,0.019969874208714683
bert_sst2,750,9,0.008762385424191844,0.00696140696667734,0.008080844949293413,0.01580697020504797,0.007885872080166443,0.015163893243739538
bert_sst2,750,10,0.008762385424191844,0.0034148978963547236,0.0054680100637627535,0.009651906317327612,0.007593053243121787,0.01280482494754611
bert_sst2,750,11,0.008762385424191844,0.013625209117860628,0.008751088966522793,0.017944369138895494,0.007546475746482554,0.02043707426005025
bert_sst2,750,12,0.008762385424191844,0.007477296266506517,0.0070602034791567405,0.013526167377782292,0.008423312330737093,0.016590218604150463
bert_sst2,750,13,0.008762385424191844,0.01154641627117731,0.006357392847970641,0.015686488485781386,0.0069290008904177285,0.014094929870709823
bert_sst2,750,14,0.008762385424191844,0.011147259824766022,0.009032091533168751,0.014876105032171594,0.009432158890517418,0.019200519622629593
bert_sst2,750,15,0.008762385424191844,0.011421135587023016,0.009311749576274436,0.01660535569800933,0.007882314107100396,0.01763054838110664
bert_sst2,750,16,0.008762385424191844,0.012941295689376214,0.006292767390842249,0.011626499389364695,0.00606046063679958,0.01590926620945561
bert_sst2,750,17,0.008762385424191844,0.0065512756563003765,0.0058166774016376625,0.008061913693570786,0.0035500453349117628,0.014476146385641842
bert_sst2,750,18,0.008762385424191844,0.0032311289885896964,0.005431485785783745,0.010051976582389722,0.006238653985542607,0.012728276934453286
bert_sst2,750,19,0.008762385424191844,0.01699738318463983,0.008138326517408465,0.01741698034043625,0.00875933548991519,0.022683115445358417
bert_sst2,750,20,0.008762385424191844,0.007090167565086313,0.010317724026492172,0.016301313219624098,0.009679085769130803,0.01863123348421142
bert_sst2,750,21,0.008762385424191844,0.012882957584849026,0.010502779928397933,0.01816926148011354,0.008798154196663322,0.02206875543732654
bert_sst2,750,22,0.008762385424191844,0.014572234355714829,0.008010022203238881,0.014672350647295896,0.006455712138135561,0.018634005680549907
bert_sst2,750,23,0.008762385424191844,-0.0010870427947343208,0.0056716293360010266,0.011140855849859004,0.005310279337949467,0.012355825195911179
bert_sst2,750,24,0.008762385424191844,0.016250840614874012,0.013088658614397045,0.017857426367713758,0.014083872830163676,0.020468686881061425
bert_sst2,750,25,0.008762385424191844,0.0166206300073367,0.01373937056051726,0.023847570916387832,0.011964353972649418,0.028703392334213894
bert_sst2,750,26,0.008762385424191844,0.012344807658644015,0.0078976680406784,0.010143905925819232,0.005301095354393628,0.013457510282447587
bert_sst2,750,27,0.008762385424191844,0.012327661391873461,0.007259489444967445,0.01599722096578212,0.008066812512877317,0.017870888252851585
bert_sst2,750,28,0.008762385424191844,0.00558386947389184,0.008866173046511225,0.013028588279227529,0.008347791777582929,0.015372733560914354
bert_sst2,750,29,0.008762385424191844,0.009070249499310146,0.008618231831495175,0.013945644780465758,0.00845925693449257,0.020088470674995938
bert_sst2,750,30,0.008762385424191844,0.006441383387902187,0.010428896451836523,0.019922980165605418,0.011797700495981481,0.021214234526699148
bert_sst2,750,31,0.008762385424191844,0.00929852999665556,0.005384867420639625,0.01415319056797121,0.005405241372299106,0.01659774935872912
bert_sst2,750,32,0.008762385424191844,0.01020524353671302,0.00785806339832866,0.011237116981630345,0.007409172992832946,0.012173375676662592
bert_sst2,750,33,0.008762385424191844,0.01466161210695029,0.010735366893639832,0.020846367017943655,0.010757585160000185,0.024390317399080576
bert_sst2,750,34,0.008762385424191844,0.003851820652727248,0.006075734536383532,0.010707524766173798,0.00539378683347335,0.012764028331443808
bert_sst2,750,35,0.008762385424191844,0.005760944977458412,0.004642628620081356,0.00862578319541564,0.004146351133103663,0.012600074801819832
bert_sst2,750,36,0.008762385424191844,0.008282513615017462,0.008699680591124694,0.014902117231654246,0.009154515400027409,0.018170569266769437
bert_sst2,750,37,0.008762385424191844,0.007352099932576042,0.0068364223263539395,0.013156233267496781,0.0064412589504176596,0.015918573171602887
bert_sst2,750,38,0.008762385424191844,0.014954171429679631,0.007689731349969314,0.014906178745506331,0.004935206675374855,0.0196930866244942
bert_sst2,750,39,0.008762385424191844,0.009857496265198964,0.009658509273139526,0.0176440224387874,0.008625400943529165,0.02083391959212324
bert_sst2,750,40,0.008762385424191844,0.009885115728884328,0.007988991270507563,0.013464607967567462,0.007504000224439306,0.02191849819401213
bert_sst2,750,41,0.008762385424191844,0.015716126092853323,0.0092114649889422,0.01757572971580746,0.00905696415764268,0.022356088817338825
bert_sst2,750,42,0.008762385424191844,0.00759647601498686,0.0056257290462654475,0.012232151490419832,0.005974669379335135,0.014267931601034909
bert_sst2,750,43,0.008762385424191844,0.0063418896751887685,0.007818269521943937,0.014521949735232768,0.008076335293081098,0.018233453588074905
bert_sst2,750,44,0.008762385424191844,0.00920878811391456,0.011576062159037817,0.01695899116576679,0.009210522114731976,0.01994259940009005
bert_sst2,750,45,0.008762385424191844,0.00471402490834712,0.006326433123929205,0.011289338891441996,0.006520118844021175,0.015258053194635917
bert_sst2,750,46,0.008762385424191844,0.006078915515176731,0.007609278684897233,0.016100980834925272,0.008165778448581512,0.020173713143016067
bert_sst2,750,47,0.008762385424191844,0.013718536347106383,0.007109517653420635,0.014761048096432233,0.007184628440235906,0.01848208013833614
bert_sst2,750,48,0.008762385424191844,0.015059011984644216,0.016277886874905577,0.02125641557229782,0.01482283941667855,0.02620428356561876
bert_sst2,750,49,0.008762385424191844,0.009408613237921337,0.005322182254835448,0.012551404474415846,0.003998940956686111,0.013258272651593198
bert_sst2,750,50,0.008762385424191844,0.012619003103475529,0.007604653236393847,0.018060194867690674,0.004946729598805037,0.017964721612998395
bert_sst2,750,51,0.008762385424191844,0.003219009604820591,0.005036981291466741,0.011058281565104192,0.0050784636179062965,0.012883919017487267
bert_sst2,750,52,0.008762385424191844,0.01619928769082051,0.01135606530831536,0.015923810887588576,0.009610997138622844,0.0207125780024258
bert_sst2,750,53,0.008762385424191844,0.016315311042875456,0.005742840859830765,0.008271330182345804,0.004659731557981951,0.01448777780378552
bert_sst2,750,54,0.008762385424191844,0.014168853656234878,0.010263458790810852,0.013794545867631127,0.008927969192815294,0.020221645139951085
bert_sst2,750,55,0.008762385424191844,0.012954161185111161,0.005554254556951438,0.015655162921644355,0.007978736750608794,0.017081852048125117
bert_sst2,750,56,0.008762385424191844,0.004637541052449291,0.009048196980210567,0.017295423221946084,0.008046734233216812,0.0185436812552051
bert_sst2,750,57,0.008762385424191844,-0.0012734287507201948,0.004010463739577659,0.010027758830620593,0.00451466237945396,0.011120315835581342
bert_sst2,750,58,0.008762385424191844,0.006401805603890045,0.005189330306015754,0.009435189122985937,0.004259107470931336,0.01272249497337989
bert_sst2,750,59,0.008762385424191844,0.0014732448279783383,0.002357137227032841,0.006431057787686048,0.0028136806293958417,0.007361527761409599
bert_sst2,750,60,0.008762385424191844,0.0049126105003376615,0.010651780899899588,0.015477489842692014,0.007903927660249253,0.0196851794594482
bert_sst2,750,61,0.008762385424191844,0.007868841104456716,0.007839609021736808,0.01439799164940877,0.0063204350694055274,0.015895289991066295
bert_sst2,750,62,0.008762385424191844,0.01482597055422803,0.015995971018876724,0.019156295956706156,0.012813020945880623,0.026226125073912112
bert_sst2,750,63,0.008762385424191844,0.01307435030325949,0.010091382807237221,0.01562208129360097,0.008104267435605675,0.019304149354895533
bert_sst2,750,64,0.008762385424191844,0.007847810788229244,0.0073619636221844845,0.01256833267357641,0.0076097042619802996,0.014564311706093465
bert_sst2,750,65,0.008762385424191844,0.012427544717957406,0.008324037719099517,0.014651387520151517,0.006749652856643571,0.020033408614058865
bert_sst2,750,66,0.008762385424191844,0.006133530801646437,0.0046457099106511,0.007881904491726287,0.003967521797147351,0.012092169854757764
bert_sst2,750,67,0.008762385424191844,0.0008577660482146568,0.006193425672633903,0.011183146975495748,0.006106633728461697,0.014392291293877826
bert_sst2,750,68,0.008762385424191844,0.008814497747844484,0.006301562204955552,0.011076835621299479,0.007603339229840154,0.015107915990893903
bert_sst2,750,69,0.008762385424191844,0.008902709000428773,0.006448734516328332,0.009484646806449542,0.006246476174495144,0.015024654113499004
bert_sst2,750,70,0.008762385424191844,0.0052400118646805435,0.005652892519543906,0.011946080033538593,0.005202663317146598,0.015754347456606917
bert_sst2,750,71,0.008762385424191844,0.0006996379180141533,0.0032819299206910996,0.005819578618811953,0.0033512334216920002,0.006905660398065323
bert_sst2,750,72,0.008762385424191844,0.0072936319553562,0.007243264974437789,0.012646178333274603,0.005965796379160012,0.018190449824073206
bert_sst2,750,73,0.008762385424191844,0.010163565754165134,0.008961745477078132,0.014096237785892826,0.007471841916004225,0.020322357922778457
bert_sst2,750,74,0.008762385424191844,0.004411274123965793,0.007101414141226342,0.00980537960628056,0.006811722638445109,0.017596916821970593
bert_sst2,750,75,0.008762385424191844,0.012617773783607837,0.0075959392026693036,0.016027145021026062,0.008237947438634076,0.016982602506510257
bert_sst2,750,76,0.008762385424191844,0.013316810615456767,0.008438741740327728,0.01696120638823038,0.008973688713668139,0.019897826000418197
bert_sst2,750,77,0.008762385424191844,0.008093606521197057,0.0063119427588275824,0.01193681905819689,0.00540014522391351,0.014029919328721392
bert_sst2,750,78,0.008762385424191844,0.01038315538466165,0.011846411839352866,0.018574214119826835,0.01175759737228048,0.019587850000805925
bert_sst2,750,79,0.008762385424191844,0.0034060951015601085,0.010244829447599848,0.012294069682200147,0.007809744435473769,0.01649012443935942
bert_sst2,750,80,0.008762385424191844,0.011218201289368195,0.00760473098347312,0.012650708569487804,0.006527386448906423,0.015438158208788532
bert_sst2,750,81,0.008762385424191844,0.003535857394816836,0.005672471598077656,0.01204395482411134,0.00561929002449726,0.010436529697482643
bert_sst2,750,82,0.008762385424191844,0.001082840207307392,0.0037573680363845725,0.006540352715584385,0.0036013802122093546,0.008745790426433189
bert_sst2,750,83,0.008762385424191844,0.007359474299487373,0.004816848150589479,0.011575072415400635,0.005988770947755331,0.0109591652276237
bert_sst2,750,84,0.008762385424191844,0.01081436322293202,0.009966499547364045,0.018491904403365744,0.010877707606136707,0.02163678274287782
bert_sst2,750,85,0.008762385424191844,0.007925681561300517,0.009210724275013894,0.021174481185864215,0.007729312683398975,0.022939699626272028
bert_sst2,750,86,0.008762385424191844,0.014701453052332246,0.007958827931233816,0.013702791100900155,0.0054126141931228455,0.018613079544170456
bert_sst2,750,87,0.008762385424191844,0.02158723930965678,0.012394058607206718,0.02178058735626526,0.012002064076808469,0.02141322130954299
bert_sst2,750,88,0.008762385424191844,0.007974331746498576,0.005817671601514745,0.012217137624386445,0.00546216106245041,0.015074809569760449
bert_sst2,750,89,0.008762385424191844,0.009085983849294077,0.008811941421254074,0.018129343084419606,0.008305457682051404,0.017536408685460837
bert_sst2,750,90,0.008762385424191844,0.004678337935542587,0.004576688414865188,0.008265157204712678,0.005735698723871521,0.013881405424614454
bert_sst2,750,91,0.008762385424191844,0.008985648603659907,0.011427390460264872,0.02026915642246765,0.010895085711332807,0.027031545618363056
bert_sst2,750,92,0.008762385424191844,0.010019358348893252,0.009273505444326653,0.019507841528637628,0.00829823712810852,0.02152919098094669
bert_sst2,750,93,0.008762385424191844,0.007533196994963555,0.005025264263854415,0.007914106162552847,0.004527489832807882,0.012775556121141226
bert_sst2,750,94,0.008762385424191844,0.01644421173104416,0.014585897381849905,0.022140004783402927,0.014047407893845648,0.024331145994739765
bert_sst2,750,95,0.008762385424191844,0.0073724783147376275,0.0078664441677237,0.013789366532716542,0.006477460136313217,0.0186250723318855
bert_sst2,750,96,0.008762385424191844,0.0016332394157580197,0.005566671203224049,0.0087148000163774,0.004235164227030825,0.009555136309958395
bert_sst2,750,97,0.008762385424191844,0.011153019085450357,0.012772359621313652,0.017396391123466987,0.0115509529551686,0.017557343524471837
bert_sst2,750,98,0.008762385424191844,0.017597068551807468,0.009724977154857274,0.014652458138377655,0.009006638014210831,0.020031017189479236
bert_sst2,750,99,0.008762385424191844,0.01263193771034122,0.00798680816871007,0.015114263481389641,0.010191162791364993,0.016052617146112926
bert_sst2,750,100,0.008762385424191844,0.006125341948409725,0.006016517513580293,0.013228205353535511,0.00540794738626032,0.014155799881073003
bert_sst2,750,101,0.008762385424191844,0.01032929594801391,0.01072355355424277,0.013368886663600072,0.008035790077384627,0.013784160205593888
bert_sst2,750,102,0.008762385424191844,0.015681161516480264,0.009392546680697115,0.01685525019731901,0.010994638797840486,0.022352354586535342
bert_sst2,750,103,0.008762385424191844,0.013413735325641,0.011105191340611886,0.01432092098960003,0.009467465342183321,0.018295630084366736
bert_sst2,750,104,0.008762385424191844,0.014895432876632414,0.014408814055319458,0.02129290375760945,0.013419354695483129,0.023192076184898325
bert_sst2,750,105,0.008762385424191844,0.014648331884851923,0.009048763067029484,0.016835857905397024,0.008799865394250575,0.017398480083304656
bert_sst2,750,106,0.008762385424191844,0.009936146496299179,0.006536237680490757,0.01108357066773311,0.006066525164004839,0.01602464769076248
bert_sst2,750,107,0.008762385424191844,0.0025960565890763383,0.008491719997088264,0.013930787781185311,0.007953826967199687,0.01618470275069393
bert_sst2,750,108,0.008762385424191844,0.011950409192172325,0.008627034871225158,0.016473875562411557,0.008261055241086508,0.018696788241254633
bert_sst2,750,109,0.008762385424191844,0.017548196603029566,0.010613999028814191,0.01869123296815421,0.01023066463599125,0.021276007898404496
bert_sst2,750,110,0.008762385424191844,0.0002741600402884992,0.007449284707010405,0.011023456010380754,0.006124543470065665,0.013733669280592567
bert_sst2,750,111,0.008762385424191844,0.010751292232901648,0.00911943077032312,0.019093171385186892,0.008571617311027312,0.02009278748395946
bert_sst2,750,112,0.008762385424191844,0.0042264751509630315,0.006232377274171082,0.012706169555522456,0.006516393646433593,0.01520534203495731
bert_sst2,750,113,0.008762385424191844,0.015585712688207534,0.007209065965363547,0.011317336588716727,0.006912546585411515,0.013348797271971415
bert_sst2,750,114,0.008762385424191844,0.010523687133804652,0.00635805908120315,0.012743441413554933,0.006086859790138603,0.013913889400222687
bert_sst2,750,115,0.008762385424191844,-0.001627958703384739,0.007003700095897481,0.014667412111684491,0.007413189370520729,0.017124035750332355
bert_sst2,750,116,0.008762385424191844,0.010535150194353395,0.004950914472703794,0.012382270130086899,0.006043251925039337,0.013118860220305686
bert_sst2,750,117,0.008762385424191844,0.01114282203699739,0.009142825083985279,0.015401361595846175,0.00930533762212774,0.02130564638833448
bert_sst2,750,118,0.008762385424191844,0.0004464022285785768,0.003208645407587193,0.008762861878946114,0.003558084690818335,0.008163075017840454
bert_sst2,750,119,0.008762385424191844,0.002354004916924972,0.006657681094437418,0.01299935759007809,0.0063972240984390095,0.016441737703574853
bert_sst2,750,120,0.008762385424191844,0.004965900514185824,0.0068584306865888236,0.01155253852293317,0.006629358619358046,0.013322274270689383
bert_sst2,750,121,0.008762385424191844,0.009163322084726103,0.010549459218906515,0.015644154406802398,0.009286575637139938,0.01605496404895807
bert_sst2,750,122,0.008762385424191844,0.013229719072512764,0.006254848141257421,0.012862742932176555,0.005670873091644388,0.015584128598518722
bert_sst2,750,123,0.008762385424191844,0.008961602437188946,0.005629035104101976,0.010404866206313004,0.005272125238124486,0.01299241543521328
bert_sst2,750,124,0.008762385424191844,0.014420852047064817,0.010052928561999783,0.01477331006435488,0.009795203872956645,0.01866380931877442
bert_sst2,750,125,0.008762385424191844,0.010284477854932549,0.00826967053179342,0.013876866869952419,0.0072246884620097915,0.014967527311404064
bert_sst2,750,126,0.008762385424191844,0.00679118130274164,0.010034656755981608,0.016130202098304163,0.008691502300500802,0.018916831866649872
bert_sst2,750,127,0.008762385424191844,0.005142467181934689,0.009393667983257716,0.013526424773944843,0.006769232241261974,0.01870608579638737
bert_sst2,750,128,0.008762385424191844,0.008711552130500204,0.007760597765944123,0.015447556814491732,0.0068604416893330265,0.01483736529391415
bert_sst2,750,129,0.008762385424191844,0.005907151690972824,0.005374828984965253,0.013445393942116874,0.004860048756066628,0.013892798625278088
bert_sst2,750,130,0.008762385424191844,0.005985088292793432,0.00597859710347676,0.010877280826466218,0.005349193116992135,0.013560770498873909
bert_sst2,750,131,0.008762385424191844,0.02067730261412272,0.011784481258996993,0.02197177142748834,0.00892378769345329,0.02348764978860767
bert_sst2,750,132,0.008762385424191844,0.006479879957951082,0.004045921701750417,0.009195773296920237,0.004298829433757345,0.012367670753447088
bert_sst2,750,133,0.008762385424191844,0.015622358099125069,0.012223224310624154,0.019703420033393204,0.011452000674471675,0.024379474040692753
bert_sst2,750,134,0.008762385424191844,0.005617436931068487,0.004499072039696822,0.011086509936149319,0.004154742233862916,0.015102733388479641
bert_sst2,750,135,0.008762385424191844,0.007605479096181239,0.005591445601086372,0.008189473543749881,0.005429945436489163,0.010463422357460898
bert_sst2,750,136,0.008762385424191844,0.00586356446261061,0.0061763909207909725,0.013747343077942162,0.006728859417771206,0.019656498593912903
bert_sst2,750,137,0.008762385424191844,0.003430313824494086,0.00862665808785129,0.0146725700913267,0.008270734173094804,0.016845222091154494
bert_sst2,750,138,0.008762385424191844,0.0224898518637297,0.01281652567354366,0.02268579580510109,0.011414068897416764,0.02547213457576548
bert_sst2,750,139,0.008762385424191844,0.006240338959881681,0.007350353525478511,0.012857975477696999,0.008939560827833017,0.015112368245555039
bert_sst2,750,140,0.008762385424191844,0.007316318744303047,0.005011296842493217,0.012452939713239113,0.007261642801730779,0.012028963836218248
bert_sst2,750,141,0.008762385424191844,0.011356097789761288,0.009423329008077127,0.01572588088327044,0.01105637833289517,0.014993898856493212
bert_sst2,750,142,0.008762385424191844,0.00897602319831119,0.007879186169326861,0.016614711521263672,0.007634462326917251,0.015534734420407835
bert_sst2,750,143,0.008762385424191844,0.007461249489738253,0.009638808570545374,0.012576907708104105,0.008744221550725661,0.0162929860744346
bert_sst2,750,144,0.008762385424191844,0.014935479216888668,0.008903607122025384,0.014644780982505682,0.0106279595840587,0.018587759400172103
bert_sst2,750,145,0.008762385424191844,0.007975834980934703,0.009603159118405032,0.017272427151620726,0.009157093547795895,0.020227733502673637
bert_sst2,750,146,0.008762385424191844,0.015109899318821085,0.014717752525459838,0.021239089231528802,0.014677097450134399,0.0236510653965431
bert_sst2,750,147,0.008762385424191844,0.012823860802294368,0.006724317201797794,0.01215927256474707,0.006540929115366023,0.014302149043563122
bert_sst2,750,148,0.008762385424191844,0.00706964445127397,0.008129809765206244,0.01392945345032627,0.005087410285725575,0.018031800221078257
bert_sst2,750,149,0.008762385424191844,0.008050523030088873,0.0059331207682623635,0.01411384945196983,0.006046024375823201,0.017059429141023173
bert_sst2,750,150,0.008762385424191844,0.0009371943987602638,0.0037798533101764662,0.009028938219879592,0.0036966548362953773,0.011441934822090468
bert_sst2,750,151,0.008762385424191844,0.0026188058195075856,0.006630017793493612,0.012771213453676005,0.0062161238575397185,0.0163032529225343
bert_sst2,750,152,0.008762385424191844,0.00971618105388491,0.004784904026095409,0.012973688113006102,0.0060133117245506915,0.0193433459991735
bert_sst2,750,153,0.008762385424191844,0.008042557763293214,0.008662004908535439,0.011752110657413006,0.005921376747779244,0.01664969370232647
bert_sst2,750,154,0.008762385424191844,0.0253298720088564,0.014711095415290514,0.017204140988428242,0.011823963392080424,0.020760791943103322
bert_sst2,750,155,0.008762385424191844,0.008967487278253382,0.0035892292828250813,0.009336445976646856,0.004620526809558767,0.013204944026708066
bert_sst2,750,156,0.008762385424191844,0.004628215885704873,0.0037460162862310463,0.00876982660892096,0.0041875424017603115,0.010924235775690926
bert_sst2,750,157,0.008762385424191844,0.0063146790871553655,0.008851920992026639,0.010655676192169436,0.006584695911936264,0.01657429656990604
bert_sst2,750,158,0.008762385424191844,0.015711635607472806,0.007206723622033586,0.013101062647119502,0.008060030016423522,0.017839322014532883
bert_sst2,750,159,0.008762385424191844,0.008303788443509152,0.007111575682800728,0.017069544504574565,0.004682905051536933,0.017591209551431314
bert_sst2,750,160,0.008762385424191844,0.0032928963710128958,0.0041607461309632835,0.009145089300367072,0.0023527804523915223,0.01303865524819201
bert_sst2,750,161,0.008762385424191844,0.0058796424428806775,0.008006399666539706,0.015471339600590855,0.007045915098403669,0.01688113187870492
bert_sst2,750,162,0.008762385424191844,0.011396640242584249,0.008344805669785012,0.01699805043677645,0.00917157459558049,0.016169834458011116
bert_sst2,750,163,0.008762385424191844,0.016853649102977767,0.010110174807070443,0.020852318672027702,0.011326561714619389,0.026878739495305785
bert_sst2,750,164,0.008762385424191844,0.0072072982385154374,0.0080823145423191,0.013080270133786532,0.006543344577942488,0.015591106236755744
bert_sst2,750,165,0.008762385424191844,0.0035772563738748855,0.010248026868232138,0.016217909410357435,0.009667188306070723,0.01854796757816931
bert_sst2,750,166,0.008762385424191844,0.010798397710065836,0.010236459990640762,0.015000908116472157,0.009444328461507345,0.022280837132270668
bert_sst2,750,167,0.008762385424191844,0.00048226495773982076,0.005549307063614069,0.011548985613024598,0.005467185530077286,0.013589175824721824
bert_sst2,750,168,0.008762385424191844,0.006770732506114056,0.005420117014604877,0.012830712521721459,0.007675965317613138,0.014926857319634775
bert_sst2,750,169,0.008762385424191844,0.007952552849534396,0.008599123960909803,0.011248836883435604,0.008455186714284718,0.016692332540184932
bert_sst2,750,170,0.008762385424191844,-0.0007602559751864421,0.005806114385349293,0.009813965319593214,0.005681013656000768,0.013842986949326041
bert_sst2,750,171,0.008762385424191844,0.008374440242953932,0.009247184169680149,0.015057474396696214,0.009329149699737324,0.015163845725239801
bert_sst2,750,172,0.008762385424191844,0.012878041458600867,0.007516129690495484,0.017629073367207378,0.005475767043690069,0.022223320704013658
bert_sst2,750,173,0.008762385424191844,0.003297540912867175,0.007854273556033384,0.011826347178543589,0.007189726594689938,0.016289122440606405
bert_sst2,750,174,0.008762385424191844,0.01528006652124179,0.009979403653843448,0.017868894809855086,0.009028498638627463,0.01934514379442448
bert_sst2,750,175,0.008762385424191844,0.005460503360174962,0.003683522175800479,0.014663893459123035,0.0032158597552674616,0.014715983369492848
bert_sst2,750,176,0.008762385424191844,0.01374132778011862,0.011742844237639157,0.021852542297200832,0.0117965229190176,0.023339499402915027
bert_sst2,750,177,0.008762385424191844,0.005450489887351367,0.012444036087705102,0.018123667961615315,0.011339611467824254,0.017334887886963066
bert_sst2,750,178,0.008762385424191844,0.011574397380239096,0.008099285833002661,0.019775212781110094,0.006576521947233292,0.02089418921507279
bert_sst2,750,179,0.008762385424191844,0.015368264109249836,0.011924665015500222,0.019351876074804233,0.011805506399103955,0.022500223079671967
bert_sst2,750,180,0.008762385424191844,0.019507810525879576,0.015116823200138567,0.019363101982533947,0.01301878946238401,0.0218859926226842
bert_sst2,750,181,0.008762385424191844,0.008380003326184401,0.0067795130869203225,0.015396235734412112,0.0074545889462100156,0.016696029920955986
bert_sst2,750,182,0.008762385424191844,0.01098873175237028,0.006510000370454326,0.013963154477481919,0.00803039479736859,0.018805607660222757
bert_sst2,750,183,0.008762385424191844,0.01346284342425928,0.01073970646857894,0.016453962187852354,0.00860405860744066,0.021660409203079052
bert_sst2,750,184,0.008762385424191844,0.010414875044603401,0.006238072371555442,0.015158712089807461,0.004867673660881314,0.01821592821079463
bert_sst2,750,185,0.008762385424191844,0.005944067358435589,0.007999998712577179,0.01250277873972836,0.005371385442459128,0.01766071289993411
bert_sst2,750,186,0.008762385424191844,0.019962591858589066,0.010665517167166813,0.018959122093387643,0.009141660792674314,0.02425129740978934
bert_sst2,750,187,0.008762385424191844,0.012888021465979093,0.007883806274622443,0.017860568426170755,0.009286183507519228,0.019121768804133382
bert_sst2,750,188,0.008762385424191844,0.010639639267584575,0.0100052454754012,0.016086828775794433,0.00814622260214833,0.018230322215186775
bert_sst2,750,189,0.008762385424191844,0.010699928491696938,0.009115749153535989,0.013831434051400322,0.008372016064193718,0.01348959509532349
bert_sst2,750,190,0.008762385424191844,0.013640748781904345,0.009969745590973793,0.014632740606437763,0.008762162943341393,0.02060913717303738
bert_sst2,750,191,0.008762385424191844,0.007780813605604473,0.009533003222227885,0.013160113358781447,0.005902018183746733,0.016486715288213785
bert_sst2,750,192,0.008762385424191844,0.019268658191062396,0.011704939667863816,0.017895237258542928,0.012196024988168236,0.02141580871563627
bert_sst2,750,193,0.008762385424191844,0.02069505707913074,0.010778553498088084,0.02242764321747615,0.009067467463603943,0.026447858587824346
bert_sst2,750,194,0.008762385424191844,0.0042619824810431,0.005620500876678208,0.013880838357529944,0.004720921861369612,0.016637004598420938
bert_sst2,750,195,0.008762385424191844,-0.00016637278709525345,0.004861660983686755,0.010817253657780608,0.004630818643851299,0.0123164262152273
bert_sst2,750,196,0.008762385424191844,0.010479346258974488,0.008666918865533543,0.017008650363309116,0.00846287735489465,0.018575832356962692
bert_sst2,750,197,0.008762385424191844,0.009499247730539662,0.009068590854829158,0.014597758430680029,0.006208475014150351,0.018269336356735267
bert_sst2,750,198,0.008762385424191844,0.007616548284332938,0.009998134623191598,0.012830831726324848,0.006900985171891783,0.017590215084830357
bert_sst2,750,199,0.008762385424191844,0.005139133770273354,0.007698954829123288,0.01280819531449999,0.007222349386964084,0.01566721770395463
bert_sst2,1000,0,0.008762385424191844,0.013532329080274828,0.0112858158069185,0.01857690124492895,0.010261546166908575,0.02006515766795945
bert_sst2,1000,1,0.008762385424191844,0.009871760036417456,0.010280644713471525,0.014779293867091928,0.008620603344696425,0.02132023736316084
bert_sst2,1000,2,0.008762385424191844,0.009220082370451816,0.0043730170075807736,0.013906491400053525,0.005031890024212606,0.01790092642818456
bert_sst2,1000,3,0.008762385424191844,0.01129138010674608,0.009026578594850667,0.017145200906924507,0.005481666251185433,0.01989885011651056
bert_sst2,1000,4,0.008762385424191844,0.010062939702005494,0.005507721724083254,0.014875692950752563,0.0060121810721978745,0.0191443751937551
bert_sst2,1000,5,0.008762385424191844,0.005270309795743285,0.006696167606562477,0.01446218094201067,0.006567737920645006,0.017333439349481148
bert_sst2,1000,6,0.008762385424191844,0.010412293729606052,0.007524510830700779,0.01498480014806418,0.007700647574909235,0.016462001231634774
bert_sst2,1000,7,0.008762385424191844,0.014858409192063117,0.005251153976744344,0.014823631370143359,0.005896993102250387,0.01636310622131402
bert_sst2,1000,8,0.008762385424191844,0.010962549111523279,0.009102179688556051,0.013757340501743692,0.007482106432164718,0.018375945972789805
bert_sst2,1000,9,0.008762385424191844,0.009226857127668077,0.006433887215959827,0.009845369403340265,0.006116149731838859,0.014814402972087644
bert_sst2,1000,10,0.008762385424191844,0.00854093846369582,0.008816430388219576,0.01554738786599094,0.007605294016951374,0.018555901304943494
bert_sst2,1000,11,0.008762385424191844,0.015864397437667092,0.0084872472087666,0.016566640540107615,0.007896822616489182,0.022496891122635785
bert_sst2,1000,12,0.008762385424191844,0.004248267212033063,0.005228074459780083,0.011193249627319815,0.004681467525593586,0.015806140558121497
bert_sst2,1000,13,0.008762385424191844,0.0020801942467976236,0.004422709281049105,0.009919684279998467,0.004209379835506339,0.014034290132412633
bert_sst2,1000,14,0.008762385424191844,0.0026496658259553075,0.003037946603843045,0.008382340602154287,0.004230778529023963,0.012205152301731664
bert_sst2,1000,15,0.008762385424191844,0.006069985312831392,0.0047159652294762894,0.010000727417643364,0.004340549449274418,0.01390138746411194
bert_sst2,1000,16,0.008762385424191844,0.006996835451249962,0.009115744073544891,0.016558316454948943,0.008992365024286691,0.020861032872581106
bert_sst2,1000,17,0.008762385424191844,0.00749332439499768,0.006022213030790876,0.01365682430101933,0.006156063803713864,0.01722839039397539
bert_sst2,1000,18,0.008762385424191844,0.0051807148847925096,0.005890469057013619,0.01514091081169169,0.006684307526878941,0.01896140786645093
bert_sst2,1000,19,0.008762385424191844,0.011858602340232265,0.008502512565411874,0.01737177690737816,0.008068820630738542,0.020422632464144833
bert_sst2,1000,20,0.008762385424191844,0.0048370527543706915,0.0043819407869800505,0.011684139259111838,0.003907367619563245,0.016455480944711606
bert_sst2,1000,21,0.008762385424191844,0.01175223730766494,0.005064193005743731,0.012603633293816753,0.005426890762930656,0.015502093135618452
bert_sst2,1000,22,0.008762385424191844,0.00738438220644104,0.004599342035660939,0.013778093442517174,0.0061991485963941205,0.015542737329328007
bert_sst2,1000,23,0.008762385424191844,0.0014901825126888946,0.005874325766286669,0.009951064197205617,0.004055779556408462,0.014241368119977015
bert_sst2,1000,24,0.008762385424191844,0.0065749076359913755,0.006059871703461812,0.014692707025022352,0.006283392274353717,0.01776192784937537
bert_sst2,1000,25,0.008762385424191844,0.01470202310463816,0.01118000306196714,0.02035019061529517,0.010483264843387668,0.024677587124583487
bert_sst2,1000,26,0.008762385424191844,0.007863521272527195,0.006389411057039549,0.013172048090394921,0.0068981740245354015,0.015051841064092485
bert_sst2,1000,27,0.008762385424191844,0.007902612245294212,0.005684485036078123,0.013647775249850174,0.005882858688382814,0.01697492356929507
bert_sst2,1000,28,0.008762385424191844,0.009054848838977378,0.007712226264963944,0.012983381627615927,0.007004143830326492,0.015293762542782943
bert_sst2,1000,29,0.008762385424191844,0.0067160045041700575,0.003331412175893004,0.008381250553528374,0.0035725619375168716,0.01187873911561449
bert_sst2,1000,30,0.008762385424191844,0.016951885919544156,0.01473447878761483,0.021162449542965308,0.014452339550642635,0.02553459840134493
bert_sst2,1000,31,0.008762385424191844,0.004313371653003619,0.005385073768988064,0.011350867914658287,0.005450813485995073,0.016080250856664657
bert_sst2,1000,32,0.008762385424191844,0.009736909600135965,0.00904145980216224,0.012902463103358562,0.0072743870577948915,0.018943753875381514
bert_sst2,1000,33,0.008762385424191844,0.006193046296247917,0.006277276362198095,0.013812004764515684,0.0068946552418975545,0.018639768835456726
bert_sst2,1000,34,0.008762385424191844,0.00494761762490028,0.009138086016815814,0.012893778840776936,0.0069968250341693,0.01752936201479545
bert_sst2,1000,35,0.008762385424191844,0.008840684070965091,0.008723990128595357,0.016959947125137802,0.00798234382321482,0.016447862760665333
bert_sst2,1000,36,0.008762385424191844,0.009658622377544694,0.009093696994259694,0.01761120948321115,0.008229008590045578,0.020466723589906317
bert_sst2,1000,37,0.008762385424191844,0.014387637254239877,0.011025850599116031,0.021603499477408614,0.010268596576856885,0.02642316961599345
bert_sst2,1000,38,0.008762385424191844,0.00838262186660045,0.009096013208136695,0.01272681836815865,0.009468450815037426,0.016576869721664927
bert_sst2,1000,39,0.008762385424191844,0.010734590287707811,0.007516680073057946,0.014885931270771431,0.00807500083087129,0.016084999679488232
bert_sst2,1000,40,0.008762385424191844,0.008080379778986102,0.009387326458680904,0.013740349294646214,0.009059472269608211,0.017649614040820556
bert_sst2,1000,41,0.008762385424191844,0.006445971870507526,0.006432537783099776,0.011250084059289504,0.006462414045439324,0.013278796995152001
bert_sst2,1000,42,0.008762385424191844,0.004139995475029638,0.00474326859445241,0.011710837519057228,0.004600303519898493,0.013272900654528602
bert_sst2,1000,43,0.008762385424191844,0.008578628394408863,0.006999645632453538,0.013174368313531722,0.005676525130874068,0.016089525926828583
bert_sst2,1000,44,0.008762385424191844,0.008769305375231302,0.007783492938139475,0.014395685771442531,0.006942852825013596,0.01930100586535686
bert_sst2,1000,45,0.008762385424191844,0.010360701261398814,0.008607816329884202,0.017024798080811535,0.007086934368462384,0.019315706108661537
bert_sst2,1000,46,0.008762385424191844,0.008023964594716607,0.007085570204673694,0.014131939017756188,0.005768608991568582,0.019088526289115056
bert_sst2,1000,47,0.008762385424191844,0.006725976674275927,0.005419119235694409,0.010765218008478808,0.005531902590971786,0.015994063348038455
bert_sst2,1000,48,0.008762385424191844,0.011558576691144126,0.008427504285233723,0.013559238487971371,0.007972977903264563,0.018749900575442773
bert_sst2,1000,49,0.008762385424191844,0.005803365781795686,0.004750204030327198,0.009703287860798304,0.004152700595322274,0.01481425800794076
bert_sst2,1000,50,0.008762385424191844,0.012036079706839715,0.00893247717645095,0.016905367100889145,0.008601041586128916,0.02010251220261986
bert_sst2,1000,51,0.008762385424191844,0.01022608585686982,0.00804447830202759,0.017145966829369887,0.008824150310061403,0.018879503849783808
bert_sst2,1000,52,0.008762385424191844,0.010427377883749,0.009103098347463444,0.014250867828469875,0.007940040652223198,0.02208920923267844
bert_sst2,1000,53,0.008762385424191844,0.009038613051910482,0.007890687110712363,0.016496710253587683,0.007795131386307873,0.01991128650665724
bert_sst2,1000,54,0.008762385424191844,-0.000863525321981673,0.004428123332195718,0.009150598676497201,0.004248841632064406,0.010479894973337347
bert_sst2,1000,55,0.008762385424191844,0.015238099597417308,0.008011085528876317,0.0119504452915928,0.007811899932555693,0.016833720296343
bert_sst2,1000,56,0.008762385424191844,0.009091290796189203,0.006010035934386463,0.012934583927445556,0.006560591118686207,0.013212172505625557
bert_sst2,1000,57,0.008762385424191844,0.0007353414328990056,0.007700205331293912,0.01259726673248356,0.007272032628680996,0.015407411678303484
bert_sst2,1000,58,0.008762385424191844,0.009085263604374285,0.006974082905598743,0.012200442960920127,0.006301803555036746,0.01294982467235725
bert_sst2,1000,59,0.008762385424191844,0.006819445158882835,0.004577930703867624,0.012685779845425125,0.004066074863419264,0.013423603775857967
bert_sst2,1000,60,0.008762385424191844,0.008643489900972705,0.005482136230559353,0.013574750646003272,0.006866347127365639,0.01555201382853979
bert_sst2,1000,61,0.008762385424191844,0.016510626602651193,0.008609815838688589,0.018378760528737458,0.009431089052580261,0.020601307144499016
bert_sst2,1000,62,0.008762385424191844,0.009246730723890614,0.007003296948594761,0.010562195518061453,0.005331593405326385,0.015410251789670495
bert_sst2,1000,63,0.008762385424191844,0.008794030040519664,0.004903381429880014,0.01224189554971465,0.005031146073480916,0.015937244365667142
bert_sst2,1000,64,0.008762385424191844,0.006441603208686441,0.009109833479805976,0.016118893006349482,0.01029824070718053,0.018964098070689227
bert_sst2,1000,65,0.008762385424191844,0.011171525289401735,0.004721410423697575,0.014776901578503848,0.004645937147885933,0.020541752517100546
bert_sst2,1000,66,0.008762385424191844,0.007198308088675091,0.010442696240870453,0.015370864089740945,0.010280664221582112,0.019828195238373637
bert_sst2,1000,67,0.008762385424191844,0.008833461625543581,0.005161899362641918,0.011619721588745646,0.006400712673198542,0.015206365279611493
bert_sst2,1000,68,0.008762385424191844,0.010559527511652855,0.008294014301136392,0.014963577212713774,0.007870170491628675,0.016790256271941466
bert_sst2,1000,69,0.008762385424191844,0.009189465578311646,0.008494089649899119,0.01566338357665047,0.007310981310482042,0.018140763350074876
bert_sst2,1000,70,0.008762385424191844,0.012249753588075922,0.006794981298345157,0.01435869902608371,0.005736565570173195,0.016895401828412374
bert_sst2,1000,71,0.008762385424191844,0.0066695418076070205,0.005593587202646821,0.011602713207112392,0.0054894632195043045,0.015791358888515995
bert_sst2,1000,72,0.008762385424191844,0.007632267101592099,0.007974863257668418,0.012800864019281976,0.007149688108442968,0.017448512954272986
bert_sst2,1000,73,0.008762385424191844,0.009115460684498956,0.007833288353511127,0.0167278262274892,0.008338502104071147,0.0207896717916935
bert_sst2,1000,74,0.008762385424191844,0.009375129880990783,0.008191143633041948,0.016705125846442737,0.007268137237100946,0.02104812950225727
bert_sst2,1000,75,0.008762385424191844,0.015116379936561767,0.0112919329213903,0.014796901669531631,0.011073680755620128,0.020747823626858366
bert_sst2,1000,76,0.008762385424191844,0.01220762939367897,0.007539897338365849,0.013276794352537556,0.007464418981994939,0.01625090457104177
bert_sst2,1000,77,0.008762385424191844,0.011508199507488347,0.006741946133446815,0.011225573298473141,0.005963429828862998,0.0191014237235234
bert_sst2,1000,78,0.008762385424191844,0.00982561063138835,0.007687388268831782,0.014455666510739647,0.00837556179522931,0.018647603811740642
bert_sst2,1000,79,0.008762385424191844,0.009048146440339586,0.011079157386270404,0.01451397751423664,0.00822903618907262,0.020065555432554526
bert_sst2,1000,80,0.008762385424191844,0.012051358487487429,0.009947214008189256,0.018164094300454556,0.008996306744476627,0.020095824652177824
bert_sst2,1000,81,0.008762385424191844,0.00904771926560746,0.0034390461831323993,0.012470007756236898,0.003718738074328297,0.017415520331806524
bert_sst2,1000,82,0.008762385424191844,0.007937761609145246,0.009571211987535624,0.015067766669642227,0.008921941131414554,0.017677947407312322
bert_sst2,1000,83,0.008762385424191844,0.0059285558284594515,0.005652216823251114,0.01172625717811564,0.006087293889775064,0.014303026629639894
bert_sst2,1000,84,0.008762385424191844,0.010214783522866778,0.008026727895023693,0.01610716547132837,0.007006091378575436,0.019860442894708473
bert_sst2,1000,85,0.008762385424191844,0.015876311159379514,0.009945947602425705,0.018362105753132584,0.0117563152615317,0.022423716975275013
bert_sst2,1000,86,0.008762385424191844,0.01192011058446028,0.007493504037414014,0.014662362052347123,0.006296629673492038,0.020370174760823284
bert_sst2,1000,87,0.008762385424191844,0.007032933400861968,0.0049526367543459935,0.01306320485336326,0.005207447680945289,0.017464499993628993
bert_sst2,1000,88,0.008762385424191844,0.008336729880107006,0.0072535518198337205,0.014197700657285822,0.0071776184929750395,0.017222107708941645
bert_sst2,1000,89,0.008762385424191844,0.0027562629650729918,0.0032585910772815513,0.008329079406099942,0.002263986756779161,0.012574950318980016
bert_sst2,1000,90,0.008762385424191844,0.004770200608133549,0.005782581004001008,0.011134378900265134,0.005727606761726166,0.01353737984782618
bert_sst2,1000,91,0.008762385424191844,0.010782500517746367,0.007056193796966371,0.0149703132852581,0.007063000782271726,0.0207502138014446
bert_sst2,1000,92,0.008762385424191844,0.009723588667334271,0.006174198015196803,0.01294757552474046,0.006466596649776695,0.015436536330156582
bert_sst2,1000,93,0.008762385424191844,0.006131154710815904,0.00397121073369841,0.009162017141396243,0.004396991095544448,0.013742052055207274
bert_sst2,1000,94,0.008762385424191844,0.011481475307768114,0.008383870670243744,0.013705515205339065,0.007809014257722663,0.018621516550667568
bert_sst2,1000,95,0.008762385424191844,0.004967000190508447,0.008307223653296426,0.013792274457006636,0.007203285687625035,0.016911530502574133
bert_sst2,1000,96,0.008762385424191844,0.012542971760740186,0.007213933321289736,0.014438696001803043,0.0064910835848093745,0.019945112619926996
bert_sst2,1000,97,0.008762385424191844,0.007018184242493346,0.005023227449476922,0.01110012761562216,0.004297963339904717,0.014914627448963562
bert_sst2,1000,98,0.008762385424191844,0.010759792030029377,0.006486539146102942,0.013026159345077955,0.005795658078070144,0.019497899100850355
bert_sst2,1000,99,0.008762385424191844,0.010517539018397436,0.006272068761990079,0.013586044855717419,0.005483344636233662,0.014757181287059194
bert_sst2,1000,100,0.008762385424191844,0.00525025518473144,0.005235813883783757,0.01468134334920069,0.004673060286330142,0.015820936527135405
bert_sst2,1000,101,0.008762385424191844,0.0063532724873128525,0.007606783482406964,0.010077455855333012,0.006370324196486228,0.013142009089867268
bert_sst2,1000,102,0.008762385424191844,0.012194242200348052,0.006470362149070025,0.012891349855285297,0.0052009229565823335,0.01930507322424398
bert_sst2,1000,103,0.008762385424191844,0.009424332725981187,0.010811905049723904,0.01671377288084419,0.009316644357371234,0.01773871186261507
bert_sst2,1000,104,0.008762385424191844,0.002708227003382185,0.004660798170071083,0.010156252934077709,0.005232061543499332,0.013913222887662063
bert_sst2,1000,105,0.008762385424191844,0.008720838027535083,0.00972648819050292,0.016147677638802545,0.009485782650424138,0.018245046011449412
bert_sst2,1000,106,0.008762385424191844,0.003898137687644182,0.0051687415486125435,0.009967335546510405,0.004085648244449136,0.012778532053127947
bert_sst2,1000,107,0.008762385424191844,0.0056768816425936406,0.00800812549524228,0.013785838950920549,0.006197110574723127,0.016938694563404615
bert_sst2,1000,108,0.008762385424191844,0.007444271577057085,0.0065289342438053415,0.013952149270700315,0.006517575327240182,0.017422189511553374
bert_sst2,1000,109,0.008762385424191844,0.014366173276704298,0.0071144362975157065,0.015405125588823275,0.005693264644753059,0.018192282284799917
bert_sst2,1000,110,0.008762385424191844,0.011088953986635333,0.01147600510138202,0.018589471488986122,0.010795694415129791,0.024530034644831458
bert_sst2,1000,111,0.008762385424191844,0.01521572495251656,0.00731025015451259,0.017424688434562973,0.0071067028216211595,0.01897646258832535
bert_sst2,1000,112,0.008762385424191844,0.008127493560345454,0.004852101759391743,0.01157776800125755,0.0049774283730276234,0.015398707440925993
bert_sst2,1000,113,0.008762385424191844,0.008428347820937139,0.0069986902510629995,0.014393947579428844,0.00828581347387371,0.01675291005045898
bert_sst2,1000,114,0.008762385424191844,0.004116895392367659,0.004482284158558705,0.013236345790684634,0.004150908532719846,0.013347894183627642
bert_sst2,1000,115,0.008762385424191844,0.00916963864689508,0.00845705137006222,0.013222905606279027,0.0073282906781608785,0.017458666035221573
bert_sst2,1000,116,0.008762385424191844,0.012487292971777818,0.006741377342515473,0.014267871920262831,0.00708878468078738,0.01947572707450084
bert_sst2,1000,117,0.008762385424191844,0.0032932140087910708,0.005442797459801177,0.012091589128278056,0.00543436262173445,0.017370726003137993
bert_sst2,1000,118,0.008762385424191844,0.006622800803395803,0.006623997760416365,0.01417335741410626,0.006559338781314844,0.015029284751612944
bert_sst2,1000,119,0.008762385424191844,0.010161272050117326,0.007753399711991504,0.013836491993630011,0.00688961367828592,0.015112583821480605
bert_sst2,1000,120,0.008762385424191844,0.0028422741527721128,0.009053070346043125,0.013562243731363869,0.007995571664986526,0.017784939723531873
bert_sst2,1000,121,0.008762385424191844,0.01259650025107899,0.008480043304915063,0.013330759088938072,0.009011516700433276,0.01611221005028581
bert_sst2,1000,122,0.008762385424191844,0.00809535108272893,0.005342591617429575,0.012336148761093827,0.005366383172425635,0.015063338190909282
bert_sst2,1000,123,0.008762385424191844,0.012691742530302686,0.008417877294677268,0.01603177411250535,0.009228435782030909,0.017798615157780157
bert_sst2,1000,124,0.008762385424191844,0.004590128658143494,0.006389643558850991,0.010934416070220396,0.006262009405855461,0.015137568752503473
bert_sst2,1000,125,0.008762385424191844,0.01075134315160842,0.00805197381467245,0.01246575751635206,0.00762111440409622,0.01896116492774857
bert_sst2,1000,126,0.008762385424191844,0.007715082365220518,0.005622244502743113,0.012346043137476805,0.005353656615173643,0.018218678465028955
bert_sst2,1000,127,0.008762385424191844,0.00948186882147841,0.005642285029271405,0.010238378117109218,0.005401570173243403,0.015438678061415158
bert_sst2,1000,128,0.008762385424191844,0.016088013049113625,0.009767914834950837,0.016103889325481475,0.00882044763865017,0.018941259767735384
bert_sst2,1000,129,0.008762385424191844,0.011471844302008965,0.008153463310269471,0.01740438860312925,0.007510201045974316,0.024309130917420863
bert_sst2,1000,130,0.008762385424191844,0.015749021806158683,0.006652982155721247,0.015051996917169611,0.006399744550891387,0.02123289640597569
bert_sst2,1000,131,0.008762385424191844,0.006376223868150307,0.010539903545492828,0.012477543635210137,0.011009815582074249,0.017203013898892443
bert_sst2,1000,132,0.008762385424191844,0.009132709845865328,0.010023055282492898,0.013262553400181804,0.007366731068296077,0.016021144375195372
bert_sst2,1000,133,0.008762385424191844,0.0072350609763242165,0.006463723846220654,0.010889206732506845,0.005381600034634799,0.013115090546310845
bert_sst2,1000,134,0.008762385424191844,0.013714760300240736,0.0069722703214011,0.014561808727462216,0.00848643495870354,0.01738518540692528
bert_sst2,1000,135,0.008762385424191844,0.016830214084177512,0.013811770817555833,0.023561419368183345,0.011626039916919911,0.027193543969097983
bert_sst2,1000,136,0.008762385424191844,0.0090296633328846,0.005435739775922492,0.010830197368306012,0.004768955312609175,0.01634361838060771
bert_sst2,1000,137,0.008762385424191844,0.01643865263088614,0.007165679118443353,0.019708262392201716,0.005546952134454832,0.02372566001258872
bert_sst2,1000,138,0.008762385424191844,0.011385904205336774,0.007817946896559078,0.015214282329725524,0.005435744136380597,0.018327029084293657
bert_sst2,1000,139,0.008762385424191844,0.004221810212113413,0.00430803547770676,0.00841647768723744,0.004200483199279556,0.013948287850589889
bert_sst2,1000,140,0.008762385424191844,0.008848703046030727,0.007798215228373707,0.014211418012326412,0.008404963010891256,0.018386791414689765
bert_sst2,1000,141,0.008762385424191844,0.009842084495050906,0.011801231984737889,0.01639528516264837,0.010202710464605759,0.020108153379718417
bert_sst2,1000,142,0.008762385424191844,0.010546742696484212,0.007974174580186788,0.013879789551910509,0.007143187640777167,0.019148400778222205
bert_sst2,1000,143,0.008762385424191844,0.013494856628822952,0.0064363887420131995,0.01659150094795752,0.005573535606039749,0.02262042707069527
bert_sst2,1000,144,0.008762385424191844,0.00959162352233032,0.005483436508666078,0.011636618144947774,0.006042742734306432,0.014735427743892443
bert_sst2,1000,145,0.008762385424191844,0.010187614074922642,0.008704081151281483,0.014799058277611155,0.008222675161139205,0.020773897627912704
bert_sst2,1000,146,0.008762385424191844,0.00555384311646076,0.004693658084920115,0.009023452340208184,0.005528601705221063,0.01469087942399624
bert_sst2,1000,147,0.008762385424191844,0.007646010837519551,0.005675324166297102,0.010506920641161729,0.006236917497560273,0.01523945491098038
bert_sst2,1000,148,0.008762385424191844,0.011627558558126656,0.006892595201105406,0.01433511601190773,0.004002903449594141,0.016929261503147816
bert_sst2,1000,149,0.008762385424191844,0.005529478411534745,0.007421137150649408,0.010561159147216713,0.008727273262250852,0.01403924962877374
bert_sst2,1000,150,0.008762385424191844,0.011143386329219233,0.006404756112612814,0.010363492360103848,0.007372091456315362,0.017590799957600076
bert_sst2,1000,151,0.008762385424191844,0.013239436243232868,0.006541311233162464,0.01931255484488658,0.005776801262272151,0.0199595301785012
bert_sst2,1000,152,0.008762385424191844,0.012621349199011806,0.010153311240321185,0.014955944761317246,0.009106959438390277,0.018302981196084235
bert_sst2,1000,153,0.008762385424191844,0.017504817840050785,0.00903199329843917,0.021996775041245368,0.007879654055564839,0.0253824344384994
bert_sst2,1000,154,0.008762385424191844,0.0018257835521422053,0.004281670386636611,0.00998279834805354,0.00483957853499991,0.011693256908771252
bert_sst2,1000,155,0.008762385424191844,0.01393910124752242,0.0075178059148516595,0.014155177096339715,0.006321086271190001,0.015910979378519898
bert_sst2,1000,156,0.008762385424191844,0.008618256860514852,0.008684131112401591,0.013469920263254385,0.007655081702104911,0.01622906909935124
bert_sst2,1000,157,0.008762385424191844,0.011753729498282548,0.008073353102732425,0.013302380322822964,0.006605425707857702,0.017835319244917845
bert_sst2,1000,158,0.008762385424191844,0.006684924648259081,0.006923818407730237,0.012116321029275963,0.0073808035667739915,0.016020598033326415
bert_sst2,1000,159,0.008762385424191844,0.016065210463884955,0.010575624246189661,0.01954967611723154,0.00975384897103833,0.02287143500778082
bert_sst2,1000,160,0.008762385424191844,0.0073991128841377814,0.005298991988082427,0.011361204778230615,0.004165458172512515,0.016578432346497637
bert_sst2,1000,161,0.008762385424191844,0.006658804225601898,0.00685306879729859,0.011080928600944662,0.0053512437883084995,0.013209089661988895
bert_sst2,1000,162,0.008762385424191844,0.011828800535640865,0.007063212935483387,0.015540123725885004,0.006442449411140782,0.018465685329874304
bert_sst2,1000,163,0.008762385424191844,0.009682820435319366,0.007008252715220731,0.013349822592589317,0.006599291754753523,0.018683097222562534
bert_sst2,1000,164,0.008762385424191844,0.01388585450188732,0.004951861635039169,0.011813449985733429,0.006110674001131527,0.014404475947505773
bert_sst2,1000,165,0.008762385424191844,0.018623309394895902,0.010070379908823434,0.015214989394565951,0.009230691695259497,0.02051894038878769
bert_sst2,1000,166,0.008762385424191844,0.012278771576011156,0.007120179318473797,0.014600757918389594,0.006362093499539303,0.01705430839826546
bert_sst2,1000,167,0.008762385424191844,0.005353675763216699,0.005775388864886616,0.009584134700396799,0.005258076587615185,0.01324097124206381
bert_sst2,1000,168,0.008762385424191844,0.012735040456336208,0.00832218364015293,0.016871285439937368,0.009926400599509798,0.019858243926410335
bert_sst2,1000,169,0.008762385424191844,0.00616977824675796,0.006612508396425165,0.010703378067728923,0.0068212838947573915,0.01559180589478453
bert_sst2,1000,170,0.008762385424191844,0.013910373221499227,0.010489439348658139,0.017452333068345042,0.0098991883920807,0.0232634695854201
bert_sst2,1000,171,0.008762385424191844,0.00486353305843199,0.00563334412694062,0.012145322198512672,0.005686392302862945,0.01647477080086748
bert_sst2,1000,172,0.008762385424191844,0.013434489080573929,0.005095133357465087,0.01294881124996754,0.004668710075375838,0.015609331076572397
bert_sst2,1000,173,0.008762385424191844,0.007652448099280538,0.0069032835716828275,0.013705403417827777,0.006600850287968449,0.013840701942773256
bert_sst2,1000,174,0.008762385424191844,0.015183657349503832,0.008216069843185835,0.014359839854997147,0.007965687805497265,0.018268468150494186
bert_sst2,1000,175,0.008762385424191844,0.007251860949887707,0.005527639676121686,0.014463960184907558,0.004878844960807597,0.01655404615763847
bert_sst2,1000,176,0.008762385424191844,0.007689537833880884,0.008149279114451709,0.012195093173720285,0.008317417869636974,0.017511720963765433
bert_sst2,1000,177,0.008762385424191844,0.011219313119633497,0.00866524677782387,0.017909891325369,0.00733123188988306,0.020898089067249954
bert_sst2,1000,178,0.008762385424191844,0.017929427636159,0.009662636491182493,0.01572846986071394,0.007134693527261929,0.018134513936247525
bert_sst2,1000,179,0.008762385424191844,0.007000000193530408,0.007186999967815805,0.013087528200650565,0.005252321488789039,0.01534700522862738
bert_sst2,1000,180,0.008762385424191844,0.006805091618754917,0.005498185086573808,0.008541812474117047,0.004826071718724121,0.011603211820131736
bert_sst2,1000,181,0.008762385424191844,-0.0009297791851630604,0.007100833402500947,0.010590688279997417,0.00638865081146138,0.014389430000677534
bert_sst2,1000,182,0.008762385424191844,0.009131912921859341,0.004546124834572264,0.011103047999682796,0.005288799725160985,0.013978320309978988
bert_sst2,1000,183,0.008762385424191844,0.01094884748301426,0.008826666181276787,0.0159809126165664,0.009199786821879507,0.019343815708969557
bert_sst2,1000,184,0.008762385424191844,0.00736418928691581,0.004256551249882641,0.01208598431463069,0.003919595087915376,0.015594475929505192
bert_sst2,1000,185,0.008762385424191844,0.002623229533766351,0.0057045215449759625,0.012017799121606576,0.005148650199795929,0.015254652946389202
bert_sst2,1000,186,0.008762385424191844,0.00024147211646249688,0.004428567183268378,0.01116845977787846,0.004583481582434571,0.01119885386590075
bert_sst2,1000,187,0.008762385424191844,0.0033462399592519604,0.004383362063778226,0.011093242275456184,0.004827237707859233,0.013553803826440752
bert_sst2,1000,188,0.008762385424191844,0.0015530767699446046,0.0048062787724287084,0.009731970540675927,0.0037717729145315673,0.015007137171501247
bert_sst2,1000,189,0.008762385424191844,0.010555088991822482,0.007361341540949214,0.014991235491748833,0.007500131120011783,0.02043895166745879
bert_sst2,1000,190,0.008762385424191844,0.010891441208173454,0.005996550316107872,0.013635165816468368,0.00498882787988463,0.015205654070218273
bert_sst2,1000,191,0.008762385424191844,0.005556192862335525,0.007044258862274685,0.015611513145335074,0.006178234687929326,0.020922789878794094
bert_sst2,1000,192,0.008762385424191844,0.017173929962461996,0.010524586688470313,0.01886498102066341,0.011201746368182356,0.025350961923841814
bert_sst2,1000,193,0.008762385424191844,0.0056275052131428294,0.005420116224830429,0.010252756026308943,0.005085077515622989,0.014845826718258948
bert_sst2,1000,194,0.008762385424191844,0.006918695361448024,0.006750667330221836,0.015561745867820172,0.005453455670129338,0.016361992596291047
bert_sst2,1000,195,0.008762385424191844,0.011196321380627015,0.009142113730070284,0.01609728480690562,0.009647505370932688,0.020123075251977995
bert_sst2,1000,196,0.008762385424191844,0.011970313839125267,0.007014293185388095,0.015297520556853558,0.006487855302114408,0.018162861438674537
bert_sst2,1000,197,0.008762385424191844,0.008678945223177218,0.005925974727751222,0.012817222856704705,0.0052957052832617695,0.016188715922493636
bert_sst2,1000,198,0.008762385424191844,0.009347036424784839,0.004323968138171796,0.010440136071198555,0.004077583792106973,0.015561984820420953
bert_sst2,1000,199,0.008762385424191844,0.010795701152988465,0.0067752689423846955,0.01072043408555176,0.006173797389391933,0.01666470526700258
bert_sst2,2500,0,0.008762385424191844,0.003003101423536707,0.005863958685542683,0.010954066631741203,0.006112831767807065,0.018107720631211306
bert_sst2,2500,1,0.008762385424191844,0.013347763829713031,0.007238959612892866,0.014629490712093516,0.0074796173573421065,0.022647899266252366
bert_sst2,2500,2,0.008762385424191844,0.008072194655671558,0.0061723830616455125,0.012496273879374988,0.007966504837641039,0.020966531606471134
bert_sst2,2500,3,0.008762385424191844,0.01021281595956855,0.006649250858905883,0.012720784252180692,0.006527141309888594,0.018368856623272055
bert_sst2,2500,4,0.008762385424191844,0.012156757184313033,0.007393511185491974,0.013078105163743577,0.00871153088469248,0.021415458723537544
bert_sst2,2500,5,0.008762385424191844,0.008833466755930637,0.005787728512638739,0.012228895030460705,0.006202691216084995,0.019285669962944507
bert_sst2,2500,6,0.008762385424191844,0.007439053488845514,0.005055057028661266,0.010422848799946536,0.0062580867822681985,0.016110089897441303
bert_sst2,2500,7,0.008762385424191844,0.013208019598655696,0.007304674695112126,0.013750419577802304,0.0069947181842680605,0.021585899314201393
bert_sst2,2500,8,0.008762385424191844,0.009841322171617074,0.0076670962779651665,0.013053675816796308,0.00813577740101747,0.02064748595117846
bert_sst2,2500,9,0.008762385424191844,0.01109048014530006,0.005816211833031543,0.012377165482453921,0.00632390054936298,0.019903605109914527
bert_sst2,2500,10,0.008762385424191844,0.009021862059668144,0.008587876238543091,0.014008483669003475,0.009128485614579131,0.020802660534274063
bert_sst2,2500,11,0.008762385424191844,0.005153524285859058,0.006158718181336059,0.01187202588636763,0.006824987796401676,0.017577424372107648
bert_sst2,2500,12,0.008762385424191844,0.010494007010864951,0.006042579514895542,0.012203966534135819,0.0062835209185602755,0.01940805965839855
bert_sst2,2500,13,0.008762385424191844,0.007980969134420578,0.006514151736630746,0.011860710292567847,0.0065899414203662,0.020124347491474702
bert_sst2,2500,14,0.008762385424191844,0.008978272826059792,0.005660859903898134,0.014055523642447144,0.007062748762370282,0.01950195100044597
bert_sst2,2500,15,0.008762385424191844,0.00951549528563745,0.0077812287032346435,0.012206720385663672,0.008581640090338617,0.01900706719923317
bert_sst2,2500,16,0.008762385424191844,0.005339220727563044,0.0032915734083896506,0.008989608544308905,0.004063762871434859,0.015169932164637365
bert_sst2,2500,17,0.008762385424191844,0.009886209644411306,0.007974003341953693,0.013744274805300313,0.008954377805597448,0.020688053677144123
bert_sst2,2500,18,0.008762385424191844,0.008250788738842739,0.0059455118389603046,0.01271411693322816,0.006442639920466441,0.017225346570390456
bert_sst2,2500,19,0.008762385424191844,0.008117438091856905,0.005349906057849132,0.010524303769586001,0.005759598205452356,0.016913277124803533
bert_sst2,2500,20,0.008762385424191844,0.014744813296560596,0.007691839899461979,0.016462766630669798,0.008484604477625805,0.02372431474724701
bert_sst2,2500,21,0.008762385424191844,0.012069704579800535,0.008514115345039265,0.015085860471994473,0.00941517405867479,0.02125394723614958
bert_sst2,2500,22,0.008762385424191844,0.007275825243264889,0.004740981941071429,0.010309906732527916,0.0048253359137011695,0.015766033870294613
bert_sst2,2500,23,0.008762385424191844,0.01113742982883324,0.006861366984775714,0.013693047121470637,0.0073764852910744114,0.018663650192145848
bert_sst2,2500,24,0.008762385424191844,0.014033516734528195,0.005353126463446619,0.011571288996365173,0.00622487951122489,0.018779791460904974
bert_sst2,2500,25,0.008762385424191844,0.006847815795675232,0.005668566318536053,0.01051016069478074,0.006051653940400376,0.015853084077580057
bert_sst2,2500,26,0.008762385424191844,0.008287275974584372,0.005945679418431121,0.01333016154010115,0.006606617761434382,0.019777884253216978
bert_sst2,2500,27,0.008762385424191844,0.010306775457707733,0.007446500846511216,0.013799985374541471,0.009402971534099963,0.020702865786648122
bert_sst2,2500,28,0.008762385424191844,0.008759926029566958,0.005733902770491225,0.012634998407547917,0.0062556373619300325,0.018298230582185243
bert_sst2,2500,29,0.008762385424191844,0.009603424362017096,0.006342011855257568,0.010802500747318245,0.006264447988237566,0.01708758336626107
bert_sst2,2500,30,0.008762385424191844,0.009966672092172607,0.006795652826999392,0.013572175594051055,0.0072853482112686715,0.020198850718666964
bert_sst2,2500,31,0.008762385424191844,0.012730797897156497,0.00803494960146727,0.014776158960736698,0.00853734846503661,0.021303088516794785
bert_sst2,2500,32,0.008762385424191844,0.011955979704365736,0.007484136541903111,0.014971481206554449,0.008727554992795171,0.021021896085273023
bert_sst2,2500,33,0.008762385424191844,0.012766418071800305,0.007869235939708435,0.014615596643556225,0.008602556465121425,0.022928294267434413
bert_sst2,2500,34,0.008762385424191844,0.006404965924454321,0.003268550126014029,0.008205356235360357,0.00304850656623967,0.016376823039701196
bert_sst2,2500,35,0.008762385424191844,0.016040835598914487,0.010037155601221766,0.019175525104917823,0.011197591746880207,0.025246861166249503
bert_sst2,2500,36,0.008762385424191844,0.010816442131309284,0.007986834347731444,0.016311392973555626,0.008843986879604549,0.023378680239514258
bert_sst2,2500,37,0.008762385424191844,0.010332843292566587,0.006098940140558661,0.01264249808088258,0.006711092863070062,0.019044096439904092
bert_sst2,2500,38,0.008762385424191844,0.012829427085003562,0.006927943238091211,0.012979878206831831,0.007474630976352619,0.0200682368662786
bert_sst2,2500,39,0.008762385424191844,0.0073311851362362875,0.0068530744053504474,0.012567335114425905,0.00696044947551583,0.01754677328018008
bert_sst2,2500,40,0.008762385424191844,0.007878493836014619,0.005479840278717986,0.012620295877544103,0.006285596848305315,0.019081332058029796
bert_sst2,2500,41,0.008762385424191844,0.008489766638010562,0.0042763131634179635,0.011348384473388208,0.004955791515185799,0.018191553078351148
bert_sst2,2500,42,0.008762385424191844,0.008506260754023722,0.00493346763244711,0.010824015378491758,0.006033191755692655,0.01670928404412469
bert_sst2,2500,43,0.008762385424191844,0.008173868364768966,0.00622595967800516,0.010306822462158097,0.0063822367246711914,0.016719469351244867
bert_sst2,2500,44,0.008762385424191844,0.008274102418180038,0.004157577636256601,0.009002826879137494,0.004651539816822337,0.016100772036400188
bert_sst2,2500,45,0.008762385424191844,0.00604182506569746,0.005160467948104434,0.010098407887091878,0.0056810829092454225,0.01595348022137111
bert_sst2,2500,46,0.008762385424191844,0.009411373145876123,0.004851979641845914,0.011049791491174873,0.005240576937623759,0.016980216076696013
bert_sst2,2500,47,0.008762385424191844,0.009095128466718276,0.004566178006944782,0.012108365157753945,0.005464715536396017,0.018853527112129616
bert_sst2,2500,48,0.008762385424191844,0.010190567674132716,0.005728533321990267,0.014370830096822348,0.0065132806540847505,0.019770327447441848
bert_sst2,2500,49,0.008762385424191844,0.012036963446352297,0.007677883789335978,0.013872831427688272,0.00831695081503357,0.018445172867310178
bert_sst2,2500,50,0.008762385424191844,0.011202379957576102,0.006297111946399723,0.01409260303949007,0.007121778068197285,0.019892067494507323
bert_sst2,2500,51,0.008762385424191844,0.009846659756117055,0.008343372748615165,0.014842046886257603,0.00999199329512313,0.020212785579896676
bert_sst2,2500,52,0.008762385424191844,0.008154030242778798,0.006409284509655506,0.013217913215006774,0.008266664351748897,0.018712287041136498
bert_sst2,2500,53,0.008762385424191844,0.0072043663207442595,0.00554659183838667,0.012955886148226865,0.005900172248760011,0.017895964512083144
bert_sst2,2500,54,0.008762385424191844,0.010365294826595447,0.005359854973269951,0.012772422686887736,0.0056312392741903715,0.018968362341565705
bert_sst2,2500,55,0.008762385424191844,0.011581481753795905,0.007397303324364052,0.013814531032932382,0.008243130851045666,0.02044768596492596
bert_sst2,2500,56,0.008762385424191844,0.008651076326544226,0.006041405166953469,0.013073474389136808,0.007416745114055362,0.018341952556035886
bert_sst2,2500,57,0.008762385424191844,0.007202424835691852,0.006256439562449692,0.012649353427960322,0.0062676196166374125,0.019695314150927293
bert_sst2,2500,58,0.008762385424191844,0.008993731137384674,0.00478172397082156,0.01188771365309659,0.005757836455159543,0.017629890572681054
bert_sst2,2500,59,0.008762385424191844,0.014346950209558364,0.008721821208997336,0.016402391523292457,0.009553308606376322,0.02320558611637006
bert_sst2,2500,60,0.008762385424191844,0.008917167930266395,0.00568916209299704,0.013246064040061699,0.006449411690670983,0.01811543719093372
bert_sst2,2500,61,0.008762385424191844,0.004192933461476559,0.004515019679227089,0.009147229378327428,0.004536865343622731,0.01579231053273217
bert_sst2,2500,62,0.008762385424191844,0.005028273632221863,0.005549875249387456,0.009634063811839491,0.00563722424820378,0.015637934429660407
bert_sst2,2500,63,0.008762385424191844,0.005568589652746683,0.00459412791957882,0.009253297538991546,0.004731928481657058,0.014442800457096647
bert_sst2,2500,64,0.008762385424191844,0.008859074253826132,0.006761500772298288,0.010818376873112902,0.005764378703605936,0.017655562101408544
bert_sst2,2500,65,0.008762385424191844,0.006152583275729346,0.004052484073673426,0.009138603431246218,0.004853748991293558,0.016127399520987885
bert_sst2,2500,66,0.008762385424191844,0.009918253349120106,0.00597789351801696,0.010011926231464676,0.006379822061789474,0.018719172523365656
bert_sst2,2500,67,0.008762385424191844,0.011439335909096477,0.005313944646161153,0.014234937750072833,0.005502503456793527,0.019121278902075756
bert_sst2,2500,68,0.008762385424191844,0.010857310813430299,0.00470403997463026,0.009872166904812678,0.0048490891931518496,0.01693329135542663
bert_sst2,2500,69,0.008762385424191844,0.007897143968516769,0.006284035911030897,0.011345248533003258,0.007414817337596671,0.017963705890069306
bert_sst2,2500,70,0.008762385424191844,0.007813459206586298,0.005709021044968609,0.011110399544608329,0.006289940423172855,0.016419700542576174
bert_sst2,2500,71,0.008762385424191844,0.01026536496436121,0.005797804719883072,0.01297871595637189,0.007014794669837436,0.01915387215335769
bert_sst2,2500,72,0.008762385424191844,0.00900941619293873,0.006682046815843348,0.013704287963589596,0.00857876001984915,0.02028781451404197
bert_sst2,2500,73,0.008762385424191844,0.0075242436453753355,0.006457654670966614,0.013197386275563196,0.007485106063480277,0.018930050969737933
bert_sst2,2500,74,0.008762385424191844,0.006278887450088878,0.006364988899510804,0.012047416403009029,0.0063461023858709465,0.01818592467544214
bert_sst2,2500,75,0.008762385424191844,0.009157471403379894,0.005624723010406441,0.010384757819358496,0.006277634661152347,0.018506469118312198
bert_sst2,2500,76,0.008762385424191844,0.006339672688914728,0.004823532158950616,0.009412680038626014,0.0056007034434522995,0.014717868858839885
bert_sst2,2500,77,0.008762385424191844,0.010871331412185287,0.0061533767158490895,0.011092677540716538,0.006724201709849034,0.019858000361167614
bert_sst2,2500,78,0.008762385424191844,0.010325714342931516,0.005283267686733876,0.0108632327052506,0.005679793097884122,0.016479095443900506
bert_sst2,2500,79,0.008762385424191844,0.008855335814882547,0.005032842918733306,0.010399220952418332,0.005996406247406501,0.018377868290518445
bert_sst2,2500,80,0.008762385424191844,0.008480401839217116,0.005069060842205051,0.010591903866151492,0.0060922932007368555,0.017416838595467582
bert_sst2,2500,81,0.008762385424191844,0.010545909146035558,0.005706211392268023,0.013594011247443888,0.006431846285731829,0.018194897298427454
bert_sst2,2500,82,0.008762385424191844,0.015882641865367694,0.0071902944656627495,0.014543117010426447,0.007821884364938457,0.022147815044034427
bert_sst2,2500,83,0.008762385424191844,0.008761255684208772,0.004519876522002932,0.012186118479244386,0.005160914219296851,0.019143339736138708
bert_sst2,2500,84,0.008762385424191844,0.011636402641020973,0.008217754475627255,0.014457157630485181,0.00862035578968636,0.021029999163104104
bert_sst2,2500,85,0.008762385424191844,0.010332568492464701,0.0059347141407700196,0.011764831460127231,0.0059038023737019935,0.018913547989080605
bert_sst2,2500,86,0.008762385424191844,0.009715052731148767,0.004303845056565248,0.010982409661629392,0.005045926501106475,0.018061422053385238
bert_sst2,2500,87,0.008762385424191844,0.007782817057973523,0.005793313856426799,0.010263556587919746,0.006440903234339842,0.018164059357494825
bert_sst2,2500,88,0.008762385424191844,0.010634245684629711,0.007347123498480761,0.013144740178222487,0.008840362480477561,0.018128495000867776
bert_sst2,2500,89,0.008762385424191844,0.011801380061584493,0.008240892085071406,0.014969517196645965,0.008086877372894099,0.02193855203930165
bert_sst2,2500,90,0.008762385424191844,0.009811338909796038,0.006801816591373748,0.012152436698258268,0.0068785886222053555,0.018550870481875772
bert_sst2,2500,91,0.008762385424191844,0.01150493233473913,0.005876836765004136,0.012476121285358528,0.005991191959305926,0.018655839102894665
bert_sst2,2500,92,0.008762385424191844,0.008784003232832734,0.0059276258348446645,0.010398567456892209,0.006334474686253961,0.019730791426778613
bert_sst2,2500,93,0.008762385424191844,0.004424546802109242,0.0042184609988804266,0.008439169114373065,0.004691494976626158,0.01477279184680494
bert_sst2,2500,94,0.008762385424191844,0.00654223498687567,0.002748346844858719,0.008887808802075918,0.003452274114298983,0.014682540188030583
bert_sst2,2500,95,0.008762385424191844,0.013737174163628551,0.008499483087452825,0.015459431941996142,0.00803412795944919,0.02154066690813064
bert_sst2,2500,96,0.008762385424191844,0.006743827600020863,0.007314725858316399,0.013482078373567196,0.007725569888843171,0.01893617544239947
bert_sst2,2500,97,0.008762385424191844,0.009301233761122803,0.0047938963821354446,0.011172212838195786,0.0046170524850338455,0.017344347548170762
bert_sst2,2500,98,0.008762385424191844,0.005608016315518743,0.004178638008311746,0.010627823411540133,0.004343333123028943,0.01648826734106458
bert_sst2,2500,99,0.008762385424191844,0.012394556686101654,0.0056139861990240104,0.012174101987139314,0.006976811819905858,0.017314620560573108
bert_sst2,2500,100,0.008762385424191844,0.010420319226690835,0.005401723698577557,0.012233634366415322,0.006855052339154132,0.019521766627172702
bert_sst2,2500,101,0.008762385424191844,0.012066074567813946,0.007700123533323633,0.014331037153190864,0.00864732824218036,0.022612799759359918
bert_sst2,2500,102,0.008762385424191844,0.0076977045799940585,0.007132103603297335,0.012803310883877227,0.008039463450733714,0.018758075373280336
bert_sst2,2500,103,0.008762385424191844,0.01300950488463929,0.007160381594115399,0.013273346569976644,0.007294014335252824,0.021845295964488615
bert_sst2,2500,104,0.008762385424191844,0.010675891298554861,0.005973822702278837,0.011879721008520711,0.006799019855023509,0.019179718502286478
bert_sst2,2500,105,0.008762385424191844,0.009723928767586525,0.005790487297911697,0.01374723692112025,0.006817333542849505,0.01975717907119658
bert_sst2,2500,106,0.008762385424191844,0.012054138772671228,0.0051439746313121405,0.01049353621218731,0.005830113675604572,0.016893065036018277
bert_sst2,2500,107,0.008762385424191844,0.013838181559446246,0.01025006110236017,0.015028835835692046,0.010099010737233696,0.022123232214698245
bert_sst2,2500,108,0.008762385424191844,0.013205390760721017,0.007652575787593598,0.016009544012712817,0.009490903920801113,0.02150844920425114
bert_sst2,2500,109,0.008762385424191844,0.0062548292669684594,0.005037425088830825,0.012596001429936056,0.005034966422664986,0.019506138836010514
bert_sst2,2500,110,0.008762385424191844,0.009038250630522602,0.006405410969617404,0.012272833058559364,0.0067904695374357395,0.01727884611475176
bert_sst2,2500,111,0.008762385424191844,0.012758767152557063,0.009484932741350005,0.014704622367382167,0.009681248985742142,0.02087474728827537
bert_sst2,2500,112,0.008762385424191844,0.008759761832978816,0.004264867902243202,0.010510002321852726,0.003967859921557174,0.016865100140963353
bert_sst2,2500,113,0.008762385424191844,0.010442790495271043,0.005313488834654614,0.012657742623680742,0.005720559281427882,0.017859562612991424
bert_sst2,2500,114,0.008762385424191844,0.00890086155938472,0.006943801104714379,0.012857752529985207,0.007435245611596726,0.0185157955061411
bert_sst2,2500,115,0.008762385424191844,0.009297583708736816,0.006262523599452967,0.013850723291273646,0.007478684259358183,0.020955365054568714
bert_sst2,2500,116,0.008762385424191844,0.010866679339715007,0.0059850905440610325,0.01301518940499543,0.00693405555486339,0.01826966210500205
bert_sst2,2500,117,0.008762385424191844,0.013073574330534356,0.007038384294742201,0.014489207954605392,0.008480901758913115,0.02086871645657433
bert_sst2,2500,118,0.008762385424191844,0.01204803882848168,0.005816053563700469,0.012933707592413817,0.006684823197791559,0.01929196206862632
bert_sst2,2500,119,0.008762385424191844,0.006173036255858855,0.00551899655022339,0.012664133844521447,0.005910815949208037,0.016853496200319826
bert_sst2,2500,120,0.008762385424191844,0.009033566655869723,0.00693924050807001,0.01277606163833034,0.0069949231906934525,0.01708934541407318
bert_sst2,2500,121,0.008762385424191844,0.00814711033763989,0.00457689121210661,0.010438418839837389,0.005462480847697898,0.015494488377140103
bert_sst2,2500,122,0.008762385424191844,0.010030279356224829,0.006492826352077802,0.011845676589337823,0.007050208717923862,0.01869278771501144
bert_sst2,2500,123,0.008762385424191844,0.008615131510539045,0.004596615511216609,0.010912497730539488,0.006733682038869858,0.016203343649189603
bert_sst2,2500,124,0.008762385424191844,0.0077751652454404775,0.005093311674960256,0.01154675276893624,0.0058550845398781266,0.017836831476786046
bert_sst2,2500,125,0.008762385424191844,0.007379804902457917,0.007429364043435989,0.012550659950749539,0.008194095181014638,0.01994286341848581
bert_sst2,2500,126,0.008762385424191844,0.006348558480316968,0.005040138352364469,0.011148279461611484,0.006000835561603388,0.016030475229876755
bert_sst2,2500,127,0.008762385424191844,0.008571229921615976,0.006224618545827067,0.012101342747387228,0.006859033639379027,0.017581240262400852
bert_sst2,2500,128,0.008762385424191844,0.007446587313481332,0.005753019485256414,0.012164129094785418,0.005785652139684735,0.017426142051323618
bert_sst2,2500,129,0.008762385424191844,0.007148594370720046,0.005064830371943983,0.00989873685668251,0.0060141367655220275,0.016042655874732845
bert_sst2,2500,130,0.008762385424191844,0.00994941261664661,0.005694453440867273,0.012787650435111646,0.0069842883258958485,0.018196929788924354
bert_sst2,2500,131,0.008762385424191844,0.008196859573000271,0.005391929195221997,0.010718237728317264,0.005305157282852256,0.017108210917603842
bert_sst2,2500,132,0.008762385424191844,0.010424168120886158,0.00694368878639703,0.012985104854637775,0.007006665457648797,0.01855792733674129
bert_sst2,2500,133,0.008762385424191844,0.008221246507398004,0.0052697225787824795,0.011287691988044931,0.005083564411328435,0.01618930783958822
bert_sst2,2500,134,0.008762385424191844,0.011324433106570204,0.006725451950154506,0.016430211510741168,0.007838346347656785,0.022708510963926388
bert_sst2,2500,135,0.008762385424191844,0.012421941985162154,0.005966597226988021,0.013377303844350697,0.00666609001914659,0.019934691851132204
bert_sst2,2500,136,0.008762385424191844,0.012163734084654407,0.007514506263995431,0.014248483294199915,0.008191933938852107,0.020771940566831987
bert_sst2,2500,137,0.008762385424191844,0.009465559708330098,0.005577379961873245,0.012424431283111366,0.005670982073417364,0.01932716890203649
bert_sst2,2500,138,0.008762385424191844,0.009744248658996485,0.006736439520679033,0.01392074234171292,0.008970588949098609,0.020993709741035396
bert_sst2,2500,139,0.008762385424191844,0.009309882907892643,0.004119636877345937,0.011782232371089357,0.00522783306090349,0.01786015224214489
bert_sst2,2500,140,0.008762385424191844,0.005291879112576098,0.005054400777807508,0.011366374704751284,0.005372141207274744,0.016505498436328064
bert_sst2,2500,141,0.008762385424191844,0.009309867427992632,0.006247297088116633,0.011483842848034533,0.006103128457079637,0.01577466236835164
bert_sst2,2500,142,0.008762385424191844,0.01120051745780593,0.006361044980812086,0.013038067697752438,0.006950320505218178,0.021012116268654672
bert_sst2,2500,143,0.008762385424191844,0.014589052193378806,0.007733465737786374,0.017158051915827147,0.00915462522999794,0.02563332515910579
bert_sst2,2500,144,0.008762385424191844,0.01048740762141883,0.0046363105666804875,0.010395617508990835,0.005434699965305935,0.017352398578406047
bert_sst2,2500,145,0.008762385424191844,0.012839936086309905,0.005752291623436501,0.014428451173193559,0.007246571357732588,0.02057482128026061
bert_sst2,2500,146,0.008762385424191844,0.010427223145449473,0.004606002819626558,0.010576967631553578,0.005844456587670332,0.017855322947725828
bert_sst2,2500,147,0.008762385424191844,0.011450550188462033,0.006480656226789835,0.011783276153706414,0.007850836664455171,0.016894725673124715
bert_sst2,2500,148,0.008762385424191844,0.008062301234492808,0.005159886895066348,0.009362657814820962,0.004767396747656467,0.016269232957441725
bert_sst2,2500,149,0.008762385424191844,0.005748543056480818,0.007306152844765181,0.009832047119004142,0.006490698276524633,0.015484334806845048
bert_sst2,2500,150,0.008762385424191844,0.006432087548120271,0.006337251590918358,0.011489509672630328,0.006599338777181685,0.017030412241429215
bert_sst2,2500,151,0.008762385424191844,0.011892435190653996,0.005644250232957356,0.012784555269150719,0.005849075230610122,0.020322050632367188
bert_sst2,2500,152,0.008762385424191844,0.012840445978479024,0.005934904641132839,0.012608382295524431,0.007236966393462484,0.019589826638190595
bert_sst2,2500,153,0.008762385424191844,0.009448494229024449,0.007307094283026096,0.012857533831517748,0.007579517074053809,0.020493332722673847
bert_sst2,2500,154,0.008762385424191844,0.009802721517187297,0.0048282103284789865,0.009574508916637858,0.005462030831963378,0.017042617595513294
bert_sst2,2500,155,0.008762385424191844,0.006765128784168195,0.007120565815645671,0.012919771799536125,0.00792434598917647,0.019763226444341534
bert_sst2,2500,156,0.008762385424191844,0.005524265064229387,0.0051427723998981306,0.011912758297286845,0.0063721829313879794,0.017097191631947367
bert_sst2,2500,157,0.008762385424191844,0.009702148284990062,0.005884367748638598,0.011938743369125478,0.007032430482336838,0.018651744578584005
bert_sst2,2500,158,0.008762385424191844,0.005744191860527499,0.005382041387859339,0.010886156519445838,0.005653600041473639,0.01662708077559495
bert_sst2,2500,159,0.008762385424191844,0.01137148773884929,0.006758847373050775,0.013791909199489557,0.007759482833700079,0.02108304444286866
bert_sst2,2500,160,0.008762385424191844,0.0058383388892444725,0.004801277281612893,0.010120432635575105,0.004481131590886427,0.016338263419749068
bert_sst2,2500,161,0.008762385424191844,0.009328707658516115,0.006861585845166222,0.011411694006128516,0.007109235779417031,0.01765881343219548
bert_sst2,2500,162,0.008762385424191844,0.011846688796845995,0.006497279955765225,0.0123031826144252,0.007872565449522551,0.018223097372088923
bert_sst2,2500,163,0.008762385424191844,0.00874134380401435,0.005334652986173041,0.01209019277015445,0.005930131431476319,0.01846104782010413
bert_sst2,2500,164,0.008762385424191844,0.006137132807106222,0.005226744866098625,0.011366835245673147,0.0062880649820696,0.017431257870301073
bert_sst2,2500,165,0.008762385424191844,0.009652391321615144,0.006901319974254548,0.012681578429583897,0.007435990892237584,0.017536338860888928
bert_sst2,2500,166,0.008762385424191844,0.007953501120094873,0.004931351739191531,0.012938518556580191,0.005761659870966813,0.01930415772126522
bert_sst2,2500,167,0.008762385424191844,0.008813618332935124,0.007157594586312521,0.01452716910443219,0.008427140622900993,0.020005545640753967
bert_sst2,2500,168,0.008762385424191844,0.011572972691996572,0.007299532771826376,0.014775989234613363,0.009537874474238414,0.02123014926832479
bert_sst2,2500,169,0.008762385424191844,0.01246522661018009,0.007993297187396466,0.015338275962027182,0.008191856053212532,0.02183750264601696
bert_sst2,2500,170,0.008762385424191844,0.00835001658388645,0.0065919599005068545,0.012645386847062585,0.0070361955810579165,0.018813197355962683
bert_sst2,2500,171,0.008762385424191844,0.0067647165370132625,0.007164020208455774,0.013406072958856142,0.008184532946847189,0.018425420678489166
bert_sst2,2500,172,0.008762385424191844,0.004539854655409084,0.005196101115746014,0.011445348678263006,0.005515940994598199,0.017500162390878652
bert_sst2,2500,173,0.008762385424191844,0.0065280518900959535,0.0046035518260617875,0.01154212010171043,0.005080828765929946,0.017594241469690543
bert_sst2,2500,174,0.008762385424191844,0.00884898504794601,0.004975331713145765,0.013667132677837597,0.004829927193269289,0.019980066658634905
bert_sst2,2500,175,0.008762385424191844,0.01298613970610274,0.005770520631340675,0.013530182194289175,0.00778749209308521,0.01881355912277372
bert_sst2,2500,176,0.008762385424191844,0.007929388974085648,0.005831851042009669,0.012496878838269027,0.006153631171112574,0.018804419147233267
bert_sst2,2500,177,0.008762385424191844,0.00547685472321005,0.005457009596489703,0.010762857604071465,0.006020979597006066,0.01615872003010696
bert_sst2,2500,178,0.008762385424191844,0.008392358207809009,0.004807991326679008,0.012496537921192206,0.005203673150867834,0.01607172176626978
bert_sst2,2500,179,0.008762385424191844,0.006014875746936764,0.006289182152463152,0.01188431113691791,0.006223959543018645,0.018138289946187755
bert_sst2,2500,180,0.008762385424191844,0.01333419333742197,0.006629894496386367,0.01345139261247167,0.005954528211030677,0.01972142203432699
bert_sst2,2500,181,0.008762385424191844,0.010821046038731068,0.005883208589994319,0.012918553848561245,0.006637763046461135,0.0190994890789407
bert_sst2,2500,182,0.008762385424191844,0.007278970646252242,0.006224395437131528,0.011657215163072707,0.006914262618011302,0.018138567471155085
bert_sst2,2500,183,0.008762385424191844,0.008165260508681865,0.004661702948639731,0.014570170543711512,0.006585949941104705,0.01941644758949131
bert_sst2,2500,184,0.008762385424191844,0.005890573177945005,0.00577271210094284,0.010449353810029935,0.005887172457860943,0.016298800586662953
bert_sst2,2500,185,0.008762385424191844,0.006453960084154045,0.005067883959012175,0.011052289076459195,0.006819681118991228,0.017028630816333552
bert_sst2,2500,186,0.008762385424191844,0.010774432069185966,0.005237892275718383,0.013626107290565065,0.006605377303759016,0.02111073432858573
bert_sst2,2500,187,0.008762385424191844,0.009434391050091613,0.00702973699472181,0.012639857836086104,0.00778475043938879,0.018643477646834574
bert_sst2,2500,188,0.008762385424191844,0.009117175823059778,0.0056652432065271065,0.011284893417445218,0.006666043478103196,0.01709145522345065
bert_sst2,2500,189,0.008762385424191844,0.010005715398060744,0.006269665383463649,0.012720281476079023,0.007315790245213783,0.017772499337295782
bert_sst2,2500,190,0.008762385424191844,0.007819251338294194,0.008060961349325657,0.012303501647569355,0.008971626509214313,0.018087942960274182
bert_sst2,2500,191,0.008762385424191844,0.0071411464055905725,0.0058455624514559676,0.011556531417334445,0.005920944356198476,0.01722831130130008
bert_sst2,2500,192,0.008762385424191844,0.007244299563320428,0.0052716874852911065,0.011040161943725127,0.005582565673867152,0.01676820209849744
bert_sst2,2500,193,0.008762385424191844,0.006483660712932669,0.004010702334454434,0.011664780699999072,0.004161279584196499,0.01752810059650702
bert_sst2,2500,194,0.008762385424191844,0.010248935308482466,0.006429239484069036,0.012302425310292756,0.007177983758328654,0.02021426775320907
bert_sst2,2500,195,0.008762385424191844,0.010045180994249435,0.006036080018286133,0.013097382293174233,0.007523372989317579,0.019466142804821784
bert_sst2,2500,196,0.008762385424191844,0.010586286384812208,0.006272478262574183,0.013268668814632345,0.006337676450133651,0.01813219962904704
bert_sst2,2500,197,0.008762385424191844,0.00864816691250784,0.004665854370412584,0.01050980542379016,0.005230932996740823,0.016704384834780917
bert_sst2,2500,198,0.008762385424191844,0.01176453385750288,0.007018168834525667,0.015025785240917874,0.008185539247827799,0.02075311761921785
bert_sst2,2500,199,0.008762385424191844,0.012814165309665785,0.008681054455927383,0.016072006872207282,0.010057296189312104,0.022683417491250427
bert_sst2,5000,0,0.008762385424191844,0.007299123124998175,0.0036803838871019047,0.008367099140342749,0.004429067742976111,0.015148797837795597
bert_sst2,5000,1,0.008762385424191844,0.010002548687353974,0.005522490932720928,0.012470481498266142,0.0069709053657961715,0.018713113154196298
bert_sst2,5000,2,0.008762385424191844,0.011240850606220267,0.005721659758203524,0.01238273429067722,0.007159168154969803,0.01875761852867551
bert_sst2,5000,3,0.008762385424191844,0.00918798234614259,0.005276568766508408,0.011421947375417634,0.006401632000113245,0.01883890363629595
bert_sst2,5000,4,0.008762385424191844,0.006986344382271244,0.003918886907969098,0.009628566627673779,0.005825809779347193,0.016424345522609164
bert_sst2,5000,5,0.008762385424191844,0.00723555129820806,0.004067246771266867,0.00935520283392211,0.004350996887517439,0.01593803818536942
bert_sst2,5000,6,0.008762385424191844,0.009038702220503687,0.006407639339685181,0.012204808098490493,0.006986821177047548,0.019950249572983185
bert_sst2,5000,7,0.008762385424191844,0.00938576413895609,0.004956618707427819,0.010283756249411304,0.005785985797350527,0.018406688381272806
bert_sst2,5000,8,0.008762385424191844,0.012333468512168388,0.005262798716285318,0.01263639345965261,0.006017508740152183,0.019145469719396183
bert_sst2,5000,9,0.008762385424191844,0.007499777487898268,0.006085209207366269,0.011594059597507244,0.007920563343390077,0.018926467895757935
bert_sst2,5000,10,0.008762385424191844,0.007839349986171792,0.0051702174683500276,0.01059932435106355,0.006528694508074078,0.017013984927071908
bert_sst2,5000,11,0.008762385424191844,0.010234647668601873,0.0056982899760731195,0.011868924267078184,0.007149821926351538,0.019055428590442555
bert_sst2,5000,12,0.008762385424191844,0.01117627056717796,0.006407793287664855,0.013357198668627881,0.00803035260773829,0.02068973979607203
bert_sst2,5000,13,0.008762385424191844,0.007295102354610001,0.005727135793608348,0.011538550699356078,0.006912920605215035,0.019435915834159306
bert_sst2,5000,14,0.008762385424191844,0.008811711412729711,0.005623503784569041,0.011493832917522357,0.007019943361559892,0.01856361066522412
bert_sst2,5000,15,0.008762385424191844,0.011671187225465403,0.007257609560064082,0.013680632174602811,0.009642347883232687,0.021391428309519154
bert_sst2,5000,16,0.008762385424191844,0.010517450780747482,0.006431964543642906,0.011682682874830696,0.007684551141456185,0.019949962219334743
bert_sst2,5000,17,0.008762385424191844,0.008535264276015605,0.0057805555467705955,0.011960596199687265,0.007039630354227439,0.018258170336489264
bert_sst2,5000,18,0.008762385424191844,0.008497136567534183,0.005979747421699356,0.011051192871004437,0.0069145931477623,0.018447788624869624
bert_sst2,5000,19,0.008762385424191844,0.01009447035981832,0.005764953878041727,0.011582407660878327,0.006795204613659412,0.019607178503054556
bert_sst2,5000,20,0.008762385424191844,0.006741523575107629,0.005524290316161978,0.011478036138305836,0.007052609234252433,0.017184386821586493
bert_sst2,5000,21,0.008762385424191844,0.0109792101143554,0.005959891303056076,0.01367268034667471,0.007725526969699505,0.02011128942029432
bert_sst2,5000,22,0.008762385424191844,0.006870783550928678,0.005209492767876759,0.009843902307300343,0.006009034356245118,0.018267532380960697
bert_sst2,5000,23,0.008762385424191844,0.006339430076723515,0.004016045114445286,0.009585989926292619,0.005537089718645147,0.01673741774447208
bert_sst2,5000,24,0.008762385424191844,0.007595456830085932,0.005510141225235578,0.011517656689710108,0.006590545449128047,0.01901967931011267
bert_sst2,5000,25,0.008762385424191844,0.009699350354529932,0.0071338905175843325,0.013300348207601667,0.00825392975773002,0.02055649111215057
bert_sst2,5000,26,0.008762385424191844,0.010349369105742199,0.005356458884927158,0.012272460427220497,0.0069625601955166875,0.019547410857874224
bert_sst2,5000,27,0.008762385424191844,0.011683434868300117,0.006722658987433734,0.013597697358684215,0.007644442830395667,0.020602426938903188
bert_sst2,5000,28,0.008762385424191844,0.010584452568029198,0.005238023565004,0.011716953123277037,0.007146166472990625,0.019063667661347584
bert_sst2,5000,29,0.008762385424191844,0.00942421885215419,0.004160789628823726,0.010898827931762847,0.004877570382879449,0.018001567404980802
bert_sst2,5000,30,0.008762385424191844,0.009241986823666809,0.005029757504448104,0.011500964348229777,0.006732906355410519,0.018850974109138764
bert_sst2,5000,31,0.008762385424191844,0.008792130861637042,0.005291869139536457,0.009658540808599257,0.005774499741357888,0.01664654276418926
bert_sst2,5000,32,0.008762385424191844,0.010302238019181717,0.005030989682538869,0.011713835513358212,0.006132103162470925,0.017678160791515365
bert_sst2,5000,33,0.008762385424191844,0.008686585983136702,0.006040443093413286,0.011827708827968358,0.00751779273435271,0.018735839774844693
bert_sst2,5000,34,0.008762385424191844,0.007730973950900616,0.00566255217307025,0.011658328164572662,0.006832150722534576,0.017597805965412404
bert_sst2,5000,35,0.008762385424191844,0.012245364234994807,0.007884915545214189,0.01336945970811028,0.009102812646142693,0.021839574173042033
bert_sst2,5000,36,0.008762385424191844,0.007836202202890493,0.004984642558610388,0.010688563034384743,0.006285277817370248,0.01750326352750943
bert_sst2,5000,37,0.008762385424191844,0.010920910866470164,0.005944597765005596,0.012132417741780805,0.008194171670144306,0.019955143590859942
bert_sst2,5000,38,0.008762385424191844,0.008489897544444075,0.00481081636360219,0.01099288435634993,0.00577620174311798,0.0181143648080816
bert_sst2,5000,39,0.008762385424191844,0.010867533871576877,0.006010433549924322,0.011082833125504454,0.006626607873419889,0.019329950264678226
bert_sst2,5000,40,0.008762385424191844,0.011654480003950585,0.00474586153489589,0.010829359839032398,0.005424682309791009,0.01805503255486615
bert_sst2,5000,41,0.008762385424191844,0.005965769714896941,0.005002490859154897,0.009206498508740507,0.006093945147418255,0.016936173772519766
bert_sst2,5000,42,0.008762385424191844,0.010039748240068692,0.0053404899826007095,0.010646632513092311,0.006647565351794316,0.017699006889760067
bert_sst2,5000,43,0.008762385424191844,0.009819779011240188,0.006249477820504604,0.011761438705425467,0.007089341940315624,0.0185933118017242
bert_sst2,5000,44,0.008762385424191844,0.005456044332024922,0.004792372408132161,0.009953117434158072,0.0059646747616116476,0.016981157054141938
bert_sst2,5000,45,0.008762385424191844,0.008859395024880718,0.006021759052432674,0.011716866515497642,0.006917442694914793,0.019804083468312198
bert_sst2,5000,46,0.008762385424191844,0.007204310914762954,0.003946876593894735,0.009584223203040018,0.005724020069704226,0.015708107172074322
bert_sst2,5000,47,0.008762385424191844,0.007634647397179398,0.00582384115999421,0.01067254266740598,0.005991713948196937,0.01704758301404346
bert_sst2,5000,48,0.008762385424191844,0.010103090535884054,0.005446210909053386,0.01015192714657352,0.006165152563539107,0.017727770542457652
bert_sst2,5000,49,0.008762385424191844,0.00912769271125944,0.005371052018505184,0.01247040633915438,0.0076223021575034106,0.02022267602811072
bert_sst2,5000,50,0.008762385424191844,0.007867862561632858,0.006946008879060241,0.012106909465275352,0.00819171795599931,0.019555823992640484
bert_sst2,5000,51,0.008762385424191844,0.006587247477068452,0.004554640530492632,0.010200781029176934,0.005545322314291986,0.016703113491751347
bert_sst2,5000,52,0.008762385424191844,0.0074542303487883845,0.004498333213051008,0.0105132431754689,0.0059206092255830066,0.017121838696607786
bert_sst2,5000,53,0.008762385424191844,0.009604638218295136,0.0071069348410162155,0.012959246003985667,0.008872544215941892,0.01999239409719886
bert_sst2,5000,54,0.008762385424191844,0.012263595380516079,0.0061701961501603245,0.01188373516299393,0.007793963786568825,0.019760083910249773
bert_sst2,5000,55,0.008762385424191844,0.008113075107320114,0.00476888006774574,0.011955825858487153,0.005914723074001314,0.019606585811741552
bert_sst2,5000,56,0.008762385424191844,0.01049153882484503,0.006709703055648252,0.01299464150152612,0.008167437553038897,0.020300975556722323
bert_sst2,5000,57,0.008762385424191844,0.012227021953276114,0.008055649041792009,0.014189942958343374,0.009637017829859226,0.022696018295555127
bert_sst2,5000,58,0.008762385424191844,0.0057856481252862545,0.005813923852360106,0.01092604278144799,0.006495196074442791,0.017604257551499497
bert_sst2,5000,59,0.008762385424191844,0.009813815095336319,0.0049193243859114435,0.010631322208362767,0.0063754609357291004,0.01725736446714534
bert_sst2,5000,60,0.008762385424191844,0.010648915412464042,0.0064486377453367,0.011595099059826648,0.007996765261154575,0.019289204303800666
bert_sst2,5000,61,0.008762385424191844,0.00970576408124615,0.006073305955226401,0.012269768253484793,0.007912543919746728,0.019685457376528128
bert_sst2,5000,62,0.008762385424191844,0.0074234790951210276,0.005704894653516346,0.010559543512827957,0.006529206564888088,0.017560882529156805
bert_sst2,5000,63,0.008762385424191844,0.010857301205617842,0.005649690525335128,0.011947988133632024,0.007427665537916691,0.01776756742357939
bert_sst2,5000,64,0.008762385424191844,0.00760890511677332,0.005145465705416039,0.010209716839196938,0.006757875850345185,0.017355990547803707
bert_sst2,5000,65,0.008762385424191844,0.007743001023656831,0.0062362484163448785,0.011600445946115288,0.007379837852369157,0.01808297839488492
bert_sst2,5000,66,0.008762385424191844,0.00980222283278071,0.0052025958277275765,0.01154814111812322,0.006094949649223444,0.017740305428858683
bert_sst2,5000,67,0.008762385424191844,0.007743632709756261,0.0054078711377734375,0.010909335344541577,0.006797882910812967,0.01864754602854921
bert_sst2,5000,68,0.008762385424191844,0.007216344678635764,0.005736081258049308,0.010673859219088535,0.006467409127726647,0.017972211353194014
bert_sst2,5000,69,0.008762385424191844,0.010626181579279336,0.005427339490481409,0.011754762993963375,0.006978018314915512,0.019338490808300933
bert_sst2,5000,70,0.008762385424191844,0.009780052434823253,0.006556893089843665,0.012500356607724228,0.007430800103264757,0.02058737641531797
bert_sst2,5000,71,0.008762385424191844,0.008781092039629112,0.004886656978657113,0.009115082564615226,0.006255158229893951,0.016840692838198487
bert_sst2,5000,72,0.008762385424191844,0.012666632289362167,0.006869101462591213,0.013941066088197137,0.008178458874879474,0.021114347485550012
bert_sst2,5000,73,0.008762385424191844,0.007904978047480754,0.00658168793491076,0.011812372722663311,0.007802283019064562,0.01868878010351083
bert_sst2,5000,74,0.008762385424191844,0.009425097714754827,0.006882432101906988,0.01322782538198475,0.008762049758856059,0.020697184023545256
bert_sst2,5000,75,0.008762385424191844,0.00915157179070384,0.006063020033765653,0.011963084427764743,0.008054303806116875,0.019537172675125808
bert_sst2,5000,76,0.008762385424191844,0.009242647525342781,0.00506863432296609,0.011139015710259803,0.0067197495226363315,0.01840169498929299
bert_sst2,5000,77,0.008762385424191844,0.010953623521444241,0.0051972245694663745,0.013474037535971227,0.006934547854023904,0.01910466770601321
bert_sst2,5000,78,0.008762385424191844,0.007332188261166112,0.004694211209056665,0.010800378626549142,0.006844166156948658,0.017850820123584316
bert_sst2,5000,79,0.008762385424191844,0.006239947696899595,0.005863888187401113,0.010170730097731069,0.006698778650263766,0.01685628502367183
bert_sst2,5000,80,0.008762385424191844,0.01004235242456718,0.005544736154117397,0.011567850431552763,0.007289044158446426,0.018380511758240813
bert_sst2,5000,81,0.008762385424191844,0.007681689497831384,0.005347374286196593,0.010823358899162305,0.006341292950358123,0.017271657458581502
bert_sst2,5000,82,0.008762385424191844,0.011632046409848103,0.0061440571384278695,0.012965082811674713,0.007518565430272319,0.020200171236872105
bert_sst2,5000,83,0.008762385424191844,0.008541638295937909,0.005976405027779984,0.011396622644451404,0.007301929375720864,0.018352686933740984
bert_sst2,5000,84,0.008762385424191844,0.00807741674441873,0.005584355102283889,0.01117043444975997,0.006822556653013175,0.01770225154507556
bert_sst2,5000,85,0.008762385424191844,0.009259179122906054,0.005802722139610465,0.011360966161417057,0.007150513475081003,0.019998238468704427
bert_sst2,5000,86,0.008762385424191844,0.009378270550303366,0.0065271844040601015,0.012399700632749438,0.008123473584741638,0.019197216882828452
bert_sst2,5000,87,0.008762385424191844,0.006466616351096857,0.006166524903264146,0.012222422287045374,0.0075975025465981096,0.018006797807757213
bert_sst2,5000,88,0.008762385424191844,0.007294865856840551,0.005379171835131072,0.0099988325427736,0.006035343130187146,0.01688477792263612
bert_sst2,5000,89,0.008762385424191844,0.008603471858703512,0.004570168200035209,0.009911330885818777,0.005399183440246376,0.01581371510772135
bert_sst2,5000,90,0.008762385424191844,0.012012678170537942,0.007576388425272973,0.014873316397493069,0.010317103051580739,0.021988032643943983
bert_sst2,5000,91,0.008762385424191844,0.005656438860866026,0.004850227872314651,0.010637483194484714,0.005714864097983814,0.017265069691782813
bert_sst2,5000,92,0.008762385424191844,0.005829268991978953,0.004202289805285788,0.009762951413630445,0.005208263298955499,0.01663678407327484
bert_sst2,5000,93,0.008762385424191844,0.00833719454494005,0.00499112054122955,0.010579768010783806,0.006128248110411405,0.01789425524260101
bert_sst2,5000,94,0.008762385424191844,0.009168995260930625,0.0052954439994628835,0.011599672832473006,0.007179328308975467,0.019213959246640988
bert_sst2,5000,95,0.008762385424191844,0.008048261246117587,0.005312913605286974,0.011143334526382356,0.0072918021046184675,0.017938990530325074
bert_sst2,5000,96,0.008762385424191844,0.006559570855534123,0.005212334795628161,0.010086208244131643,0.006330382407687015,0.017994186358428903
bert_sst2,5000,97,0.008762385424191844,0.00916355171864853,0.00454542569676032,0.01043545268036234,0.006247278365877516,0.017654351984654905
bert_sst2,5000,98,0.008762385424191844,0.012098646567007706,0.006223650651197086,0.013028667433294347,0.007508046355732123,0.02126153299877593
bert_sst2,5000,99,0.008762385424191844,0.010726960366642346,0.00557278141837398,0.011008211755598678,0.006570885293238773,0.018618436818340214
bert_sst2,5000,100,0.008762385424191844,0.00837855311453538,0.005423196030814511,0.010809593615515907,0.0060678337100104306,0.018676714084760387
bert_sst2,5000,101,0.008762385424191844,0.0091214270368845,0.005313002119042017,0.011353731556552265,0.006590225726033471,0.018812805953017205
bert_sst2,5000,102,0.008762385424191844,0.011969665863856683,0.006300117221400226,0.013575889472421169,0.007754411405718819,0.021908640385572272
bert_sst2,5000,103,0.008762385424191844,0.010289262999801546,0.007339229960090755,0.012940745307785113,0.009300213431514411,0.02041576905649309
bert_sst2,5000,104,0.008762385424191844,0.010858315149810258,0.005989309177133329,0.011682477357998084,0.00791652846709301,0.01929160223969402
bert_sst2,5000,105,0.008762385424191844,0.009796634473187573,0.005920887709903705,0.011083835411723749,0.007148027269448484,0.0184301946740504
bert_sst2,5000,106,0.008762385424191844,0.00833032650034976,0.005861755231478426,0.010631053264138827,0.005981658885163445,0.019512458233472058
bert_sst2,5000,107,0.008762385424191844,0.00890245969778834,0.0059532328244634525,0.010868659119068688,0.007789230991372942,0.018078697780064715
bert_sst2,5000,108,0.008762385424191844,0.008996597989120239,0.006438730002192084,0.011777573518860692,0.008041231179067585,0.019500162066795
bert_sst2,5000,109,0.008762385424191844,0.00917350181462881,0.004655480809812531,0.010845462642217255,0.006595573521871385,0.01755270793927766
bert_sst2,5000,110,0.008762385424191844,0.004654207833380791,0.005497080220413037,0.010302095550982906,0.00648369660348663,0.017586104088655366
bert_sst2,5000,111,0.008762385424191844,0.0108536957275092,0.007029866891880422,0.012703103527904495,0.008391219166979453,0.020522436480788026
bert_sst2,5000,112,0.008762385424191844,0.009237366355769291,0.006093169987712392,0.01084102499554934,0.0071822193503280965,0.01823451387510535
bert_sst2,5000,113,0.008762385424191844,0.01184798091745222,0.005622985716318529,0.012555195374910198,0.007295542104893643,0.020657669793721526
bert_sst2,5000,114,0.008762385424191844,0.009183116998280418,0.006091826637204923,0.011431522003292525,0.007433364489408551,0.018950059211931505
bert_sst2,5000,115,0.008762385424191844,0.007931750456359653,0.004860356598200434,0.01008968059422443,0.0062715356027387035,0.018267197457919927
bert_sst2,5000,116,0.008762385424191844,0.006780390521132503,0.005893463681691917,0.010406385472991378,0.006889673579223698,0.01870921316875178
bert_sst2,5000,117,0.008762385424191844,0.00908688772982382,0.004837013637106289,0.011358582710230079,0.005766568997587559,0.020096113636975728
bert_sst2,5000,118,0.008762385424191844,0.010422631440763873,0.00561092065962241,0.012818288456622633,0.007216561849643181,0.019042395166153116
bert_sst2,5000,119,0.008762385424191844,0.010888368501452294,0.005884425657558992,0.011316415144162437,0.00688755392369015,0.019700938517269853
bert_sst2,5000,120,0.008762385424191844,0.012457106226876036,0.007427257273526529,0.01344922109148802,0.008260151959315475,0.021713157474435037
bert_sst2,5000,121,0.008762385424191844,0.010534418984782173,0.0069133171343219455,0.011972290878639946,0.007667957995771006,0.020154334845389595
bert_sst2,5000,122,0.008762385424191844,0.011670706112846237,0.0057077352512194006,0.01195436197934991,0.007325003799395213,0.01997938795570451
bert_sst2,5000,123,0.008762385424191844,0.009157494593369231,0.006044102249678056,0.011928444933662985,0.00795664667461412,0.019431800252845004
bert_sst2,5000,124,0.008762385424191844,0.0069226087755588535,0.00417362483590098,0.010767415945444581,0.005683325172097831,0.017491854933383885
bert_sst2,5000,125,0.008762385424191844,0.007839408016819274,0.004282530852395214,0.010812844954707397,0.005787203252377031,0.017961573938152068
bert_sst2,5000,126,0.008762385424191844,0.005856125748332589,0.004904134276283022,0.009889087998645763,0.0057201945861170824,0.016406140005109957
bert_sst2,5000,127,0.008762385424191844,0.009250411834222212,0.004710566883527485,0.011035181500949814,0.00593639319872933,0.01847731202153941
bert_sst2,5000,128,0.008762385424191844,0.008506324416873729,0.004842471445730708,0.010336993321410049,0.006213805716648941,0.017749702954407125
bert_sst2,5000,129,0.008762385424191844,0.007241508414003964,0.00498568418340703,0.00959119992041745,0.006024579309285191,0.016888011851558644
bert_sst2,5000,130,0.008762385424191844,0.007632306664738106,0.005081814547251193,0.010208172935320944,0.005904405669026674,0.017566289317299505
bert_sst2,5000,131,0.008762385424191844,0.01037732158216398,0.006079349341786887,0.012562938632614913,0.007646389162066871,0.018766099485252617
bert_sst2,5000,132,0.008762385424191844,0.011450320097352137,0.005776925383932574,0.01110444482269993,0.008093013060246686,0.01945894631581738
bert_sst2,5000,133,0.008762385424191844,0.010183626972237986,0.005598949752469438,0.010665196505961587,0.0069554995132937,0.019119200585570897
bert_sst2,5000,134,0.008762385424191844,0.010635764983893308,0.00638272173457719,0.013450717234684545,0.00711578413312122,0.021022773003756646
bert_sst2,5000,135,0.008762385424191844,0.0058108589608351505,0.004702250056358078,0.009672482456524531,0.005836741437896759,0.016429616670091872
bert_sst2,5000,136,0.008762385424191844,0.008144380589693426,0.004753313891374012,0.010674730830811606,0.006318155378454014,0.017979651165790353
bert_sst2,5000,137,0.008762385424191844,0.009328067031492185,0.0053195017164191305,0.010278120091742952,0.006375469434918157,0.017459384664290988
bert_sst2,5000,138,0.008762385424191844,0.009808331118585277,0.004956936540745517,0.011188483566758738,0.006193540658915159,0.019453300207969912
bert_sst2,5000,139,0.008762385424191844,0.009313088969490062,0.005665551923750776,0.011783601585631505,0.007336163639766378,0.019210917716861797
bert_sst2,5000,140,0.008762385424191844,0.009576482522043748,0.0058165706447908735,0.011844915962723815,0.006215262774953811,0.018779973743251143
bert_sst2,5000,141,0.008762385424191844,0.011817414748508226,0.006956061932332448,0.012516637319044125,0.007725888757549677,0.019729686342666416
bert_sst2,5000,142,0.008762385424191844,0.008689207895054526,0.004478110855726544,0.009479909069485579,0.005399998670705974,0.01728989381010593
bert_sst2,5000,143,0.008762385424191844,0.008959466765564233,0.005738434032670424,0.010230867451350401,0.006365744569660742,0.017397669706928666
bert_sst2,5000,144,0.008762385424191844,0.00765590626472474,0.005768574087238958,0.01110582341835673,0.006572062647429281,0.019382895322931585
bert_sst2,5000,145,0.008762385424191844,0.009660483127443562,0.005344241467408181,0.011107460887655943,0.006468510285041606,0.016932515137551108
bert_sst2,5000,146,0.008762385424191844,0.00792467660864533,0.00536291644324156,0.011400009352482714,0.006648942275551816,0.01875450820048952
bert_sst2,5000,147,0.008762385424191844,0.01204079343680868,0.005799827428836516,0.012275277887584214,0.00726726318591921,0.01959003375066763
bert_sst2,5000,148,0.008762385424191844,0.008545854293581224,0.005821322194388679,0.01187773515051858,0.006790606083131542,0.01878471734993267
bert_sst2,5000,149,0.008762385424191844,0.008059370052878871,0.0051750391688804446,0.01010544006457098,0.006071492003925382,0.018421705439559455
bert_sst2,5000,150,0.008762385424191844,0.007241979170077316,0.00518913432015667,0.009154312237176039,0.006495062948287739,0.01724864637845925
bert_sst2,5000,151,0.008762385424191844,0.012047672416761503,0.006143631687486714,0.012995464003331623,0.00844138740466798,0.021751143058555734
bert_sst2,5000,152,0.008762385424191844,0.00897701717416806,0.005088844318420898,0.01126905276547862,0.006719832788084127,0.0180442850435603
bert_sst2,5000,153,0.008762385424191844,0.010173949473693515,0.005539167525947597,0.010599416238517921,0.006878202453149786,0.017783352579674176
bert_sst2,5000,154,0.008762385424191844,0.010975968046357292,0.007005135942895385,0.012450299730537524,0.00782734250339649,0.02005743604026155
bert_sst2,5000,155,0.008762385424191844,0.008294747383313544,0.005741714118388662,0.011487092816958165,0.007333471580753478,0.017966873915767633
bert_sst2,5000,156,0.008762385424191844,0.012968932526559718,0.006325779652676835,0.011688647166601562,0.0067304945898592735,0.018996316386017127
bert_sst2,5000,157,0.008762385424191844,0.009443080133167386,0.005008532452265883,0.010697397093661756,0.006462904139927297,0.01857796565062897
bert_sst2,5000,158,0.008762385424191844,0.008184293088977968,0.0040645311025500055,0.010415520492407408,0.0054114145578920015,0.016786296800257828
bert_sst2,5000,159,0.008762385424191844,0.00924011869640723,0.005616126431178716,0.011795955804322451,0.006384633195349749,0.01975563071302794
bert_sst2,5000,160,0.008762385424191844,0.010149927085734515,0.005806638942610872,0.012731590767788004,0.006717785924751489,0.021025090487198517
bert_sst2,5000,161,0.008762385424191844,0.013358679898376021,0.006811225634611508,0.012494951485507947,0.008168084522754495,0.01968994793217683
bert_sst2,5000,162,0.008762385424191844,0.009788510557152321,0.006625319151646542,0.01204736840380841,0.007851136774745426,0.018798760716140468
bert_sst2,5000,163,0.008762385424191844,0.009208924162849373,0.0065014582738587325,0.012755672568583244,0.0085345653045555,0.018574055016662195
bert_sst2,5000,164,0.008762385424191844,0.0058299998058381226,0.00454660930163095,0.010024052357043418,0.004992490203653937,0.016905874814887274
bert_sst2,5000,165,0.008762385424191844,0.011113882343147337,0.007427837105175453,0.01474233667024576,0.010083651387587269,0.020548806592777476
bert_sst2,5000,166,0.008762385424191844,0.009433357531065742,0.005288880020111232,0.009465192442415045,0.0059066718168226855,0.017095404206914726
bert_sst2,5000,167,0.008762385424191844,0.00721082802948425,0.006061353857141925,0.009886549729330377,0.0067189153281101985,0.016872647221368237
bert_sst2,5000,168,0.008762385424191844,0.008766643486169443,0.00611741168265291,0.01143851866777328,0.007421756857863567,0.01950035789166226
bert_sst2,5000,169,0.008762385424191844,0.008851438089535073,0.005464078017038073,0.01275888929867741,0.00802841116562294,0.019783356943236827
bert_sst2,5000,170,0.008762385424191844,0.008967718212352834,0.005632401594009292,0.009662112197721708,0.0058963705891068325,0.01766682292595454
bert_sst2,5000,171,0.008762385424191844,0.009953190459123584,0.004831302836216912,0.010042063820741147,0.005712238947543688,0.017843293030467805
bert_sst2,5000,172,0.008762385424191844,0.009552407359206691,0.005486244711422089,0.010744046069790895,0.00629274841356738,0.017510433489880146
bert_sst2,5000,173,0.008762385424191844,0.010277053349778196,0.005955536341091549,0.012921570502978829,0.0067727737784319805,0.02064097163122339
bert_sst2,5000,174,0.008762385424191844,0.011852534670655952,0.005890251061701804,0.011448411225998463,0.007127844768636079,0.02047403296414489
bert_sst2,5000,175,0.008762385424191844,0.00898853067898391,0.005889430483764819,0.01213322662356704,0.00782731707259618,0.020178795007803667
bert_sst2,5000,176,0.008762385424191844,0.011867134351807033,0.0055327513017457055,0.01264560499644291,0.00739748026623857,0.020058392767498844
bert_sst2,5000,177,0.008762385424191844,0.009823084254539463,0.007599739358163476,0.013171526363505253,0.009205611708291402,0.019644740353474462
bert_sst2,5000,178,0.008762385424191844,0.010802570660865374,0.004609311953826813,0.010025432202042184,0.006401803368243687,0.01784180997589724
bert_sst2,5000,179,0.008762385424191844,0.010622678927275314,0.004602151558511423,0.01097822418767651,0.006232517446181235,0.018258079884870403
bert_sst2,5000,180,0.008762385424191844,0.00843111339040863,0.005225202874427608,0.010865967221404593,0.007326956756304564,0.01729292116812572
bert_sst2,5000,181,0.008762385424191844,0.010636874069951698,0.006267792932069743,0.01235908924044665,0.007474185933776237,0.019856437495063457
bert_sst2,5000,182,0.008762385424191844,0.013781469847642143,0.007699550709302514,0.015203700912688519,0.010632998337427556,0.024377488079290417
bert_sst2,5000,183,0.008762385424191844,0.00977995597867131,0.005983169847165237,0.011206759542243493,0.0074506473624104,0.019483724387535584
bert_sst2,5000,184,0.008762385424191844,0.010135467203186033,0.00615453779228824,0.012009259937165877,0.007345802783364393,0.01947007918496482
bert_sst2,5000,185,0.008762385424191844,0.005067747596231849,0.005402765591917099,0.010946075351381293,0.006428029406563015,0.017337879385480932
bert_sst2,5000,186,0.008762385424191844,0.0067593332403114575,0.005231741077814776,0.009557147922684282,0.006318543887915714,0.017826836891608848
bert_sst2,5000,187,0.008762385424191844,0.007856845624203706,0.005095322073062687,0.011018176745325643,0.006905119025032809,0.018931524492157435
bert_sst2,5000,188,0.008762385424191844,0.007304494819276385,0.0056572559100115626,0.010821463420806199,0.00679160908813946,0.018831234432818818
bert_sst2,5000,189,0.008762385424191844,0.011665391705403465,0.006753501597842909,0.014342531356050047,0.008244392929392894,0.02242694769011508
bert_sst2,5000,190,0.008762385424191844,0.012728068511666508,0.006568921051513553,0.013382835641439083,0.008888642500722214,0.021634167760102324
bert_sst2,5000,191,0.008762385424191844,0.011728880371478635,0.0061220452422786455,0.012052807283815251,0.006888754816902223,0.019521148909833183
bert_sst2,5000,192,0.008762385424191844,0.009481024171089397,0.005450211033458509,0.010486533979046234,0.0057349361286153444,0.018703169473455943
bert_sst2,5000,193,0.008762385424191844,0.005659214782234701,0.005361339363098755,0.011081309450778735,0.006609990509535694,0.01751014528585191
bert_sst2,5000,194,0.008762385424191844,0.010240950888958383,0.0062248029081949955,0.011877932637495555,0.008055229786020076,0.01993613047153535
bert_sst2,5000,195,0.008762385424191844,0.008305800971998019,0.005857220126803283,0.010432713276714327,0.007109115083272553,0.01763328633325188
bert_sst2,5000,196,0.008762385424191844,0.007629836834015585,0.0051167315440706984,0.010965153176437337,0.006845461326269788,0.017296054554823182
bert_sst2,5000,197,0.008762385424191844,0.00930471850014617,0.005943659462093214,0.011219807576459897,0.006405690568189746,0.020036130209207817
bert_sst2,5000,198,0.008762385424191844,0.007862438612448739,0.005287145567949261,0.009657157102591676,0.006405150993989961,0.017746079699998057
bert_sst2,5000,199,0.008762385424191844,0.012761408662191762,0.006143167293680509,0.012375424472537993,0.007468618667010745,0.0205661321936399
bert_sst2,7500,0,0.008762385424191844,0.00850373279846853,0.005146026902642092,0.011306848116224306,0.006804913251268272,0.01768324284361273
bert_sst2,7500,1,0.008762385424191844,0.01123944242405911,0.006466955646570417,0.011672023416064351,0.007808131591675402,0.01977821913442989
bert_sst2,7500,2,0.008762385424191844,0.011534768578052008,0.005594085998897541,0.011261325847136102,0.006886735393866357,0.01925798120834894
bert_sst2,7500,3,0.008762385424191844,0.008794482061293317,0.0056885132954549306,0.011189072691080904,0.006868192836212797,0.019300117719862103
bert_sst2,7500,4,0.008762385424191844,0.010984521617168503,0.005614625193103226,0.011753746344766013,0.007356728547669375,0.019718333993309616
bert_sst2,7500,5,0.008762385424191844,0.007845695402503761,0.004821890994621537,0.009834826983413257,0.005598549053643731,0.017261940520674642
bert_sst2,7500,6,0.008762385424191844,0.009967067873778135,0.0059176305833946626,0.011625750817371766,0.00771041556063363,0.019319562198673434
bert_sst2,7500,7,0.008762385424191844,0.009850464429165356,0.00521210668482292,0.010874882964924488,0.00626003918594693,0.018629074531214495
bert_sst2,7500,8,0.008762385424191844,0.007085226582885645,0.005652881973216886,0.01055680848718865,0.006350825053468605,0.018137933160000518
bert_sst2,7500,9,0.008762385424191844,0.009820127662319243,0.005334248158160233,0.010831646525032067,0.006434939209727851,0.019706408672813376
bert_sst2,7500,10,0.008762385424191844,0.010041014374383674,0.004963449003522289,0.009817413077304315,0.005657583774295687,0.017569748128238544
bert_sst2,7500,11,0.008762385424191844,0.007828735555017782,0.00457222828066125,0.009407965333796514,0.006027977483435741,0.017230669445309276
bert_sst2,7500,12,0.008762385424191844,0.005503788809374887,0.005317803595274948,0.009878752217578822,0.006077607101816232,0.017439441441059036
bert_sst2,7500,13,0.008762385424191844,0.011628414522692341,0.006443806273663949,0.013376857599707475,0.007920830045130247,0.020473027393443262
bert_sst2,7500,14,0.008762385424191844,0.00769070961224827,0.005475466407719582,0.010867923734525163,0.00701252225710888,0.01810262606645465
bert_sst2,7500,15,0.008762385424191844,0.006789050137940217,0.0039227272476972126,0.009520374676478552,0.005716025521615856,0.016732169476793183
bert_sst2,7500,16,0.008762385424191844,0.0075063286912775366,0.005073726442115845,0.010015127809976512,0.006237884356030882,0.01831242220515619
bert_sst2,7500,17,0.008762385424191844,0.008750822511443315,0.005773457264572541,0.011936656930557621,0.00727909856683566,0.01978101291889743
bert_sst2,7500,18,0.008762385424191844,0.007518710450703013,0.0051056833148615775,0.00902336264843542,0.00635436194397461,0.01716164225634513
bert_sst2,7500,19,0.008762385424191844,0.009917075086341537,0.005851380138384247,0.011548326798565333,0.007436365958947398,0.01929033646425797
bert_sst2,7500,20,0.008762385424191844,0.010745484569331937,0.005792832402877217,0.011013978938949506,0.0066296595022875176,0.018826068670733588
bert_sst2,7500,21,0.008762385424191844,0.00963161970037492,0.005829936272040004,0.012768850769337882,0.007407107359047011,0.02012308508972295
bert_sst2,7500,22,0.008762385424191844,0.008428773681039916,0.006302828199453444,0.011923573310464168,0.007579114497220854,0.02012598858665771
bert_sst2,7500,23,0.008762385424191844,0.011533894453714812,0.006290241241197099,0.012835327048345743,0.008326079041454684,0.021125272979627203
bert_sst2,7500,24,0.008762385424191844,0.012047560700178709,0.00607655916055365,0.011793839657079397,0.007359072621580224,0.019778801280872498
bert_sst2,7500,25,0.008762385424191844,0.009590887150660997,0.006015186722242186,0.01168470815372071,0.007246247400713768,0.019112671684564247
bert_sst2,7500,26,0.008762385424191844,0.009553146678038518,0.0047388962236989095,0.009895038129677063,0.006339455738836925,0.018835440777346286
bert_sst2,7500,27,0.008762385424191844,0.008705041498433392,0.005174212684550673,0.010544006510752406,0.0061229940927177845,0.01878342386460795
bert_sst2,7500,28,0.008762385424191844,0.008086106214370205,0.004015705210132586,0.009566644452081639,0.005571824367087939,0.016696873196300456
bert_sst2,7500,29,0.008762385424191844,0.008880124031998152,0.005295413352527177,0.01061841236783038,0.006364465263588898,0.0187089977392849
bert_sst2,7500,30,0.008762385424191844,0.010532888991082812,0.006028642517993609,0.012187540373559033,0.008021634292278193,0.02115769862879572
bert_sst2,7500,31,0.008762385424191844,0.009488028842160422,0.0044849468344676,0.010079145564022793,0.005298874767658481,0.01834256854384772
bert_sst2,7500,32,0.008762385424191844,0.01180914616453551,0.005471024894478873,0.011240083547358774,0.007156745265067466,0.020500923380253132
bert_sst2,7500,33,0.008762385424191844,0.007345834207312809,0.005692158206833785,0.010285959403818355,0.006552549509385035,0.017839730693659076
bert_sst2,7500,34,0.008762385424191844,0.00959150273336738,0.005579145030783375,0.010574759504188487,0.006480928982085104,0.018184619573532887
bert_sst2,7500,35,0.008762385424191844,0.007858008092333947,0.005342979841307382,0.01064852715721218,0.0064318833458118126,0.01812296019626923
bert_sst2,7500,36,0.008762385424191844,0.007735061491123035,0.0045902890639123745,0.010018707454336907,0.005705813829629105,0.01702019974613903
bert_sst2,7500,37,0.008762385424191844,0.008841710827039141,0.006104910155924114,0.011446596009954036,0.00735599480292027,0.01872040997792088
bert_sst2,7500,38,0.008762385424191844,0.0065971680456581635,0.005752296376304836,0.011008878506976212,0.007260094068645182,0.018423899352800806
bert_sst2,7500,39,0.008762385424191844,0.008705857724358059,0.004830826064071384,0.01069390458396232,0.00585684648372161,0.01757738398484843
bert_sst2,7500,40,0.008762385424191844,0.009747253129723429,0.0059349764336821265,0.011193110343623778,0.007646710401932624,0.01983901126783629
bert_sst2,7500,41,0.008762385424191844,0.008183574864904463,0.0052523389482347325,0.010408895703957715,0.006505212845407538,0.017982797693464465
bert_sst2,7500,42,0.008762385424191844,0.011533786026186354,0.005706185916496176,0.011298423843417102,0.007275385807305396,0.01936446094866247
bert_sst2,7500,43,0.008762385424191844,0.008248143942694965,0.006214299643801432,0.01077871598604842,0.007348275181133204,0.018579060137400304
bert_sst2,7500,44,0.008762385424191844,0.007824886610515069,0.004772734422452476,0.00929168525054749,0.005634310637361313,0.016703473545808572
bert_sst2,7500,45,0.008762385424191844,0.009189381026371827,0.006203665896415876,0.011669768766572155,0.007805915148258965,0.019288132957741653
bert_sst2,7500,46,0.008762385424191844,0.00923039262020266,0.0050560156058059745,0.01094459247650772,0.006504659940470841,0.018449178813212026
bert_sst2,7500,47,0.008762385424191844,0.009760858934749532,0.005656582915574283,0.010784576806880641,0.007071944291973848,0.018782895691425643
bert_sst2,7500,48,0.008762385424191844,0.010488731893942274,0.0065055661628667235,0.01214587234765516,0.007740951582397521,0.019540995563268323
bert_sst2,7500,49,0.008762385424191844,0.01141325972333334,0.005342329485510812,0.010825203692365582,0.007050855175360009,0.020056163866283585
bert_sst2,7500,50,0.008762385424191844,0.006611534251994714,0.004313860206405933,0.00859717566182904,0.0055052069853481975,0.01678034348017657
bert_sst2,7500,51,0.008762385424191844,0.008509440553571036,0.005176674927071058,0.010105374861082223,0.006279788913385661,0.01846632150408468
bert_sst2,7500,52,0.008762385424191844,0.012282115146334793,0.007481173727586086,0.013159449446572831,0.008821323458349763,0.020914395332492595
bert_sst2,7500,53,0.008762385424191844,0.011768231512158707,0.005433641132158515,0.011277092400566839,0.007173220806249069,0.018997329379379924
bert_sst2,7500,54,0.008762385424191844,0.012094642017488692,0.007069002654897399,0.013182714666914886,0.008637225936705857,0.021539257109310882
bert_sst2,7500,55,0.008762385424191844,0.00987170804446933,0.004575519957673332,0.00988628138199147,0.005379701748563382,0.019238135780981564
bert_sst2,7500,56,0.008762385424191844,0.010371909171788768,0.006320315167785553,0.011865049567951473,0.0077303851185713274,0.019737153632570382
bert_sst2,7500,57,0.008762385424191844,0.011798553807567988,0.005645149839066025,0.011786633141331956,0.007355628769704701,0.020358809275492565
bert_sst2,7500,58,0.008762385424191844,0.009176441936616035,0.00590309140423316,0.010863128772206156,0.006728263004800368,0.019041146385574775
bert_sst2,7500,59,0.008762385424191844,0.00984849349378374,0.004412462018821868,0.009623568835672851,0.005572907680370132,0.018124261966897415
bert_sst2,7500,60,0.008762385424191844,0.011051723808927109,0.005827317250768579,0.013676912791959421,0.008174738829281795,0.021532600519776016
bert_sst2,7500,61,0.008762385424191844,0.01037093528267687,0.007002162873232535,0.013519105427259126,0.008825598564589641,0.02180646724167592
bert_sst2,7500,62,0.008762385424191844,0.008075168214268966,0.005217071161334281,0.011399603719829619,0.007607105686443374,0.018529113852778997
bert_sst2,7500,63,0.008762385424191844,0.007781920869374144,0.004609685165082377,0.008973380328975641,0.005957415662445285,0.017538844601907005
bert_sst2,7500,64,0.008762385424191844,0.0063408330356283195,0.004577444345894896,0.009554158814919817,0.005931695640324354,0.017058847880830227
bert_sst2,7500,65,0.008762385424191844,0.008285491993432002,0.004389258252448706,0.009446528580980268,0.005496078044566825,0.016904289904800206
bert_sst2,7500,66,0.008762385424191844,0.01060467660901732,0.006274799856960592,0.010768107990317948,0.007024649885239922,0.01912840377863551
bert_sst2,7500,67,0.008762385424191844,0.007834458115834763,0.005272354674759099,0.011431354941546543,0.006986480593770631,0.019139140629810012
bert_sst2,7500,68,0.008762385424191844,0.007371853199144689,0.005759587829076572,0.01052084691955173,0.0069742785134478125,0.018027697738984872
bert_sst2,7500,69,0.008762385424191844,0.008638454424161491,0.005249344924224579,0.010213012624199456,0.006693393750038237,0.018261151353571533
bert_sst2,7500,70,0.008762385424191844,0.007837275988605922,0.004907102093299736,0.009777626729935708,0.006366894726132554,0.018425954109184805
bert_sst2,7500,71,0.008762385424191844,0.010194211676831606,0.005441500987730964,0.011221711732449399,0.007000941876716338,0.019025708412730654
bert_sst2,7500,72,0.008762385424191844,0.006530541462810138,0.004906457630225852,0.010099740723574138,0.00588018521533905,0.01774735166293688
bert_sst2,7500,73,0.008762385424191844,0.00804582748721569,0.005111895524327996,0.010443437784068744,0.006467430241029085,0.01795081471214339
bert_sst2,7500,74,0.008762385424191844,0.011058177111643497,0.005681572861275467,0.011833132321754383,0.007007371380645606,0.020480931541861185
bert_sst2,7500,75,0.008762385424191844,0.007249207011685949,0.0063366995507137215,0.010988965605483606,0.0076255906597505205,0.018664819107186096
bert_sst2,7500,76,0.008762385424191844,0.008542617183342894,0.005462301754306158,0.010362135905000777,0.007156143416865152,0.01904669759702186
bert_sst2,7500,77,0.008762385424191844,0.006123784398733632,0.004296413706767926,0.009241294012690046,0.005649632786434195,0.015898347278746578
bert_sst2,7500,78,0.008762385424191844,0.008395957358945846,0.0052096848719127625,0.011358629604434496,0.0069735910256791215,0.0188990169001621
bert_sst2,7500,79,0.008762385424191844,0.008775666635711336,0.005905778882812435,0.01193523664608572,0.007853194219217286,0.019495138387701342
bert_sst2,7500,80,0.008762385424191844,0.014267709849097074,0.007377486660528739,0.013824485101133373,0.00848926510312584,0.02208680046650925
bert_sst2,7500,81,0.008762385424191844,0.011355799173054343,0.00587268567825811,0.012791133338936224,0.00777047536365702,0.020044076285498716
bert_sst2,7500,82,0.008762385424191844,0.008728158677883062,0.0063773591789722745,0.011016270099549936,0.007434631264514303,0.019472767930087478
bert_sst2,7500,83,0.008762385424191844,0.010171620843281076,0.006166068735274276,0.013384263428352758,0.007838646566403816,0.02131676387126616
bert_sst2,7500,84,0.008762385424191844,0.009530973133657214,0.005709111002827279,0.012094901391878946,0.00738605766104776,0.019398670596213394
bert_sst2,7500,85,0.008762385424191844,0.010988496890308685,0.006281938356877436,0.012449338256109123,0.008170065986198316,0.02088657311705679
bert_sst2,7500,86,0.008762385424191844,0.012095145746027632,0.006306281079710401,0.01121801172197877,0.00797217973701041,0.020467751925611143
bert_sst2,7500,87,0.008762385424191844,0.010671853346478442,0.004781985694758591,0.011050633464033765,0.00579814393836761,0.019136058382978636
bert_sst2,7500,88,0.008762385424191844,0.009590334081236124,0.005240877920429819,0.010647903753325477,0.006603105265711495,0.018706019515147377
bert_sst2,7500,89,0.008762385424191844,0.0107864480702952,0.006076419240568242,0.011861024275129186,0.007340053663148952,0.01990964562931729
bert_sst2,7500,90,0.008762385424191844,0.008504279661898907,0.004156433163966074,0.009804441976590254,0.005467046312147755,0.017244335711123077
bert_sst2,7500,91,0.008762385424191844,0.00799548757273643,0.004203085858666334,0.009894535689408769,0.005324761091151631,0.017948117108541262
bert_sst2,7500,92,0.008762385424191844,0.008525986055082512,0.005829151431585146,0.01065655144078878,0.0069373454491684135,0.018456910974545625
bert_sst2,7500,93,0.008762385424191844,0.011236661670647349,0.005566946538702338,0.012519776539904546,0.007006865187166166,0.019923759798131057
bert_sst2,7500,94,0.008762385424191844,0.0086731418441566,0.004925362002380979,0.010895052688146733,0.006488288340159986,0.0192713607689277
bert_sst2,7500,95,0.008762385424191844,0.009183557332630555,0.005388084785507616,0.009420013177750503,0.006975602623912329,0.017734129404209074
bert_sst2,7500,96,0.008762385424191844,0.00975147102192192,0.005046893572045716,0.011315755349906887,0.006719155413689925,0.019334488040347885
bert_sst2,7500,97,0.008762385424191844,0.008700628967344299,0.005379248998547761,0.010927699371127584,0.006992691135270291,0.01945360119153371
bert_sst2,7500,98,0.008762385424191844,0.007795147527698052,0.006035849456735076,0.012744054588031625,0.0079275340813641,0.019898603831919506
bert_sst2,7500,99,0.008762385424191844,0.008972784871966538,0.0051553099725705435,0.00974682365216085,0.0061742150732895336,0.017714769488441747
bert_sst2,7500,100,0.008762385424191844,0.01069002157189995,0.005168789894784126,0.010631694098216455,0.0058986973836270065,0.019689710888723167
bert_sst2,7500,101,0.008762385424191844,0.007003710236243865,0.004831818917204543,0.009924496757594986,0.00649352637992302,0.01733008634549769
bert_sst2,7500,102,0.008762385424191844,0.008792089043683764,0.005085948929472183,0.010448017016634887,0.00576570263399149,0.01823649049162479
bert_sst2,7500,103,0.008762385424191844,0.009798714680863279,0.005209598649323052,0.010671682142092888,0.0065678221733024835,0.01843526916319952
bert_sst2,7500,104,0.008762385424191844,0.0076428796410808846,0.005852937744600976,0.01090983997101143,0.007205192173398233,0.018870133040325015
bert_sst2,7500,105,0.008762385424191844,0.010608425304807,0.006896013678849917,0.013005439487713572,0.008242500344973624,0.021078895903557
bert_sst2,7500,106,0.008762385424191844,0.010717489103166283,0.005869730228847401,0.012030182861771717,0.007234762222737455,0.019688995264493993
bert_sst2,7500,107,0.008762385424191844,0.005768229554450651,0.00537336824149597,0.009793530269280117,0.0065798270617541815,0.017898355132792892
bert_sst2,7500,108,0.008762385424191844,0.009778269100710819,0.005750596397496398,0.011630231451483895,0.007150413581675495,0.01936342819297047
bert_sst2,7500,109,0.008762385424191844,0.008125340663185009,0.004237482394684476,0.010265562404110048,0.005884325465369926,0.017693201142782847
bert_sst2,7500,110,0.008762385424191844,0.011078013576537918,0.005306698430340581,0.011389333272765036,0.007204424738924336,0.019563526891872504
bert_sst2,7500,111,0.008762385424191844,0.009875577214477767,0.0060351827695774565,0.011337820753304003,0.008084535802809361,0.019910839149914296
bert_sst2,7500,112,0.008762385424191844,0.007303327964133811,0.005956517836367797,0.010292031507393818,0.007128433625963373,0.018280484874987006
bert_sst2,7500,113,0.008762385424191844,0.0061808920015854855,0.003995304467506651,0.009123018154229324,0.00498490906418717,0.016539947152125502
bert_sst2,7500,114,0.008762385424191844,0.00932510747343679,0.005393813758999101,0.011026644200891103,0.0062726841922380325,0.018301332616241044
bert_sst2,7500,115,0.008762385424191844,0.009136020514396732,0.005476064655202015,0.011379405006362885,0.006724260301443473,0.020230265061665222
bert_sst2,7500,116,0.008762385424191844,0.012275081687529136,0.006104561948476199,0.011640111811408598,0.007457671602447145,0.020277236201803477
bert_sst2,7500,117,0.008762385424191844,0.010506087859496718,0.004882559294026177,0.01031648714775047,0.006440444011341569,0.018060832275216366
bert_sst2,7500,118,0.008762385424191844,0.006405795117683386,0.0044813054196018096,0.009787584709046507,0.005342233390771471,0.017307349086474084
bert_sst2,7500,119,0.008762385424191844,0.009457713371184544,0.005768981752990217,0.01169161356134626,0.007127295718013653,0.019807965606931068
bert_sst2,7500,120,0.008762385424191844,0.009427727364892974,0.0055285427667656475,0.010630272462530753,0.006831492172030099,0.01928199291592322
bert_sst2,7500,121,0.008762385424191844,0.011204903570249091,0.005565519336334378,0.010479478788309685,0.006941181113505741,0.01899038558105153
bert_sst2,7500,122,0.008762385424191844,0.009344424581377757,0.004521692593463758,0.010005832728844363,0.005531002971076548,0.01838189152753801
bert_sst2,7500,123,0.008762385424191844,0.011668430587863161,0.005902420745272196,0.011744913575140197,0.007249418976230858,0.021897263837087583
bert_sst2,7500,124,0.008762385424191844,0.00805588323781266,0.00605005010010892,0.011155632741932597,0.007814185743193139,0.01946308316076226
bert_sst2,7500,125,0.008762385424191844,0.005309408497387377,0.0045849960996471005,0.008813368970753643,0.005687678479440617,0.01699867017304995
bert_sst2,7500,126,0.008762385424191844,0.009522745249568443,0.005791381733444942,0.01089819034088212,0.007478872040223299,0.01834930826470465
bert_sst2,7500,127,0.008762385424191844,0.0099753494473866,0.005328385499957765,0.010192475057581927,0.006705655002048581,0.017931595492659637
bert_sst2,7500,128,0.008762385424191844,0.010340788282814537,0.006200743418988734,0.011528018020702791,0.007148809825889598,0.019919227662378337
bert_sst2,7500,129,0.008762385424191844,0.00789260242449637,0.005387436268214044,0.009570463594475132,0.006247537151416164,0.0165321905726322
bert_sst2,7500,130,0.008762385424191844,0.007817518705861112,0.004765798849885057,0.009194431008975965,0.005712407128730283,0.017138458649006264
bert_sst2,7500,131,0.008762385424191844,0.0067737470145855785,0.004706217422113475,0.010180856310528954,0.005972391265764032,0.017529667015473205
bert_sst2,7500,132,0.008762385424191844,0.009775610595501914,0.005268966357496325,0.011266662257983184,0.0067852484390196885,0.019052320856004404
bert_sst2,7500,133,0.008762385424191844,0.008507959042037326,0.005901185613752451,0.01150344429174303,0.007126753862716156,0.018957539227148584
bert_sst2,7500,134,0.008762385424191844,0.010511654452410306,0.00586242844300858,0.012056151706116206,0.007599296508682397,0.01933787332765085
bert_sst2,7500,135,0.008762385424191844,0.010958761217895368,0.004487337102404886,0.010589166675923481,0.006261106931906677,0.01843981783022151
bert_sst2,7500,136,0.008762385424191844,0.010847739350496792,0.0046395675443318095,0.01010777661177129,0.006296066358094584,0.018789596274061435
bert_sst2,7500,137,0.008762385424191844,0.009234966746203081,0.004730531447343544,0.010168917171283369,0.005846262887754931,0.018751818826577917
bert_sst2,7500,138,0.008762385424191844,0.009164008869919341,0.005749534490284263,0.010433053196268784,0.006964029427097112,0.018556981647706625
bert_sst2,7500,139,0.008762385424191844,0.00836815492839574,0.005671941030983261,0.01084785671492484,0.0073520229062205315,0.01817366846506522
bert_sst2,7500,140,0.008762385424191844,0.012048607944905209,0.00610686386609583,0.012892184562419263,0.007717889453450728,0.02038485273638685
bert_sst2,7500,141,0.008762385424191844,0.00714915362836925,0.004447396575042668,0.00953027982538353,0.005489009708244698,0.01680080666802531
bert_sst2,7500,142,0.008762385424191844,0.009862037816813126,0.005316913452940031,0.011721738180481922,0.006468414046597275,0.019292691850905673
bert_sst2,7500,143,0.008762385424191844,0.009589494177827507,0.0056815984751393,0.011226856894060598,0.007374763814420669,0.01924021506618183
bert_sst2,7500,144,0.008762385424191844,0.009723755384435831,0.005033360540221294,0.010817661348103863,0.006547209075096993,0.019201747039422068
bert_sst2,7500,145,0.008762385424191844,0.005934532463391835,0.004271516090577901,0.009582661202856186,0.00557796968161731,0.017236783874823774
bert_sst2,7500,146,0.008762385424191844,0.011039656597265092,0.006272682294053984,0.012329332543838152,0.007787853473378276,0.020909831421539227
bert_sst2,7500,147,0.008762385424191844,0.01136141173067578,0.0062086298741740546,0.011482984530701294,0.007347271378642779,0.019255794118198583
bert_sst2,7500,148,0.008762385424191844,0.008172903919796618,0.004992323267684301,0.010154875477567124,0.005874685951306874,0.01781075583594185
bert_sst2,7500,149,0.008762385424191844,0.009238803131279418,0.005267564752591722,0.011129458793839767,0.006742664538287092,0.019133344508325652
bert_sst2,7500,150,0.008762385424191844,0.008258464158993659,0.00606954416985888,0.01040117508322992,0.006654819149547048,0.019324838210401464
bert_sst2,7500,151,0.008762385424191844,0.010394452321244078,0.006299371698426197,0.011997585286435521,0.007546882327744369,0.018832564442844955
bert_sst2,7500,152,0.008762385424191844,0.00868670828883331,0.005033881900995298,0.01117611971701819,0.006569180435558798,0.01924946286626857
bert_sst2,7500,153,0.008762385424191844,0.00832783293106368,0.004994411176260256,0.009684741556491265,0.006167370482503112,0.017856759543053324
bert_sst2,7500,154,0.008762385424191844,0.011977054765027279,0.0058514215950187815,0.012027140969936848,0.007180858924701225,0.019403224565074453
bert_sst2,7500,155,0.008762385424191844,0.00793351767530188,0.0056010031990385125,0.010591295219500516,0.00671412443882221,0.018926425249842886
bert_sst2,7500,156,0.008762385424191844,0.00885382577979277,0.005344375572164261,0.010338585970732608,0.0064088261496973,0.0182911887156093
bert_sst2,7500,157,0.008762385424191844,0.0102937221838469,0.005798865361406383,0.01152288539270919,0.007373346245704429,0.019707258517950226
bert_sst2,7500,158,0.008762385424191844,0.008716267126687952,0.004940782737880696,0.010326033265113208,0.006908873574801124,0.018306051711898717
bert_sst2,7500,159,0.008762385424191844,0.010920099630473785,0.004611577929894888,0.009794146630814645,0.005939351120324353,0.01808000291101586
bert_sst2,7500,160,0.008762385424191844,0.009773470112902097,0.005957043092899909,0.01188391662015563,0.007740781980253032,0.019559025279208175
bert_sst2,7500,161,0.008762385424191844,0.012924787938044665,0.006852016636733528,0.013949577676117864,0.008901196763170345,0.02257549891409473
bert_sst2,7500,162,0.008762385424191844,0.00957176227840381,0.004984477871577025,0.00999183212917269,0.0064176113998195205,0.017887255312429132
bert_sst2,7500,163,0.008762385424191844,0.007479570861969273,0.005645443510290426,0.0103909540021309,0.00740148085242661,0.01781656506395292
bert_sst2,7500,164,0.008762385424191844,0.00845088988256574,0.005411589469451827,0.010523886403468434,0.006525208756044985,0.018533705154917063
bert_sst2,7500,165,0.008762385424191844,0.011926126952324098,0.005642803754736725,0.011884525988859368,0.007821387866897516,0.019930885809749794
bert_sst2,7500,166,0.008762385424191844,0.009786726693670807,0.005431236861396954,0.011428292975475743,0.006516602810318624,0.019469338795210754
bert_sst2,7500,167,0.008762385424191844,0.007025967439035775,0.005231069842278898,0.009461921399329607,0.005761137248674699,0.017055682868761964
bert_sst2,7500,168,0.008762385424191844,0.008556609479841812,0.005303307574356076,0.010801107849571563,0.006703758579179612,0.019146669691117946
bert_sst2,7500,169,0.008762385424191844,0.011834332591410356,0.006054465694487672,0.011651470453494864,0.007415872692691289,0.020962231102619477
bert_sst2,7500,170,0.008762385424191844,0.009866063867357751,0.005456900266671122,0.010568007575362123,0.006506406371942254,0.01845660809248763
bert_sst2,7500,171,0.008762385424191844,0.011307307651935238,0.005941847869033113,0.01139140707252493,0.008309637342965595,0.019675133342762656
bert_sst2,7500,172,0.008762385424191844,0.007895790687368334,0.005995357021303957,0.010904924462578368,0.007871316141482893,0.019234982991544716
bert_sst2,7500,173,0.008762385424191844,0.009015746288735985,0.005604685689881563,0.010614812789427813,0.006855434046911266,0.01795095618472363
bert_sst2,7500,174,0.008762385424191844,0.00995070195199819,0.005436358087380696,0.011065554654627094,0.0069587285727639924,0.018659878675314774
bert_sst2,7500,175,0.008762385424191844,0.008544864920760576,0.005752520118766506,0.011317073682172907,0.007053446153618756,0.01963028003184766
bert_sst2,7500,176,0.008762385424191844,0.00984192776397695,0.006160931833357081,0.011497531805295735,0.007486442961195988,0.01935163888180201
bert_sst2,7500,177,0.008762385424191844,0.01102259439059533,0.0052454427770160395,0.011123247543618566,0.0067218193885449145,0.019269698864544854
bert_sst2,7500,178,0.008762385424191844,0.009903098522757177,0.005018336905289689,0.010639670817498186,0.006099278284165405,0.01836879414096613
bert_sst2,7500,179,0.008762385424191844,0.005488926964926628,0.00485522729303922,0.009824520544517252,0.006083535535849996,0.017883231240435265
bert_sst2,7500,180,0.008762385424191844,0.007384743663203316,0.004154060716944605,0.009187493559454843,0.005265341575585495,0.016306018294777437
bert_sst2,7500,181,0.008762385424191844,0.010307921150686206,0.005533557345008907,0.011254607620810868,0.007515281020018298,0.019319516041824275
bert_sst2,7500,182,0.008762385424191844,0.009269273814627605,0.0059211268504971775,0.011504224675279928,0.0070356846835442355,0.01869174746687734
bert_sst2,7500,183,0.008762385424191844,0.010724665262765495,0.005644380053789375,0.011206025197683406,0.007200946620010881,0.019156919383901443
bert_sst2,7500,184,0.008762385424191844,0.007829091703251956,0.005271114500911453,0.010604309722619823,0.007076325224849902,0.018055764200026806
bert_sst2,7500,185,0.008762385424191844,0.006605923908558951,0.004695756293202629,0.010022044240880995,0.005994080525460194,0.016850474824402058
bert_sst2,7500,186,0.008762385424191844,0.008503910318254421,0.005167197237210329,0.01033963107704166,0.006842136846570407,0.01779699188800895
bert_sst2,7500,187,0.008762385424191844,0.00985730200687444,0.005841540254552794,0.012571408833830552,0.00789653124082752,0.019739928137828103
bert_sst2,7500,188,0.008762385424191844,0.013078217155327351,0.006087748732676924,0.011992012934890163,0.007501437444797227,0.01986931487141724
bert_sst2,7500,189,0.008762385424191844,0.00859312562758332,0.005014306299355505,0.010296100561931509,0.006157450727229212,0.01953078263901609
bert_sst2,7500,190,0.008762385424191844,0.007430512673986736,0.005611199399258651,0.011581132361604544,0.006968123399134631,0.018612392520961106
bert_sst2,7500,191,0.008762385424191844,0.007570697570634371,0.004445009144506549,0.010604815131442097,0.006425724760045082,0.01784069553917399
bert_sst2,7500,192,0.008762385424191844,0.010955693238391214,0.005272397263186061,0.011781156655312593,0.006832510285143733,0.02021489228851397
bert_sst2,7500,193,0.008762385424191844,0.007011368802035232,0.004969696955659054,0.010628086249163105,0.006198751546322622,0.019150544999197872
bert_sst2,7500,194,0.008762385424191844,0.005950278231896325,0.004534244526355887,0.00946448008382872,0.0060774992310891375,0.01683361919195457
bert_sst2,7500,195,0.008762385424191844,0.010014567956330047,0.0055322221427076745,0.010546178249563859,0.006577203155637361,0.01757222358222207
bert_sst2,7500,196,0.008762385424191844,0.01097919585710826,0.006249875016214189,0.012256426105664301,0.007485951896071308,0.020137517935873983
bert_sst2,7500,197,0.008762385424191844,0.00853223668561329,0.005572563877807434,0.01049952580017905,0.00622019267180449,0.018357948922256243
bert_sst2,7500,198,0.008762385424191844,0.00893647264964238,0.0054967600474210895,0.011118564217964725,0.006920329365247709,0.018670482185060778
bert_sst2,7500,199,0.008762385424191844,0.005933534492301115,0.004212415412030096,0.009522071109838345,0.005523906644853555,0.01797149565880209
bert_sst2,10000,0,0.008762385424191844,0.010437482894343921,0.005533988060645289,0.010936407135245674,0.0070934545468434125,0.018658006492642935
bert_sst2,10000,1,0.008762385424191844,0.009147638341802255,0.004481925649555826,0.009483429153974375,0.005803459194420864,0.01766207843173237
bert_sst2,10000,2,0.008762385424191844,0.008970616455038148,0.004628949431533799,0.009971220874967799,0.006092005807350165,0.017762328029451165
bert_sst2,10000,3,0.008762385424191844,0.007994898001627749,0.004423890641391765,0.009694888142170972,0.005969120260700158,0.01745954073845705
bert_sst2,10000,4,0.008762385424191844,0.011247251916243439,0.004638949703057318,0.010142491406531135,0.0060676576724974784,0.018764870665770234
bert_sst2,10000,5,0.008762385424191844,0.009963060926987132,0.006020940016810008,0.010945598644617319,0.007736462151925643,0.020031612277277403
bert_sst2,10000,6,0.008762385424191844,0.009401513317809152,0.005465356527338146,0.010391658241088671,0.006623993158573234,0.019585946046954135
bert_sst2,10000,7,0.008762385424191844,0.011079677001529831,0.0057039034722045434,0.011154571701444443,0.007466931095196189,0.019451776167616817
bert_sst2,10000,8,0.008762385424191844,0.007671675852605614,0.0038387255639246703,0.009176457769728665,0.005281054822392233,0.017017209769350127
bert_sst2,10000,9,0.008762385424191844,0.01016455635780669,0.005428791077051037,0.010955007806425578,0.007018521463255605,0.019857146379532353
bert_sst2,10000,10,0.008762385424191844,0.00820809122409638,0.004644066141421525,0.009151791931800612,0.00611916260995916,0.017600803085154677
bert_sst2,10000,11,0.008762385424191844,0.009499687332806511,0.006161545711171722,0.010964094666916077,0.007600911882716684,0.02016031947165728
bert_sst2,10000,12,0.008762385424191844,0.008496362932750016,0.005731992749264425,0.01084394944065983,0.007327093670153162,0.019057001569812347
bert_sst2,10000,13,0.008762385424191844,0.00995125331762967,0.0066810308187047265,0.011279557069570349,0.007683030921573532,0.020090769692275745
bert_sst2,10000,14,0.008762385424191844,0.0074529114515540585,0.004865417401368914,0.009223821834901311,0.006131061054653216,0.018004444631908735
bert_sst2,10000,15,0.008762385424191844,0.00866083096131414,0.005146296184858048,0.01051942159278041,0.00683515958122224,0.01858436471297832
bert_sst2,10000,16,0.008762385424191844,0.00899705792557644,0.005902552386184514,0.011685117432931543,0.007838819176503567,0.020395760870059287
bert_sst2,10000,17,0.008762385424191844,0.009185824431693886,0.004799651226757017,0.010103094831519346,0.0068967199833326834,0.018018885355404815
bert_sst2,10000,18,0.008762385424191844,0.00776639971978121,0.005276381393402532,0.010365345002070665,0.00667158064163093,0.0185998615877163
bert_sst2,10000,19,0.008762385424191844,0.009391471478635716,0.005648455441190279,0.010692732302497857,0.006927852726880961,0.019663292145219544
bert_sst2,10000,20,0.008762385424191844,0.008049829737484266,0.004903697750005256,0.010194702507047933,0.006513886151173533,0.018531947055668265
bert_sst2,10000,21,0.008762385424191844,0.007856826089974346,0.004656172970499475,0.009674977547641695,0.005861270396459761,0.018194152947279635
bert_sst2,10000,22,0.008762385424191844,0.008036780277710494,0.004946612482208856,0.009817411189714874,0.006781855265102556,0.01743906214248946
bert_sst2,10000,23,0.008762385424191844,0.01047645238190413,0.005204104649387703,0.010023977856928849,0.0064481271289695994,0.018603170930588126
bert_sst2,10000,24,0.008762385424191844,0.008765164308523145,0.005066359414376023,0.01077690552639221,0.006598688581610589,0.018592398590809526
bert_sst2,10000,25,0.008762385424191844,0.009998499724296403,0.005711557609526236,0.010949958196396624,0.006704045106114415,0.01854730520795657
bert_sst2,10000,26,0.008762385424191844,0.006627678087046662,0.004891737646038812,0.010137969901371504,0.0065511631272430005,0.017506450254537585
bert_sst2,10000,27,0.008762385424191844,0.009113596209158095,0.005197405168712884,0.010672173986209899,0.006831454258031967,0.018627956205356053
bert_sst2,10000,28,0.008762385424191844,0.006424481397726501,0.004025538657015632,0.008956671580893508,0.005097850888437276,0.016804136164707658
bert_sst2,10000,29,0.008762385424191844,0.007174865091559355,0.004630340840275713,0.00946917699132724,0.006135642939652341,0.01664181088209308
bert_sst2,10000,30,0.008762385424191844,0.00989918826807277,0.004999279353981129,0.010534935327595177,0.0067113966590123105,0.018451612010757536
bert_sst2,10000,31,0.008762385424191844,0.007155346132959742,0.00424281298221814,0.009277498537134296,0.00580142861651563,0.018019727122345886
bert_sst2,10000,32,0.008762385424191844,0.009727438446478059,0.006765748577315372,0.012667276920919079,0.008776673507621785,0.020356068985640945
bert_sst2,10000,33,0.008762385424191844,0.008647416430335765,0.006216103801674446,0.011526646774990787,0.008089322177979036,0.01877242940849055
bert_sst2,10000,34,0.008762385424191844,0.009436488306300535,0.0052736951673787065,0.011296153088191251,0.0068835977331966934,0.019468396361282374
bert_sst2,10000,35,0.008762385424191844,0.010244195791790943,0.004897210748685206,0.01082961405051641,0.006246759659795478,0.019345057075385957
bert_sst2,10000,36,0.008762385424191844,0.01002689651791806,0.005445291326853045,0.010931719905450207,0.006908675785794315,0.019899420485887033
bert_sst2,10000,37,0.008762385424191844,0.009726730017485311,0.005574856421456516,0.01096732753572449,0.006897498764701362,0.01914324372505199
bert_sst2,10000,38,0.008762385424191844,0.0072411543838567256,0.00598580001350883,0.00985743873541178,0.006586663321965797,0.01768131169938135
bert_sst2,10000,39,0.008762385424191844,0.00865337008055778,0.005320460438366514,0.010246715732330753,0.006590957447826732,0.018705872849834704
bert_sst2,10000,40,0.008762385424191844,0.007971802950601972,0.005169448578450176,0.010359574836532642,0.0069391708381203055,0.018087635521372422
bert_sst2,10000,41,0.008762385424191844,0.008587306168101553,0.005159056573826731,0.010485557996062397,0.006744075590501972,0.019014448337185064
bert_sst2,10000,42,0.008762385424191844,0.009151044116834395,0.004911262776826488,0.01068169269858865,0.006589050482808113,0.01915498799414808
bert_sst2,10000,43,0.008762385424191844,0.00979238225811436,0.005543547193995965,0.01144262015354254,0.0075746865434459095,0.01932899379179183
bert_sst2,10000,44,0.008762385424191844,0.008000913543654785,0.005195443888852129,0.010203410556152525,0.006330925378815374,0.01910385339366152
bert_sst2,10000,45,0.008762385424191844,0.00837760214287222,0.004152241747698164,0.009113370519132158,0.0053589262569298515,0.017280719435990088
bert_sst2,10000,46,0.008762385424191844,0.010080927171143299,0.005192567606156306,0.010776233295505972,0.006672120133128794,0.019146101081338792
bert_sst2,10000,47,0.008762385424191844,0.011092169775128988,0.005206703302595803,0.010815476374937192,0.006922310695701354,0.0192105921539975
bert_sst2,10000,48,0.008762385424191844,0.008102633152812747,0.005892248193852275,0.009859610337987068,0.00684246561052728,0.01877406960288734
bert_sst2,10000,49,0.008762385424191844,0.008149961640649309,0.0054627757289477455,0.009730631926608762,0.006825578678175671,0.017977264130646178
bert_sst2,10000,50,0.008762385424191844,0.010509454669759801,0.006547483527347984,0.011327334438187439,0.007519668090744692,0.020189402640614966
bert_sst2,10000,51,0.008762385424191844,0.012724634863793171,0.005253075570893789,0.01081455628401872,0.0070404836841904,0.01979827824616389
bert_sst2,10000,52,0.008762385424191844,0.009715685139753027,0.005497767077073116,0.010224924920150442,0.007311216367498671,0.01824476338822718
bert_sst2,10000,53,0.008762385424191844,0.0069126478281200275,0.005175074066954857,0.00999821167608271,0.006635005440034924,0.017387694861796293
bert_sst2,10000,54,0.008762385424191844,0.008692433341597777,0.004996644103213733,0.010281558517845206,0.006688290973223943,0.01787428183780023
bert_sst2,10000,55,0.008762385424191844,0.011024219877581379,0.006849197342349288,0.011838846497159392,0.008551934800917206,0.020039223178277586
bert_sst2,10000,56,0.008762385424191844,0.008433010198513793,0.0053855909560644325,0.01046595305671309,0.006792046639499221,0.01868692289573047
bert_sst2,10000,57,0.008762385424191844,0.008798417450165815,0.004986674787218646,0.009825334915138652,0.006286423146774698,0.018169363165476175
bert_sst2,10000,58,0.008762385424191844,0.008080272516246453,0.005779223856853406,0.010794627537563311,0.007106513903672077,0.018049345988271254
bert_sst2,10000,59,0.008762385424191844,0.008205448877827582,0.0058248971550401325,0.011282506773799076,0.0069300961898848,0.019120452942484895
bert_sst2,10000,60,0.008762385424191844,0.007872510891060305,0.005315118103675667,0.010378540261605484,0.006777144562555653,0.018916776557293784
bert_sst2,10000,61,0.008762385424191844,0.009083301949446322,0.005231975149849442,0.010290796258829627,0.00646725285225417,0.018587471099653984
bert_sst2,10000,62,0.008762385424191844,0.009896568446265248,0.006325372942386218,0.011357593196129192,0.008070531838290578,0.01967047996829708
bert_sst2,10000,63,0.008762385424191844,0.010664055533775866,0.005910270192315937,0.010922571467630938,0.007216443379417417,0.019449445139224714
bert_sst2,10000,64,0.008762385424191844,0.008192005905730552,0.004809628861105359,0.009867121021146672,0.006140186024191111,0.01793017851290355
bert_sst2,10000,65,0.008762385424191844,0.006633038371488611,0.005367058025121954,0.010788078410042227,0.007052216364243293,0.019197175502140784
bert_sst2,10000,66,0.008762385424191844,0.01152043623465416,0.005331258536149187,0.01031583031286582,0.007076855895915223,0.01952208588740275
bert_sst2,10000,67,0.008762385424191844,0.009033781941791278,0.004221936182125034,0.008996905703115754,0.005600161497380709,0.01729478317041582
bert_sst2,10000,68,0.008762385424191844,0.009613088355922266,0.005904205046915474,0.011709573594846178,0.007485483506816551,0.019595991903302856
bert_sst2,10000,69,0.008762385424191844,0.010424989398507422,0.005477699404307568,0.010162691473526442,0.007140180009378931,0.019050223597721225
bert_sst2,10000,70,0.008762385424191844,0.009823103409314832,0.0061711789223890205,0.01163908360189539,0.007592183399462418,0.01965372626683431
bert_sst2,10000,71,0.008762385424191844,0.009345127185558655,0.005498912753999707,0.011511172051830007,0.006988316633489722,0.019302767847326527
bert_sst2,10000,72,0.008762385424191844,0.00876857853747382,0.005227431249734836,0.009359244362514998,0.00651298134561312,0.017919902345229246
bert_sst2,10000,73,0.008762385424191844,0.009869556860354976,0.005866934568147396,0.011371274126033223,0.007739059022620568,0.01925723648492589
bert_sst2,10000,74,0.008762385424191844,0.007697142818395139,0.004190263652649738,0.009256896387659573,0.005812911352369012,0.017614488034666403
bert_sst2,10000,75,0.008762385424191844,0.010216587571892671,0.006284096569705298,0.011206192891500561,0.007678446088192752,0.01979714568796411
bert_sst2,10000,76,0.008762385424191844,0.00879508310267859,0.0054985800362710386,0.011822302716335518,0.00717394452226705,0.019627349003338207
bert_sst2,10000,77,0.008762385424191844,0.008392169999138865,0.005264770874229008,0.009904154261840001,0.006376435281768139,0.01946142506508545
bert_sst2,10000,78,0.008762385424191844,0.008663271253642822,0.005158407254293234,0.010355857846008072,0.006925397055912475,0.018781556970229887
bert_sst2,10000,79,0.008762385424191844,0.007301093058390947,0.004669650441246606,0.01019109370100775,0.006434684374306116,0.017814494616603078
bert_sst2,10000,80,0.008762385424191844,0.008989523019408167,0.005755267491955832,0.010904848755003192,0.0070051636226921505,0.018927425500464858
bert_sst2,10000,81,0.008762385424191844,0.00836540902603812,0.005142546891703776,0.009731025277374412,0.006369945563897139,0.017963024047061703
bert_sst2,10000,82,0.008762385424191844,0.008558399845413785,0.004459137015678436,0.010069882825676403,0.006134546129089726,0.018647909858485898
bert_sst2,10000,83,0.008762385424191844,0.007293587838173078,0.005476392279022051,0.010535562189228685,0.006765296564898542,0.01796192009927708
bert_sst2,10000,84,0.008762385424191844,0.009732943311644197,0.005654288302971398,0.010199570255621303,0.006532986451822183,0.018173634947933528
bert_sst2,10000,85,0.008762385424191844,0.009456048244616853,0.005625528861046674,0.010555320131111354,0.0067225872680751544,0.018257766889904575
bert_sst2,10000,86,0.008762385424191844,0.008430462723465572,0.0048176081466035905,0.009475705080583917,0.006554055278845078,0.01823471429391706
bert_sst2,10000,87,0.008762385424191844,0.008474541672925216,0.005569734259237923,0.01084128247222606,0.0071390217936528185,0.019115919474544146
bert_sst2,10000,88,0.008762385424191844,0.008576943674866576,0.0052958354150932346,0.010333372269442635,0.006703300495050146,0.018449345619975674
bert_sst2,10000,89,0.008762385424191844,0.009469380391763272,0.0052416770452285615,0.010187000360157232,0.006606967414938853,0.018557884838924545
bert_sst2,10000,90,0.008762385424191844,0.008340248341339482,0.005182472292476103,0.010031645973323768,0.006010375888304223,0.017755321292801655
bert_sst2,10000,91,0.008762385424191844,0.009324690155083979,0.004857567811076639,0.009912959371465793,0.006345703860930592,0.01798991102434326
bert_sst2,10000,92,0.008762385424191844,0.006637184697686588,0.005205172420162694,0.009758144615041264,0.006504589813680036,0.017838733081538338
bert_sst2,10000,93,0.008762385424191844,0.010425459889836203,0.005303729310460254,0.010630554370907673,0.007175205585187298,0.019142629777934128
bert_sst2,10000,94,0.008762385424191844,0.009183418224747084,0.00600764537338045,0.01116865360821918,0.007093623246682407,0.018304609904879372
bert_sst2,10000,95,0.008762385424191844,0.009499032656037448,0.005682336319974132,0.011323452084285963,0.007496291761174844,0.01932237704618769
bert_sst2,10000,96,0.008762385424191844,0.007829959826098694,0.005097262977486359,0.009803787663401323,0.006279190170220785,0.018111030998963256
bert_sst2,10000,97,0.008762385424191844,0.010013163119538326,0.0051474309109915935,0.01133619673109382,0.007052922838298356,0.019925689523754807
bert_sst2,10000,98,0.008762385424191844,0.009269795181888557,0.006218293020503113,0.011521034123635454,0.00779659548179775,0.019658318607024022
bert_sst2,10000,99,0.008762385424191844,0.009104988066386667,0.004812968547500986,0.010349453105681097,0.0066053159560676075,0.018277348356321683
bert_sst2,10000,100,0.008762385424191844,0.009976035015662587,0.006143578942409904,0.010738856463596153,0.007562453626139474,0.019489152152688663
bert_sst2,10000,101,0.008762385424191844,0.010556524888247544,0.0048194538519071095,0.010028563084543802,0.005871590510573198,0.0181180901269712
bert_sst2,10000,102,0.008762385424191844,0.009171197383391198,0.005109694301350108,0.0101262488519441,0.00650430246211397,0.01785266306300421
bert_sst2,10000,103,0.008762385424191844,0.00803142443806327,0.004684717466076129,0.01019730882389646,0.006307586773238878,0.018091920491745392
bert_sst2,10000,104,0.008762385424191844,0.0102116284613981,0.0052005623348959805,0.011283286763730126,0.007204310273036171,0.019662720090476853
bert_sst2,10000,105,0.008762385424191844,0.009321862014550469,0.005070592070460989,0.009687675372916232,0.006279086289943333,0.018052988017297596
bert_sst2,10000,106,0.008762385424191844,0.007739256883367055,0.004627592126292199,0.009921447568453427,0.006109205045601746,0.0185093551269248
bert_sst2,10000,107,0.008762385424191844,0.009244232181900921,0.005375043663666052,0.01055012386790128,0.0069464458794282775,0.01960977262362936
bert_sst2,10000,108,0.008762385424191844,0.0075632102427779955,0.005074697753756923,0.010136747326828219,0.0061431236461055964,0.01810108798369057
bert_sst2,10000,109,0.008762385424191844,0.009806089282370508,0.005666098528380726,0.01103149991364009,0.0071300701158752275,0.019347776511430735
bert_sst2,10000,110,0.008762385424191844,0.008996813172709764,0.0059245316532121235,0.011655415022338885,0.0073820389044478565,0.019939618181893697
bert_sst2,10000,111,0.008762385424191844,0.00705849936217069,0.004784371120854748,0.009414645295503126,0.0062622659848686115,0.018240831605660656
bert_sst2,10000,112,0.008762385424191844,0.010504062552668976,0.006542878349591724,0.011714579584608668,0.007792992124565139,0.019235864275054717
bert_sst2,10000,113,0.008762385424191844,0.008295060760442473,0.005820021646648826,0.011610161314234672,0.007658148612567727,0.01940666696955999
bert_sst2,10000,114,0.008762385424191844,0.011138079134592391,0.0064204445763671085,0.012241954928047766,0.00800758392810922,0.021733067644614502
bert_sst2,10000,115,0.008762385424191844,0.00883808217298207,0.005171693450491581,0.010787686515604642,0.006976316692155329,0.019678928409231876
bert_sst2,10000,116,0.008762385424191844,0.009078409150615217,0.005222850378607067,0.010442169465471038,0.006536242529934045,0.019023045292616315
bert_sst2,10000,117,0.008762385424191844,0.009837946645248941,0.005827421133121514,0.011606270912245737,0.007311363908232336,0.01965993986365497
bert_sst2,10000,118,0.008762385424191844,0.010998590222952851,0.005968289511735234,0.011287150413787451,0.0076745671586146156,0.01890310601724743
bert_sst2,10000,119,0.008762385424191844,0.009430203370931842,0.005481011192666831,0.010637356216429965,0.0064474000419523555,0.01909161376216538
bert_sst2,10000,120,0.008762385424191844,0.008659618545806746,0.004465482987098451,0.0098371436306858,0.006080804321589131,0.01805621322122962
bert_sst2,10000,121,0.008762385424191844,0.010782777328844393,0.006136119841140784,0.011043693288434912,0.007414119860314685,0.019320618187043434
bert_sst2,10000,122,0.008762385424191844,0.008288033083262737,0.005141275861755959,0.009375077887696546,0.006062220443926413,0.017826554999207492
bert_sst2,10000,123,0.008762385424191844,0.008912800420482153,0.005627392096046077,0.011259799721450406,0.006863035258418102,0.018702339019812317
bert_sst2,10000,124,0.008762385424191844,0.008954283534661722,0.005213966115589872,0.010654702609233483,0.006668186794625372,0.018518110298436138
bert_sst2,10000,125,0.008762385424191844,0.01194273963398982,0.005446412415196008,0.012056128287595313,0.00781358123056262,0.02045676825698056
bert_sst2,10000,126,0.008762385424191844,0.010866188871530317,0.0061041895727068,0.011571864401130495,0.007744372012396173,0.021386204047493525
bert_sst2,10000,127,0.008762385424191844,0.0089675793493416,0.004663588033118671,0.0098576737788195,0.005932757984023031,0.01862035846663385
bert_sst2,10000,128,0.008762385424191844,0.009546107123505282,0.005282807044694505,0.010610571501958653,0.006656202321577288,0.01914139900902786
bert_sst2,10000,129,0.008762385424191844,0.010410612617650994,0.00596849482127778,0.011812800001632182,0.0073771904479250075,0.020079957069148065
bert_sst2,10000,130,0.008762385424191844,0.007811633186096554,0.005251288267841565,0.010975145516583434,0.006765927281709551,0.01889118528601029
bert_sst2,10000,131,0.008762385424191844,0.0076339725262592395,0.0060614933430467935,0.010462067890397405,0.00717358695931038,0.018114989149080094
bert_sst2,10000,132,0.008762385424191844,0.007874752673106684,0.005821780800550144,0.01098042188164597,0.006907343160121729,0.019023110299929043
bert_sst2,10000,133,0.008762385424191844,0.009325738235413467,0.005693246638229279,0.011185910150238555,0.007393939930719421,0.019441905156351736
bert_sst2,10000,134,0.008762385424191844,0.009822783072742166,0.0059848138388373575,0.011878047690870704,0.007753022695418473,0.019879548572140922
bert_sst2,10000,135,0.008762385424191844,0.010234188448142261,0.004763603175217599,0.01024086695495874,0.006244652807720558,0.019383671597702077
bert_sst2,10000,136,0.008762385424191844,0.008911411123093816,0.0052815765409161995,0.010571658442179622,0.006726331219973058,0.01864804646852877
bert_sst2,10000,137,0.008762385424191844,0.009540147534063537,0.006490726018486226,0.011515591622356412,0.007867905043112132,0.01966261337835833
bert_sst2,10000,138,0.008762385424191844,0.00891825408394742,0.005521030784236263,0.011193626652344099,0.007350038846765726,0.018954457411751748
bert_sst2,10000,139,0.008762385424191844,0.007941587997102978,0.004823627681191715,0.00944500223459547,0.006130769652877647,0.01776395958803006
bert_sst2,10000,140,0.008762385424191844,0.008388944203692603,0.00483572930474959,0.010283300062137084,0.006422798374960866,0.018332462240326045
bert_sst2,10000,141,0.008762385424191844,0.009058870483131492,0.005510976578035245,0.011354127544596963,0.00732782037175347,0.018823697181858588
bert_sst2,10000,142,0.008762385424191844,0.009192343593100324,0.005013504263559821,0.010366047567498813,0.006438430464230618,0.019649017529214056
bert_sst2,10000,143,0.008762385424191844,0.010027416066771627,0.004843108077393902,0.00964618596649081,0.00625675675987226,0.018186461106060314
bert_sst2,10000,144,0.008762385424191844,0.00994468600269064,0.005792506588237396,0.011416692781992227,0.0070266282119697205,0.01941641691181152
bert_sst2,10000,145,0.008762385424191844,0.008554329195517534,0.004433735769696272,0.009397796563863171,0.005718441742621711,0.01814278694022995
bert_sst2,10000,146,0.008762385424191844,0.008373493651087313,0.005110166635460024,0.010077386502004513,0.006774471125614866,0.018356853211271378
bert_sst2,10000,147,0.008762385424191844,0.010439304992884103,0.0045946117041955024,0.01049633019467369,0.006036902143511044,0.019052554125676243
bert_sst2,10000,148,0.008762385424191844,0.009938337714207551,0.005013941955549874,0.01010198724442254,0.00634037652416996,0.018252157709311982
bert_sst2,10000,149,0.008762385424191844,0.011278489284402617,0.005700474517813751,0.010437055797633425,0.006878675193074952,0.018627496417485515
bert_sst2,10000,150,0.008762385424191844,0.010492424831973948,0.005873566816230246,0.011230726597751662,0.00708463637754081,0.01974269125779735
bert_sst2,10000,151,0.008762385424191844,0.009634929210001534,0.005379021515354747,0.011799091607691714,0.007950660110545682,0.02001588107639105
bert_sst2,10000,152,0.008762385424191844,0.008354472145117016,0.005268600505817608,0.010348305726384673,0.0061674713405778115,0.01847047593070329
bert_sst2,10000,153,0.008762385424191844,0.00950170142753864,0.00503577529694357,0.010673307876770543,0.006874220712650158,0.018632247322473042
bert_sst2,10000,154,0.008762385424191844,0.00937149372484288,0.005134556840342046,0.00995108464969956,0.00642670894590668,0.018399181405836358
bert_sst2,10000,155,0.008762385424191844,0.011330572168151256,0.006118171979980734,0.011971511645333166,0.007687837452507398,0.020448856436743268
bert_sst2,10000,156,0.008762385424191844,0.009003563078498984,0.005589049321041616,0.01007927735836378,0.0067241982242721675,0.018698781609449766
bert_sst2,10000,157,0.008762385424191844,0.005873706509100705,0.005238037047020327,0.010146402476345991,0.006260817615354312,0.01726525494350066
bert_sst2,10000,158,0.008762385424191844,0.00864401097771781,0.005355288576142787,0.010683190172323692,0.006617244159154056,0.018739964720916408
bert_sst2,10000,159,0.008762385424191844,0.00975941792885194,0.0052565662125096625,0.011005601147792315,0.0066931368184491215,0.018664786342675873
bert_sst2,10000,160,0.008762385424191844,0.010445022656500054,0.005253453820799765,0.01022439283407233,0.006409992643109413,0.01931143205972173
bert_sst2,10000,161,0.008762385424191844,0.008926100697789725,0.0052888960486389405,0.010525790115310876,0.006878172696522394,0.01902672845530713
bert_sst2,10000,162,0.008762385424191844,0.0098042534788092,0.0053800016185184775,0.01078279807392077,0.006953005610034012,0.020123405869393287
bert_sst2,10000,163,0.008762385424191844,0.010752229043122992,0.005575108319964678,0.010713497637587879,0.007025684332797298,0.01852601018453294
bert_sst2,10000,164,0.008762385424191844,0.009995117457437596,0.005891730112924885,0.011256210164305926,0.007202717571815749,0.01984972036277067
bert_sst2,10000,165,0.008762385424191844,0.010732876130672364,0.005349083746322756,0.010758918843657057,0.006651296784756011,0.020070654381665432
bert_sst2,10000,166,0.008762385424191844,0.011025053041992494,0.005591023169695261,0.011480392780513738,0.007062728625620894,0.019591582076269685
bert_sst2,10000,167,0.008762385424191844,0.009198722984836996,0.005615792264677085,0.011211211417240786,0.007193450001182139,0.01893746319373162
bert_sst2,10000,168,0.008762385424191844,0.00760041773225511,0.004640692290959403,0.009285203834846942,0.005965835276062339,0.01803822933860255
bert_sst2,10000,169,0.008762385424191844,0.009507301150094424,0.0053100137536799845,0.01048578938024111,0.007045867131753169,0.01847943756337199
bert_sst2,10000,170,0.008762385424191844,0.010092706738752647,0.005711045622652725,0.011702383538912023,0.007021962158965537,0.020192366080246316
bert_sst2,10000,171,0.008762385424191844,0.009077311669548333,0.005683926106150516,0.011886567528816967,0.007290164600291857,0.019255859004446423
bert_sst2,10000,172,0.008762385424191844,0.010471284250101109,0.005628446667477454,0.011540913510105093,0.006853885270468576,0.018909150717477976
bert_sst2,10000,173,0.008762385424191844,0.009224291265029444,0.004907278959741284,0.009108487081204753,0.005947089345127146,0.018087831297679168
bert_sst2,10000,174,0.008762385424191844,0.008763604647180843,0.005469338116295285,0.010768941247989192,0.00697087953982972,0.018928308115733306
bert_sst2,10000,175,0.008762385424191844,0.00738807631817892,0.005098849297872182,0.009562998838553782,0.006928726680325005,0.018207998311662265
bert_sst2,10000,176,0.008762385424191844,0.011299663347157188,0.005313846760339358,0.011108439031437982,0.006546345906928957,0.019309439349557155
bert_sst2,10000,177,0.008762385424191844,0.009618492359484492,0.006303202793677881,0.011966060010192814,0.008194629140061985,0.019977514500101656
bert_sst2,10000,178,0.008762385424191844,0.009797193428434213,0.00621027036779786,0.011353645233636774,0.007607435168386637,0.018758312517897693
bert_sst2,10000,179,0.008762385424191844,0.009026012788232169,0.005176539923406441,0.009516444863996172,0.006523048817344731,0.017635592236883286
bert_sst2,10000,180,0.008762385424191844,0.00990633496607456,0.005126723800261376,0.009898631345354106,0.006276894630556873,0.01877096762554267
bert_sst2,10000,181,0.008762385424191844,0.00943029505092221,0.005648124611865913,0.011169917115810446,0.006905227994122443,0.01982457795598436
bert_sst2,10000,182,0.008762385424191844,0.0073691877310218075,0.0054368727863423425,0.010122179390130687,0.006705647939323833,0.018491606234502956
bert_sst2,10000,183,0.008762385424191844,0.010557043511181122,0.0056905665205997345,0.011862953292607663,0.007839627602175419,0.020684196979571867
bert_sst2,10000,184,0.008762385424191844,0.006252875365077195,0.004557132212490137,0.009471436352196121,0.006047848849206713,0.017178537940151582
bert_sst2,10000,185,0.008762385424191844,0.010320177807212259,0.005351337793907187,0.010434027431972175,0.006976558438008105,0.019442636263632383
bert_sst2,10000,186,0.008762385424191844,0.007822607634094847,0.0044814371520216605,0.009046178897287928,0.005445814193943442,0.01714567898735575
bert_sst2,10000,187,0.008762385424191844,0.007885271514346339,0.00614635388406479,0.010895952195758984,0.007261844744807896,0.019039857447255962
bert_sst2,10000,188,0.008762385424191844,0.008902889504037602,0.005781752816464064,0.01111817978119226,0.0071284764852943975,0.018990587278390085
bert_sst2,10000,189,0.008762385424191844,0.008485857446228885,0.005147110193481055,0.010291313211151459,0.006853164078417053,0.018206190595198936
bert_sst2,10000,190,0.008762385424191844,0.007582676214582694,0.004946463072157142,0.009542294038579464,0.0065207491204223155,0.017302591585794995
bert_sst2,10000,191,0.008762385424191844,0.010273787806390563,0.00570900621264128,0.010888702214842455,0.007080691666555261,0.01951942656477518
bert_sst2,10000,192,0.008762385424191844,0.008127235593442438,0.00523193060982561,0.010149005135459244,0.00620405915895476,0.018660542933902576
bert_sst2,10000,193,0.008762385424191844,0.009089425266065295,0.005542879247237321,0.011220954728335848,0.007215925953538431,0.019406676733399162
bert_sst2,10000,194,0.008762385424191844,0.008673317817321398,0.005096135509961939,0.009769040947319474,0.0061252356549310605,0.01829642413932413
bert_sst2,10000,195,0.008762385424191844,0.00810118784243332,0.0049319581093202475,0.009381398060759766,0.006127413459977922,0.017687977285583613
bert_sst2,10000,196,0.008762385424191844,0.00917272644465417,0.004991874870174234,0.009670258207842161,0.006071774280141298,0.01831619542015414
bert_sst2,10000,197,0.008762385424191844,0.008660881826060384,0.005073886615076582,0.0105872972188826,0.006647468439549574,0.01957234032435424
bert_sst2,10000,198,0.008762385424191844,0.010667141769212603,0.005293974521711333,0.010471092413147158,0.006734180719628428,0.01993183903190603
bert_sst2,10000,199,0.008762385424191844,0.0076151378811354095,0.0049607455340993,0.009991915389089709,0.006604306819551203,0.01854331285585036
